checkin_id,user_id,checkin_date,mood,faith_state,topic,tone
c_0000001,u_00002,2025-03-07,good,,work,light_islamic
c_0000002,u_00002,2025-03-09,grateful,,work,universal
c_0000003,u_00002,2025-03-11,good,questioning,burnout,light_islamic
c_0000004,u_00002,2025-03-22,good,at_peace,faith,universal
c_0000005,u_00002,2025-03-25,neutral,distant,habits,universal
c_0000006,u_00002,2025-03-26,low,at_peace,self,universal
c_0000007,u_00003,2025-03-04,good,,confidence,universal
c_0000008,u_00003,2025-03-05,grateful,,purpose,deeper_faith
c_0000009,u_00003,2025-03-06,good,,work,universal
c_0000010,u_00003,2025-03-11,neutral,at_peace,faith,universal
c_0000011,u_00003,2025-03-12,good,at_peace,work,universal
c_0000012,u_00003,2025-03-13,grateful,at_peace,faith,light_islamic
c_0000013,u_00003,2025-03-19,good,questioning,habits,universal
c_0000014,u_00003,2025-03-22,neutral,hurting,burnout,deeper_faith
c_0000015,u_00003,2025-03-24,grateful,at_peace,gratitude,light_islamic
c_0000016,u_00003,2025-03-27,good,at_peace,confidence,universal
c_0000017,u_00003,2025-03-28,good,questioning,habits,deeper_faith
c_0000018,u_00003,2025-03-31,very_low,at_peace,confidence,universal
c_0000019,u_00004,2025-12-14,good,,faith,universal
c_0000020,u_00004,2025-12-17,good,,gratitude,universal
c_0000021,u_00004,2025-12-19,neutral,at_peace,confidence,universal
c_0000022,u_00004,2025-12-20,neutral,questioning,confidence,light_islamic
c_0000023,u_00004,2025-12-21,neutral,at_peace,work,light_islamic
c_0000024,u_00004,2025-12-25,neutral,at_peace,habits,deeper_faith
c_0000025,u_00004,2025-12-28,low,at_peace,burnout,light_islamic
c_0000026,u_00004,2026-01-02,low,at_peace,habits,deeper_faith
c_0000027,u_00004,2026-01-07,good,hurting,purpose,light_islamic
c_0000028,u_00005,2025-11-25,neutral,,work,deeper_faith
c_0000029,u_00005,2025-11-30,good,distant,gratitude,light_islamic
c_0000030,u_00005,2025-12-04,good,questioning,anxiety,light_islamic
c_0000031,u_00005,2025-12-05,neutral,at_peace,relationships,universal
c_0000032,u_00005,2025-12-10,good,questioning,work,universal
c_0000033,u_00005,2025-12-11,neutral,at_peace,gratitude,universal
c_0000034,u_00005,2025-12-20,neutral,distant,faith,universal
c_0000035,u_00009,2025-01-07,neutral,,self,deeper_faith
c_0000036,u_00009,2025-01-09,good,,purpose,deeper_faith
c_0000037,u_00009,2025-01-15,low,at_peace,anxiety,deeper_faith
c_0000038,u_00009,2025-01-16,neutral,distant,confidence,universal
c_0000039,u_00009,2025-01-19,good,hurting,gratitude,light_islamic
c_0000040,u_00009,2025-01-20,grateful,at_peace,anxiety,light_islamic
c_0000041,u_00009,2025-01-25,neutral,at_peace,gratitude,universal
c_0000042,u_00009,2025-01-27,good,at_peace,self,light_islamic
c_0000043,u_00009,2025-01-30,neutral,at_peace,self,universal
c_0000044,u_00010,2025-07-06,neutral,,faith,light_islamic
c_0000045,u_00010,2025-07-11,good,at_peace,work,universal
c_0000046,u_00010,2025-07-13,grateful,distant,burnout,light_islamic
c_0000047,u_00010,2025-07-14,very_low,at_peace,faith,light_islamic
c_0000048,u_00010,2025-07-15,low,distant,work,light_islamic
c_0000049,u_00010,2025-07-17,good,distant,burnout,deeper_faith
c_0000050,u_00010,2025-07-19,very_low,at_peace,burnout,universal
c_0000051,u_00010,2025-07-29,good,at_peace,purpose,universal
c_0000052,u_00010,2025-07-30,good,distant,work,universal
c_0000053,u_00011,2025-08-17,neutral,,faith,light_islamic
c_0000054,u_00011,2025-08-24,very_low,questioning,work,light_islamic
c_0000055,u_00011,2025-09-02,low,hurting,self,deeper_faith
c_0000056,u_00011,2025-09-08,neutral,distant,faith,universal
c_0000057,u_00011,2025-09-11,good,questioning,faith,light_islamic
c_0000058,u_00016,2025-02-25,neutral,,work,light_islamic
c_0000059,u_00016,2025-02-26,neutral,,gratitude,light_islamic
c_0000060,u_00016,2025-02-28,neutral,,purpose,light_islamic
c_0000061,u_00016,2025-03-01,very_low,questioning,self,deeper_faith
c_0000062,u_00016,2025-03-02,good,at_peace,work,light_islamic
c_0000063,u_00016,2025-03-03,low,distant,faith,light_islamic
c_0000064,u_00016,2025-03-13,neutral,at_peace,anxiety,light_islamic
c_0000065,u_00018,2025-01-25,good,,burnout,universal
c_0000066,u_00018,2025-01-31,very_low,at_peace,purpose,light_islamic
c_0000067,u_00018,2025-02-02,neutral,questioning,confidence,deeper_faith
c_0000068,u_00018,2025-02-05,low,hurting,work,deeper_faith
c_0000069,u_00018,2025-02-06,good,questioning,confidence,universal
c_0000070,u_00019,2025-05-05,good,,anxiety,light_islamic
c_0000071,u_00019,2025-05-07,good,,gratitude,light_islamic
c_0000072,u_00019,2025-05-08,good,,anxiety,universal
c_0000073,u_00019,2025-05-10,neutral,hurting,anxiety,light_islamic
c_0000074,u_00019,2025-05-18,neutral,at_peace,anxiety,deeper_faith
c_0000075,u_00020,2025-02-13,neutral,,confidence,deeper_faith
c_0000076,u_00020,2025-02-17,good,distant,relationships,light_islamic
c_0000077,u_00020,2025-02-19,very_low,questioning,faith,light_islamic
c_0000078,u_00020,2025-02-25,neutral,questioning,relationships,universal
c_0000079,u_00020,2025-03-01,low,questioning,confidence,light_islamic
c_0000080,u_00020,2025-03-02,good,at_peace,burnout,universal
c_0000081,u_00022,2025-11-02,good,,relationships,light_islamic
c_0000082,u_00022,2025-11-03,grateful,,relationships,universal
c_0000083,u_00022,2025-11-04,good,,anxiety,universal
c_0000084,u_00022,2025-11-08,low,at_peace,anxiety,light_islamic
c_0000085,u_00022,2025-11-11,low,distant,relationships,universal
c_0000086,u_00022,2025-11-14,good,at_peace,anxiety,deeper_faith
c_0000087,u_00022,2025-11-20,neutral,at_peace,purpose,universal
c_0000088,u_00022,2025-11-23,good,questioning,burnout,light_islamic
c_0000089,u_00022,2025-12-01,low,questioning,purpose,universal
c_0000090,u_00031,2025-01-24,grateful,,confidence,light_islamic
c_0000091,u_00031,2025-01-25,neutral,,habits,light_islamic
c_0000092,u_00031,2025-01-28,good,questioning,purpose,light_islamic
c_0000093,u_00031,2025-02-02,good,questioning,anxiety,deeper_faith
c_0000094,u_00031,2025-02-06,low,at_peace,gratitude,light_islamic
c_0000095,u_00031,2025-02-09,good,at_peace,habits,universal
c_0000096,u_00031,2025-02-19,low,at_peace,anxiety,universal
c_0000097,u_00033,2025-07-24,low,,relationships,deeper_faith
c_0000098,u_00033,2025-07-27,low,,gratitude,deeper_faith
c_0000099,u_00033,2025-07-28,very_low,hurting,relationships,light_islamic
c_0000100,u_00033,2025-07-30,neutral,at_peace,purpose,universal
c_0000101,u_00033,2025-07-31,good,hurting,work,universal
c_0000102,u_00033,2025-08-03,good,at_peace,work,deeper_faith
c_0000103,u_00033,2025-08-04,low,at_peace,anxiety,deeper_faith
c_0000104,u_00033,2025-08-06,good,at_peace,anxiety,universal
c_0000105,u_00033,2025-08-07,good,at_peace,self,universal
c_0000106,u_00033,2025-08-10,good,at_peace,anxiety,universal
c_0000107,u_00033,2025-08-18,neutral,questioning,purpose,universal
c_0000108,u_00034,2025-03-14,low,,habits,universal
c_0000109,u_00034,2025-03-16,neutral,,work,deeper_faith
c_0000110,u_00034,2025-03-17,good,,burnout,universal
c_0000111,u_00034,2025-03-18,good,questioning,habits,light_islamic
c_0000112,u_00034,2025-03-25,neutral,distant,work,light_islamic
c_0000113,u_00034,2025-04-08,very_low,at_peace,purpose,light_islamic
c_0000114,u_00040,2025-05-30,grateful,,self,universal
c_0000115,u_00040,2025-05-31,good,,habits,deeper_faith
c_0000116,u_00040,2025-06-02,grateful,,self,light_islamic
c_0000117,u_00040,2025-06-03,good,questioning,burnout,universal
c_0000118,u_00040,2025-06-10,grateful,distant,confidence,universal
c_0000119,u_00040,2025-06-11,neutral,at_peace,anxiety,universal
c_0000120,u_00040,2025-06-12,good,at_peace,habits,light_islamic
c_0000121,u_00040,2025-06-14,neutral,questioning,anxiety,light_islamic
c_0000122,u_00040,2025-06-21,good,at_peace,burnout,universal
c_0000123,u_00042,2025-09-01,grateful,,work,light_islamic
c_0000124,u_00042,2025-09-03,good,,gratitude,light_islamic
c_0000125,u_00042,2025-09-04,neutral,,anxiety,deeper_faith
c_0000126,u_00042,2025-09-06,neutral,questioning,burnout,universal
c_0000127,u_00042,2025-09-10,neutral,at_peace,relationships,universal
c_0000128,u_00042,2025-09-12,neutral,distant,burnout,universal
c_0000129,u_00042,2025-09-18,grateful,at_peace,work,universal
c_0000130,u_00046,2025-09-03,good,,gratitude,deeper_faith
c_0000131,u_00046,2025-09-04,low,,purpose,universal
c_0000132,u_00046,2025-09-07,neutral,distant,purpose,universal
c_0000133,u_00046,2025-09-08,neutral,distant,faith,light_islamic
c_0000134,u_00046,2025-09-10,good,at_peace,faith,deeper_faith
c_0000135,u_00046,2025-09-11,good,at_peace,burnout,light_islamic
c_0000136,u_00046,2025-09-13,good,questioning,habits,universal
c_0000137,u_00046,2025-09-15,neutral,questioning,relationships,universal
c_0000138,u_00046,2025-09-16,low,distant,gratitude,light_islamic
c_0000139,u_00046,2025-09-17,neutral,distant,relationships,light_islamic
c_0000140,u_00046,2025-09-29,neutral,at_peace,work,light_islamic
c_0000141,u_00047,2025-03-11,good,,anxiety,universal
c_0000142,u_00047,2025-03-12,neutral,,confidence,light_islamic
c_0000143,u_00047,2025-03-16,good,at_peace,purpose,light_islamic
c_0000144,u_00047,2025-03-24,low,at_peace,anxiety,universal
c_0000145,u_00047,2025-03-29,good,at_peace,purpose,deeper_faith
c_0000146,u_00047,2025-03-31,grateful,questioning,self,universal
c_0000147,u_00051,2025-11-06,good,,work,light_islamic
c_0000148,u_00051,2025-11-07,neutral,,faith,deeper_faith
c_0000149,u_00051,2025-11-10,neutral,at_peace,confidence,light_islamic
c_0000150,u_00051,2025-11-11,neutral,at_peace,confidence,universal
c_0000151,u_00051,2025-11-13,neutral,questioning,faith,universal
c_0000152,u_00051,2025-11-15,good,at_peace,confidence,universal
c_0000153,u_00051,2025-11-18,good,at_peace,work,light_islamic
c_0000154,u_00051,2025-11-22,good,at_peace,gratitude,universal
c_0000155,u_00051,2025-12-05,neutral,distant,burnout,universal
c_0000156,u_00052,2025-03-03,neutral,,work,universal
c_0000157,u_00052,2025-03-05,good,,purpose,light_islamic
c_0000158,u_00052,2025-03-07,very_low,at_peace,relationships,deeper_faith
c_0000159,u_00052,2025-03-09,good,at_peace,relationships,universal
c_0000160,u_00052,2025-03-10,good,at_peace,faith,universal
c_0000161,u_00052,2025-03-22,grateful,at_peace,anxiety,universal
c_0000162,u_00052,2025-03-31,grateful,hurting,gratitude,deeper_faith
c_0000163,u_00054,2025-04-15,good,,relationships,universal
c_0000164,u_00054,2025-04-16,good,,gratitude,universal
c_0000165,u_00054,2025-04-17,neutral,,confidence,light_islamic
c_0000166,u_00054,2025-04-20,very_low,at_peace,relationships,light_islamic
c_0000167,u_00054,2025-04-22,neutral,distant,faith,deeper_faith
c_0000168,u_00054,2025-04-25,low,at_peace,purpose,light_islamic
c_0000169,u_00054,2025-05-10,very_low,at_peace,anxiety,universal
c_0000170,u_00055,2025-01-07,very_low,,self,deeper_faith
c_0000171,u_00055,2025-01-08,good,,self,light_islamic
c_0000172,u_00055,2025-01-09,grateful,,confidence,deeper_faith
c_0000173,u_00055,2025-01-11,neutral,questioning,faith,universal
c_0000174,u_00055,2025-01-18,good,distant,work,universal
c_0000175,u_00055,2025-02-01,neutral,at_peace,anxiety,light_islamic
c_0000176,u_00056,2025-06-17,good,,work,light_islamic
c_0000177,u_00056,2025-06-21,grateful,hurting,self,deeper_faith
c_0000178,u_00056,2025-06-24,good,distant,habits,universal
c_0000179,u_00056,2025-06-26,neutral,at_peace,work,universal
c_0000180,u_00056,2025-06-29,very_low,at_peace,work,universal
c_0000181,u_00056,2025-07-05,low,distant,anxiety,universal
c_0000182,u_00056,2025-07-15,neutral,questioning,self,universal
c_0000183,u_00056,2025-07-16,neutral,distant,faith,universal
c_0000184,u_00059,2025-11-01,good,,gratitude,universal
c_0000185,u_00059,2025-11-04,good,,confidence,light_islamic
c_0000186,u_00059,2025-11-18,neutral,at_peace,confidence,deeper_faith
c_0000187,u_00059,2025-11-26,grateful,questioning,purpose,deeper_faith
c_0000188,u_00059,2025-11-27,neutral,questioning,burnout,universal
c_0000189,u_00059,2025-11-28,good,at_peace,anxiety,universal
c_0000190,u_00060,2025-06-09,good,,relationships,universal
c_0000191,u_00060,2025-06-10,good,,habits,light_islamic
c_0000192,u_00060,2025-06-14,good,hurting,burnout,light_islamic
c_0000193,u_00060,2025-06-18,low,distant,burnout,universal
c_0000194,u_00060,2025-06-19,good,at_peace,faith,light_islamic
c_0000195,u_00060,2025-06-23,very_low,at_peace,work,universal
c_0000196,u_00060,2025-07-02,very_low,at_peace,purpose,light_islamic
c_0000197,u_00060,2025-07-04,good,distant,anxiety,universal
c_0000198,u_00060,2025-07-05,low,at_peace,anxiety,light_islamic
c_0000199,u_00061,2025-01-19,neutral,,habits,light_islamic
c_0000200,u_00061,2025-01-22,neutral,,self,deeper_faith
c_0000201,u_00061,2025-01-23,neutral,distant,self,light_islamic
c_0000202,u_00061,2025-01-24,very_low,at_peace,self,universal
c_0000203,u_00062,2025-01-30,grateful,,self,light_islamic
c_0000204,u_00062,2025-02-08,neutral,questioning,purpose,light_islamic
c_0000205,u_00062,2025-02-11,good,at_peace,habits,deeper_faith
c_0000206,u_00062,2025-02-14,good,hurting,relationships,universal
c_0000207,u_00062,2025-02-16,good,questioning,faith,light_islamic
c_0000208,u_00062,2025-02-20,low,at_peace,confidence,universal
c_0000209,u_00062,2025-02-25,good,distant,habits,universal
c_0000210,u_00062,2025-02-26,neutral,at_peace,self,light_islamic
c_0000211,u_00063,2025-05-05,neutral,,faith,deeper_faith
c_0000212,u_00063,2025-05-08,low,,confidence,universal
c_0000213,u_00063,2025-05-13,good,at_peace,self,universal
c_0000214,u_00063,2025-05-16,good,questioning,gratitude,deeper_faith
c_0000215,u_00063,2025-06-04,neutral,hurting,work,universal
c_0000216,u_00064,2025-08-08,good,,gratitude,light_islamic
c_0000217,u_00064,2025-08-09,good,,faith,deeper_faith
c_0000218,u_00064,2025-08-13,good,at_peace,gratitude,universal
c_0000219,u_00064,2025-08-14,neutral,distant,work,universal
c_0000220,u_00064,2025-08-15,low,at_peace,work,light_islamic
c_0000221,u_00064,2025-08-17,low,questioning,self,light_islamic
c_0000222,u_00064,2025-08-27,very_low,at_peace,purpose,deeper_faith
c_0000223,u_00066,2025-08-28,low,,habits,deeper_faith
c_0000224,u_00066,2025-08-29,neutral,,gratitude,deeper_faith
c_0000225,u_00066,2025-08-30,neutral,,confidence,light_islamic
c_0000226,u_00066,2025-09-02,neutral,at_peace,work,deeper_faith
c_0000227,u_00066,2025-09-04,neutral,questioning,anxiety,light_islamic
c_0000228,u_00066,2025-09-05,neutral,at_peace,faith,universal
c_0000229,u_00066,2025-09-06,grateful,questioning,burnout,light_islamic
c_0000230,u_00066,2025-09-08,good,questioning,burnout,deeper_faith
c_0000231,u_00066,2025-09-09,grateful,at_peace,work,light_islamic
c_0000232,u_00066,2025-09-12,good,at_peace,burnout,universal
c_0000233,u_00066,2025-09-17,grateful,at_peace,confidence,universal
c_0000234,u_00066,2025-09-19,neutral,at_peace,gratitude,universal
c_0000235,u_00066,2025-09-21,low,distant,burnout,light_islamic
c_0000236,u_00066,2025-09-24,low,at_peace,anxiety,universal
c_0000237,u_00068,2025-06-13,good,,gratitude,light_islamic
c_0000238,u_00068,2025-06-16,low,,anxiety,universal
c_0000239,u_00068,2025-06-17,grateful,at_peace,anxiety,universal
c_0000240,u_00068,2025-06-18,low,at_peace,purpose,universal
c_0000241,u_00068,2025-06-21,grateful,questioning,purpose,universal
c_0000242,u_00068,2025-06-22,neutral,questioning,anxiety,universal
c_0000243,u_00068,2025-07-01,neutral,at_peace,faith,light_islamic
c_0000244,u_00068,2025-07-07,low,distant,burnout,light_islamic
c_0000245,u_00069,2025-06-16,neutral,,anxiety,deeper_faith
c_0000246,u_00069,2025-06-18,low,,gratitude,universal
c_0000247,u_00069,2025-06-20,neutral,at_peace,faith,light_islamic
c_0000248,u_00069,2025-06-21,neutral,at_peace,anxiety,deeper_faith
c_0000249,u_00069,2025-06-23,good,at_peace,anxiety,light_islamic
c_0000250,u_00069,2025-06-25,neutral,at_peace,habits,universal
c_0000251,u_00069,2025-06-26,grateful,at_peace,gratitude,light_islamic
c_0000252,u_00069,2025-07-09,good,at_peace,anxiety,deeper_faith
c_0000253,u_00070,2025-12-05,low,,work,light_islamic
c_0000254,u_00070,2025-12-06,neutral,,burnout,light_islamic
c_0000255,u_00070,2025-12-09,neutral,at_peace,relationships,light_islamic
c_0000256,u_00070,2025-12-13,good,distant,faith,light_islamic
c_0000257,u_00070,2025-12-14,grateful,questioning,habits,light_islamic
c_0000258,u_00070,2025-12-17,good,distant,work,universal
c_0000259,u_00070,2025-12-24,neutral,distant,work,universal
c_0000260,u_00070,2026-01-01,grateful,at_peace,gratitude,light_islamic
c_0000261,u_00073,2025-11-09,grateful,,confidence,universal
c_0000262,u_00073,2025-11-10,grateful,,habits,light_islamic
c_0000263,u_00073,2025-11-11,neutral,,confidence,universal
c_0000264,u_00073,2025-11-14,neutral,at_peace,burnout,light_islamic
c_0000265,u_00073,2025-11-19,neutral,at_peace,purpose,deeper_faith
c_0000266,u_00073,2025-11-29,low,questioning,faith,light_islamic
c_0000267,u_00073,2025-12-01,neutral,distant,gratitude,light_islamic
c_0000268,u_00074,2025-10-23,good,,habits,deeper_faith
c_0000269,u_00074,2025-10-24,neutral,,purpose,deeper_faith
c_0000270,u_00074,2025-10-26,good,,purpose,light_islamic
c_0000271,u_00074,2025-11-01,low,questioning,relationships,light_islamic
c_0000272,u_00074,2025-11-03,neutral,at_peace,confidence,universal
c_0000273,u_00074,2025-11-09,neutral,questioning,purpose,universal
c_0000274,u_00074,2025-11-10,neutral,at_peace,gratitude,universal
c_0000275,u_00074,2025-11-21,low,at_peace,habits,light_islamic
c_0000276,u_00077,2025-02-15,grateful,,work,light_islamic
c_0000277,u_00077,2025-02-16,neutral,,purpose,deeper_faith
c_0000278,u_00077,2025-02-18,low,,self,deeper_faith
c_0000279,u_00077,2025-02-19,grateful,at_peace,burnout,universal
c_0000280,u_00077,2025-02-20,good,distant,work,universal
c_0000281,u_00077,2025-02-21,grateful,questioning,work,light_islamic
c_0000282,u_00077,2025-02-24,low,questioning,relationships,universal
c_0000283,u_00077,2025-02-26,neutral,distant,gratitude,universal
c_0000284,u_00077,2025-03-01,low,hurting,habits,light_islamic
c_0000285,u_00077,2025-03-02,neutral,hurting,work,light_islamic
c_0000286,u_00077,2025-03-16,good,at_peace,self,universal
c_0000287,u_00082,2025-01-10,good,,gratitude,light_islamic
c_0000288,u_00082,2025-01-14,grateful,distant,self,universal
c_0000289,u_00082,2025-01-15,good,at_peace,purpose,deeper_faith
c_0000290,u_00082,2025-01-24,good,at_peace,purpose,universal
c_0000291,u_00082,2025-01-26,good,at_peace,self,light_islamic
c_0000292,u_00082,2025-01-29,grateful,at_peace,faith,universal
c_0000293,u_00083,2025-09-02,neutral,,purpose,light_islamic
c_0000294,u_00083,2025-09-07,grateful,at_peace,purpose,deeper_faith
c_0000295,u_00083,2025-09-09,good,distant,work,deeper_faith
c_0000296,u_00083,2025-09-10,good,questioning,faith,light_islamic
c_0000297,u_00083,2025-09-14,neutral,at_peace,faith,light_islamic
c_0000298,u_00083,2025-09-16,grateful,at_peace,work,deeper_faith
c_0000299,u_00083,2025-09-21,good,at_peace,confidence,universal
c_0000300,u_00083,2025-09-24,good,at_peace,burnout,universal
c_0000301,u_00084,2025-04-06,neutral,,habits,universal
c_0000302,u_00084,2025-04-07,good,,self,universal
c_0000303,u_00084,2025-04-08,neutral,,habits,light_islamic
c_0000304,u_00084,2025-04-09,good,,self,universal
c_0000305,u_00084,2025-04-15,good,at_peace,gratitude,light_islamic
c_0000306,u_00084,2025-04-16,grateful,hurting,habits,light_islamic
c_0000307,u_00084,2025-04-17,neutral,at_peace,relationships,deeper_faith
c_0000308,u_00084,2025-04-19,low,at_peace,confidence,deeper_faith
c_0000309,u_00084,2025-04-20,grateful,questioning,habits,deeper_faith
c_0000310,u_00084,2025-04-28,neutral,at_peace,faith,universal
c_0000311,u_00084,2025-04-29,grateful,questioning,purpose,universal
c_0000312,u_00084,2025-05-03,neutral,distant,gratitude,deeper_faith
c_0000313,u_00089,2025-08-13,neutral,,self,deeper_faith
c_0000314,u_00095,2025-04-04,neutral,,purpose,deeper_faith
c_0000315,u_00095,2025-04-10,low,at_peace,anxiety,deeper_faith
c_0000316,u_00095,2025-04-13,low,questioning,work,light_islamic
c_0000317,u_00095,2025-04-15,good,distant,work,deeper_faith
c_0000318,u_00095,2025-04-16,neutral,distant,relationships,light_islamic
c_0000319,u_00095,2025-04-29,good,at_peace,burnout,universal
c_0000320,u_00096,2025-01-17,good,,faith,universal
c_0000321,u_00096,2025-01-18,neutral,,purpose,universal
c_0000322,u_00096,2025-01-20,low,,faith,universal
c_0000323,u_00096,2025-01-25,neutral,at_peace,gratitude,universal
c_0000324,u_00096,2025-01-27,neutral,at_peace,burnout,light_islamic
c_0000325,u_00096,2025-01-29,good,at_peace,faith,deeper_faith
c_0000326,u_00098,2025-09-05,neutral,,faith,light_islamic
c_0000327,u_00098,2025-09-10,grateful,at_peace,purpose,universal
c_0000328,u_00098,2025-09-13,neutral,questioning,confidence,universal
c_0000329,u_00098,2025-09-28,neutral,at_peace,burnout,light_islamic
c_0000330,u_00098,2025-10-05,neutral,at_peace,work,universal
c_0000331,u_00102,2025-05-21,neutral,,self,universal
c_0000332,u_00102,2025-05-24,good,,habits,universal
c_0000333,u_00102,2025-05-25,very_low,distant,faith,universal
c_0000334,u_00102,2025-05-26,low,questioning,anxiety,light_islamic
c_0000335,u_00102,2025-05-27,low,at_peace,work,light_islamic
c_0000336,u_00102,2025-05-29,low,at_peace,work,universal
c_0000337,u_00102,2025-05-30,low,at_peace,burnout,deeper_faith
c_0000338,u_00102,2025-05-31,good,distant,relationships,universal
c_0000339,u_00102,2025-06-04,grateful,at_peace,self,deeper_faith
c_0000340,u_00102,2025-06-09,low,at_peace,burnout,light_islamic
c_0000341,u_00103,2025-12-23,low,,burnout,universal
c_0000342,u_00103,2025-12-24,low,,burnout,universal
c_0000343,u_00103,2025-12-25,neutral,,burnout,light_islamic
c_0000344,u_00103,2025-12-30,good,at_peace,confidence,universal
c_0000345,u_00103,2026-01-09,low,hurting,gratitude,light_islamic
c_0000346,u_00103,2026-01-10,good,hurting,confidence,light_islamic
c_0000347,u_00103,2026-01-14,low,distant,burnout,light_islamic
c_0000348,u_00103,2026-01-19,good,distant,gratitude,deeper_faith
c_0000349,u_00103,2026-01-22,neutral,at_peace,purpose,light_islamic
c_0000350,u_00104,2025-04-19,grateful,,burnout,universal
c_0000351,u_00104,2025-04-24,very_low,at_peace,purpose,light_islamic
c_0000352,u_00104,2025-05-07,grateful,at_peace,gratitude,universal
c_0000353,u_00104,2025-05-08,good,at_peace,gratitude,universal
c_0000354,u_00110,2025-09-20,good,,burnout,light_islamic
c_0000355,u_00110,2025-09-21,grateful,,relationships,universal
c_0000356,u_00110,2025-09-24,neutral,distant,work,light_islamic
c_0000357,u_00110,2025-09-29,neutral,questioning,confidence,universal
c_0000358,u_00110,2025-10-01,neutral,at_peace,habits,deeper_faith
c_0000359,u_00110,2025-10-02,neutral,at_peace,self,universal
c_0000360,u_00110,2025-10-09,neutral,distant,habits,universal
c_0000361,u_00110,2025-10-11,good,at_peace,burnout,light_islamic
c_0000362,u_00110,2025-10-15,neutral,hurting,habits,universal
c_0000363,u_00110,2025-10-20,low,at_peace,relationships,light_islamic
c_0000364,u_00111,2025-10-23,neutral,,relationships,light_islamic
c_0000365,u_00111,2025-10-25,good,,work,universal
c_0000366,u_00111,2025-10-26,low,,confidence,deeper_faith
c_0000367,u_00111,2025-10-28,neutral,at_peace,habits,deeper_faith
c_0000368,u_00111,2025-10-29,good,questioning,purpose,light_islamic
c_0000369,u_00111,2025-10-30,very_low,questioning,faith,light_islamic
c_0000370,u_00111,2025-11-08,neutral,at_peace,relationships,light_islamic
c_0000371,u_00111,2025-11-09,very_low,at_peace,anxiety,universal
c_0000372,u_00111,2025-11-11,good,distant,gratitude,light_islamic
c_0000373,u_00111,2025-11-18,very_low,questioning,work,universal
c_0000374,u_00123,2025-02-22,low,,faith,light_islamic
c_0000375,u_00123,2025-02-23,good,,burnout,universal
c_0000376,u_00123,2025-02-25,good,,faith,light_islamic
c_0000377,u_00123,2025-02-26,good,distant,relationships,universal
c_0000378,u_00123,2025-03-01,good,distant,anxiety,light_islamic
c_0000379,u_00123,2025-03-03,good,questioning,confidence,light_islamic
c_0000380,u_00123,2025-03-04,good,distant,habits,light_islamic
c_0000381,u_00123,2025-03-08,grateful,hurting,confidence,deeper_faith
c_0000382,u_00123,2025-03-10,low,questioning,purpose,light_islamic
c_0000383,u_00123,2025-03-14,grateful,distant,burnout,light_islamic
c_0000384,u_00125,2025-04-07,grateful,,faith,deeper_faith
c_0000385,u_00125,2025-04-09,neutral,,relationships,light_islamic
c_0000386,u_00125,2025-04-13,neutral,at_peace,burnout,universal
c_0000387,u_00125,2025-04-15,low,at_peace,burnout,deeper_faith
c_0000388,u_00125,2025-04-17,good,at_peace,habits,deeper_faith
c_0000389,u_00125,2025-04-25,neutral,at_peace,relationships,universal
c_0000390,u_00125,2025-04-30,good,at_peace,faith,light_islamic
c_0000391,u_00125,2025-05-04,very_low,questioning,gratitude,deeper_faith
c_0000392,u_00130,2025-03-08,grateful,,confidence,light_islamic
c_0000393,u_00130,2025-03-12,neutral,at_peace,faith,universal
c_0000394,u_00130,2025-03-15,good,at_peace,work,universal
c_0000395,u_00130,2025-03-17,grateful,hurting,work,universal
c_0000396,u_00130,2025-03-19,grateful,at_peace,purpose,light_islamic
c_0000397,u_00130,2025-03-24,neutral,at_peace,gratitude,universal
c_0000398,u_00130,2025-03-25,good,distant,purpose,light_islamic
c_0000399,u_00130,2025-04-01,neutral,distant,purpose,universal
c_0000400,u_00131,2025-06-02,good,,work,universal
c_0000401,u_00131,2025-06-03,neutral,,confidence,universal
c_0000402,u_00131,2025-06-05,good,,self,universal
c_0000403,u_00131,2025-06-09,neutral,distant,anxiety,universal
c_0000404,u_00131,2025-06-10,good,at_peace,burnout,light_islamic
c_0000405,u_00131,2025-06-12,good,at_peace,habits,universal
c_0000406,u_00131,2025-06-17,neutral,at_peace,anxiety,light_islamic
c_0000407,u_00131,2025-06-30,good,questioning,gratitude,light_islamic
c_0000408,u_00131,2025-07-02,low,at_peace,burnout,universal
c_0000409,u_00133,2025-03-20,good,,work,light_islamic
c_0000410,u_00133,2025-03-21,very_low,,self,universal
c_0000411,u_00133,2025-03-23,grateful,,burnout,universal
c_0000412,u_00133,2025-03-24,good,at_peace,anxiety,deeper_faith
c_0000413,u_00133,2025-03-31,good,questioning,work,universal
c_0000414,u_00133,2025-04-14,neutral,at_peace,confidence,universal
c_0000415,u_00133,2025-04-18,low,at_peace,anxiety,universal
c_0000416,u_00134,2025-12-14,grateful,,purpose,universal
c_0000417,u_00134,2025-12-16,neutral,,gratitude,deeper_faith
c_0000418,u_00134,2025-12-22,neutral,at_peace,gratitude,light_islamic
c_0000419,u_00134,2025-12-23,very_low,at_peace,purpose,universal
c_0000420,u_00134,2025-12-28,neutral,questioning,gratitude,universal
c_0000421,u_00134,2026-01-12,good,at_peace,confidence,light_islamic
c_0000422,u_00135,2025-06-08,good,,relationships,universal
c_0000423,u_00135,2025-06-09,grateful,,relationships,light_islamic
c_0000424,u_00135,2025-06-18,grateful,questioning,self,deeper_faith
c_0000425,u_00135,2025-07-06,good,distant,burnout,universal
c_0000426,u_00135,2025-07-08,grateful,at_peace,anxiety,universal
c_0000427,u_00136,2025-04-04,good,,work,light_islamic
c_0000428,u_00136,2025-04-05,neutral,,confidence,light_islamic
c_0000429,u_00136,2025-04-08,good,at_peace,gratitude,universal
c_0000430,u_00136,2025-04-09,grateful,at_peace,faith,universal
c_0000431,u_00136,2025-04-11,grateful,at_peace,work,universal
c_0000432,u_00136,2025-04-12,neutral,at_peace,faith,universal
c_0000433,u_00136,2025-04-13,good,hurting,habits,universal
c_0000434,u_00136,2025-04-28,good,at_peace,purpose,universal
c_0000435,u_00138,2025-02-25,low,,gratitude,universal
c_0000436,u_00138,2025-02-27,good,,anxiety,universal
c_0000437,u_00138,2025-03-02,neutral,at_peace,gratitude,deeper_faith
c_0000438,u_00138,2025-03-05,neutral,hurting,purpose,light_islamic
c_0000439,u_00138,2025-03-09,low,hurting,faith,light_islamic
c_0000440,u_00138,2025-03-13,low,questioning,burnout,universal
c_0000441,u_00138,2025-03-16,neutral,at_peace,habits,universal
c_0000442,u_00138,2025-03-18,grateful,at_peace,self,deeper_faith
c_0000443,u_00138,2025-03-20,good,distant,gratitude,universal
c_0000444,u_00139,2025-01-01,good,,confidence,light_islamic
c_0000445,u_00139,2025-01-07,neutral,questioning,anxiety,universal
c_0000446,u_00139,2025-01-28,good,questioning,habits,deeper_faith
c_0000447,u_00140,2025-08-07,good,,burnout,universal
c_0000448,u_00140,2025-08-09,good,,work,universal
c_0000449,u_00140,2025-08-17,very_low,at_peace,self,universal
c_0000450,u_00140,2025-08-22,neutral,distant,gratitude,light_islamic
c_0000451,u_00143,2025-08-29,neutral,,confidence,universal
c_0000452,u_00143,2025-08-31,good,,self,light_islamic
c_0000453,u_00143,2025-09-02,neutral,questioning,self,universal
c_0000454,u_00143,2025-09-03,grateful,questioning,relationships,deeper_faith
c_0000455,u_00143,2025-09-08,neutral,at_peace,gratitude,light_islamic
c_0000456,u_00143,2025-09-11,neutral,distant,burnout,light_islamic
c_0000457,u_00143,2025-09-26,grateful,at_peace,burnout,light_islamic
c_0000458,u_00145,2025-11-05,neutral,,habits,deeper_faith
c_0000459,u_00145,2025-11-07,good,,relationships,universal
c_0000460,u_00145,2025-11-09,low,at_peace,faith,deeper_faith
c_0000461,u_00145,2025-11-15,good,at_peace,burnout,universal
c_0000462,u_00145,2025-11-23,grateful,questioning,faith,light_islamic
c_0000463,u_00145,2025-11-25,good,at_peace,work,light_islamic
c_0000464,u_00145,2025-11-26,good,hurting,habits,universal
c_0000465,u_00148,2025-04-06,low,,anxiety,universal
c_0000466,u_00148,2025-04-07,good,,confidence,light_islamic
c_0000467,u_00148,2025-04-23,neutral,distant,relationships,universal
c_0000468,u_00148,2025-04-28,very_low,questioning,confidence,light_islamic
c_0000469,u_00153,2025-12-24,good,,habits,deeper_faith
c_0000470,u_00153,2025-12-28,good,at_peace,work,light_islamic
c_0000471,u_00153,2026-01-17,low,at_peace,work,light_islamic
c_0000472,u_00153,2026-01-18,good,at_peace,purpose,deeper_faith
c_0000473,u_00153,2026-01-21,good,distant,gratitude,universal
c_0000474,u_00154,2025-08-01,good,,anxiety,universal
c_0000475,u_00154,2025-08-02,good,,gratitude,universal
c_0000476,u_00154,2025-08-05,neutral,at_peace,gratitude,light_islamic
c_0000477,u_00154,2025-08-18,neutral,at_peace,confidence,deeper_faith
c_0000478,u_00154,2025-08-19,neutral,at_peace,self,deeper_faith
c_0000479,u_00154,2025-08-23,good,distant,gratitude,universal
c_0000480,u_00154,2025-08-27,grateful,at_peace,work,light_islamic
c_0000481,u_00160,2025-06-22,grateful,,faith,light_islamic
c_0000482,u_00160,2025-06-23,good,,relationships,light_islamic
c_0000483,u_00160,2025-06-25,neutral,,anxiety,light_islamic
c_0000484,u_00160,2025-06-27,low,at_peace,gratitude,light_islamic
c_0000485,u_00160,2025-07-01,neutral,at_peace,anxiety,light_islamic
c_0000486,u_00160,2025-07-05,low,at_peace,purpose,light_islamic
c_0000487,u_00160,2025-07-10,low,at_peace,work,universal
c_0000488,u_00160,2025-07-16,good,at_peace,anxiety,universal
c_0000489,u_00163,2025-07-31,good,,anxiety,universal
c_0000490,u_00163,2025-08-01,good,,purpose,light_islamic
c_0000491,u_00163,2025-08-10,neutral,questioning,faith,light_islamic
c_0000492,u_00163,2025-08-11,good,questioning,anxiety,light_islamic
c_0000493,u_00163,2025-08-15,neutral,distant,gratitude,light_islamic
c_0000494,u_00163,2025-08-24,grateful,at_peace,habits,light_islamic
c_0000495,u_00165,2025-05-01,neutral,,gratitude,universal
c_0000496,u_00165,2025-05-05,very_low,at_peace,purpose,deeper_faith
c_0000497,u_00165,2025-05-06,good,at_peace,relationships,universal
c_0000498,u_00165,2025-05-15,neutral,questioning,habits,light_islamic
c_0000499,u_00165,2025-05-17,neutral,distant,purpose,light_islamic
c_0000500,u_00167,2025-05-20,neutral,,confidence,deeper_faith
c_0000501,u_00167,2025-05-23,low,,relationships,universal
c_0000502,u_00167,2025-05-31,very_low,at_peace,relationships,universal
c_0000503,u_00167,2025-06-04,neutral,hurting,self,deeper_faith
c_0000504,u_00167,2025-06-05,low,questioning,purpose,light_islamic
c_0000505,u_00167,2025-06-07,neutral,at_peace,self,deeper_faith
c_0000506,u_00169,2025-04-08,low,,work,light_islamic
c_0000507,u_00169,2025-04-20,good,at_peace,purpose,universal
c_0000508,u_00169,2025-04-21,neutral,at_peace,self,deeper_faith
c_0000509,u_00169,2025-04-24,grateful,distant,habits,universal
c_0000510,u_00169,2025-05-03,good,questioning,faith,light_islamic
c_0000511,u_00169,2025-05-05,good,at_peace,burnout,universal
c_0000512,u_00170,2025-12-15,good,,relationships,deeper_faith
c_0000513,u_00170,2025-12-29,very_low,questioning,anxiety,universal
c_0000514,u_00170,2026-01-01,good,questioning,anxiety,universal
c_0000515,u_00170,2026-01-06,good,at_peace,faith,light_islamic
c_0000516,u_00170,2026-01-10,low,at_peace,faith,universal
c_0000517,u_00171,2025-09-11,grateful,,confidence,universal
c_0000518,u_00171,2025-09-14,low,,relationships,light_islamic
c_0000519,u_00171,2025-09-15,good,hurting,burnout,universal
c_0000520,u_00171,2025-09-17,neutral,questioning,self,universal
c_0000521,u_00171,2025-09-18,grateful,at_peace,purpose,light_islamic
c_0000522,u_00171,2025-09-23,grateful,questioning,work,light_islamic
c_0000523,u_00171,2025-09-29,good,at_peace,faith,light_islamic
c_0000524,u_00171,2025-10-09,neutral,at_peace,purpose,deeper_faith
c_0000525,u_00178,2025-02-26,good,,anxiety,universal
c_0000526,u_00178,2025-03-01,neutral,,relationships,light_islamic
c_0000527,u_00178,2025-03-02,neutral,at_peace,work,deeper_faith
c_0000528,u_00178,2025-03-04,good,distant,purpose,universal
c_0000529,u_00178,2025-03-09,neutral,at_peace,habits,deeper_faith
c_0000530,u_00178,2025-03-28,grateful,hurting,confidence,light_islamic
c_0000531,u_00179,2025-10-16,low,,purpose,universal
c_0000532,u_00179,2025-10-17,good,,work,universal
c_0000533,u_00179,2025-10-19,good,,gratitude,universal
c_0000534,u_00179,2025-10-24,grateful,at_peace,work,universal
c_0000535,u_00179,2025-11-01,grateful,at_peace,purpose,universal
c_0000536,u_00179,2025-11-04,neutral,at_peace,purpose,light_islamic
c_0000537,u_00180,2025-04-20,good,,purpose,light_islamic
c_0000538,u_00180,2025-04-22,neutral,,self,universal
c_0000539,u_00180,2025-04-24,neutral,at_peace,gratitude,light_islamic
c_0000540,u_00180,2025-04-26,good,at_peace,self,light_islamic
c_0000541,u_00180,2025-04-27,neutral,at_peace,work,universal
c_0000542,u_00180,2025-05-07,neutral,at_peace,purpose,light_islamic
c_0000543,u_00180,2025-05-09,good,hurting,burnout,deeper_faith
c_0000544,u_00180,2025-05-14,good,at_peace,anxiety,light_islamic
c_0000545,u_00180,2025-05-19,good,distant,confidence,deeper_faith
c_0000546,u_00182,2025-05-19,good,,relationships,universal
c_0000547,u_00182,2025-05-20,low,,purpose,deeper_faith
c_0000548,u_00182,2025-05-23,low,at_peace,gratitude,light_islamic
c_0000549,u_00182,2025-05-24,low,at_peace,burnout,light_islamic
c_0000550,u_00182,2025-05-25,neutral,at_peace,anxiety,universal
c_0000551,u_00182,2025-05-26,good,distant,purpose,universal
c_0000552,u_00182,2025-05-29,low,at_peace,faith,light_islamic
c_0000553,u_00182,2025-06-02,neutral,hurting,relationships,light_islamic
c_0000554,u_00182,2025-06-18,neutral,at_peace,relationships,universal
c_0000555,u_00183,2025-09-20,good,,relationships,light_islamic
c_0000556,u_00183,2025-09-22,low,,work,light_islamic
c_0000557,u_00183,2025-09-25,good,at_peace,gratitude,light_islamic
c_0000558,u_00183,2025-09-30,good,at_peace,burnout,universal
c_0000559,u_00183,2025-10-07,good,at_peace,self,universal
c_0000560,u_00183,2025-10-09,good,questioning,anxiety,universal
c_0000561,u_00183,2025-10-11,good,at_peace,self,light_islamic
c_0000562,u_00183,2025-10-13,neutral,distant,anxiety,light_islamic
c_0000563,u_00188,2025-05-31,neutral,,work,universal
c_0000564,u_00188,2025-06-02,good,,gratitude,light_islamic
c_0000565,u_00188,2025-06-08,grateful,at_peace,confidence,deeper_faith
c_0000566,u_00188,2025-06-10,good,hurting,relationships,light_islamic
c_0000567,u_00188,2025-06-15,good,questioning,faith,universal
c_0000568,u_00188,2025-06-20,grateful,hurting,habits,light_islamic
c_0000569,u_00188,2025-06-29,good,at_peace,purpose,light_islamic
c_0000570,u_00190,2025-05-14,neutral,,confidence,light_islamic
c_0000571,u_00190,2025-05-16,good,,self,light_islamic
c_0000572,u_00190,2025-05-17,good,,purpose,deeper_faith
c_0000573,u_00190,2025-05-20,good,at_peace,anxiety,universal
c_0000574,u_00190,2025-05-22,good,distant,gratitude,light_islamic
c_0000575,u_00190,2025-05-24,grateful,at_peace,gratitude,light_islamic
c_0000576,u_00190,2025-05-25,neutral,hurting,purpose,light_islamic
c_0000577,u_00190,2025-06-03,low,distant,confidence,light_islamic
c_0000578,u_00190,2025-06-07,low,at_peace,confidence,universal
c_0000579,u_00190,2025-06-10,low,questioning,burnout,deeper_faith
c_0000580,u_00195,2025-02-09,neutral,,faith,deeper_faith
c_0000581,u_00195,2025-02-13,neutral,hurting,self,light_islamic
c_0000582,u_00195,2025-02-14,neutral,at_peace,faith,universal
c_0000583,u_00195,2025-02-16,low,hurting,purpose,universal
c_0000584,u_00195,2025-02-18,neutral,at_peace,work,universal
c_0000585,u_00195,2025-02-27,grateful,questioning,relationships,universal
c_0000586,u_00196,2025-07-21,good,,burnout,deeper_faith
c_0000587,u_00196,2025-07-22,neutral,,faith,universal
c_0000588,u_00196,2025-07-23,very_low,,confidence,universal
c_0000589,u_00196,2025-07-24,neutral,,relationships,light_islamic
c_0000590,u_00196,2025-07-30,neutral,distant,relationships,light_islamic
c_0000591,u_00196,2025-08-06,low,at_peace,habits,universal
c_0000592,u_00196,2025-08-10,good,at_peace,faith,light_islamic
c_0000593,u_00200,2025-03-11,good,,relationships,light_islamic
c_0000594,u_00200,2025-03-12,neutral,,relationships,universal
c_0000595,u_00200,2025-03-17,neutral,at_peace,purpose,universal
c_0000596,u_00200,2025-03-22,good,distant,anxiety,light_islamic
c_0000597,u_00200,2025-03-24,grateful,at_peace,faith,deeper_faith
c_0000598,u_00200,2025-03-25,neutral,at_peace,self,universal
c_0000599,u_00200,2025-04-04,good,questioning,faith,universal
c_0000600,u_00200,2025-04-05,good,distant,purpose,light_islamic
c_0000601,u_00200,2025-04-09,neutral,at_peace,anxiety,light_islamic
c_0000602,u_00204,2025-07-13,neutral,,habits,light_islamic
c_0000603,u_00204,2025-07-15,neutral,,faith,deeper_faith
c_0000604,u_00204,2025-07-25,low,at_peace,relationships,light_islamic
c_0000605,u_00204,2025-07-26,neutral,at_peace,self,universal
c_0000606,u_00204,2025-07-28,neutral,distant,relationships,deeper_faith
c_0000607,u_00204,2025-08-05,good,at_peace,gratitude,universal
c_0000608,u_00204,2025-08-06,good,distant,burnout,light_islamic
c_0000609,u_00205,2025-02-10,good,,confidence,light_islamic
c_0000610,u_00205,2025-02-12,good,,habits,universal
c_0000611,u_00205,2025-02-14,good,at_peace,habits,universal
c_0000612,u_00205,2025-02-17,good,questioning,confidence,light_islamic
c_0000613,u_00205,2025-02-21,grateful,hurting,work,universal
c_0000614,u_00205,2025-03-03,neutral,at_peace,burnout,universal
c_0000615,u_00205,2025-03-04,low,at_peace,confidence,light_islamic
c_0000616,u_00209,2025-12-14,low,,self,universal
c_0000617,u_00209,2025-12-21,low,at_peace,anxiety,universal
c_0000618,u_00209,2025-12-22,good,at_peace,habits,light_islamic
c_0000619,u_00209,2025-12-24,good,at_peace,anxiety,universal
c_0000620,u_00209,2025-12-27,very_low,distant,anxiety,universal
c_0000621,u_00210,2025-04-30,low,,work,light_islamic
c_0000622,u_00210,2025-05-06,neutral,at_peace,habits,light_islamic
c_0000623,u_00210,2025-05-19,neutral,at_peace,burnout,light_islamic
c_0000624,u_00210,2025-05-26,neutral,at_peace,relationships,universal
c_0000625,u_00211,2025-04-26,neutral,,confidence,universal
c_0000626,u_00211,2025-05-03,good,at_peace,gratitude,deeper_faith
c_0000627,u_00211,2025-05-05,grateful,hurting,confidence,universal
c_0000628,u_00211,2025-05-12,good,at_peace,confidence,universal
c_0000629,u_00211,2025-05-18,good,questioning,relationships,light_islamic
c_0000630,u_00211,2025-05-22,neutral,at_peace,anxiety,light_islamic
c_0000631,u_00213,2025-08-31,neutral,,burnout,universal
c_0000632,u_00213,2025-09-01,neutral,,habits,light_islamic
c_0000633,u_00213,2025-09-05,neutral,questioning,purpose,deeper_faith
c_0000634,u_00213,2025-09-10,good,at_peace,faith,deeper_faith
c_0000635,u_00213,2025-09-15,good,distant,anxiety,universal
c_0000636,u_00213,2025-09-25,grateful,distant,habits,light_islamic
c_0000637,u_00215,2025-05-07,very_low,,confidence,light_islamic
c_0000638,u_00215,2025-05-08,grateful,,faith,universal
c_0000639,u_00215,2025-05-09,good,,burnout,light_islamic
c_0000640,u_00215,2025-05-15,good,questioning,purpose,light_islamic
c_0000641,u_00215,2025-06-02,neutral,at_peace,anxiety,universal
c_0000642,u_00216,2025-12-23,grateful,,gratitude,universal
c_0000643,u_00216,2025-12-25,neutral,,burnout,light_islamic
c_0000644,u_00216,2025-12-28,neutral,hurting,self,universal
c_0000645,u_00216,2025-12-29,neutral,questioning,burnout,light_islamic
c_0000646,u_00216,2025-12-31,neutral,at_peace,relationships,deeper_faith
c_0000647,u_00216,2026-01-03,grateful,questioning,burnout,universal
c_0000648,u_00216,2026-01-19,neutral,at_peace,purpose,light_islamic
c_0000649,u_00218,2025-09-12,low,,relationships,light_islamic
c_0000650,u_00218,2025-09-15,low,,work,light_islamic
c_0000651,u_00218,2025-09-26,neutral,at_peace,confidence,light_islamic
c_0000652,u_00218,2025-09-29,low,at_peace,work,light_islamic
c_0000653,u_00218,2025-10-05,neutral,distant,work,light_islamic
c_0000654,u_00218,2025-10-12,neutral,at_peace,work,light_islamic
c_0000655,u_00220,2025-11-26,grateful,,burnout,light_islamic
c_0000656,u_00220,2025-11-27,good,,anxiety,deeper_faith
c_0000657,u_00220,2025-11-28,good,,purpose,light_islamic
c_0000658,u_00220,2025-11-29,good,,work,deeper_faith
c_0000659,u_00220,2025-11-30,very_low,distant,confidence,universal
c_0000660,u_00220,2025-12-02,neutral,at_peace,relationships,universal
c_0000661,u_00220,2025-12-10,grateful,at_peace,anxiety,universal
c_0000662,u_00220,2025-12-13,neutral,distant,faith,light_islamic
c_0000663,u_00220,2025-12-21,low,questioning,self,universal
c_0000664,u_00220,2025-12-26,good,distant,relationships,universal
c_0000665,u_00222,2025-01-30,good,,relationships,universal
c_0000666,u_00222,2025-02-06,good,at_peace,habits,light_islamic
c_0000667,u_00222,2025-02-07,good,questioning,anxiety,light_islamic
c_0000668,u_00222,2025-02-09,good,at_peace,burnout,light_islamic
c_0000669,u_00222,2025-02-10,neutral,at_peace,relationships,light_islamic
c_0000670,u_00222,2025-02-15,grateful,hurting,purpose,universal
c_0000671,u_00222,2025-02-16,good,questioning,anxiety,light_islamic
c_0000672,u_00224,2025-05-29,very_low,,work,universal
c_0000673,u_00224,2025-05-31,neutral,,confidence,universal
c_0000674,u_00224,2025-06-01,low,,habits,universal
c_0000675,u_00224,2025-06-07,grateful,at_peace,work,deeper_faith
c_0000676,u_00224,2025-06-20,neutral,distant,confidence,light_islamic
c_0000677,u_00224,2025-06-24,good,at_peace,faith,light_islamic
c_0000678,u_00227,2025-09-03,good,,faith,deeper_faith
c_0000679,u_00227,2025-09-06,neutral,,faith,deeper_faith
c_0000680,u_00227,2025-09-07,very_low,questioning,faith,universal
c_0000681,u_00227,2025-09-08,grateful,questioning,anxiety,universal
c_0000682,u_00227,2025-09-13,very_low,questioning,burnout,universal
c_0000683,u_00227,2025-09-19,good,hurting,habits,light_islamic
c_0000684,u_00227,2025-09-27,neutral,at_peace,purpose,universal
c_0000685,u_00228,2025-07-17,good,,confidence,light_islamic
c_0000686,u_00228,2025-07-22,grateful,at_peace,habits,deeper_faith
c_0000687,u_00228,2025-07-25,neutral,at_peace,work,deeper_faith
c_0000688,u_00228,2025-07-27,neutral,distant,habits,deeper_faith
c_0000689,u_00228,2025-08-01,very_low,hurting,gratitude,light_islamic
c_0000690,u_00228,2025-08-06,low,at_peace,anxiety,deeper_faith
c_0000691,u_00228,2025-08-11,neutral,distant,habits,universal
c_0000692,u_00228,2025-08-13,good,hurting,relationships,light_islamic
c_0000693,u_00231,2025-12-10,neutral,,burnout,universal
c_0000694,u_00231,2025-12-17,grateful,at_peace,work,universal
c_0000695,u_00231,2025-12-19,neutral,distant,work,universal
c_0000696,u_00231,2025-12-21,very_low,at_peace,work,light_islamic
c_0000697,u_00231,2025-12-22,low,hurting,confidence,universal
c_0000698,u_00231,2025-12-24,good,questioning,relationships,universal
c_0000699,u_00231,2025-12-25,neutral,at_peace,confidence,deeper_faith
c_0000700,u_00231,2025-12-28,good,distant,work,light_islamic
c_0000701,u_00231,2025-12-29,neutral,at_peace,relationships,universal
c_0000702,u_00231,2026-01-07,good,at_peace,gratitude,universal
c_0000703,u_00232,2025-01-01,grateful,,self,light_islamic
c_0000704,u_00232,2025-01-06,low,at_peace,anxiety,deeper_faith
c_0000705,u_00232,2025-01-07,good,questioning,work,deeper_faith
c_0000706,u_00232,2025-01-09,neutral,at_peace,gratitude,light_islamic
c_0000707,u_00232,2025-01-13,neutral,questioning,burnout,universal
c_0000708,u_00232,2025-01-14,very_low,distant,anxiety,deeper_faith
c_0000709,u_00232,2025-01-15,good,hurting,confidence,deeper_faith
c_0000710,u_00232,2025-01-18,good,at_peace,purpose,light_islamic
c_0000711,u_00232,2025-01-27,low,distant,burnout,universal
c_0000712,u_00232,2025-01-30,neutral,questioning,faith,light_islamic
c_0000713,u_00234,2025-04-15,good,,purpose,universal
c_0000714,u_00234,2025-04-18,good,,habits,universal
c_0000715,u_00234,2025-04-19,good,distant,burnout,light_islamic
c_0000716,u_00234,2025-04-20,good,distant,burnout,light_islamic
c_0000717,u_00234,2025-04-24,very_low,at_peace,work,light_islamic
c_0000718,u_00234,2025-04-25,very_low,at_peace,faith,deeper_faith
c_0000719,u_00234,2025-04-26,low,at_peace,purpose,universal
c_0000720,u_00234,2025-04-28,grateful,questioning,work,universal
c_0000721,u_00234,2025-05-02,low,at_peace,gratitude,light_islamic
c_0000722,u_00234,2025-05-05,grateful,questioning,relationships,deeper_faith
c_0000723,u_00234,2025-05-08,good,at_peace,burnout,light_islamic
c_0000724,u_00235,2025-02-04,good,,work,light_islamic
c_0000725,u_00235,2025-02-06,good,,work,universal
c_0000726,u_00235,2025-02-07,good,,faith,light_islamic
c_0000727,u_00235,2025-02-08,grateful,at_peace,anxiety,universal
c_0000728,u_00235,2025-02-09,good,distant,work,universal
c_0000729,u_00235,2025-02-10,very_low,distant,anxiety,light_islamic
c_0000730,u_00235,2025-02-17,neutral,at_peace,self,universal
c_0000731,u_00235,2025-02-18,neutral,distant,faith,light_islamic
c_0000732,u_00235,2025-02-21,grateful,at_peace,anxiety,universal
c_0000733,u_00235,2025-03-05,grateful,at_peace,relationships,light_islamic
c_0000734,u_00237,2025-09-19,neutral,,faith,universal
c_0000735,u_00237,2025-09-22,neutral,,relationships,universal
c_0000736,u_00237,2025-09-24,good,at_peace,relationships,deeper_faith
c_0000737,u_00237,2025-09-25,low,at_peace,faith,universal
c_0000738,u_00237,2025-10-02,grateful,distant,anxiety,light_islamic
c_0000739,u_00237,2025-10-05,good,questioning,gratitude,universal
c_0000740,u_00237,2025-10-12,very_low,at_peace,habits,universal
c_0000741,u_00238,2025-03-26,good,,relationships,universal
c_0000742,u_00238,2025-03-31,good,questioning,purpose,deeper_faith
c_0000743,u_00238,2025-04-11,low,at_peace,habits,light_islamic
c_0000744,u_00238,2025-04-13,low,questioning,confidence,light_islamic
c_0000745,u_00241,2025-07-05,very_low,,anxiety,light_islamic
c_0000746,u_00241,2025-07-09,low,questioning,gratitude,light_islamic
c_0000747,u_00241,2025-07-13,neutral,questioning,confidence,deeper_faith
c_0000748,u_00241,2025-07-14,neutral,at_peace,habits,light_islamic
c_0000749,u_00241,2025-07-15,grateful,questioning,confidence,universal
c_0000750,u_00241,2025-07-16,good,hurting,work,deeper_faith
c_0000751,u_00241,2025-07-18,neutral,questioning,confidence,light_islamic
c_0000752,u_00241,2025-07-20,good,questioning,work,universal
c_0000753,u_00241,2025-07-23,grateful,hurting,habits,universal
c_0000754,u_00241,2025-08-04,grateful,at_peace,gratitude,light_islamic
c_0000755,u_00242,2025-08-15,good,,relationships,light_islamic
c_0000756,u_00242,2025-08-21,neutral,at_peace,purpose,light_islamic
c_0000757,u_00242,2025-08-27,grateful,distant,self,universal
c_0000758,u_00242,2025-08-29,very_low,distant,burnout,light_islamic
c_0000759,u_00242,2025-08-30,neutral,questioning,work,universal
c_0000760,u_00242,2025-08-31,good,at_peace,faith,deeper_faith
c_0000761,u_00242,2025-09-02,good,distant,work,universal
c_0000762,u_00242,2025-09-03,neutral,at_peace,purpose,universal
c_0000763,u_00242,2025-09-04,grateful,questioning,anxiety,light_islamic
c_0000764,u_00242,2025-09-07,low,at_peace,gratitude,universal
c_0000765,u_00242,2025-09-09,good,distant,burnout,light_islamic
c_0000766,u_00246,2025-06-01,good,,work,universal
c_0000767,u_00246,2025-06-03,grateful,,anxiety,universal
c_0000768,u_00246,2025-06-08,good,at_peace,habits,universal
c_0000769,u_00246,2025-06-10,grateful,at_peace,faith,light_islamic
c_0000770,u_00246,2025-06-22,grateful,distant,work,light_islamic
c_0000771,u_00247,2025-01-06,good,,confidence,universal
c_0000772,u_00247,2025-01-13,good,hurting,confidence,deeper_faith
c_0000773,u_00247,2025-01-15,neutral,at_peace,purpose,universal
c_0000774,u_00247,2025-01-18,good,distant,habits,universal
c_0000775,u_00247,2025-01-27,very_low,at_peace,anxiety,universal
c_0000776,u_00247,2025-01-28,low,distant,anxiety,deeper_faith
c_0000777,u_00247,2025-02-02,good,at_peace,work,universal
c_0000778,u_00247,2025-02-05,good,questioning,faith,light_islamic
c_0000779,u_00248,2025-07-03,very_low,,confidence,universal
c_0000780,u_00248,2025-07-07,low,at_peace,faith,light_islamic
c_0000781,u_00248,2025-07-08,good,at_peace,work,light_islamic
c_0000782,u_00248,2025-07-09,good,at_peace,confidence,universal
c_0000783,u_00248,2025-07-12,low,questioning,relationships,universal
c_0000784,u_00248,2025-07-26,grateful,distant,burnout,universal
c_0000785,u_00254,2025-11-30,good,,confidence,light_islamic
c_0000786,u_00254,2025-12-04,very_low,at_peace,habits,universal
c_0000787,u_00254,2025-12-05,grateful,distant,habits,light_islamic
c_0000788,u_00254,2025-12-15,good,questioning,work,universal
c_0000789,u_00254,2025-12-18,neutral,at_peace,faith,deeper_faith
c_0000790,u_00254,2025-12-20,low,questioning,confidence,universal
c_0000791,u_00254,2025-12-25,good,distant,work,deeper_faith
c_0000792,u_00254,2025-12-28,good,at_peace,purpose,deeper_faith
c_0000793,u_00257,2025-02-05,very_low,,relationships,universal
c_0000794,u_00257,2025-02-09,very_low,at_peace,purpose,universal
c_0000795,u_00257,2025-02-12,grateful,distant,self,deeper_faith
c_0000796,u_00257,2025-02-13,good,at_peace,purpose,light_islamic
c_0000797,u_00257,2025-02-18,good,at_peace,faith,universal
c_0000798,u_00257,2025-02-27,good,at_peace,self,universal
c_0000799,u_00257,2025-03-03,neutral,questioning,gratitude,deeper_faith
c_0000800,u_00257,2025-03-05,good,distant,faith,universal
c_0000801,u_00257,2025-03-06,good,questioning,self,universal
c_0000802,u_00258,2025-12-16,very_low,,self,light_islamic
c_0000803,u_00258,2025-12-20,grateful,at_peace,self,universal
c_0000804,u_00258,2025-12-27,good,distant,gratitude,light_islamic
c_0000805,u_00258,2025-12-28,grateful,at_peace,anxiety,light_islamic
c_0000806,u_00258,2026-01-10,good,at_peace,habits,light_islamic
c_0000807,u_00258,2026-01-15,neutral,hurting,confidence,universal
c_0000808,u_00260,2025-10-14,low,,self,light_islamic
c_0000809,u_00260,2025-10-20,good,questioning,burnout,universal
c_0000810,u_00260,2025-10-24,good,distant,gratitude,universal
c_0000811,u_00260,2025-10-25,low,at_peace,faith,light_islamic
c_0000812,u_00260,2025-11-06,good,distant,relationships,light_islamic
c_0000813,u_00261,2025-06-22,neutral,,work,light_islamic
c_0000814,u_00261,2025-06-26,neutral,distant,work,universal
c_0000815,u_00261,2025-06-28,good,at_peace,anxiety,light_islamic
c_0000816,u_00261,2025-07-07,neutral,distant,confidence,universal
c_0000817,u_00261,2025-07-20,low,at_peace,gratitude,light_islamic
c_0000818,u_00261,2025-07-21,good,distant,faith,deeper_faith
c_0000819,u_00263,2025-09-21,very_low,,self,light_islamic
c_0000820,u_00263,2025-09-22,neutral,,relationships,light_islamic
c_0000821,u_00263,2025-10-15,grateful,hurting,gratitude,light_islamic
c_0000822,u_00263,2025-10-16,neutral,hurting,habits,deeper_faith
c_0000823,u_00263,2025-10-17,low,at_peace,confidence,light_islamic
c_0000824,u_00263,2025-10-19,very_low,hurting,relationships,light_islamic
c_0000825,u_00263,2025-10-20,good,questioning,anxiety,universal
c_0000826,u_00266,2025-11-06,grateful,,habits,universal
c_0000827,u_00266,2025-11-07,low,,faith,universal
c_0000828,u_00266,2025-11-09,good,,habits,universal
c_0000829,u_00266,2025-11-25,neutral,questioning,relationships,universal
c_0000830,u_00266,2025-11-29,good,questioning,faith,universal
c_0000831,u_00266,2025-12-04,low,distant,burnout,universal
c_0000832,u_00270,2025-08-30,good,,gratitude,universal
c_0000833,u_00270,2025-09-04,low,at_peace,anxiety,universal
c_0000834,u_00270,2025-09-06,neutral,at_peace,burnout,deeper_faith
c_0000835,u_00270,2025-09-07,low,at_peace,habits,light_islamic
c_0000836,u_00270,2025-09-11,good,at_peace,habits,universal
c_0000837,u_00270,2025-09-12,neutral,at_peace,work,light_islamic
c_0000838,u_00270,2025-09-15,good,questioning,faith,universal
c_0000839,u_00270,2025-09-17,neutral,at_peace,habits,universal
c_0000840,u_00270,2025-09-19,good,distant,purpose,universal
c_0000841,u_00270,2025-09-28,very_low,at_peace,habits,universal
c_0000842,u_00274,2025-12-16,low,,anxiety,light_islamic
c_0000843,u_00274,2025-12-18,good,,relationships,universal
c_0000844,u_00274,2025-12-21,grateful,questioning,self,light_islamic
c_0000845,u_00274,2025-12-28,good,at_peace,habits,universal
c_0000846,u_00274,2025-12-30,low,hurting,anxiety,light_islamic
c_0000847,u_00274,2025-12-31,neutral,at_peace,purpose,universal
c_0000848,u_00274,2026-01-06,good,questioning,gratitude,deeper_faith
c_0000849,u_00274,2026-01-11,good,questioning,relationships,universal
c_0000850,u_00274,2026-01-14,good,hurting,confidence,light_islamic
c_0000851,u_00277,2025-04-02,grateful,,relationships,universal
c_0000852,u_00277,2025-04-04,neutral,,relationships,universal
c_0000853,u_00277,2025-04-15,low,questioning,purpose,light_islamic
c_0000854,u_00277,2025-04-22,neutral,questioning,burnout,universal
c_0000855,u_00277,2025-04-27,low,questioning,anxiety,universal
c_0000856,u_00282,2025-09-11,grateful,,habits,universal
c_0000857,u_00282,2025-09-13,good,,confidence,universal
c_0000858,u_00282,2025-09-16,low,distant,self,deeper_faith
c_0000859,u_00282,2025-09-17,neutral,questioning,faith,universal
c_0000860,u_00282,2025-09-20,good,at_peace,purpose,light_islamic
c_0000861,u_00282,2025-10-01,neutral,at_peace,burnout,light_islamic
c_0000862,u_00282,2025-10-02,neutral,distant,faith,light_islamic
c_0000863,u_00282,2025-10-07,good,distant,anxiety,universal
c_0000864,u_00282,2025-10-08,good,hurting,relationships,light_islamic
c_0000865,u_00282,2025-10-11,very_low,at_peace,faith,light_islamic
c_0000866,u_00286,2025-02-28,grateful,,burnout,deeper_faith
c_0000867,u_00286,2025-03-02,grateful,,relationships,light_islamic
c_0000868,u_00286,2025-03-05,good,distant,burnout,universal
c_0000869,u_00286,2025-03-12,neutral,questioning,faith,light_islamic
c_0000870,u_00286,2025-03-14,low,distant,self,universal
c_0000871,u_00286,2025-03-18,good,at_peace,purpose,light_islamic
c_0000872,u_00286,2025-03-25,neutral,hurting,habits,universal
c_0000873,u_00288,2025-02-10,low,,purpose,light_islamic
c_0000874,u_00288,2025-02-11,neutral,,relationships,light_islamic
c_0000875,u_00288,2025-02-20,low,distant,self,light_islamic
c_0000876,u_00288,2025-02-21,neutral,distant,anxiety,light_islamic
c_0000877,u_00288,2025-02-22,good,distant,confidence,universal
c_0000878,u_00288,2025-02-24,good,at_peace,self,light_islamic
c_0000879,u_00288,2025-02-25,grateful,questioning,purpose,light_islamic
c_0000880,u_00288,2025-02-27,very_low,at_peace,confidence,universal
c_0000881,u_00288,2025-03-03,good,at_peace,relationships,light_islamic
c_0000882,u_00288,2025-03-06,low,distant,work,light_islamic
c_0000883,u_00289,2025-07-23,neutral,,habits,universal
c_0000884,u_00289,2025-07-30,neutral,questioning,anxiety,light_islamic
c_0000885,u_00289,2025-08-08,good,hurting,faith,light_islamic
c_0000886,u_00289,2025-08-12,neutral,at_peace,gratitude,light_islamic
c_0000887,u_00289,2025-08-22,low,hurting,habits,universal
c_0000888,u_00290,2025-03-24,good,,work,universal
c_0000889,u_00290,2025-03-26,good,,gratitude,light_islamic
c_0000890,u_00290,2025-03-28,very_low,at_peace,purpose,deeper_faith
c_0000891,u_00290,2025-03-29,neutral,at_peace,burnout,deeper_faith
c_0000892,u_00290,2025-04-17,neutral,at_peace,confidence,universal
c_0000893,u_00292,2025-08-26,good,,purpose,deeper_faith
c_0000894,u_00292,2025-08-29,good,,burnout,universal
c_0000895,u_00292,2025-08-30,neutral,at_peace,purpose,deeper_faith
c_0000896,u_00292,2025-09-04,very_low,at_peace,work,universal
c_0000897,u_00292,2025-09-15,very_low,at_peace,work,light_islamic
c_0000898,u_00293,2025-08-02,good,,gratitude,light_islamic
c_0000899,u_00293,2025-08-09,neutral,at_peace,work,universal
c_0000900,u_00293,2025-08-12,good,questioning,habits,universal
c_0000901,u_00293,2025-08-13,grateful,at_peace,work,light_islamic
c_0000902,u_00293,2025-08-18,good,distant,gratitude,universal
c_0000903,u_00293,2025-09-01,neutral,questioning,faith,universal
c_0000904,u_00294,2025-09-27,grateful,,burnout,light_islamic
c_0000905,u_00294,2025-09-28,good,,self,universal
c_0000906,u_00294,2025-09-29,good,,burnout,universal
c_0000907,u_00294,2025-09-30,good,,habits,universal
c_0000908,u_00294,2025-10-01,neutral,questioning,confidence,deeper_faith
c_0000909,u_00294,2025-10-02,very_low,questioning,self,universal
c_0000910,u_00294,2025-10-04,neutral,at_peace,work,universal
c_0000911,u_00294,2025-10-07,good,distant,habits,universal
c_0000912,u_00294,2025-10-08,grateful,at_peace,faith,light_islamic
c_0000913,u_00294,2025-10-09,good,distant,faith,universal
c_0000914,u_00294,2025-10-10,neutral,questioning,faith,universal
c_0000915,u_00294,2025-10-13,neutral,at_peace,purpose,universal
c_0000916,u_00294,2025-10-16,good,at_peace,confidence,light_islamic
c_0000917,u_00294,2025-10-19,neutral,at_peace,anxiety,light_islamic
c_0000918,u_00294,2025-10-21,low,questioning,confidence,universal
c_0000919,u_00296,2025-06-03,low,,self,universal
c_0000920,u_00296,2025-06-04,grateful,,relationships,deeper_faith
c_0000921,u_00296,2025-06-07,very_low,at_peace,self,light_islamic
c_0000922,u_00296,2025-06-08,neutral,at_peace,confidence,light_islamic
c_0000923,u_00296,2025-06-14,neutral,questioning,confidence,universal
c_0000924,u_00296,2025-06-19,grateful,at_peace,purpose,deeper_faith
c_0000925,u_00296,2025-06-21,neutral,at_peace,work,light_islamic
c_0000926,u_00296,2025-06-28,grateful,at_peace,confidence,light_islamic
c_0000927,u_00299,2025-10-23,good,,work,universal
c_0000928,u_00299,2025-10-24,low,,burnout,universal
c_0000929,u_00299,2025-10-25,neutral,,relationships,deeper_faith
c_0000930,u_00299,2025-10-26,good,,burnout,light_islamic
c_0000931,u_00299,2025-10-28,grateful,questioning,burnout,universal
c_0000932,u_00299,2025-10-29,neutral,questioning,burnout,deeper_faith
c_0000933,u_00299,2025-11-02,very_low,questioning,anxiety,universal
c_0000934,u_00299,2025-11-03,good,at_peace,gratitude,deeper_faith
c_0000935,u_00299,2025-11-05,good,questioning,purpose,deeper_faith
c_0000936,u_00299,2025-11-11,grateful,at_peace,burnout,deeper_faith
c_0000937,u_00299,2025-11-12,low,at_peace,purpose,light_islamic
c_0000938,u_00299,2025-11-15,good,at_peace,self,universal
c_0000939,u_00299,2025-11-20,good,distant,faith,deeper_faith
c_0000940,u_00302,2025-01-10,good,,work,light_islamic
c_0000941,u_00302,2025-01-22,good,at_peace,self,universal
c_0000942,u_00302,2025-01-23,very_low,at_peace,self,universal
c_0000943,u_00302,2025-01-26,good,distant,confidence,light_islamic
c_0000944,u_00302,2025-01-29,neutral,distant,work,universal
c_0000945,u_00302,2025-01-30,grateful,at_peace,relationships,universal
c_0000946,u_00303,2025-09-20,neutral,,relationships,light_islamic
c_0000947,u_00303,2025-09-23,good,,purpose,light_islamic
c_0000948,u_00303,2025-09-27,neutral,at_peace,purpose,universal
c_0000949,u_00303,2025-09-29,good,at_peace,faith,universal
c_0000950,u_00304,2025-12-01,good,,anxiety,universal
c_0000951,u_00304,2025-12-03,low,,self,light_islamic
c_0000952,u_00304,2025-12-04,neutral,,habits,light_islamic
c_0000953,u_00304,2025-12-13,good,distant,burnout,universal
c_0000954,u_00304,2025-12-14,low,at_peace,confidence,universal
c_0000955,u_00304,2025-12-15,neutral,at_peace,gratitude,universal
c_0000956,u_00304,2025-12-16,neutral,questioning,faith,universal
c_0000957,u_00305,2025-06-06,very_low,,work,deeper_faith
c_0000958,u_00305,2025-06-07,good,,self,deeper_faith
c_0000959,u_00305,2025-06-12,good,at_peace,burnout,deeper_faith
c_0000960,u_00305,2025-06-13,good,at_peace,habits,universal
c_0000961,u_00305,2025-06-15,good,at_peace,relationships,universal
c_0000962,u_00305,2025-06-17,good,questioning,relationships,universal
c_0000963,u_00305,2025-06-23,neutral,at_peace,burnout,universal
c_0000964,u_00305,2025-06-25,good,questioning,gratitude,light_islamic
c_0000965,u_00305,2025-06-30,neutral,distant,relationships,light_islamic
c_0000966,u_00306,2025-07-07,neutral,,work,light_islamic
c_0000967,u_00306,2025-07-08,good,,work,universal
c_0000968,u_00306,2025-07-09,good,,habits,light_islamic
c_0000969,u_00306,2025-07-10,neutral,,anxiety,universal
c_0000970,u_00306,2025-07-11,neutral,at_peace,work,deeper_faith
c_0000971,u_00306,2025-07-12,neutral,hurting,gratitude,universal
c_0000972,u_00306,2025-07-23,low,at_peace,purpose,light_islamic
c_0000973,u_00306,2025-07-29,good,at_peace,burnout,light_islamic
c_0000974,u_00306,2025-08-05,neutral,questioning,self,universal
c_0000975,u_00314,2025-06-07,neutral,,gratitude,universal
c_0000976,u_00314,2025-06-11,very_low,distant,gratitude,light_islamic
c_0000977,u_00314,2025-06-16,grateful,at_peace,confidence,universal
c_0000978,u_00314,2025-06-30,good,questioning,relationships,universal
c_0000979,u_00314,2025-07-06,neutral,at_peace,purpose,universal
c_0000980,u_00317,2025-08-24,good,,faith,light_islamic
c_0000981,u_00317,2025-08-25,good,,burnout,deeper_faith
c_0000982,u_00317,2025-08-30,good,questioning,work,deeper_faith
c_0000983,u_00317,2025-08-31,good,distant,self,light_islamic
c_0000984,u_00317,2025-09-04,good,questioning,purpose,light_islamic
c_0000985,u_00317,2025-09-10,grateful,distant,anxiety,light_islamic
c_0000986,u_00317,2025-09-12,low,hurting,relationships,light_islamic
c_0000987,u_00317,2025-09-21,low,distant,work,deeper_faith
c_0000988,u_00318,2025-09-10,good,,burnout,light_islamic
c_0000989,u_00318,2025-09-11,grateful,,gratitude,universal
c_0000990,u_00318,2025-09-17,good,distant,faith,universal
c_0000991,u_00318,2025-09-18,good,at_peace,anxiety,light_islamic
c_0000992,u_00318,2025-09-22,good,at_peace,habits,light_islamic
c_0000993,u_00318,2025-09-28,good,at_peace,confidence,universal
c_0000994,u_00318,2025-10-05,neutral,distant,confidence,universal
c_0000995,u_00319,2025-11-02,good,,work,deeper_faith
c_0000996,u_00319,2025-11-05,good,,burnout,deeper_faith
c_0000997,u_00319,2025-11-13,grateful,at_peace,anxiety,universal
c_0000998,u_00319,2025-11-24,neutral,questioning,self,universal
c_0000999,u_00319,2025-11-25,good,at_peace,habits,deeper_faith
c_0001000,u_00319,2025-11-27,grateful,at_peace,confidence,universal
c_0001001,u_00319,2025-11-29,very_low,distant,confidence,light_islamic
c_0001002,u_00321,2025-04-05,grateful,,anxiety,light_islamic
c_0001003,u_00321,2025-04-07,good,,anxiety,light_islamic
c_0001004,u_00321,2025-04-08,neutral,,anxiety,light_islamic
c_0001005,u_00321,2025-04-10,very_low,at_peace,work,light_islamic
c_0001006,u_00321,2025-04-12,good,distant,relationships,light_islamic
c_0001007,u_00321,2025-04-14,good,questioning,anxiety,deeper_faith
c_0001008,u_00321,2025-04-17,neutral,hurting,burnout,universal
c_0001009,u_00321,2025-04-27,good,distant,confidence,light_islamic
c_0001010,u_00321,2025-04-30,good,at_peace,gratitude,light_islamic
c_0001011,u_00321,2025-05-02,good,questioning,relationships,universal
c_0001012,u_00321,2025-05-05,neutral,at_peace,burnout,universal
c_0001013,u_00322,2025-05-07,good,,self,universal
c_0001014,u_00322,2025-05-13,grateful,hurting,relationships,deeper_faith
c_0001015,u_00322,2025-05-17,grateful,distant,self,light_islamic
c_0001016,u_00322,2025-05-20,good,at_peace,purpose,universal
c_0001017,u_00322,2025-05-28,neutral,at_peace,habits,light_islamic
c_0001018,u_00322,2025-06-01,low,at_peace,work,light_islamic
c_0001019,u_00322,2025-06-05,very_low,at_peace,confidence,light_islamic
c_0001020,u_00324,2025-06-11,good,,relationships,deeper_faith
c_0001021,u_00324,2025-06-13,very_low,,anxiety,deeper_faith
c_0001022,u_00324,2025-06-14,low,,work,light_islamic
c_0001023,u_00324,2025-06-16,low,at_peace,purpose,universal
c_0001024,u_00324,2025-06-19,good,at_peace,anxiety,deeper_faith
c_0001025,u_00324,2025-06-26,neutral,at_peace,burnout,universal
c_0001026,u_00324,2025-06-27,neutral,at_peace,burnout,light_islamic
c_0001027,u_00324,2025-07-04,good,hurting,confidence,light_islamic
c_0001028,u_00324,2025-07-09,good,questioning,purpose,light_islamic
c_0001029,u_00325,2025-06-26,very_low,,habits,light_islamic
c_0001030,u_00325,2025-06-27,very_low,,purpose,deeper_faith
c_0001031,u_00325,2025-06-29,neutral,,gratitude,universal
c_0001032,u_00325,2025-07-02,neutral,distant,anxiety,universal
c_0001033,u_00325,2025-07-05,neutral,questioning,faith,deeper_faith
c_0001034,u_00325,2025-07-06,very_low,at_peace,confidence,universal
c_0001035,u_00325,2025-07-08,low,distant,burnout,universal
c_0001036,u_00325,2025-07-14,low,at_peace,habits,universal
c_0001037,u_00325,2025-07-25,neutral,questioning,confidence,light_islamic
c_0001038,u_00325,2025-07-26,neutral,hurting,gratitude,light_islamic
c_0001039,u_00329,2025-04-18,neutral,,self,light_islamic
c_0001040,u_00329,2025-04-20,good,,faith,light_islamic
c_0001041,u_00329,2025-04-24,low,at_peace,burnout,universal
c_0001042,u_00329,2025-04-29,good,distant,gratitude,light_islamic
c_0001043,u_00329,2025-05-01,low,questioning,work,light_islamic
c_0001044,u_00329,2025-05-04,good,distant,faith,light_islamic
c_0001045,u_00329,2025-05-07,good,at_peace,burnout,universal
c_0001046,u_00329,2025-05-11,grateful,at_peace,self,light_islamic
c_0001047,u_00329,2025-05-17,good,questioning,anxiety,light_islamic
c_0001048,u_00331,2025-01-19,neutral,,self,light_islamic
c_0001049,u_00331,2025-01-24,grateful,at_peace,self,universal
c_0001050,u_00331,2025-01-25,grateful,at_peace,work,universal
c_0001051,u_00331,2025-01-26,good,at_peace,confidence,universal
c_0001052,u_00331,2025-01-30,neutral,hurting,gratitude,universal
c_0001053,u_00331,2025-02-06,grateful,distant,faith,universal
c_0001054,u_00331,2025-02-07,very_low,questioning,work,universal
c_0001055,u_00331,2025-02-14,neutral,at_peace,habits,deeper_faith
c_0001056,u_00331,2025-02-15,good,questioning,burnout,deeper_faith
c_0001057,u_00332,2025-02-04,good,,confidence,universal
c_0001058,u_00332,2025-02-07,neutral,,confidence,universal
c_0001059,u_00332,2025-02-11,neutral,distant,work,light_islamic
c_0001060,u_00332,2025-02-13,good,questioning,burnout,universal
c_0001061,u_00332,2025-02-16,very_low,distant,habits,deeper_faith
c_0001062,u_00332,2025-02-18,grateful,at_peace,burnout,deeper_faith
c_0001063,u_00332,2025-02-20,neutral,at_peace,work,universal
c_0001064,u_00332,2025-02-21,neutral,at_peace,work,universal
c_0001065,u_00332,2025-02-22,good,at_peace,habits,deeper_faith
c_0001066,u_00332,2025-03-01,neutral,distant,faith,universal
c_0001067,u_00332,2025-03-03,neutral,questioning,faith,light_islamic
c_0001068,u_00332,2025-03-04,neutral,at_peace,work,deeper_faith
c_0001069,u_00335,2025-05-08,good,,gratitude,light_islamic
c_0001070,u_00335,2025-05-09,very_low,,faith,deeper_faith
c_0001071,u_00335,2025-05-11,good,,faith,universal
c_0001072,u_00335,2025-05-12,low,at_peace,anxiety,light_islamic
c_0001073,u_00335,2025-05-16,good,hurting,habits,universal
c_0001074,u_00335,2025-05-22,low,at_peace,gratitude,universal
c_0001075,u_00335,2025-06-07,low,at_peace,relationships,universal
c_0001076,u_00336,2025-05-10,good,,self,universal
c_0001077,u_00336,2025-05-15,good,at_peace,work,universal
c_0001078,u_00336,2025-05-18,neutral,distant,self,light_islamic
c_0001079,u_00336,2025-05-20,neutral,at_peace,burnout,universal
c_0001080,u_00336,2025-05-21,very_low,questioning,anxiety,universal
c_0001081,u_00336,2025-05-22,good,at_peace,relationships,universal
c_0001082,u_00336,2025-05-23,grateful,at_peace,relationships,universal
c_0001083,u_00336,2025-05-24,low,distant,self,universal
c_0001084,u_00336,2025-05-26,grateful,at_peace,confidence,universal
c_0001085,u_00336,2025-05-31,good,questioning,self,light_islamic
c_0001086,u_00336,2025-06-06,good,at_peace,burnout,light_islamic
c_0001087,u_00338,2025-08-25,good,,gratitude,light_islamic
c_0001088,u_00338,2025-09-01,neutral,at_peace,confidence,light_islamic
c_0001089,u_00338,2025-09-02,very_low,distant,confidence,light_islamic
c_0001090,u_00338,2025-09-03,neutral,at_peace,faith,deeper_faith
c_0001091,u_00338,2025-09-06,grateful,at_peace,purpose,deeper_faith
c_0001092,u_00338,2025-09-08,grateful,at_peace,purpose,deeper_faith
c_0001093,u_00338,2025-09-12,neutral,at_peace,faith,universal
c_0001094,u_00338,2025-09-15,grateful,questioning,confidence,universal
c_0001095,u_00340,2025-09-05,good,,faith,deeper_faith
c_0001096,u_00340,2025-09-10,neutral,at_peace,burnout,light_islamic
c_0001097,u_00340,2025-09-12,neutral,hurting,relationships,light_islamic
c_0001098,u_00340,2025-09-15,very_low,at_peace,habits,deeper_faith
c_0001099,u_00340,2025-09-19,grateful,hurting,habits,universal
c_0001100,u_00340,2025-09-21,good,at_peace,self,universal
c_0001101,u_00340,2025-09-22,low,at_peace,habits,universal
c_0001102,u_00340,2025-09-26,neutral,questioning,purpose,universal
c_0001103,u_00340,2025-09-28,neutral,questioning,faith,light_islamic
c_0001104,u_00341,2025-09-29,low,,purpose,light_islamic
c_0001105,u_00341,2025-10-03,good,distant,relationships,universal
c_0001106,u_00341,2025-10-04,very_low,questioning,faith,light_islamic
c_0001107,u_00341,2025-10-07,neutral,at_peace,confidence,universal
c_0001108,u_00341,2025-10-11,good,distant,gratitude,light_islamic
c_0001109,u_00341,2025-10-13,low,at_peace,anxiety,light_islamic
c_0001110,u_00341,2025-10-29,good,distant,relationships,light_islamic
c_0001111,u_00346,2025-08-09,good,,gratitude,deeper_faith
c_0001112,u_00346,2025-08-10,low,,habits,universal
c_0001113,u_00346,2025-08-15,neutral,at_peace,gratitude,universal
c_0001114,u_00346,2025-08-17,grateful,at_peace,work,light_islamic
c_0001115,u_00347,2025-04-15,good,,burnout,universal
c_0001116,u_00347,2025-04-18,good,,relationships,deeper_faith
c_0001117,u_00347,2025-04-20,good,at_peace,confidence,light_islamic
c_0001118,u_00347,2025-04-22,neutral,at_peace,relationships,universal
c_0001119,u_00347,2025-04-23,grateful,hurting,anxiety,universal
c_0001120,u_00347,2025-04-27,low,at_peace,work,universal
c_0001121,u_00347,2025-05-05,low,distant,work,light_islamic
c_0001122,u_00347,2025-05-07,low,at_peace,faith,light_islamic
c_0001123,u_00347,2025-05-11,neutral,questioning,purpose,deeper_faith
c_0001124,u_00348,2025-07-07,low,,anxiety,deeper_faith
c_0001125,u_00348,2025-07-11,good,at_peace,confidence,light_islamic
c_0001126,u_00348,2025-07-12,good,distant,relationships,universal
c_0001127,u_00348,2025-07-13,low,questioning,relationships,universal
c_0001128,u_00348,2025-07-15,good,hurting,confidence,universal
c_0001129,u_00348,2025-07-18,low,questioning,work,light_islamic
c_0001130,u_00348,2025-08-02,grateful,at_peace,faith,deeper_faith
c_0001131,u_00350,2025-03-31,good,,purpose,universal
c_0001132,u_00350,2025-04-02,neutral,,self,light_islamic
c_0001133,u_00350,2025-04-03,good,,relationships,universal
c_0001134,u_00350,2025-04-08,good,questioning,purpose,deeper_faith
c_0001135,u_00350,2025-04-10,good,questioning,anxiety,light_islamic
c_0001136,u_00350,2025-04-18,neutral,at_peace,purpose,deeper_faith
c_0001137,u_00352,2025-06-14,good,,gratitude,light_islamic
c_0001138,u_00352,2025-06-16,neutral,,purpose,universal
c_0001139,u_00352,2025-06-17,grateful,,habits,light_islamic
c_0001140,u_00352,2025-06-18,low,at_peace,burnout,light_islamic
c_0001141,u_00352,2025-06-22,neutral,at_peace,gratitude,universal
c_0001142,u_00352,2025-06-25,neutral,hurting,self,universal
c_0001143,u_00352,2025-07-01,good,at_peace,confidence,light_islamic
c_0001144,u_00352,2025-07-04,grateful,at_peace,anxiety,deeper_faith
c_0001145,u_00352,2025-07-08,neutral,distant,relationships,light_islamic
c_0001146,u_00352,2025-07-09,low,distant,anxiety,light_islamic
c_0001147,u_00353,2025-08-08,good,,work,universal
c_0001148,u_00353,2025-08-09,low,,work,deeper_faith
c_0001149,u_00353,2025-08-14,good,distant,anxiety,universal
c_0001150,u_00353,2025-08-15,low,at_peace,confidence,light_islamic
c_0001151,u_00353,2025-08-17,good,questioning,self,universal
c_0001152,u_00353,2025-09-06,good,questioning,burnout,universal
c_0001153,u_00355,2025-01-09,low,,gratitude,light_islamic
c_0001154,u_00355,2025-01-12,good,,anxiety,deeper_faith
c_0001155,u_00355,2025-01-13,low,hurting,gratitude,deeper_faith
c_0001156,u_00355,2025-01-14,good,questioning,faith,universal
c_0001157,u_00355,2025-01-15,grateful,questioning,burnout,universal
c_0001158,u_00355,2025-01-18,low,at_peace,work,light_islamic
c_0001159,u_00355,2025-01-19,very_low,questioning,confidence,universal
c_0001160,u_00355,2025-01-24,neutral,at_peace,anxiety,light_islamic
c_0001161,u_00355,2025-01-31,neutral,hurting,faith,light_islamic
c_0001162,u_00359,2025-01-27,neutral,,anxiety,light_islamic
c_0001163,u_00359,2025-02-02,neutral,distant,work,deeper_faith
c_0001164,u_00359,2025-02-10,good,at_peace,faith,light_islamic
c_0001165,u_00359,2025-02-13,good,questioning,purpose,light_islamic
c_0001166,u_00360,2025-06-29,grateful,,anxiety,universal
c_0001167,u_00360,2025-06-30,neutral,,anxiety,universal
c_0001168,u_00360,2025-07-06,neutral,at_peace,faith,light_islamic
c_0001169,u_00360,2025-07-12,neutral,distant,self,light_islamic
c_0001170,u_00360,2025-07-17,neutral,distant,habits,universal
c_0001171,u_00360,2025-07-22,neutral,at_peace,relationships,light_islamic
c_0001172,u_00361,2025-05-18,neutral,,self,light_islamic
c_0001173,u_00361,2025-05-23,neutral,questioning,self,universal
c_0001174,u_00361,2025-05-31,neutral,distant,purpose,light_islamic
c_0001175,u_00361,2025-06-02,good,at_peace,habits,light_islamic
c_0001176,u_00361,2025-06-05,neutral,questioning,habits,light_islamic
c_0001177,u_00362,2025-12-23,good,,relationships,universal
c_0001178,u_00362,2025-12-24,grateful,,habits,light_islamic
c_0001179,u_00362,2025-12-26,low,,habits,universal
c_0001180,u_00362,2025-12-27,grateful,at_peace,relationships,universal
c_0001181,u_00362,2026-01-04,neutral,distant,confidence,light_islamic
c_0001182,u_00362,2026-01-05,good,at_peace,gratitude,light_islamic
c_0001183,u_00362,2026-01-09,good,questioning,relationships,universal
c_0001184,u_00362,2026-01-10,grateful,at_peace,purpose,deeper_faith
c_0001185,u_00362,2026-01-16,low,questioning,self,universal
c_0001186,u_00362,2026-01-18,good,at_peace,work,universal
c_0001187,u_00364,2025-01-23,good,,gratitude,light_islamic
c_0001188,u_00364,2025-01-25,good,,purpose,universal
c_0001189,u_00364,2025-01-31,good,distant,work,universal
c_0001190,u_00364,2025-02-02,neutral,distant,gratitude,deeper_faith
c_0001191,u_00364,2025-02-07,neutral,at_peace,gratitude,light_islamic
c_0001192,u_00364,2025-02-10,neutral,at_peace,confidence,universal
c_0001193,u_00364,2025-02-21,good,at_peace,anxiety,deeper_faith
c_0001194,u_00364,2025-02-22,neutral,at_peace,burnout,universal
c_0001195,u_00369,2025-07-11,very_low,,relationships,universal
c_0001196,u_00369,2025-07-17,good,at_peace,work,universal
c_0001197,u_00369,2025-07-18,very_low,at_peace,habits,universal
c_0001198,u_00369,2025-07-25,low,at_peace,faith,light_islamic
c_0001199,u_00369,2025-07-28,good,at_peace,relationships,light_islamic
c_0001200,u_00369,2025-08-06,neutral,at_peace,burnout,deeper_faith
c_0001201,u_00371,2025-08-07,grateful,,work,universal
c_0001202,u_00371,2025-08-08,good,,habits,universal
c_0001203,u_00371,2025-08-11,very_low,distant,burnout,light_islamic
c_0001204,u_00371,2025-08-13,grateful,distant,purpose,light_islamic
c_0001205,u_00371,2025-08-25,neutral,at_peace,work,universal
c_0001206,u_00371,2025-08-29,grateful,at_peace,anxiety,universal
c_0001207,u_00371,2025-09-01,low,distant,confidence,universal
c_0001208,u_00377,2025-11-28,grateful,,relationships,deeper_faith
c_0001209,u_00377,2025-12-03,good,at_peace,work,universal
c_0001210,u_00377,2025-12-08,good,at_peace,work,light_islamic
c_0001211,u_00377,2025-12-13,good,at_peace,gratitude,universal
c_0001212,u_00377,2025-12-23,good,at_peace,faith,universal
c_0001213,u_00377,2025-12-27,neutral,distant,purpose,universal
c_0001214,u_00378,2025-08-16,very_low,,faith,light_islamic
c_0001215,u_00378,2025-08-18,neutral,,self,light_islamic
c_0001216,u_00378,2025-08-20,good,at_peace,relationships,deeper_faith
c_0001217,u_00378,2025-08-24,low,distant,faith,light_islamic
c_0001218,u_00378,2025-08-25,low,distant,confidence,universal
c_0001219,u_00378,2025-09-06,neutral,at_peace,gratitude,universal
c_0001220,u_00378,2025-09-14,good,distant,purpose,universal
c_0001221,u_00382,2025-02-28,neutral,,confidence,universal
c_0001222,u_00382,2025-03-01,grateful,,burnout,universal
c_0001223,u_00382,2025-03-17,neutral,questioning,burnout,light_islamic
c_0001224,u_00382,2025-03-26,good,at_peace,habits,light_islamic
c_0001225,u_00383,2025-08-11,good,,self,universal
c_0001226,u_00383,2025-08-17,neutral,at_peace,purpose,universal
c_0001227,u_00383,2025-08-19,neutral,at_peace,habits,universal
c_0001228,u_00383,2025-08-24,low,hurting,gratitude,light_islamic
c_0001229,u_00383,2025-08-25,neutral,distant,relationships,light_islamic
c_0001230,u_00383,2025-08-29,grateful,at_peace,self,universal
c_0001231,u_00383,2025-09-03,grateful,distant,habits,universal
c_0001232,u_00387,2025-10-15,good,,purpose,deeper_faith
c_0001233,u_00387,2025-10-18,neutral,,habits,light_islamic
c_0001234,u_00387,2025-10-19,grateful,at_peace,work,light_islamic
c_0001235,u_00387,2025-10-22,neutral,questioning,work,universal
c_0001236,u_00387,2025-10-24,neutral,at_peace,anxiety,light_islamic
c_0001237,u_00387,2025-10-25,good,at_peace,gratitude,deeper_faith
c_0001238,u_00387,2025-10-28,neutral,distant,relationships,universal
c_0001239,u_00387,2025-11-04,low,at_peace,self,universal
c_0001240,u_00387,2025-11-06,neutral,at_peace,burnout,light_islamic
c_0001241,u_00387,2025-11-11,very_low,questioning,faith,universal
c_0001242,u_00389,2025-01-20,good,,faith,universal
c_0001243,u_00389,2025-01-21,neutral,,burnout,light_islamic
c_0001244,u_00389,2025-01-23,good,,faith,universal
c_0001245,u_00389,2025-01-24,neutral,at_peace,gratitude,universal
c_0001246,u_00389,2025-01-25,neutral,questioning,faith,deeper_faith
c_0001247,u_00389,2025-01-29,low,distant,faith,light_islamic
c_0001248,u_00389,2025-02-04,good,at_peace,anxiety,deeper_faith
c_0001249,u_00389,2025-02-10,neutral,at_peace,work,light_islamic
c_0001250,u_00390,2025-01-14,low,,gratitude,light_islamic
c_0001251,u_00390,2025-01-16,neutral,,self,deeper_faith
c_0001252,u_00390,2025-01-18,low,distant,purpose,light_islamic
c_0001253,u_00390,2025-01-21,low,at_peace,burnout,universal
c_0001254,u_00390,2025-01-22,grateful,at_peace,relationships,universal
c_0001255,u_00390,2025-01-31,grateful,distant,habits,light_islamic
c_0001256,u_00390,2025-02-01,very_low,questioning,self,universal
c_0001257,u_00390,2025-02-05,very_low,at_peace,anxiety,light_islamic
c_0001258,u_00390,2025-02-07,very_low,distant,work,universal
c_0001259,u_00390,2025-02-09,good,distant,purpose,universal
c_0001260,u_00390,2025-02-11,neutral,questioning,faith,universal
c_0001261,u_00392,2025-11-21,neutral,,work,universal
c_0001262,u_00392,2025-11-22,grateful,,burnout,universal
c_0001263,u_00392,2025-12-01,neutral,at_peace,gratitude,light_islamic
c_0001264,u_00392,2025-12-04,neutral,distant,gratitude,deeper_faith
c_0001265,u_00392,2025-12-05,grateful,at_peace,confidence,universal
c_0001266,u_00392,2025-12-13,very_low,at_peace,faith,light_islamic
c_0001267,u_00392,2025-12-21,neutral,hurting,burnout,light_islamic
c_0001268,u_00394,2025-05-16,good,,anxiety,universal
c_0001269,u_00394,2025-05-22,good,distant,purpose,universal
c_0001270,u_00394,2025-05-26,neutral,distant,relationships,light_islamic
c_0001271,u_00394,2025-05-29,low,at_peace,habits,deeper_faith
c_0001272,u_00394,2025-06-07,grateful,questioning,gratitude,deeper_faith
c_0001273,u_00394,2025-06-13,good,hurting,self,deeper_faith
c_0001274,u_00395,2025-03-09,good,,relationships,universal
c_0001275,u_00395,2025-03-17,good,at_peace,burnout,universal
c_0001276,u_00395,2025-03-21,neutral,at_peace,anxiety,light_islamic
c_0001277,u_00395,2025-03-23,low,at_peace,confidence,light_islamic
c_0001278,u_00395,2025-03-25,low,at_peace,self,light_islamic
c_0001279,u_00395,2025-03-29,good,distant,confidence,universal
c_0001280,u_00395,2025-03-30,grateful,distant,gratitude,universal
c_0001281,u_00395,2025-04-03,grateful,distant,work,light_islamic
c_0001282,u_00395,2025-04-04,neutral,at_peace,burnout,light_islamic
c_0001283,u_00396,2025-11-03,very_low,,work,light_islamic
c_0001284,u_00396,2025-11-05,neutral,,confidence,light_islamic
c_0001285,u_00396,2025-11-06,good,,purpose,deeper_faith
c_0001286,u_00396,2025-11-09,neutral,at_peace,relationships,universal
c_0001287,u_00396,2025-11-15,low,questioning,relationships,universal
c_0001288,u_00396,2025-11-16,good,at_peace,confidence,universal
c_0001289,u_00396,2025-11-18,good,questioning,self,universal
c_0001290,u_00396,2025-11-19,low,at_peace,relationships,deeper_faith
c_0001291,u_00396,2025-11-20,low,questioning,faith,universal
c_0001292,u_00396,2025-11-25,neutral,questioning,anxiety,deeper_faith
c_0001293,u_00397,2025-11-02,good,,faith,universal
c_0001294,u_00397,2025-11-06,low,at_peace,self,universal
c_0001295,u_00397,2025-11-10,grateful,at_peace,relationships,light_islamic
c_0001296,u_00397,2025-11-14,neutral,at_peace,anxiety,universal
c_0001297,u_00397,2025-11-15,neutral,questioning,self,deeper_faith
c_0001298,u_00397,2025-11-18,neutral,questioning,faith,deeper_faith
c_0001299,u_00397,2025-11-19,neutral,distant,habits,deeper_faith
c_0001300,u_00397,2025-11-28,good,at_peace,confidence,universal
c_0001301,u_00399,2025-04-06,neutral,,habits,universal
c_0001302,u_00399,2025-04-08,grateful,,work,light_islamic
c_0001303,u_00399,2025-04-09,neutral,,confidence,light_islamic
c_0001304,u_00399,2025-04-10,grateful,at_peace,confidence,deeper_faith
c_0001305,u_00399,2025-04-13,good,questioning,confidence,universal
c_0001306,u_00399,2025-04-21,grateful,at_peace,anxiety,light_islamic
c_0001307,u_00399,2025-04-26,good,questioning,self,light_islamic
c_0001308,u_00399,2025-04-27,neutral,questioning,self,light_islamic
c_0001309,u_00399,2025-04-29,neutral,at_peace,purpose,universal
c_0001310,u_00399,2025-05-01,neutral,at_peace,self,universal
c_0001311,u_00399,2025-05-03,neutral,at_peace,relationships,deeper_faith
c_0001312,u_00399,2025-05-04,low,distant,faith,universal
c_0001313,u_00407,2025-06-21,neutral,,faith,universal
c_0001314,u_00407,2025-06-23,neutral,,confidence,universal
c_0001315,u_00407,2025-06-24,good,,anxiety,universal
c_0001316,u_00407,2025-07-02,neutral,questioning,confidence,light_islamic
c_0001317,u_00407,2025-07-05,good,distant,confidence,light_islamic
c_0001318,u_00407,2025-07-10,good,distant,work,light_islamic
c_0001319,u_00408,2025-10-21,good,,purpose,universal
c_0001320,u_00408,2025-10-22,grateful,,confidence,universal
c_0001321,u_00408,2025-10-23,good,,habits,universal
c_0001322,u_00408,2025-10-24,grateful,,anxiety,light_islamic
c_0001323,u_00408,2025-10-27,neutral,at_peace,gratitude,universal
c_0001324,u_00408,2025-11-03,neutral,at_peace,relationships,universal
c_0001325,u_00408,2025-11-04,very_low,questioning,relationships,universal
c_0001326,u_00408,2025-11-16,good,at_peace,habits,universal
c_0001327,u_00409,2025-10-06,neutral,,burnout,light_islamic
c_0001328,u_00409,2025-10-09,neutral,,habits,universal
c_0001329,u_00409,2025-10-12,good,distant,faith,light_islamic
c_0001330,u_00409,2025-10-14,neutral,distant,purpose,light_islamic
c_0001331,u_00409,2025-10-15,low,distant,work,light_islamic
c_0001332,u_00409,2025-10-19,neutral,at_peace,self,universal
c_0001333,u_00409,2025-10-23,good,at_peace,self,universal
c_0001334,u_00409,2025-10-26,low,at_peace,faith,universal
c_0001335,u_00409,2025-10-30,neutral,hurting,gratitude,universal
c_0001336,u_00409,2025-11-01,neutral,at_peace,faith,light_islamic
c_0001337,u_00412,2025-06-26,neutral,,confidence,light_islamic
c_0001338,u_00412,2025-06-28,good,,gratitude,light_islamic
c_0001339,u_00412,2025-06-30,neutral,distant,purpose,universal
c_0001340,u_00412,2025-07-04,grateful,at_peace,relationships,universal
c_0001341,u_00413,2025-04-07,neutral,,self,light_islamic
c_0001342,u_00413,2025-04-12,low,at_peace,habits,deeper_faith
c_0001343,u_00413,2025-04-19,low,at_peace,burnout,light_islamic
c_0001344,u_00413,2025-04-23,neutral,hurting,faith,universal
c_0001345,u_00413,2025-04-25,good,questioning,self,universal
c_0001346,u_00413,2025-04-27,neutral,at_peace,confidence,universal
c_0001347,u_00414,2025-06-19,good,,work,universal
c_0001348,u_00414,2025-06-23,good,hurting,relationships,light_islamic
c_0001349,u_00414,2025-06-25,low,questioning,work,universal
c_0001350,u_00414,2025-06-29,neutral,at_peace,gratitude,deeper_faith
c_0001351,u_00414,2025-07-01,low,at_peace,burnout,universal
c_0001352,u_00414,2025-07-05,good,distant,purpose,light_islamic
c_0001353,u_00414,2025-07-16,grateful,at_peace,habits,universal
c_0001354,u_00416,2025-06-06,neutral,,anxiety,light_islamic
c_0001355,u_00416,2025-06-09,good,,gratitude,light_islamic
c_0001356,u_00416,2025-06-11,good,questioning,burnout,universal
c_0001357,u_00416,2025-06-12,low,questioning,faith,light_islamic
c_0001358,u_00416,2025-06-14,grateful,hurting,gratitude,universal
c_0001359,u_00416,2025-06-15,good,at_peace,self,deeper_faith
c_0001360,u_00416,2025-06-18,low,at_peace,purpose,deeper_faith
c_0001361,u_00416,2025-06-19,neutral,at_peace,purpose,universal
c_0001362,u_00416,2025-06-21,good,at_peace,relationships,universal
c_0001363,u_00416,2025-06-24,good,questioning,purpose,universal
c_0001364,u_00416,2025-06-27,neutral,at_peace,self,universal
c_0001365,u_00416,2025-06-30,low,questioning,anxiety,universal
c_0001366,u_00416,2025-07-04,very_low,questioning,anxiety,light_islamic
c_0001367,u_00416,2025-07-05,neutral,at_peace,habits,universal
c_0001368,u_00419,2025-08-26,very_low,,confidence,universal
c_0001369,u_00419,2025-09-03,low,questioning,anxiety,light_islamic
c_0001370,u_00419,2025-09-07,good,distant,gratitude,deeper_faith
c_0001371,u_00419,2025-09-13,very_low,questioning,burnout,universal
c_0001372,u_00419,2025-09-16,low,at_peace,anxiety,deeper_faith
c_0001373,u_00421,2025-08-15,neutral,,confidence,light_islamic
c_0001374,u_00421,2025-08-18,grateful,,faith,light_islamic
c_0001375,u_00421,2025-08-20,grateful,at_peace,work,light_islamic
c_0001376,u_00421,2025-08-23,low,at_peace,habits,light_islamic
c_0001377,u_00421,2025-09-04,very_low,questioning,relationships,universal
c_0001378,u_00421,2025-09-07,low,at_peace,self,universal
c_0001379,u_00425,2025-10-16,good,,anxiety,universal
c_0001380,u_00425,2025-10-17,very_low,,habits,universal
c_0001381,u_00425,2025-10-18,neutral,,habits,light_islamic
c_0001382,u_00425,2025-10-19,good,,work,universal
c_0001383,u_00425,2025-10-21,neutral,at_peace,purpose,universal
c_0001384,u_00425,2025-10-29,low,questioning,work,light_islamic
c_0001385,u_00425,2025-10-31,low,at_peace,confidence,light_islamic
c_0001386,u_00425,2025-11-10,neutral,hurting,work,light_islamic
c_0001387,u_00425,2025-11-14,good,questioning,self,deeper_faith
c_0001388,u_00426,2025-02-06,neutral,,anxiety,deeper_faith
c_0001389,u_00426,2025-02-09,low,,anxiety,universal
c_0001390,u_00426,2025-02-10,good,at_peace,anxiety,deeper_faith
c_0001391,u_00426,2025-02-11,very_low,at_peace,relationships,universal
c_0001392,u_00426,2025-02-15,good,distant,work,light_islamic
c_0001393,u_00426,2025-02-19,good,at_peace,work,universal
c_0001394,u_00426,2025-02-23,low,distant,faith,light_islamic
c_0001395,u_00426,2025-03-08,neutral,at_peace,self,light_islamic
c_0001396,u_00429,2025-03-03,good,,relationships,light_islamic
c_0001397,u_00429,2025-03-06,neutral,,anxiety,universal
c_0001398,u_00429,2025-03-10,neutral,questioning,purpose,universal
c_0001399,u_00429,2025-03-12,neutral,distant,faith,deeper_faith
c_0001400,u_00429,2025-03-15,good,at_peace,relationships,deeper_faith
c_0001401,u_00429,2025-03-18,good,at_peace,relationships,light_islamic
c_0001402,u_00429,2025-03-29,grateful,at_peace,work,universal
c_0001403,u_00429,2025-04-02,very_low,at_peace,faith,universal
c_0001404,u_00431,2025-12-30,good,,faith,universal
c_0001405,u_00431,2025-12-31,very_low,,faith,deeper_faith
c_0001406,u_00431,2026-01-06,grateful,at_peace,gratitude,light_islamic
c_0001407,u_00431,2026-01-07,good,at_peace,anxiety,light_islamic
c_0001408,u_00431,2026-01-09,good,at_peace,purpose,light_islamic
c_0001409,u_00431,2026-01-10,neutral,at_peace,anxiety,universal
c_0001410,u_00431,2026-01-11,grateful,at_peace,work,universal
c_0001411,u_00431,2026-01-15,low,at_peace,work,universal
c_0001412,u_00431,2026-01-16,grateful,questioning,anxiety,light_islamic
c_0001413,u_00431,2026-01-20,neutral,at_peace,relationships,universal
c_0001414,u_00431,2026-01-27,very_low,questioning,anxiety,universal
c_0001415,u_00432,2025-05-09,good,,burnout,deeper_faith
c_0001416,u_00432,2025-05-10,neutral,,confidence,universal
c_0001417,u_00432,2025-05-11,neutral,,purpose,light_islamic
c_0001418,u_00432,2025-05-12,very_low,,purpose,universal
c_0001419,u_00432,2025-05-17,good,hurting,anxiety,deeper_faith
c_0001420,u_00432,2025-05-19,very_low,distant,gratitude,universal
c_0001421,u_00432,2025-05-24,good,at_peace,work,light_islamic
c_0001422,u_00432,2025-05-26,grateful,distant,purpose,universal
c_0001423,u_00432,2025-06-01,very_low,at_peace,gratitude,universal
c_0001424,u_00433,2025-05-18,neutral,,relationships,universal
c_0001425,u_00433,2025-05-19,good,,confidence,light_islamic
c_0001426,u_00433,2025-05-21,good,,purpose,universal
c_0001427,u_00433,2025-06-02,good,at_peace,confidence,light_islamic
c_0001428,u_00433,2025-06-09,good,questioning,gratitude,deeper_faith
c_0001429,u_00433,2025-06-10,grateful,at_peace,purpose,universal
c_0001430,u_00435,2025-05-23,neutral,,self,light_islamic
c_0001431,u_00435,2025-05-26,grateful,,relationships,light_islamic
c_0001432,u_00435,2025-05-29,low,at_peace,burnout,universal
c_0001433,u_00435,2025-06-07,neutral,at_peace,faith,universal
c_0001434,u_00435,2025-06-10,low,at_peace,work,light_islamic
c_0001435,u_00435,2025-06-12,good,at_peace,work,universal
c_0001436,u_00435,2025-06-15,very_low,questioning,self,light_islamic
c_0001437,u_00436,2025-06-03,good,,work,universal
c_0001438,u_00436,2025-06-06,good,,faith,universal
c_0001439,u_00436,2025-06-12,neutral,distant,habits,light_islamic
c_0001440,u_00436,2025-06-16,low,at_peace,faith,universal
c_0001441,u_00436,2025-06-24,neutral,questioning,anxiety,universal
c_0001442,u_00436,2025-06-27,good,at_peace,gratitude,universal
c_0001443,u_00436,2025-07-01,good,at_peace,confidence,light_islamic
c_0001444,u_00440,2025-05-14,neutral,,confidence,deeper_faith
c_0001445,u_00440,2025-05-20,good,at_peace,relationships,universal
c_0001446,u_00440,2025-05-21,neutral,hurting,self,light_islamic
c_0001447,u_00440,2025-05-22,neutral,distant,burnout,universal
c_0001448,u_00440,2025-05-23,good,at_peace,relationships,universal
c_0001449,u_00440,2025-05-29,very_low,at_peace,faith,universal
c_0001450,u_00441,2025-09-13,neutral,,purpose,universal
c_0001451,u_00441,2025-09-15,grateful,,relationships,deeper_faith
c_0001452,u_00441,2025-09-17,good,at_peace,gratitude,universal
c_0001453,u_00441,2025-09-19,good,at_peace,habits,universal
c_0001454,u_00441,2025-09-22,low,at_peace,confidence,universal
c_0001455,u_00441,2025-09-29,good,hurting,habits,light_islamic
c_0001456,u_00441,2025-10-08,low,at_peace,work,deeper_faith
c_0001457,u_00441,2025-10-13,grateful,questioning,anxiety,deeper_faith
c_0001458,u_00446,2025-05-15,grateful,,purpose,universal
c_0001459,u_00446,2025-05-17,low,,anxiety,light_islamic
c_0001460,u_00446,2025-05-23,good,at_peace,work,universal
c_0001461,u_00446,2025-05-25,good,questioning,purpose,light_islamic
c_0001462,u_00446,2025-05-29,neutral,at_peace,faith,light_islamic
c_0001463,u_00446,2025-05-31,good,at_peace,work,deeper_faith
c_0001464,u_00446,2025-06-09,neutral,questioning,habits,light_islamic
c_0001465,u_00448,2025-10-17,neutral,,purpose,deeper_faith
c_0001466,u_00448,2025-10-18,very_low,,work,light_islamic
c_0001467,u_00448,2025-10-22,good,at_peace,work,light_islamic
c_0001468,u_00448,2025-10-24,good,at_peace,work,light_islamic
c_0001469,u_00448,2025-10-27,good,questioning,gratitude,light_islamic
c_0001470,u_00448,2025-10-29,low,distant,faith,deeper_faith
c_0001471,u_00448,2025-10-30,good,distant,purpose,light_islamic
c_0001472,u_00448,2025-11-04,neutral,at_peace,faith,light_islamic
c_0001473,u_00451,2025-11-22,grateful,,work,light_islamic
c_0001474,u_00451,2025-11-25,grateful,,habits,deeper_faith
c_0001475,u_00451,2025-11-27,low,at_peace,relationships,universal
c_0001476,u_00451,2025-11-28,neutral,at_peace,faith,deeper_faith
c_0001477,u_00451,2025-12-02,good,at_peace,faith,universal
c_0001478,u_00451,2025-12-03,good,at_peace,purpose,deeper_faith
c_0001479,u_00451,2025-12-05,neutral,hurting,relationships,light_islamic
c_0001480,u_00451,2025-12-12,low,questioning,burnout,light_islamic
c_0001481,u_00451,2025-12-17,low,questioning,confidence,deeper_faith
c_0001482,u_00451,2025-12-19,low,at_peace,self,light_islamic
c_0001483,u_00453,2025-08-22,neutral,,anxiety,light_islamic
c_0001484,u_00453,2025-08-24,good,,purpose,light_islamic
c_0001485,u_00453,2025-08-26,good,distant,relationships,light_islamic
c_0001486,u_00453,2025-08-28,good,hurting,self,light_islamic
c_0001487,u_00453,2025-08-29,good,hurting,confidence,universal
c_0001488,u_00453,2025-09-02,grateful,at_peace,anxiety,light_islamic
c_0001489,u_00453,2025-09-15,low,distant,self,light_islamic
c_0001490,u_00453,2025-09-19,good,at_peace,gratitude,deeper_faith
c_0001491,u_00454,2025-12-18,grateful,,habits,light_islamic
c_0001492,u_00454,2025-12-22,good,at_peace,self,universal
c_0001493,u_00454,2025-12-30,neutral,at_peace,purpose,deeper_faith
c_0001494,u_00454,2025-12-31,grateful,questioning,gratitude,universal
c_0001495,u_00454,2026-01-08,neutral,at_peace,faith,light_islamic
c_0001496,u_00454,2026-01-12,neutral,at_peace,relationships,light_islamic
c_0001497,u_00454,2026-01-16,good,hurting,burnout,universal
c_0001498,u_00456,2025-04-14,low,,faith,light_islamic
c_0001499,u_00456,2025-04-24,neutral,distant,self,universal
c_0001500,u_00456,2025-04-27,good,at_peace,habits,universal
c_0001501,u_00456,2025-05-03,good,distant,purpose,deeper_faith
c_0001502,u_00456,2025-05-13,neutral,distant,confidence,light_islamic
c_0001503,u_00457,2025-05-13,very_low,,burnout,universal
c_0001504,u_00457,2025-05-18,grateful,hurting,anxiety,light_islamic
c_0001505,u_00457,2025-05-19,grateful,distant,relationships,light_islamic
c_0001506,u_00457,2025-05-20,neutral,distant,purpose,universal
c_0001507,u_00457,2025-05-28,neutral,at_peace,work,universal
c_0001508,u_00457,2025-06-03,good,at_peace,anxiety,light_islamic
c_0001509,u_00459,2025-07-13,neutral,,burnout,universal
c_0001510,u_00459,2025-07-20,neutral,at_peace,gratitude,deeper_faith
c_0001511,u_00459,2025-07-30,neutral,distant,burnout,light_islamic
c_0001512,u_00459,2025-08-01,neutral,questioning,relationships,universal
c_0001513,u_00459,2025-08-02,low,questioning,work,deeper_faith
c_0001514,u_00463,2025-12-28,neutral,,gratitude,deeper_faith
c_0001515,u_00463,2026-01-13,grateful,at_peace,relationships,deeper_faith
c_0001516,u_00463,2026-01-21,grateful,at_peace,faith,light_islamic
c_0001517,u_00464,2025-04-14,good,,relationships,universal
c_0001518,u_00464,2025-04-17,good,,burnout,universal
c_0001519,u_00464,2025-04-25,low,at_peace,confidence,light_islamic
c_0001520,u_00464,2025-04-30,good,at_peace,anxiety,light_islamic
c_0001521,u_00464,2025-05-01,neutral,hurting,anxiety,deeper_faith
c_0001522,u_00464,2025-05-07,neutral,questioning,faith,deeper_faith
c_0001523,u_00470,2025-02-17,good,,burnout,universal
c_0001524,u_00470,2025-02-20,neutral,,burnout,light_islamic
c_0001525,u_00470,2025-02-23,low,distant,confidence,light_islamic
c_0001526,u_00470,2025-02-24,good,questioning,burnout,universal
c_0001527,u_00470,2025-03-02,good,at_peace,self,deeper_faith
c_0001528,u_00470,2025-03-05,very_low,at_peace,purpose,light_islamic
c_0001529,u_00470,2025-03-06,good,at_peace,anxiety,universal
c_0001530,u_00470,2025-03-08,neutral,questioning,work,light_islamic
c_0001531,u_00475,2025-10-28,neutral,,work,universal
c_0001532,u_00475,2025-10-31,grateful,,purpose,universal
c_0001533,u_00475,2025-11-03,grateful,distant,work,light_islamic
c_0001534,u_00475,2025-11-05,low,questioning,self,deeper_faith
c_0001535,u_00475,2025-11-06,very_low,distant,relationships,universal
c_0001536,u_00475,2025-11-12,good,at_peace,gratitude,light_islamic
c_0001537,u_00475,2025-11-14,neutral,distant,gratitude,light_islamic
c_0001538,u_00475,2025-11-15,good,at_peace,burnout,universal
c_0001539,u_00475,2025-11-25,good,distant,work,universal
c_0001540,u_00477,2025-03-20,grateful,,relationships,deeper_faith
c_0001541,u_00477,2025-03-23,neutral,,work,light_islamic
c_0001542,u_00477,2025-03-24,low,hurting,work,universal
c_0001543,u_00477,2025-04-02,neutral,at_peace,anxiety,universal
c_0001544,u_00477,2025-04-07,good,questioning,relationships,deeper_faith
c_0001545,u_00477,2025-04-09,low,at_peace,work,universal
c_0001546,u_00477,2025-04-10,grateful,at_peace,relationships,universal
c_0001547,u_00478,2025-06-15,neutral,,work,universal
c_0001548,u_00478,2025-06-26,neutral,at_peace,self,universal
c_0001549,u_00478,2025-06-28,good,hurting,habits,universal
c_0001550,u_00478,2025-07-01,neutral,at_peace,confidence,universal
c_0001551,u_00479,2025-10-16,very_low,,relationships,light_islamic
c_0001552,u_00479,2025-10-17,neutral,,burnout,universal
c_0001553,u_00479,2025-10-18,grateful,,gratitude,universal
c_0001554,u_00479,2025-11-06,good,at_peace,purpose,universal
c_0001555,u_00479,2025-11-07,good,at_peace,self,deeper_faith
c_0001556,u_00479,2025-11-09,good,at_peace,anxiety,deeper_faith
c_0001557,u_00479,2025-11-13,grateful,at_peace,gratitude,universal
c_0001558,u_00487,2025-07-23,grateful,,burnout,universal
c_0001559,u_00487,2025-07-28,neutral,questioning,gratitude,universal
c_0001560,u_00487,2025-08-02,low,at_peace,relationships,universal
c_0001561,u_00487,2025-08-06,good,at_peace,self,light_islamic
c_0001562,u_00487,2025-08-11,grateful,questioning,work,deeper_faith
c_0001563,u_00487,2025-08-16,good,distant,relationships,light_islamic
c_0001564,u_00487,2025-08-17,low,questioning,anxiety,light_islamic
c_0001565,u_00491,2025-02-20,neutral,,burnout,light_islamic
c_0001566,u_00491,2025-02-25,grateful,at_peace,relationships,deeper_faith
c_0001567,u_00491,2025-02-26,good,at_peace,habits,universal
c_0001568,u_00491,2025-02-27,grateful,at_peace,anxiety,light_islamic
c_0001569,u_00491,2025-02-28,good,distant,habits,universal
c_0001570,u_00491,2025-03-02,good,at_peace,work,light_islamic
c_0001571,u_00491,2025-03-14,neutral,questioning,habits,universal
c_0001572,u_00493,2025-04-25,low,,burnout,deeper_faith
c_0001573,u_00493,2025-04-28,grateful,,gratitude,universal
c_0001574,u_00493,2025-05-05,grateful,distant,burnout,light_islamic
c_0001575,u_00493,2025-05-10,grateful,at_peace,confidence,universal
c_0001576,u_00493,2025-05-24,good,distant,faith,universal
c_0001577,u_00494,2025-11-28,neutral,,confidence,light_islamic
c_0001578,u_00494,2025-11-30,neutral,,faith,universal
c_0001579,u_00494,2025-12-01,good,,habits,universal
c_0001580,u_00494,2025-12-08,low,at_peace,habits,universal
c_0001581,u_00494,2025-12-17,neutral,at_peace,confidence,light_islamic
c_0001582,u_00497,2025-05-08,neutral,,confidence,light_islamic
c_0001583,u_00497,2025-05-11,good,,gratitude,universal
c_0001584,u_00497,2025-05-16,very_low,at_peace,relationships,light_islamic
c_0001585,u_00497,2025-05-19,grateful,at_peace,anxiety,universal
c_0001586,u_00497,2025-05-21,low,at_peace,habits,light_islamic
c_0001587,u_00497,2025-05-26,good,at_peace,confidence,light_islamic
c_0001588,u_00497,2025-06-03,good,at_peace,confidence,deeper_faith
c_0001589,u_00498,2025-05-18,good,,gratitude,universal
c_0001590,u_00498,2025-05-21,neutral,,purpose,light_islamic
c_0001591,u_00498,2025-05-22,good,hurting,anxiety,light_islamic
c_0001592,u_00498,2025-05-29,neutral,at_peace,anxiety,universal
c_0001593,u_00498,2025-06-10,neutral,at_peace,gratitude,universal
c_0001594,u_00498,2025-06-13,good,distant,work,universal
c_0001595,u_00500,2025-07-20,good,,faith,light_islamic
c_0001596,u_00500,2025-07-23,neutral,,burnout,universal
c_0001597,u_00500,2025-08-01,neutral,at_peace,anxiety,light_islamic
c_0001598,u_00500,2025-08-04,grateful,at_peace,relationships,universal
c_0001599,u_00500,2025-08-08,neutral,at_peace,burnout,universal
c_0001600,u_00500,2025-08-19,neutral,at_peace,work,light_islamic
c_0001601,u_00504,2025-04-26,neutral,,burnout,universal
c_0001602,u_00504,2025-04-29,good,,purpose,universal
c_0001603,u_00504,2025-05-04,good,at_peace,anxiety,light_islamic
c_0001604,u_00504,2025-05-09,good,distant,habits,light_islamic
c_0001605,u_00504,2025-05-22,neutral,hurting,relationships,light_islamic
c_0001606,u_00505,2025-09-16,good,,gratitude,light_islamic
c_0001607,u_00505,2025-09-19,grateful,,confidence,light_islamic
c_0001608,u_00505,2025-09-24,good,questioning,self,light_islamic
c_0001609,u_00505,2025-10-06,grateful,at_peace,purpose,universal
c_0001610,u_00507,2025-03-25,good,,purpose,light_islamic
c_0001611,u_00507,2025-03-26,grateful,,work,deeper_faith
c_0001612,u_00507,2025-03-27,good,,habits,light_islamic
c_0001613,u_00507,2025-04-06,good,at_peace,work,universal
c_0001614,u_00507,2025-04-07,good,at_peace,gratitude,deeper_faith
c_0001615,u_00507,2025-04-12,good,at_peace,relationships,light_islamic
c_0001616,u_00507,2025-04-13,good,distant,habits,universal
c_0001617,u_00507,2025-04-20,very_low,at_peace,anxiety,light_islamic
c_0001618,u_00509,2025-02-22,good,,burnout,light_islamic
c_0001619,u_00509,2025-02-25,neutral,,purpose,light_islamic
c_0001620,u_00509,2025-02-26,good,distant,anxiety,universal
c_0001621,u_00509,2025-03-02,good,distant,relationships,deeper_faith
c_0001622,u_00509,2025-03-04,good,distant,purpose,light_islamic
c_0001623,u_00509,2025-03-15,low,distant,purpose,universal
c_0001624,u_00509,2025-03-21,good,distant,relationships,light_islamic
c_0001625,u_00512,2025-04-20,grateful,,burnout,universal
c_0001626,u_00512,2025-04-22,good,,work,light_islamic
c_0001627,u_00512,2025-04-25,neutral,questioning,faith,light_islamic
c_0001628,u_00512,2025-04-29,neutral,distant,burnout,universal
c_0001629,u_00512,2025-04-30,grateful,at_peace,self,universal
c_0001630,u_00512,2025-05-01,very_low,distant,gratitude,light_islamic
c_0001631,u_00512,2025-05-05,neutral,questioning,faith,universal
c_0001632,u_00512,2025-05-07,grateful,at_peace,gratitude,deeper_faith
c_0001633,u_00512,2025-05-12,grateful,at_peace,faith,universal
c_0001634,u_00512,2025-05-19,good,questioning,anxiety,deeper_faith
c_0001635,u_00513,2025-04-22,neutral,,relationships,light_islamic
c_0001636,u_00513,2025-04-24,neutral,,gratitude,deeper_faith
c_0001637,u_00513,2025-04-25,good,,faith,deeper_faith
c_0001638,u_00513,2025-04-29,good,questioning,relationships,light_islamic
c_0001639,u_00513,2025-05-01,grateful,distant,work,light_islamic
c_0001640,u_00516,2025-09-15,very_low,,burnout,universal
c_0001641,u_00516,2025-09-16,grateful,,habits,light_islamic
c_0001642,u_00516,2025-09-19,low,distant,gratitude,universal
c_0001643,u_00516,2025-09-22,good,distant,faith,universal
c_0001644,u_00516,2025-09-28,good,questioning,self,light_islamic
c_0001645,u_00516,2025-09-30,low,distant,confidence,universal
c_0001646,u_00516,2025-10-13,low,at_peace,work,light_islamic
c_0001647,u_00517,2025-12-08,neutral,,self,universal
c_0001648,u_00517,2025-12-10,good,,faith,universal
c_0001649,u_00517,2025-12-14,grateful,at_peace,relationships,universal
c_0001650,u_00517,2025-12-17,neutral,distant,relationships,light_islamic
c_0001651,u_00517,2025-12-19,neutral,questioning,gratitude,light_islamic
c_0001652,u_00517,2025-12-20,good,at_peace,burnout,light_islamic
c_0001653,u_00517,2025-12-21,good,at_peace,purpose,light_islamic
c_0001654,u_00517,2025-12-23,good,at_peace,burnout,deeper_faith
c_0001655,u_00519,2025-11-29,grateful,,anxiety,light_islamic
c_0001656,u_00519,2025-12-07,good,distant,habits,universal
c_0001657,u_00519,2025-12-10,neutral,at_peace,burnout,universal
c_0001658,u_00519,2025-12-15,neutral,at_peace,gratitude,universal
c_0001659,u_00520,2025-11-03,good,,relationships,light_islamic
c_0001660,u_00520,2025-11-05,good,,relationships,light_islamic
c_0001661,u_00520,2025-11-06,neutral,,relationships,deeper_faith
c_0001662,u_00520,2025-11-08,neutral,at_peace,work,light_islamic
c_0001663,u_00520,2025-11-10,neutral,at_peace,habits,light_islamic
c_0001664,u_00522,2025-10-17,low,,habits,light_islamic
c_0001665,u_00522,2025-10-18,grateful,,confidence,universal
c_0001666,u_00522,2025-10-21,low,at_peace,anxiety,light_islamic
c_0001667,u_00522,2025-10-22,low,hurting,work,universal
c_0001668,u_00522,2025-10-23,low,at_peace,self,light_islamic
c_0001669,u_00522,2025-10-28,neutral,questioning,burnout,light_islamic
c_0001670,u_00522,2025-10-29,good,hurting,faith,light_islamic
c_0001671,u_00522,2025-10-30,grateful,questioning,habits,universal
c_0001672,u_00522,2025-11-03,grateful,questioning,anxiety,universal
c_0001673,u_00522,2025-11-05,good,at_peace,anxiety,universal
c_0001674,u_00522,2025-11-16,neutral,at_peace,burnout,universal
c_0001675,u_00523,2025-05-17,very_low,,work,deeper_faith
c_0001676,u_00523,2025-05-23,neutral,distant,relationships,universal
c_0001677,u_00523,2025-05-25,neutral,questioning,work,light_islamic
c_0001678,u_00523,2025-06-10,neutral,questioning,confidence,deeper_faith
c_0001679,u_00523,2025-06-12,good,questioning,relationships,light_islamic
c_0001680,u_00523,2025-06-15,neutral,distant,gratitude,universal
c_0001681,u_00524,2025-09-24,neutral,,work,light_islamic
c_0001682,u_00524,2025-10-06,good,questioning,gratitude,light_islamic
c_0001683,u_00524,2025-10-11,very_low,distant,gratitude,light_islamic
c_0001684,u_00524,2025-10-20,grateful,at_peace,faith,deeper_faith
c_0001685,u_00524,2025-10-21,low,at_peace,confidence,deeper_faith
c_0001686,u_00526,2025-04-09,good,,work,light_islamic
c_0001687,u_00526,2025-04-21,neutral,questioning,anxiety,light_islamic
c_0001688,u_00526,2025-05-05,grateful,distant,anxiety,deeper_faith
c_0001689,u_00527,2025-07-28,good,,work,light_islamic
c_0001690,u_00527,2025-07-29,very_low,,work,light_islamic
c_0001691,u_00527,2025-08-05,neutral,at_peace,work,deeper_faith
c_0001692,u_00527,2025-08-07,low,at_peace,purpose,universal
c_0001693,u_00527,2025-08-14,good,at_peace,confidence,universal
c_0001694,u_00527,2025-08-16,good,at_peace,faith,universal
c_0001695,u_00527,2025-08-24,grateful,distant,confidence,light_islamic
c_0001696,u_00535,2025-01-14,good,,gratitude,light_islamic
c_0001697,u_00535,2025-01-17,neutral,,anxiety,deeper_faith
c_0001698,u_00535,2025-01-18,low,distant,relationships,deeper_faith
c_0001699,u_00535,2025-01-22,neutral,at_peace,confidence,universal
c_0001700,u_00535,2025-01-23,grateful,questioning,relationships,light_islamic
c_0001701,u_00535,2025-01-27,neutral,at_peace,habits,universal
c_0001702,u_00535,2025-01-31,good,at_peace,anxiety,universal
c_0001703,u_00535,2025-02-02,good,at_peace,faith,deeper_faith
c_0001704,u_00542,2025-09-27,good,,confidence,universal
c_0001705,u_00542,2025-09-30,good,,confidence,deeper_faith
c_0001706,u_00542,2025-10-01,low,at_peace,anxiety,light_islamic
c_0001707,u_00542,2025-10-03,neutral,at_peace,self,light_islamic
c_0001708,u_00542,2025-10-08,neutral,distant,habits,light_islamic
c_0001709,u_00542,2025-10-10,good,distant,work,light_islamic
c_0001710,u_00542,2025-10-16,neutral,at_peace,self,light_islamic
c_0001711,u_00545,2025-09-11,low,,faith,light_islamic
c_0001712,u_00545,2025-09-14,neutral,,habits,light_islamic
c_0001713,u_00545,2025-09-15,good,questioning,gratitude,light_islamic
c_0001714,u_00545,2025-09-16,neutral,at_peace,anxiety,light_islamic
c_0001715,u_00545,2025-09-20,grateful,at_peace,self,light_islamic
c_0001716,u_00545,2025-09-21,good,at_peace,faith,light_islamic
c_0001717,u_00545,2025-09-23,neutral,at_peace,relationships,universal
c_0001718,u_00545,2025-10-03,very_low,questioning,purpose,universal
c_0001719,u_00545,2025-10-04,grateful,at_peace,anxiety,deeper_faith
c_0001720,u_00545,2025-10-08,neutral,questioning,burnout,light_islamic
c_0001721,u_00545,2025-10-10,low,at_peace,habits,light_islamic
c_0001722,u_00546,2025-04-20,good,,anxiety,light_islamic
c_0001723,u_00546,2025-04-23,good,,self,universal
c_0001724,u_00546,2025-04-25,good,hurting,faith,deeper_faith
c_0001725,u_00546,2025-04-26,neutral,distant,gratitude,deeper_faith
c_0001726,u_00546,2025-05-01,good,hurting,faith,light_islamic
c_0001727,u_00546,2025-05-02,neutral,distant,gratitude,light_islamic
c_0001728,u_00546,2025-05-12,neutral,hurting,self,light_islamic
c_0001729,u_00549,2025-06-21,neutral,,habits,universal
c_0001730,u_00549,2025-06-24,grateful,,faith,universal
c_0001731,u_00549,2025-07-04,good,questioning,faith,universal
c_0001732,u_00549,2025-07-05,neutral,at_peace,faith,deeper_faith
c_0001733,u_00549,2025-07-17,grateful,at_peace,gratitude,universal
c_0001734,u_00549,2025-07-21,low,at_peace,faith,universal
c_0001735,u_00552,2025-01-06,neutral,,burnout,universal
c_0001736,u_00552,2025-01-10,good,at_peace,gratitude,light_islamic
c_0001737,u_00552,2025-01-16,neutral,at_peace,relationships,deeper_faith
c_0001738,u_00552,2025-01-18,grateful,at_peace,relationships,universal
c_0001739,u_00552,2025-01-21,grateful,distant,gratitude,light_islamic
c_0001740,u_00552,2025-01-26,very_low,at_peace,purpose,universal
c_0001741,u_00552,2025-02-01,good,at_peace,burnout,light_islamic
c_0001742,u_00552,2025-02-02,low,at_peace,anxiety,universal
c_0001743,u_00552,2025-02-04,neutral,at_peace,anxiety,universal
c_0001744,u_00555,2025-01-23,neutral,,faith,universal
c_0001745,u_00555,2025-01-24,good,,anxiety,light_islamic
c_0001746,u_00555,2025-01-25,good,,anxiety,deeper_faith
c_0001747,u_00555,2025-01-26,low,,relationships,light_islamic
c_0001748,u_00555,2025-01-27,neutral,at_peace,habits,universal
c_0001749,u_00555,2025-02-02,low,at_peace,self,universal
c_0001750,u_00555,2025-02-03,grateful,at_peace,relationships,universal
c_0001751,u_00555,2025-02-05,low,at_peace,faith,light_islamic
c_0001752,u_00555,2025-02-11,good,at_peace,purpose,deeper_faith
c_0001753,u_00555,2025-02-13,low,at_peace,gratitude,deeper_faith
c_0001754,u_00555,2025-02-16,very_low,distant,gratitude,universal
c_0001755,u_00555,2025-02-18,good,hurting,faith,universal
c_0001756,u_00558,2025-11-02,grateful,,gratitude,light_islamic
c_0001757,u_00558,2025-11-07,very_low,at_peace,relationships,universal
c_0001758,u_00558,2025-11-08,good,at_peace,anxiety,light_islamic
c_0001759,u_00558,2025-11-11,neutral,at_peace,self,light_islamic
c_0001760,u_00558,2025-11-13,good,at_peace,habits,light_islamic
c_0001761,u_00558,2025-11-15,neutral,at_peace,confidence,deeper_faith
c_0001762,u_00558,2025-11-29,good,questioning,confidence,light_islamic
c_0001763,u_00558,2025-12-02,good,at_peace,self,deeper_faith
c_0001764,u_00565,2025-06-03,neutral,,burnout,universal
c_0001765,u_00565,2025-06-04,good,,habits,light_islamic
c_0001766,u_00565,2025-06-05,grateful,,relationships,universal
c_0001767,u_00565,2025-06-06,neutral,,work,light_islamic
c_0001768,u_00565,2025-06-18,neutral,at_peace,confidence,light_islamic
c_0001769,u_00565,2025-06-28,good,at_peace,confidence,light_islamic
c_0001770,u_00565,2025-07-01,good,distant,self,universal
c_0001771,u_00574,2025-05-27,low,,gratitude,universal
c_0001772,u_00574,2025-05-29,grateful,,habits,universal
c_0001773,u_00574,2025-06-03,neutral,at_peace,burnout,universal
c_0001774,u_00574,2025-06-07,very_low,questioning,purpose,light_islamic
c_0001775,u_00575,2025-07-24,good,,habits,universal
c_0001776,u_00575,2025-07-25,good,,confidence,universal
c_0001777,u_00575,2025-07-26,good,,work,deeper_faith
c_0001778,u_00575,2025-07-28,low,at_peace,relationships,light_islamic
c_0001779,u_00575,2025-08-01,neutral,at_peace,gratitude,universal
c_0001780,u_00575,2025-08-05,neutral,at_peace,self,universal
c_0001781,u_00575,2025-08-06,grateful,hurting,purpose,universal
c_0001782,u_00575,2025-08-07,neutral,hurting,gratitude,light_islamic
c_0001783,u_00575,2025-08-11,good,at_peace,work,deeper_faith
c_0001784,u_00575,2025-08-14,low,distant,confidence,light_islamic
c_0001785,u_00575,2025-08-15,neutral,questioning,gratitude,deeper_faith
c_0001786,u_00575,2025-08-16,good,at_peace,habits,light_islamic
c_0001787,u_00575,2025-08-21,good,at_peace,faith,light_islamic
c_0001788,u_00577,2025-09-13,grateful,,habits,universal
c_0001789,u_00577,2025-09-15,low,,faith,deeper_faith
c_0001790,u_00577,2025-09-21,low,at_peace,work,deeper_faith
c_0001791,u_00577,2025-09-29,grateful,at_peace,gratitude,deeper_faith
c_0001792,u_00577,2025-10-03,grateful,hurting,anxiety,universal
c_0001793,u_00578,2025-08-03,good,,faith,universal
c_0001794,u_00578,2025-08-11,neutral,at_peace,self,light_islamic
c_0001795,u_00578,2025-08-14,neutral,at_peace,faith,deeper_faith
c_0001796,u_00578,2025-08-16,grateful,at_peace,relationships,light_islamic
c_0001797,u_00578,2025-08-17,neutral,questioning,self,deeper_faith
c_0001798,u_00578,2025-08-18,low,distant,gratitude,universal
c_0001799,u_00578,2025-08-19,low,distant,anxiety,universal
c_0001800,u_00578,2025-08-20,grateful,at_peace,relationships,universal
c_0001801,u_00578,2025-08-21,neutral,questioning,self,deeper_faith
c_0001802,u_00580,2025-06-26,neutral,,anxiety,light_islamic
c_0001803,u_00580,2025-06-27,neutral,,work,universal
c_0001804,u_00580,2025-06-29,neutral,,confidence,deeper_faith
c_0001805,u_00580,2025-07-02,neutral,at_peace,confidence,universal
c_0001806,u_00580,2025-07-04,grateful,questioning,purpose,universal
c_0001807,u_00580,2025-07-05,good,questioning,purpose,light_islamic
c_0001808,u_00580,2025-07-10,neutral,questioning,anxiety,light_islamic
c_0001809,u_00580,2025-07-16,neutral,at_peace,burnout,universal
c_0001810,u_00582,2025-06-14,low,,work,universal
c_0001811,u_00582,2025-06-16,good,,purpose,universal
c_0001812,u_00582,2025-06-17,good,,confidence,light_islamic
c_0001813,u_00582,2025-06-18,low,at_peace,anxiety,light_islamic
c_0001814,u_00582,2025-06-20,grateful,questioning,faith,universal
c_0001815,u_00582,2025-06-22,neutral,questioning,relationships,universal
c_0001816,u_00582,2025-06-27,neutral,questioning,purpose,universal
c_0001817,u_00582,2025-06-29,good,distant,habits,universal
c_0001818,u_00582,2025-07-01,very_low,at_peace,self,light_islamic
c_0001819,u_00582,2025-07-09,neutral,distant,purpose,universal
c_0001820,u_00585,2025-07-26,low,,self,light_islamic
c_0001821,u_00585,2025-07-27,neutral,,gratitude,light_islamic
c_0001822,u_00585,2025-07-29,low,,work,light_islamic
c_0001823,u_00585,2025-08-01,neutral,questioning,faith,light_islamic
c_0001824,u_00585,2025-08-12,grateful,questioning,anxiety,universal
c_0001825,u_00586,2025-06-15,low,,gratitude,light_islamic
c_0001826,u_00586,2025-06-20,good,at_peace,anxiety,deeper_faith
c_0001827,u_00586,2025-06-30,grateful,questioning,purpose,light_islamic
c_0001828,u_00586,2025-07-02,good,questioning,habits,universal
c_0001829,u_00586,2025-07-04,very_low,at_peace,anxiety,light_islamic
c_0001830,u_00586,2025-07-05,neutral,distant,relationships,deeper_faith
c_0001831,u_00589,2025-04-02,good,,confidence,universal
c_0001832,u_00589,2025-04-16,neutral,distant,purpose,universal
c_0001833,u_00589,2025-04-20,good,distant,relationships,deeper_faith
c_0001834,u_00589,2025-04-21,good,distant,self,universal
c_0001835,u_00589,2025-04-22,good,at_peace,self,deeper_faith
c_0001836,u_00589,2025-04-24,good,at_peace,habits,light_islamic
c_0001837,u_00589,2025-04-27,neutral,distant,burnout,universal
c_0001838,u_00589,2025-05-02,very_low,distant,work,universal
c_0001839,u_00596,2025-12-28,grateful,,work,deeper_faith
c_0001840,u_00596,2026-01-01,good,distant,purpose,light_islamic
c_0001841,u_00596,2026-01-18,good,questioning,work,universal
c_0001842,u_00598,2025-11-07,low,,burnout,universal
c_0001843,u_00598,2025-11-09,neutral,,habits,universal
c_0001844,u_00598,2025-11-12,grateful,questioning,anxiety,light_islamic
c_0001845,u_00598,2025-11-14,neutral,at_peace,self,light_islamic
c_0001846,u_00598,2025-11-16,good,at_peace,relationships,deeper_faith
c_0001847,u_00598,2025-11-20,grateful,at_peace,confidence,universal
c_0001848,u_00598,2025-11-24,neutral,at_peace,work,deeper_faith
c_0001849,u_00598,2025-12-05,very_low,at_peace,burnout,light_islamic
c_0001850,u_00600,2025-10-20,grateful,,habits,light_islamic
c_0001851,u_00600,2025-10-25,good,distant,purpose,light_islamic
c_0001852,u_00600,2025-10-28,neutral,at_peace,burnout,universal
c_0001853,u_00600,2025-10-30,good,distant,anxiety,universal
c_0001854,u_00600,2025-10-31,neutral,at_peace,purpose,deeper_faith
c_0001855,u_00600,2025-11-02,good,hurting,faith,universal
c_0001856,u_00600,2025-11-13,good,distant,self,universal
c_0001857,u_00603,2025-06-01,low,,faith,universal
c_0001858,u_00603,2025-06-07,neutral,at_peace,work,light_islamic
c_0001859,u_00603,2025-06-16,neutral,at_peace,anxiety,light_islamic
c_0001860,u_00603,2025-06-24,good,distant,anxiety,deeper_faith
c_0001861,u_00607,2025-02-04,neutral,,habits,universal
c_0001862,u_00607,2025-02-08,very_low,questioning,faith,deeper_faith
c_0001863,u_00607,2025-02-27,neutral,distant,work,universal
c_0001864,u_00609,2025-10-27,good,,gratitude,light_islamic
c_0001865,u_00609,2025-10-28,low,,self,universal
c_0001866,u_00609,2025-11-01,good,at_peace,burnout,light_islamic
c_0001867,u_00609,2025-11-05,grateful,distant,burnout,light_islamic
c_0001868,u_00609,2025-11-06,good,at_peace,purpose,universal
c_0001869,u_00609,2025-11-07,grateful,at_peace,habits,deeper_faith
c_0001870,u_00609,2025-11-08,good,questioning,anxiety,light_islamic
c_0001871,u_00609,2025-11-15,good,questioning,gratitude,light_islamic
c_0001872,u_00609,2025-11-18,good,distant,habits,universal
c_0001873,u_00609,2025-11-24,low,questioning,work,deeper_faith
c_0001874,u_00610,2025-08-26,good,,anxiety,universal
c_0001875,u_00610,2025-08-27,neutral,,self,universal
c_0001876,u_00610,2025-09-15,good,at_peace,confidence,light_islamic
c_0001877,u_00612,2025-07-07,good,,habits,universal
c_0001878,u_00612,2025-07-09,neutral,,burnout,universal
c_0001879,u_00612,2025-07-14,very_low,distant,faith,deeper_faith
c_0001880,u_00612,2025-07-29,good,questioning,work,light_islamic
c_0001881,u_00612,2025-08-01,good,at_peace,anxiety,deeper_faith
c_0001882,u_00620,2025-11-27,grateful,,self,universal
c_0001883,u_00620,2025-11-29,good,,purpose,light_islamic
c_0001884,u_00620,2025-12-03,good,hurting,relationships,light_islamic
c_0001885,u_00620,2025-12-11,grateful,distant,self,light_islamic
c_0001886,u_00620,2025-12-13,neutral,questioning,gratitude,universal
c_0001887,u_00620,2025-12-15,neutral,at_peace,anxiety,universal
c_0001888,u_00620,2025-12-21,neutral,at_peace,faith,light_islamic
c_0001889,u_00621,2025-05-02,neutral,,gratitude,universal
c_0001890,u_00621,2025-05-03,good,,burnout,light_islamic
c_0001891,u_00621,2025-05-06,neutral,distant,purpose,universal
c_0001892,u_00621,2025-05-12,neutral,at_peace,work,universal
c_0001893,u_00621,2025-05-15,good,at_peace,work,universal
c_0001894,u_00621,2025-05-19,neutral,at_peace,confidence,universal
c_0001895,u_00621,2025-05-20,neutral,at_peace,burnout,deeper_faith
c_0001896,u_00621,2025-05-26,low,distant,gratitude,universal
c_0001897,u_00624,2025-06-26,neutral,,faith,light_islamic
c_0001898,u_00624,2025-06-27,good,,burnout,deeper_faith
c_0001899,u_00624,2025-06-30,low,at_peace,purpose,light_islamic
c_0001900,u_00624,2025-07-02,grateful,at_peace,habits,deeper_faith
c_0001901,u_00624,2025-07-03,good,hurting,relationships,universal
c_0001902,u_00624,2025-07-04,low,at_peace,habits,universal
c_0001903,u_00624,2025-07-10,good,at_peace,burnout,light_islamic
c_0001904,u_00624,2025-07-13,very_low,at_peace,gratitude,light_islamic
c_0001905,u_00624,2025-07-18,neutral,questioning,purpose,light_islamic
c_0001906,u_00628,2025-07-15,neutral,,work,deeper_faith
c_0001907,u_00628,2025-07-17,good,,faith,deeper_faith
c_0001908,u_00628,2025-07-20,low,at_peace,work,deeper_faith
c_0001909,u_00628,2025-07-23,grateful,distant,faith,universal
c_0001910,u_00628,2025-07-24,good,at_peace,faith,universal
c_0001911,u_00628,2025-07-25,neutral,hurting,self,deeper_faith
c_0001912,u_00628,2025-07-27,low,distant,habits,universal
c_0001913,u_00628,2025-07-30,good,hurting,faith,universal
c_0001914,u_00628,2025-08-01,good,at_peace,anxiety,universal
c_0001915,u_00628,2025-08-10,good,distant,habits,deeper_faith
c_0001916,u_00628,2025-08-14,good,distant,anxiety,universal
c_0001917,u_00629,2025-07-13,neutral,,gratitude,light_islamic
c_0001918,u_00629,2025-07-14,low,,burnout,light_islamic
c_0001919,u_00629,2025-07-17,low,at_peace,anxiety,universal
c_0001920,u_00629,2025-07-22,neutral,at_peace,habits,deeper_faith
c_0001921,u_00629,2025-07-26,good,at_peace,burnout,light_islamic
c_0001922,u_00629,2025-08-02,low,distant,relationships,light_islamic
c_0001923,u_00629,2025-08-04,grateful,hurting,relationships,universal
c_0001924,u_00629,2025-08-07,neutral,at_peace,work,deeper_faith
c_0001925,u_00630,2025-11-07,very_low,,self,deeper_faith
c_0001926,u_00630,2025-11-12,good,distant,purpose,universal
c_0001927,u_00630,2025-11-21,grateful,at_peace,faith,light_islamic
c_0001928,u_00630,2025-11-23,neutral,at_peace,relationships,light_islamic
c_0001929,u_00630,2025-11-27,good,at_peace,burnout,light_islamic
c_0001930,u_00631,2025-05-22,low,,work,universal
c_0001931,u_00631,2025-05-24,low,,self,light_islamic
c_0001932,u_00631,2025-05-27,neutral,at_peace,relationships,light_islamic
c_0001933,u_00631,2025-06-20,good,at_peace,self,universal
c_0001934,u_00637,2025-08-01,good,,self,light_islamic
c_0001935,u_00637,2025-08-08,low,at_peace,work,universal
c_0001936,u_00637,2025-08-09,good,at_peace,habits,deeper_faith
c_0001937,u_00637,2025-08-14,low,at_peace,self,light_islamic
c_0001938,u_00637,2025-08-17,good,at_peace,relationships,universal
c_0001939,u_00637,2025-08-19,good,at_peace,purpose,universal
c_0001940,u_00637,2025-08-26,neutral,at_peace,anxiety,light_islamic
c_0001941,u_00637,2025-08-27,grateful,at_peace,purpose,light_islamic
c_0001942,u_00640,2025-12-10,neutral,,anxiety,light_islamic
c_0001943,u_00640,2025-12-12,good,,relationships,universal
c_0001944,u_00640,2025-12-14,grateful,distant,work,universal
c_0001945,u_00640,2025-12-22,good,distant,gratitude,light_islamic
c_0001946,u_00640,2025-12-28,low,at_peace,confidence,universal
c_0001947,u_00640,2025-12-30,neutral,at_peace,habits,universal
c_0001948,u_00641,2025-01-20,grateful,,gratitude,light_islamic
c_0001949,u_00641,2025-01-27,neutral,distant,faith,universal
c_0001950,u_00641,2025-01-28,good,distant,relationships,universal
c_0001951,u_00641,2025-01-30,neutral,hurting,burnout,light_islamic
c_0001952,u_00641,2025-02-02,neutral,distant,purpose,light_islamic
c_0001953,u_00641,2025-02-06,low,at_peace,confidence,light_islamic
c_0001954,u_00641,2025-02-11,good,distant,gratitude,universal
c_0001955,u_00643,2025-05-27,good,,gratitude,light_islamic
c_0001956,u_00643,2025-05-28,neutral,,purpose,light_islamic
c_0001957,u_00643,2025-06-02,good,questioning,confidence,universal
c_0001958,u_00643,2025-06-05,good,at_peace,burnout,universal
c_0001959,u_00643,2025-06-10,grateful,at_peace,purpose,deeper_faith
c_0001960,u_00643,2025-06-12,neutral,distant,purpose,universal
c_0001961,u_00643,2025-06-25,neutral,hurting,purpose,universal
c_0001962,u_00645,2025-05-15,very_low,,faith,light_islamic
c_0001963,u_00645,2025-05-17,good,,burnout,light_islamic
c_0001964,u_00645,2025-05-20,good,at_peace,gratitude,universal
c_0001965,u_00645,2025-05-23,low,distant,relationships,universal
c_0001966,u_00645,2025-05-25,neutral,distant,self,light_islamic
c_0001967,u_00645,2025-05-26,good,questioning,habits,deeper_faith
c_0001968,u_00645,2025-05-27,very_low,at_peace,anxiety,universal
c_0001969,u_00645,2025-05-29,neutral,at_peace,anxiety,light_islamic
c_0001970,u_00645,2025-06-01,low,questioning,self,universal
c_0001971,u_00645,2025-06-04,grateful,distant,faith,universal
c_0001972,u_00645,2025-06-06,low,questioning,confidence,light_islamic
c_0001973,u_00645,2025-06-12,good,distant,gratitude,universal
c_0001974,u_00646,2025-07-22,neutral,,self,universal
c_0001975,u_00646,2025-07-24,neutral,,confidence,universal
c_0001976,u_00646,2025-07-25,very_low,,work,universal
c_0001977,u_00646,2025-07-31,low,distant,self,light_islamic
c_0001978,u_00646,2025-08-06,neutral,distant,self,light_islamic
c_0001979,u_00646,2025-08-14,neutral,at_peace,anxiety,light_islamic
c_0001980,u_00646,2025-08-15,low,questioning,gratitude,deeper_faith
c_0001981,u_00646,2025-08-18,neutral,at_peace,habits,universal
c_0001982,u_00647,2025-12-22,good,,relationships,deeper_faith
c_0001983,u_00647,2025-12-26,good,hurting,faith,deeper_faith
c_0001984,u_00647,2026-01-01,neutral,at_peace,habits,universal
c_0001985,u_00647,2026-01-12,very_low,at_peace,habits,universal
c_0001986,u_00653,2025-03-17,good,,faith,universal
c_0001987,u_00653,2025-03-18,neutral,,burnout,deeper_faith
c_0001988,u_00653,2025-03-19,very_low,,relationships,light_islamic
c_0001989,u_00653,2025-03-21,low,at_peace,anxiety,light_islamic
c_0001990,u_00653,2025-03-25,good,at_peace,faith,light_islamic
c_0001991,u_00653,2025-03-29,grateful,distant,work,light_islamic
c_0001992,u_00653,2025-04-04,good,at_peace,habits,universal
c_0001993,u_00653,2025-04-05,low,at_peace,gratitude,deeper_faith
c_0001994,u_00653,2025-04-07,neutral,at_peace,faith,universal
c_0001995,u_00653,2025-04-12,grateful,at_peace,work,universal
c_0001996,u_00653,2025-04-14,low,at_peace,self,universal
c_0001997,u_00657,2025-06-22,low,,relationships,deeper_faith
c_0001998,u_00657,2025-06-23,good,,purpose,universal
c_0001999,u_00657,2025-06-28,low,at_peace,habits,light_islamic
c_0002000,u_00657,2025-06-30,good,at_peace,gratitude,light_islamic
c_0002001,u_00657,2025-07-01,good,at_peace,confidence,universal
c_0002002,u_00657,2025-07-03,good,questioning,burnout,universal
c_0002003,u_00657,2025-07-09,neutral,at_peace,confidence,deeper_faith
c_0002004,u_00657,2025-07-13,good,at_peace,work,universal
c_0002005,u_00657,2025-07-16,good,at_peace,faith,universal
c_0002006,u_00657,2025-07-22,neutral,distant,self,light_islamic
c_0002007,u_00660,2025-07-18,very_low,,self,light_islamic
c_0002008,u_00660,2025-07-20,neutral,,habits,universal
c_0002009,u_00660,2025-07-22,good,at_peace,work,universal
c_0002010,u_00660,2025-07-25,good,at_peace,faith,light_islamic
c_0002011,u_00660,2025-07-28,low,at_peace,faith,light_islamic
c_0002012,u_00660,2025-08-01,neutral,distant,work,universal
c_0002013,u_00660,2025-08-03,grateful,at_peace,faith,light_islamic
c_0002014,u_00660,2025-08-04,neutral,questioning,habits,universal
c_0002015,u_00665,2025-02-01,good,,confidence,universal
c_0002016,u_00665,2025-02-03,neutral,,anxiety,universal
c_0002017,u_00665,2025-02-07,neutral,questioning,self,light_islamic
c_0002018,u_00665,2025-02-10,good,hurting,burnout,light_islamic
c_0002019,u_00665,2025-02-12,good,at_peace,habits,light_islamic
c_0002020,u_00665,2025-02-24,low,distant,gratitude,universal
c_0002021,u_00667,2025-01-30,neutral,,work,universal
c_0002022,u_00667,2025-02-07,grateful,hurting,habits,deeper_faith
c_0002023,u_00667,2025-02-13,good,distant,purpose,universal
c_0002024,u_00667,2025-02-15,neutral,at_peace,work,light_islamic
c_0002025,u_00671,2025-07-19,grateful,,faith,light_islamic
c_0002026,u_00671,2025-07-24,good,at_peace,work,deeper_faith
c_0002027,u_00671,2025-07-26,grateful,at_peace,habits,universal
c_0002028,u_00671,2025-07-27,low,at_peace,habits,universal
c_0002029,u_00671,2025-07-30,very_low,questioning,confidence,light_islamic
c_0002030,u_00671,2025-07-31,good,at_peace,work,deeper_faith
c_0002031,u_00671,2025-08-01,good,at_peace,faith,universal
c_0002032,u_00671,2025-08-18,very_low,at_peace,purpose,light_islamic
c_0002033,u_00675,2025-06-29,neutral,,purpose,universal
c_0002034,u_00675,2025-07-01,neutral,,purpose,universal
c_0002035,u_00675,2025-07-02,good,,faith,universal
c_0002036,u_00675,2025-07-07,good,distant,purpose,universal
c_0002037,u_00675,2025-07-12,good,questioning,faith,universal
c_0002038,u_00675,2025-07-14,good,distant,gratitude,light_islamic
c_0002039,u_00675,2025-07-16,neutral,questioning,relationships,universal
c_0002040,u_00675,2025-07-19,good,at_peace,work,light_islamic
c_0002041,u_00675,2025-07-22,good,at_peace,burnout,universal
c_0002042,u_00679,2025-01-03,good,,faith,deeper_faith
c_0002043,u_00679,2025-01-05,good,,relationships,light_islamic
c_0002044,u_00679,2025-01-08,good,distant,confidence,universal
c_0002045,u_00679,2025-01-09,low,distant,burnout,universal
c_0002046,u_00679,2025-01-12,good,at_peace,relationships,light_islamic
c_0002047,u_00679,2025-01-14,neutral,at_peace,habits,light_islamic
c_0002048,u_00679,2025-01-15,good,hurting,anxiety,light_islamic
c_0002049,u_00679,2025-01-16,neutral,questioning,confidence,universal
c_0002050,u_00679,2025-01-18,neutral,questioning,gratitude,light_islamic
c_0002051,u_00679,2025-01-19,neutral,at_peace,work,deeper_faith
c_0002052,u_00679,2025-01-26,good,at_peace,confidence,light_islamic
c_0002053,u_00679,2025-01-28,grateful,at_peace,relationships,light_islamic
c_0002054,u_00686,2025-09-05,good,,gratitude,light_islamic
c_0002055,u_00686,2025-09-06,neutral,,self,light_islamic
c_0002056,u_00686,2025-09-07,very_low,,confidence,universal
c_0002057,u_00686,2025-09-12,grateful,questioning,purpose,light_islamic
c_0002058,u_00686,2025-09-15,good,distant,work,light_islamic
c_0002059,u_00686,2025-09-18,neutral,at_peace,purpose,universal
c_0002060,u_00686,2025-09-19,good,at_peace,relationships,universal
c_0002061,u_00686,2025-09-20,neutral,at_peace,work,light_islamic
c_0002062,u_00686,2025-09-25,good,at_peace,self,universal
c_0002063,u_00686,2025-09-26,neutral,distant,habits,light_islamic
c_0002064,u_00686,2025-09-28,low,at_peace,confidence,deeper_faith
c_0002065,u_00686,2025-10-01,grateful,questioning,anxiety,deeper_faith
c_0002066,u_00686,2025-10-04,good,at_peace,self,light_islamic
c_0002067,u_00687,2025-10-23,neutral,,faith,light_islamic
c_0002068,u_00687,2025-10-24,good,,gratitude,light_islamic
c_0002069,u_00687,2025-10-30,good,at_peace,purpose,universal
c_0002070,u_00687,2025-11-01,good,distant,work,light_islamic
c_0002071,u_00687,2025-11-03,grateful,at_peace,relationships,universal
c_0002072,u_00687,2025-11-10,neutral,at_peace,purpose,universal
c_0002073,u_00687,2025-11-11,neutral,hurting,relationships,light_islamic
c_0002074,u_00688,2025-03-25,very_low,,confidence,light_islamic
c_0002075,u_00688,2025-03-27,neutral,,purpose,deeper_faith
c_0002076,u_00688,2025-03-28,very_low,,burnout,deeper_faith
c_0002077,u_00688,2025-04-01,good,at_peace,faith,universal
c_0002078,u_00688,2025-04-04,low,distant,confidence,light_islamic
c_0002079,u_00688,2025-04-05,neutral,distant,self,light_islamic
c_0002080,u_00688,2025-04-11,very_low,distant,purpose,universal
c_0002081,u_00691,2025-03-29,neutral,,habits,universal
c_0002082,u_00691,2025-03-31,neutral,,gratitude,light_islamic
c_0002083,u_00691,2025-04-07,neutral,questioning,work,universal
c_0002084,u_00692,2025-08-26,good,,habits,light_islamic
c_0002085,u_00692,2025-09-01,low,at_peace,work,universal
c_0002086,u_00692,2025-09-11,low,at_peace,faith,light_islamic
c_0002087,u_00693,2025-04-09,grateful,,burnout,light_islamic
c_0002088,u_00693,2025-04-11,good,,gratitude,universal
c_0002089,u_00693,2025-04-13,grateful,distant,relationships,universal
c_0002090,u_00693,2025-04-15,neutral,distant,habits,universal
c_0002091,u_00693,2025-04-22,grateful,at_peace,burnout,universal
c_0002092,u_00693,2025-04-24,good,at_peace,burnout,universal
c_0002093,u_00693,2025-04-26,neutral,at_peace,work,universal
c_0002094,u_00693,2025-04-29,grateful,at_peace,faith,light_islamic
c_0002095,u_00693,2025-05-01,good,at_peace,faith,deeper_faith
c_0002096,u_00693,2025-05-07,neutral,questioning,anxiety,universal
c_0002097,u_00694,2025-07-12,good,,anxiety,universal
c_0002098,u_00694,2025-07-14,grateful,,work,light_islamic
c_0002099,u_00694,2025-07-15,good,,anxiety,deeper_faith
c_0002100,u_00694,2025-07-17,very_low,questioning,relationships,light_islamic
c_0002101,u_00694,2025-07-19,good,at_peace,relationships,light_islamic
c_0002102,u_00694,2025-07-20,neutral,at_peace,anxiety,universal
c_0002103,u_00694,2025-07-21,grateful,distant,purpose,light_islamic
c_0002104,u_00694,2025-07-22,good,at_peace,purpose,light_islamic
c_0002105,u_00694,2025-07-30,grateful,distant,burnout,light_islamic
c_0002106,u_00694,2025-08-08,neutral,at_peace,faith,universal
c_0002107,u_00694,2025-08-11,neutral,at_peace,habits,light_islamic
c_0002108,u_00697,2025-06-13,neutral,,burnout,universal
c_0002109,u_00697,2025-06-19,grateful,hurting,relationships,universal
c_0002110,u_00697,2025-06-25,good,at_peace,purpose,light_islamic
c_0002111,u_00697,2025-06-28,good,at_peace,faith,light_islamic
c_0002112,u_00697,2025-07-03,good,at_peace,purpose,universal
c_0002113,u_00697,2025-07-10,good,distant,habits,universal
c_0002114,u_00698,2025-05-02,good,,relationships,universal
c_0002115,u_00698,2025-05-03,neutral,,purpose,deeper_faith
c_0002116,u_00698,2025-05-05,good,,relationships,universal
c_0002117,u_00698,2025-05-13,neutral,at_peace,relationships,universal
c_0002118,u_00698,2025-05-28,neutral,at_peace,habits,light_islamic
c_0002119,u_00698,2025-05-31,good,distant,burnout,universal
c_0002120,u_00699,2025-06-30,good,,burnout,deeper_faith
c_0002121,u_00699,2025-07-06,very_low,at_peace,confidence,light_islamic
c_0002122,u_00699,2025-07-09,neutral,at_peace,burnout,light_islamic
c_0002123,u_00699,2025-07-15,neutral,distant,anxiety,universal
c_0002124,u_00699,2025-07-16,grateful,at_peace,faith,deeper_faith
c_0002125,u_00700,2025-09-15,neutral,,burnout,light_islamic
c_0002126,u_00700,2025-10-11,neutral,at_peace,faith,universal
c_0002127,u_00700,2025-10-13,good,questioning,confidence,universal
c_0002128,u_00700,2025-10-15,neutral,questioning,burnout,light_islamic
c_0002129,u_00707,2025-06-26,neutral,,purpose,light_islamic
c_0002130,u_00707,2025-06-29,neutral,,habits,deeper_faith
c_0002131,u_00707,2025-07-02,good,questioning,habits,universal
c_0002132,u_00707,2025-07-03,good,at_peace,anxiety,light_islamic
c_0002133,u_00707,2025-07-15,good,at_peace,self,universal
c_0002134,u_00707,2025-07-16,good,distant,confidence,universal
c_0002135,u_00708,2025-07-22,very_low,,work,deeper_faith
c_0002136,u_00708,2025-07-24,good,,anxiety,universal
c_0002137,u_00708,2025-07-27,neutral,distant,habits,universal
c_0002138,u_00708,2025-07-28,good,at_peace,purpose,deeper_faith
c_0002139,u_00708,2025-08-16,very_low,at_peace,burnout,universal
c_0002140,u_00708,2025-08-17,low,distant,burnout,universal
c_0002141,u_00708,2025-08-19,neutral,distant,gratitude,universal
c_0002142,u_00713,2025-08-24,neutral,,anxiety,deeper_faith
c_0002143,u_00713,2025-08-25,low,,purpose,deeper_faith
c_0002144,u_00713,2025-08-31,very_low,questioning,relationships,deeper_faith
c_0002145,u_00713,2025-09-05,grateful,questioning,gratitude,universal
c_0002146,u_00713,2025-09-07,good,distant,gratitude,universal
c_0002147,u_00715,2025-07-14,good,,gratitude,deeper_faith
c_0002148,u_00715,2025-07-15,neutral,,purpose,universal
c_0002149,u_00715,2025-07-28,grateful,at_peace,faith,deeper_faith
c_0002150,u_00715,2025-07-29,good,distant,work,universal
c_0002151,u_00715,2025-08-01,neutral,at_peace,habits,universal
c_0002152,u_00715,2025-08-13,low,at_peace,self,light_islamic
c_0002153,u_00716,2025-09-08,low,,relationships,deeper_faith
c_0002154,u_00716,2025-09-11,good,,habits,light_islamic
c_0002155,u_00716,2025-09-16,grateful,at_peace,work,universal
c_0002156,u_00716,2025-09-22,good,questioning,confidence,light_islamic
c_0002157,u_00716,2025-09-23,good,distant,relationships,deeper_faith
c_0002158,u_00716,2025-09-24,good,at_peace,purpose,light_islamic
c_0002159,u_00716,2025-09-27,good,at_peace,self,deeper_faith
c_0002160,u_00716,2025-10-02,good,at_peace,confidence,universal
c_0002161,u_00717,2025-08-07,neutral,,relationships,deeper_faith
c_0002162,u_00717,2025-08-21,good,at_peace,relationships,light_islamic
c_0002163,u_00719,2025-07-26,low,,self,light_islamic
c_0002164,u_00719,2025-07-27,good,,habits,light_islamic
c_0002165,u_00719,2025-08-01,neutral,distant,gratitude,universal
c_0002166,u_00719,2025-08-02,neutral,hurting,relationships,deeper_faith
c_0002167,u_00719,2025-08-09,low,at_peace,faith,deeper_faith
c_0002168,u_00719,2025-08-16,good,questioning,work,universal
c_0002169,u_00719,2025-08-22,neutral,at_peace,gratitude,deeper_faith
c_0002170,u_00721,2025-11-18,good,,faith,deeper_faith
c_0002171,u_00721,2025-11-19,grateful,,gratitude,universal
c_0002172,u_00721,2025-11-21,good,,faith,light_islamic
c_0002173,u_00721,2025-11-22,low,distant,habits,universal
c_0002174,u_00721,2025-11-23,very_low,questioning,habits,light_islamic
c_0002175,u_00721,2025-11-25,neutral,distant,relationships,light_islamic
c_0002176,u_00721,2025-11-26,good,at_peace,confidence,deeper_faith
c_0002177,u_00721,2025-11-27,grateful,hurting,anxiety,universal
c_0002178,u_00721,2025-11-28,very_low,at_peace,anxiety,universal
c_0002179,u_00721,2025-12-01,very_low,distant,faith,universal
c_0002180,u_00721,2025-12-06,neutral,at_peace,gratitude,light_islamic
c_0002181,u_00721,2025-12-08,grateful,questioning,work,light_islamic
c_0002182,u_00721,2025-12-14,good,distant,burnout,universal
c_0002183,u_00723,2025-11-06,neutral,,faith,deeper_faith
c_0002184,u_00723,2025-11-07,neutral,,purpose,universal
c_0002185,u_00723,2025-11-11,grateful,hurting,confidence,deeper_faith
c_0002186,u_00723,2025-11-19,grateful,questioning,confidence,deeper_faith
c_0002187,u_00723,2025-11-25,good,at_peace,anxiety,universal
c_0002188,u_00723,2025-11-29,low,questioning,work,universal
c_0002189,u_00727,2025-09-01,neutral,,faith,universal
c_0002190,u_00727,2025-09-02,low,,confidence,universal
c_0002191,u_00727,2025-09-03,very_low,,self,deeper_faith
c_0002192,u_00727,2025-09-04,neutral,,work,light_islamic
c_0002193,u_00727,2025-09-05,neutral,distant,self,universal
c_0002194,u_00727,2025-09-07,good,questioning,relationships,light_islamic
c_0002195,u_00727,2025-09-11,neutral,distant,work,universal
c_0002196,u_00727,2025-09-28,good,hurting,habits,universal
c_0002197,u_00730,2025-06-08,neutral,,self,light_islamic
c_0002198,u_00730,2025-06-09,grateful,,relationships,light_islamic
c_0002199,u_00730,2025-06-12,neutral,at_peace,purpose,deeper_faith
c_0002200,u_00730,2025-06-13,good,distant,relationships,universal
c_0002201,u_00730,2025-06-15,neutral,questioning,anxiety,universal
c_0002202,u_00730,2025-06-16,good,at_peace,relationships,universal
c_0002203,u_00730,2025-06-17,good,questioning,habits,universal
c_0002204,u_00730,2025-06-19,grateful,distant,anxiety,universal
c_0002205,u_00730,2025-07-03,grateful,questioning,burnout,universal
c_0002206,u_00730,2025-07-04,low,at_peace,relationships,deeper_faith
c_0002207,u_00733,2025-07-22,good,,burnout,light_islamic
c_0002208,u_00733,2025-08-10,grateful,distant,burnout,universal
c_0002209,u_00733,2025-08-15,low,questioning,burnout,light_islamic
c_0002210,u_00734,2025-01-28,neutral,,work,universal
c_0002211,u_00734,2025-02-12,grateful,questioning,anxiety,deeper_faith
c_0002212,u_00734,2025-02-17,good,questioning,faith,light_islamic
c_0002213,u_00736,2025-10-21,good,,work,light_islamic
c_0002214,u_00736,2025-10-25,very_low,at_peace,self,light_islamic
c_0002215,u_00736,2025-11-03,low,at_peace,relationships,universal
c_0002216,u_00736,2025-11-08,low,hurting,purpose,light_islamic
c_0002217,u_00736,2025-11-10,grateful,questioning,habits,light_islamic
c_0002218,u_00736,2025-11-13,good,questioning,self,light_islamic
c_0002219,u_00736,2025-11-16,neutral,distant,burnout,light_islamic
c_0002220,u_00736,2025-11-18,low,at_peace,self,universal
c_0002221,u_00738,2025-07-02,good,,gratitude,light_islamic
c_0002222,u_00738,2025-07-04,neutral,,anxiety,deeper_faith
c_0002223,u_00738,2025-07-07,good,at_peace,faith,deeper_faith
c_0002224,u_00738,2025-07-14,grateful,questioning,anxiety,light_islamic
c_0002225,u_00738,2025-07-16,neutral,at_peace,gratitude,light_islamic
c_0002226,u_00738,2025-07-22,low,at_peace,faith,light_islamic
c_0002227,u_00738,2025-07-25,grateful,distant,work,universal
c_0002228,u_00738,2025-07-29,good,questioning,relationships,light_islamic
c_0002229,u_00739,2025-09-17,neutral,,anxiety,light_islamic
c_0002230,u_00739,2025-09-19,good,,confidence,light_islamic
c_0002231,u_00739,2025-09-22,good,distant,habits,light_islamic
c_0002232,u_00739,2025-09-23,good,at_peace,work,light_islamic
c_0002233,u_00739,2025-09-29,good,at_peace,confidence,light_islamic
c_0002234,u_00739,2025-10-14,low,questioning,confidence,universal
c_0002235,u_00739,2025-10-17,neutral,distant,purpose,universal
c_0002236,u_00740,2025-12-29,neutral,,gratitude,light_islamic
c_0002237,u_00740,2026-01-02,good,at_peace,purpose,deeper_faith
c_0002238,u_00740,2026-01-05,neutral,distant,relationships,universal
c_0002239,u_00740,2026-01-07,neutral,at_peace,purpose,deeper_faith
c_0002240,u_00740,2026-01-11,very_low,at_peace,anxiety,light_islamic
c_0002241,u_00740,2026-01-12,grateful,questioning,burnout,universal
c_0002242,u_00740,2026-01-16,neutral,at_peace,work,universal
c_0002243,u_00740,2026-01-18,good,at_peace,confidence,universal
c_0002244,u_00741,2025-10-01,good,,confidence,light_islamic
c_0002245,u_00741,2025-10-02,neutral,,purpose,universal
c_0002246,u_00741,2025-10-06,good,at_peace,habits,universal
c_0002247,u_00741,2025-10-09,good,questioning,work,light_islamic
c_0002248,u_00741,2025-10-10,good,distant,anxiety,deeper_faith
c_0002249,u_00741,2025-10-12,low,distant,faith,universal
c_0002250,u_00741,2025-10-13,neutral,at_peace,self,deeper_faith
c_0002251,u_00741,2025-10-21,low,at_peace,work,deeper_faith
c_0002252,u_00743,2025-12-25,neutral,,work,light_islamic
c_0002253,u_00743,2025-12-27,good,,purpose,universal
c_0002254,u_00743,2025-12-29,good,hurting,purpose,universal
c_0002255,u_00743,2025-12-31,very_low,at_peace,gratitude,light_islamic
c_0002256,u_00743,2026-01-05,good,at_peace,habits,universal
c_0002257,u_00743,2026-01-07,grateful,at_peace,confidence,universal
c_0002258,u_00744,2025-04-04,neutral,,burnout,deeper_faith
c_0002259,u_00744,2025-04-05,neutral,,purpose,light_islamic
c_0002260,u_00744,2025-04-07,neutral,,work,light_islamic
c_0002261,u_00744,2025-04-11,neutral,questioning,burnout,light_islamic
c_0002262,u_00744,2025-04-13,low,at_peace,faith,light_islamic
c_0002263,u_00744,2025-04-16,neutral,at_peace,work,light_islamic
c_0002264,u_00744,2025-04-18,good,at_peace,anxiety,universal
c_0002265,u_00744,2025-04-22,neutral,at_peace,purpose,universal
c_0002266,u_00746,2025-02-28,grateful,,purpose,universal
c_0002267,u_00746,2025-03-06,good,questioning,confidence,light_islamic
c_0002268,u_00746,2025-03-08,neutral,distant,purpose,universal
c_0002269,u_00746,2025-03-23,low,questioning,confidence,universal
c_0002270,u_00746,2025-03-24,grateful,questioning,work,universal
c_0002271,u_00746,2025-03-27,very_low,at_peace,confidence,universal
c_0002272,u_00746,2025-03-28,good,questioning,anxiety,light_islamic
c_0002273,u_00746,2025-03-30,neutral,at_peace,purpose,deeper_faith
c_0002274,u_00748,2025-11-23,grateful,,anxiety,light_islamic
c_0002275,u_00748,2025-11-25,grateful,,purpose,universal
c_0002276,u_00748,2025-11-26,good,,burnout,deeper_faith
c_0002277,u_00748,2025-12-04,good,distant,faith,light_islamic
c_0002278,u_00748,2025-12-09,good,distant,burnout,light_islamic
c_0002279,u_00748,2025-12-10,grateful,at_peace,gratitude,universal
c_0002280,u_00748,2025-12-13,grateful,distant,purpose,light_islamic
c_0002281,u_00748,2025-12-16,neutral,at_peace,purpose,light_islamic
c_0002282,u_00750,2025-07-13,low,,anxiety,universal
c_0002283,u_00750,2025-07-16,neutral,,faith,universal
c_0002284,u_00750,2025-07-18,good,hurting,work,deeper_faith
c_0002285,u_00750,2025-07-24,neutral,questioning,confidence,light_islamic
c_0002286,u_00750,2025-07-28,good,at_peace,relationships,deeper_faith
c_0002287,u_00750,2025-08-01,neutral,at_peace,self,universal
c_0002288,u_00750,2025-08-04,grateful,at_peace,gratitude,universal
c_0002289,u_00751,2025-07-12,neutral,,purpose,deeper_faith
c_0002290,u_00751,2025-07-14,good,,relationships,universal
c_0002291,u_00751,2025-07-16,low,questioning,faith,light_islamic
c_0002292,u_00751,2025-07-21,low,at_peace,purpose,universal
c_0002293,u_00751,2025-07-23,neutral,at_peace,confidence,deeper_faith
c_0002294,u_00751,2025-07-26,neutral,at_peace,relationships,deeper_faith
c_0002295,u_00753,2025-05-12,neutral,,burnout,light_islamic
c_0002296,u_00753,2025-05-17,neutral,at_peace,relationships,light_islamic
c_0002297,u_00753,2025-05-20,good,at_peace,self,universal
c_0002298,u_00753,2025-05-22,neutral,at_peace,relationships,light_islamic
c_0002299,u_00753,2025-05-31,neutral,distant,work,deeper_faith
c_0002300,u_00753,2025-06-08,good,at_peace,confidence,universal
c_0002301,u_00753,2025-06-09,grateful,questioning,self,universal
c_0002302,u_00755,2025-06-28,good,,confidence,deeper_faith
c_0002303,u_00755,2025-07-02,grateful,distant,burnout,light_islamic
c_0002304,u_00755,2025-07-17,low,distant,habits,light_islamic
c_0002305,u_00755,2025-07-19,neutral,at_peace,confidence,deeper_faith
c_0002306,u_00755,2025-07-21,neutral,at_peace,work,universal
c_0002307,u_00755,2025-07-22,very_low,distant,habits,universal
c_0002308,u_00755,2025-07-26,low,questioning,burnout,light_islamic
c_0002309,u_00756,2025-04-11,neutral,,burnout,universal
c_0002310,u_00756,2025-04-12,good,,work,deeper_faith
c_0002311,u_00756,2025-04-15,grateful,questioning,work,light_islamic
c_0002312,u_00756,2025-05-02,neutral,at_peace,faith,universal
c_0002313,u_00756,2025-05-04,neutral,questioning,faith,light_islamic
c_0002314,u_00756,2025-05-07,neutral,hurting,work,universal
c_0002315,u_00757,2025-11-14,good,,purpose,deeper_faith
c_0002316,u_00757,2025-11-18,good,at_peace,relationships,universal
c_0002317,u_00757,2025-11-22,low,at_peace,work,universal
c_0002318,u_00757,2025-11-25,good,questioning,anxiety,light_islamic
c_0002319,u_00757,2025-11-28,neutral,questioning,work,universal
c_0002320,u_00757,2025-12-01,good,at_peace,purpose,universal
c_0002321,u_00757,2025-12-02,good,at_peace,burnout,light_islamic
c_0002322,u_00757,2025-12-12,good,distant,purpose,universal
c_0002323,u_00757,2025-12-14,low,questioning,self,universal
c_0002324,u_00760,2025-09-28,grateful,,purpose,light_islamic
c_0002325,u_00760,2025-10-04,very_low,questioning,confidence,light_islamic
c_0002326,u_00760,2025-10-08,very_low,questioning,gratitude,light_islamic
c_0002327,u_00760,2025-10-14,good,at_peace,work,light_islamic
c_0002328,u_00760,2025-10-17,good,questioning,gratitude,light_islamic
c_0002329,u_00760,2025-10-19,low,at_peace,faith,light_islamic
c_0002330,u_00761,2025-10-08,low,,anxiety,universal
c_0002331,u_00761,2025-10-10,good,,self,universal
c_0002332,u_00761,2025-10-14,good,distant,anxiety,light_islamic
c_0002333,u_00761,2025-10-18,very_low,distant,habits,universal
c_0002334,u_00761,2025-10-27,low,at_peace,habits,light_islamic
c_0002335,u_00761,2025-10-28,neutral,questioning,relationships,universal
c_0002336,u_00761,2025-11-03,low,questioning,purpose,universal
c_0002337,u_00762,2025-02-07,good,,purpose,universal
c_0002338,u_00762,2025-02-14,good,questioning,burnout,universal
c_0002339,u_00762,2025-02-23,grateful,questioning,habits,universal
c_0002340,u_00762,2025-02-27,very_low,at_peace,anxiety,deeper_faith
c_0002341,u_00762,2025-02-28,neutral,hurting,gratitude,universal
c_0002342,u_00762,2025-03-07,good,at_peace,confidence,deeper_faith
c_0002343,u_00763,2025-10-23,good,,relationships,universal
c_0002344,u_00763,2025-10-25,good,,self,deeper_faith
c_0002345,u_00763,2025-10-26,good,,habits,light_islamic
c_0002346,u_00763,2025-10-28,grateful,at_peace,habits,deeper_faith
c_0002347,u_00763,2025-11-02,good,distant,gratitude,universal
c_0002348,u_00763,2025-11-04,low,at_peace,confidence,universal
c_0002349,u_00763,2025-11-06,good,hurting,confidence,universal
c_0002350,u_00763,2025-11-08,neutral,at_peace,burnout,universal
c_0002351,u_00763,2025-11-14,neutral,questioning,anxiety,light_islamic
c_0002352,u_00763,2025-11-16,low,at_peace,self,deeper_faith
c_0002353,u_00765,2025-03-21,good,,anxiety,light_islamic
c_0002354,u_00765,2025-03-23,good,,burnout,universal
c_0002355,u_00765,2025-04-02,neutral,at_peace,relationships,light_islamic
c_0002356,u_00765,2025-04-04,good,distant,confidence,universal
c_0002357,u_00765,2025-04-07,good,at_peace,work,universal
c_0002358,u_00765,2025-04-08,grateful,at_peace,work,light_islamic
c_0002359,u_00765,2025-04-11,neutral,at_peace,habits,light_islamic
c_0002360,u_00765,2025-04-13,good,questioning,self,universal
c_0002361,u_00765,2025-04-14,good,at_peace,work,light_islamic
c_0002362,u_00765,2025-04-18,good,at_peace,relationships,light_islamic
c_0002363,u_00767,2025-03-10,very_low,,purpose,deeper_faith
c_0002364,u_00767,2025-03-14,low,at_peace,purpose,universal
c_0002365,u_00767,2025-03-22,good,questioning,burnout,light_islamic
c_0002366,u_00767,2025-03-28,neutral,distant,confidence,universal
c_0002367,u_00767,2025-04-03,low,hurting,anxiety,universal
c_0002368,u_00768,2025-12-16,low,,work,deeper_faith
c_0002369,u_00768,2025-12-17,good,,anxiety,universal
c_0002370,u_00768,2025-12-18,neutral,,burnout,light_islamic
c_0002371,u_00768,2025-12-26,neutral,at_peace,gratitude,deeper_faith
c_0002372,u_00768,2025-12-31,good,at_peace,work,universal
c_0002373,u_00768,2026-01-01,neutral,distant,anxiety,light_islamic
c_0002374,u_00768,2026-01-05,very_low,at_peace,relationships,deeper_faith
c_0002375,u_00769,2025-06-22,neutral,,anxiety,light_islamic
c_0002376,u_00769,2025-06-23,grateful,,purpose,deeper_faith
c_0002377,u_00769,2025-06-26,grateful,questioning,confidence,universal
c_0002378,u_00769,2025-06-29,good,distant,self,light_islamic
c_0002379,u_00769,2025-06-30,good,distant,faith,universal
c_0002380,u_00769,2025-07-02,neutral,at_peace,purpose,universal
c_0002381,u_00769,2025-07-07,neutral,questioning,faith,deeper_faith
c_0002382,u_00769,2025-07-08,low,at_peace,purpose,light_islamic
c_0002383,u_00769,2025-07-09,low,at_peace,faith,universal
c_0002384,u_00769,2025-07-10,good,at_peace,purpose,light_islamic
c_0002385,u_00769,2025-07-17,low,at_peace,confidence,light_islamic
c_0002386,u_00769,2025-07-18,good,distant,purpose,light_islamic
c_0002387,u_00769,2025-07-20,low,distant,confidence,deeper_faith
c_0002388,u_00770,2025-05-27,good,,gratitude,deeper_faith
c_0002389,u_00770,2025-05-30,good,,burnout,universal
c_0002390,u_00770,2025-06-04,grateful,at_peace,faith,universal
c_0002391,u_00770,2025-06-06,good,questioning,purpose,light_islamic
c_0002392,u_00770,2025-06-12,good,at_peace,purpose,light_islamic
c_0002393,u_00770,2025-06-15,good,distant,anxiety,deeper_faith
c_0002394,u_00770,2025-06-16,good,questioning,self,deeper_faith
c_0002395,u_00770,2025-06-19,low,questioning,faith,universal
c_0002396,u_00772,2025-05-23,good,,self,universal
c_0002397,u_00772,2025-05-26,grateful,,relationships,deeper_faith
c_0002398,u_00772,2025-05-27,low,at_peace,confidence,universal
c_0002399,u_00772,2025-06-05,neutral,questioning,anxiety,universal
c_0002400,u_00772,2025-06-08,grateful,at_peace,self,light_islamic
c_0002401,u_00772,2025-06-09,neutral,questioning,purpose,universal
c_0002402,u_00773,2025-02-23,neutral,,faith,universal
c_0002403,u_00773,2025-02-25,grateful,,anxiety,light_islamic
c_0002404,u_00773,2025-02-26,good,,confidence,light_islamic
c_0002405,u_00773,2025-03-01,neutral,at_peace,confidence,universal
c_0002406,u_00773,2025-03-02,good,questioning,purpose,light_islamic
c_0002407,u_00773,2025-03-05,low,questioning,purpose,universal
c_0002408,u_00773,2025-03-10,good,distant,purpose,light_islamic
c_0002409,u_00773,2025-03-16,grateful,distant,gratitude,light_islamic
c_0002410,u_00774,2025-07-10,good,,work,light_islamic
c_0002411,u_00774,2025-07-11,neutral,,work,universal
c_0002412,u_00774,2025-07-13,grateful,,confidence,universal
c_0002413,u_00774,2025-07-14,good,distant,relationships,light_islamic
c_0002414,u_00774,2025-07-25,very_low,at_peace,self,light_islamic
c_0002415,u_00774,2025-07-27,neutral,at_peace,relationships,universal
c_0002416,u_00774,2025-07-31,grateful,at_peace,purpose,light_islamic
c_0002417,u_00774,2025-08-01,grateful,hurting,gratitude,light_islamic
c_0002418,u_00774,2025-08-06,good,at_peace,relationships,light_islamic
c_0002419,u_00774,2025-08-07,neutral,at_peace,purpose,universal
c_0002420,u_00774,2025-08-08,good,at_peace,self,universal
c_0002421,u_00776,2025-06-19,grateful,,anxiety,deeper_faith
c_0002422,u_00776,2025-06-20,neutral,,confidence,universal
c_0002423,u_00776,2025-06-23,low,at_peace,relationships,deeper_faith
c_0002424,u_00776,2025-06-25,very_low,at_peace,anxiety,universal
c_0002425,u_00776,2025-06-28,good,at_peace,relationships,deeper_faith
c_0002426,u_00776,2025-07-05,grateful,at_peace,relationships,deeper_faith
c_0002427,u_00776,2025-07-10,neutral,questioning,confidence,light_islamic
c_0002428,u_00776,2025-07-16,neutral,at_peace,work,light_islamic
c_0002429,u_00776,2025-07-19,good,questioning,confidence,universal
c_0002430,u_00777,2025-05-01,neutral,,gratitude,light_islamic
c_0002431,u_00777,2025-05-02,neutral,,gratitude,universal
c_0002432,u_00777,2025-05-03,neutral,,faith,universal
c_0002433,u_00777,2025-05-07,neutral,at_peace,confidence,universal
c_0002434,u_00777,2025-05-12,good,hurting,burnout,universal
c_0002435,u_00777,2025-05-18,good,distant,confidence,universal
c_0002436,u_00777,2025-05-19,neutral,distant,relationships,light_islamic
c_0002437,u_00777,2025-05-23,neutral,at_peace,burnout,universal
c_0002438,u_00777,2025-05-27,low,at_peace,habits,light_islamic
c_0002439,u_00777,2025-05-30,grateful,at_peace,anxiety,universal
c_0002440,u_00782,2025-04-22,good,,confidence,universal
c_0002441,u_00782,2025-04-24,low,,anxiety,universal
c_0002442,u_00782,2025-04-25,low,,self,universal
c_0002443,u_00782,2025-04-29,grateful,at_peace,self,deeper_faith
c_0002444,u_00782,2025-05-01,neutral,at_peace,gratitude,universal
c_0002445,u_00782,2025-05-11,good,at_peace,confidence,deeper_faith
c_0002446,u_00782,2025-05-17,very_low,at_peace,confidence,light_islamic
c_0002447,u_00782,2025-05-19,grateful,at_peace,habits,universal
c_0002448,u_00786,2025-02-06,grateful,,purpose,deeper_faith
c_0002449,u_00786,2025-02-07,neutral,,relationships,universal
c_0002450,u_00786,2025-02-08,neutral,,habits,deeper_faith
c_0002451,u_00786,2025-02-09,neutral,,gratitude,light_islamic
c_0002452,u_00786,2025-02-10,neutral,distant,confidence,light_islamic
c_0002453,u_00786,2025-02-14,good,at_peace,faith,deeper_faith
c_0002454,u_00786,2025-02-15,good,at_peace,habits,universal
c_0002455,u_00786,2025-02-16,grateful,at_peace,burnout,light_islamic
c_0002456,u_00786,2025-02-24,good,at_peace,faith,light_islamic
c_0002457,u_00787,2025-02-10,low,,relationships,universal
c_0002458,u_00787,2025-02-13,neutral,,burnout,deeper_faith
c_0002459,u_00787,2025-02-14,neutral,distant,purpose,universal
c_0002460,u_00787,2025-02-16,neutral,at_peace,anxiety,light_islamic
c_0002461,u_00787,2025-02-23,neutral,questioning,purpose,deeper_faith
c_0002462,u_00787,2025-02-24,neutral,at_peace,purpose,light_islamic
c_0002463,u_00787,2025-02-27,good,at_peace,relationships,light_islamic
c_0002464,u_00787,2025-03-02,good,hurting,habits,universal
c_0002465,u_00788,2025-02-22,neutral,,faith,universal
c_0002466,u_00788,2025-03-06,grateful,hurting,anxiety,light_islamic
c_0002467,u_00788,2025-03-07,good,at_peace,habits,universal
c_0002468,u_00788,2025-03-09,very_low,distant,relationships,universal
c_0002469,u_00788,2025-03-15,good,questioning,work,universal
c_0002470,u_00788,2025-03-20,neutral,questioning,faith,deeper_faith
c_0002471,u_00790,2025-06-29,neutral,,purpose,universal
c_0002472,u_00790,2025-07-03,very_low,hurting,faith,universal
c_0002473,u_00790,2025-07-06,neutral,distant,relationships,deeper_faith
c_0002474,u_00790,2025-07-12,neutral,at_peace,habits,universal
c_0002475,u_00790,2025-07-15,low,questioning,confidence,universal
c_0002476,u_00790,2025-07-16,neutral,at_peace,faith,universal
c_0002477,u_00790,2025-07-22,good,at_peace,work,universal
c_0002478,u_00790,2025-07-24,good,at_peace,confidence,light_islamic
c_0002479,u_00790,2025-07-27,neutral,distant,anxiety,deeper_faith
c_0002480,u_00791,2025-01-01,grateful,,anxiety,deeper_faith
c_0002481,u_00791,2025-01-02,low,,burnout,light_islamic
c_0002482,u_00791,2025-01-03,low,,work,universal
c_0002483,u_00791,2025-01-04,good,,gratitude,universal
c_0002484,u_00791,2025-01-16,good,at_peace,work,universal
c_0002485,u_00791,2025-01-20,low,at_peace,self,deeper_faith
c_0002486,u_00791,2025-01-21,neutral,hurting,purpose,universal
c_0002487,u_00791,2025-01-24,good,questioning,anxiety,universal
c_0002488,u_00794,2025-05-16,neutral,,work,light_islamic
c_0002489,u_00794,2025-05-29,low,hurting,habits,light_islamic
c_0002490,u_00794,2025-06-10,good,at_peace,work,universal
c_0002491,u_00794,2025-06-11,good,at_peace,confidence,deeper_faith
c_0002492,u_00794,2025-06-15,very_low,questioning,work,universal
c_0002493,u_00795,2025-05-22,low,,purpose,universal
c_0002494,u_00795,2025-05-25,very_low,,anxiety,universal
c_0002495,u_00795,2025-05-26,neutral,at_peace,confidence,deeper_faith
c_0002496,u_00795,2025-05-27,good,questioning,purpose,light_islamic
c_0002497,u_00795,2025-05-28,good,distant,confidence,deeper_faith
c_0002498,u_00795,2025-05-31,good,at_peace,gratitude,light_islamic
c_0002499,u_00795,2025-06-01,grateful,at_peace,confidence,light_islamic
c_0002500,u_00795,2025-06-10,good,at_peace,confidence,universal
c_0002501,u_00795,2025-06-13,low,at_peace,gratitude,universal
c_0002502,u_00795,2025-06-19,good,distant,purpose,universal
c_0002503,u_00796,2025-09-18,neutral,,faith,light_islamic
c_0002504,u_00796,2025-09-24,low,at_peace,relationships,light_islamic
c_0002505,u_00796,2025-09-27,very_low,at_peace,habits,universal
c_0002506,u_00796,2025-09-29,good,at_peace,self,universal
c_0002507,u_00796,2025-10-02,good,questioning,purpose,deeper_faith
c_0002508,u_00796,2025-10-06,grateful,distant,gratitude,universal
c_0002509,u_00796,2025-10-10,low,hurting,gratitude,universal
c_0002510,u_00796,2025-10-14,good,at_peace,relationships,light_islamic
c_0002511,u_00796,2025-10-15,low,at_peace,burnout,universal
c_0002512,u_00796,2025-10-18,very_low,hurting,anxiety,deeper_faith
c_0002513,u_00798,2025-09-29,low,,faith,deeper_faith
c_0002514,u_00798,2025-10-03,good,questioning,confidence,universal
c_0002515,u_00798,2025-10-08,grateful,questioning,work,universal
c_0002516,u_00798,2025-10-15,good,distant,relationships,universal
c_0002517,u_00798,2025-10-16,low,at_peace,faith,universal
c_0002518,u_00798,2025-10-22,neutral,distant,faith,light_islamic
c_0002519,u_00799,2025-06-05,low,,habits,light_islamic
c_0002520,u_00799,2025-06-09,neutral,at_peace,purpose,light_islamic
c_0002521,u_00799,2025-06-15,low,distant,burnout,universal
c_0002522,u_00799,2025-06-20,neutral,at_peace,confidence,light_islamic
c_0002523,u_00799,2025-06-22,grateful,questioning,confidence,light_islamic
c_0002524,u_00799,2025-06-26,neutral,at_peace,work,universal
c_0002525,u_00799,2025-06-29,low,at_peace,faith,light_islamic
c_0002526,u_00804,2025-11-02,neutral,,faith,light_islamic
c_0002527,u_00804,2025-11-06,grateful,distant,purpose,light_islamic
c_0002528,u_00804,2025-11-08,good,questioning,work,universal
c_0002529,u_00804,2025-11-12,good,distant,relationships,light_islamic
c_0002530,u_00804,2025-11-19,neutral,at_peace,anxiety,light_islamic
c_0002531,u_00804,2025-11-20,low,questioning,confidence,light_islamic
c_0002532,u_00804,2025-11-26,very_low,distant,confidence,universal
c_0002533,u_00805,2025-09-19,good,,gratitude,universal
c_0002534,u_00805,2025-09-21,good,,self,universal
c_0002535,u_00805,2025-09-23,neutral,distant,burnout,deeper_faith
c_0002536,u_00805,2025-09-24,grateful,at_peace,confidence,light_islamic
c_0002537,u_00805,2025-09-25,good,questioning,gratitude,universal
c_0002538,u_00805,2025-09-30,good,distant,self,light_islamic
c_0002539,u_00805,2025-10-12,very_low,at_peace,gratitude,universal
c_0002540,u_00805,2025-10-13,grateful,at_peace,self,deeper_faith
c_0002541,u_00805,2025-10-14,good,questioning,gratitude,universal
c_0002542,u_00805,2025-10-17,good,questioning,anxiety,universal
c_0002543,u_00807,2025-09-29,good,,confidence,deeper_faith
c_0002544,u_00807,2025-09-30,neutral,,anxiety,universal
c_0002545,u_00807,2025-10-02,good,,relationships,deeper_faith
c_0002546,u_00807,2025-10-03,very_low,questioning,purpose,universal
c_0002547,u_00807,2025-10-08,good,hurting,work,light_islamic
c_0002548,u_00807,2025-10-26,grateful,distant,work,light_islamic
c_0002549,u_00808,2025-12-20,good,,purpose,light_islamic
c_0002550,u_00808,2025-12-21,low,,faith,deeper_faith
c_0002551,u_00808,2025-12-24,good,distant,anxiety,universal
c_0002552,u_00808,2025-12-26,good,at_peace,work,light_islamic
c_0002553,u_00808,2025-12-27,neutral,at_peace,faith,deeper_faith
c_0002554,u_00808,2025-12-29,neutral,questioning,self,deeper_faith
c_0002555,u_00808,2026-01-14,neutral,at_peace,work,deeper_faith
c_0002556,u_00808,2026-01-15,good,at_peace,habits,light_islamic
c_0002557,u_00810,2025-01-27,good,,anxiety,deeper_faith
c_0002558,u_00810,2025-01-28,grateful,,self,light_islamic
c_0002559,u_00810,2025-01-29,good,,faith,universal
c_0002560,u_00810,2025-01-30,very_low,,purpose,universal
c_0002561,u_00810,2025-01-31,low,questioning,burnout,deeper_faith
c_0002562,u_00810,2025-02-02,good,distant,relationships,light_islamic
c_0002563,u_00810,2025-02-04,low,distant,purpose,light_islamic
c_0002564,u_00810,2025-02-18,neutral,questioning,habits,universal
c_0002565,u_00811,2025-06-21,good,,faith,universal
c_0002566,u_00811,2025-06-22,good,,gratitude,universal
c_0002567,u_00811,2025-06-25,grateful,at_peace,faith,universal
c_0002568,u_00811,2025-06-29,neutral,hurting,relationships,light_islamic
c_0002569,u_00811,2025-06-30,low,distant,confidence,light_islamic
c_0002570,u_00811,2025-07-04,neutral,questioning,relationships,light_islamic
c_0002571,u_00811,2025-07-06,low,at_peace,relationships,light_islamic
c_0002572,u_00811,2025-07-07,grateful,distant,gratitude,universal
c_0002573,u_00811,2025-07-16,good,at_peace,self,universal
c_0002574,u_00812,2025-11-06,good,,self,light_islamic
c_0002575,u_00812,2025-11-09,neutral,,habits,light_islamic
c_0002576,u_00812,2025-11-10,neutral,questioning,purpose,universal
c_0002577,u_00812,2025-11-12,good,at_peace,anxiety,light_islamic
c_0002578,u_00812,2025-11-16,low,at_peace,anxiety,light_islamic
c_0002579,u_00812,2025-11-21,grateful,at_peace,habits,light_islamic
c_0002580,u_00812,2025-11-23,grateful,distant,work,light_islamic
c_0002581,u_00812,2025-11-28,neutral,hurting,burnout,light_islamic
c_0002582,u_00812,2025-12-04,neutral,hurting,confidence,universal
c_0002583,u_00813,2025-06-04,low,,purpose,light_islamic
c_0002584,u_00813,2025-06-08,good,at_peace,work,universal
c_0002585,u_00813,2025-06-10,neutral,at_peace,relationships,universal
c_0002586,u_00813,2025-06-11,neutral,at_peace,faith,deeper_faith
c_0002587,u_00813,2025-06-15,low,distant,faith,light_islamic
c_0002588,u_00813,2025-06-18,neutral,at_peace,purpose,light_islamic
c_0002589,u_00813,2025-06-23,very_low,questioning,burnout,universal
c_0002590,u_00813,2025-06-25,grateful,at_peace,self,deeper_faith
c_0002591,u_00814,2025-09-26,neutral,,confidence,light_islamic
c_0002592,u_00814,2025-09-28,neutral,,faith,light_islamic
c_0002593,u_00814,2025-09-29,good,,anxiety,light_islamic
c_0002594,u_00814,2025-10-06,neutral,distant,self,universal
c_0002595,u_00814,2025-10-07,good,at_peace,self,universal
c_0002596,u_00814,2025-10-10,good,at_peace,relationships,universal
c_0002597,u_00814,2025-10-15,neutral,questioning,anxiety,universal
c_0002598,u_00814,2025-10-21,good,at_peace,relationships,light_islamic
c_0002599,u_00814,2025-10-25,neutral,distant,purpose,light_islamic
c_0002600,u_00817,2025-08-09,low,,faith,deeper_faith
c_0002601,u_00817,2025-08-11,grateful,,burnout,deeper_faith
c_0002602,u_00817,2025-08-13,low,questioning,confidence,universal
c_0002603,u_00817,2025-08-17,good,distant,gratitude,universal
c_0002604,u_00817,2025-08-19,good,questioning,habits,universal
c_0002605,u_00817,2025-08-27,good,distant,purpose,light_islamic
c_0002606,u_00818,2025-10-18,good,,burnout,universal
c_0002607,u_00818,2025-10-21,low,,habits,deeper_faith
c_0002608,u_00818,2025-10-24,good,at_peace,work,light_islamic
c_0002609,u_00818,2025-10-26,neutral,questioning,faith,universal
c_0002610,u_00818,2025-10-27,good,questioning,confidence,light_islamic
c_0002611,u_00818,2025-11-01,good,at_peace,purpose,deeper_faith
c_0002612,u_00818,2025-11-03,good,questioning,habits,deeper_faith
c_0002613,u_00818,2025-11-05,neutral,questioning,anxiety,universal
c_0002614,u_00818,2025-11-06,good,questioning,self,light_islamic
c_0002615,u_00819,2025-09-11,neutral,,faith,light_islamic
c_0002616,u_00819,2025-09-17,good,at_peace,confidence,universal
c_0002617,u_00819,2025-09-20,good,distant,self,light_islamic
c_0002618,u_00819,2025-09-22,neutral,at_peace,purpose,light_islamic
c_0002619,u_00819,2025-09-26,neutral,at_peace,relationships,universal
c_0002620,u_00819,2025-09-29,grateful,distant,relationships,deeper_faith
c_0002621,u_00819,2025-10-01,grateful,at_peace,gratitude,universal
c_0002622,u_00819,2025-10-04,neutral,at_peace,work,universal
c_0002623,u_00819,2025-10-11,neutral,hurting,faith,light_islamic
c_0002624,u_00822,2025-06-03,good,,relationships,universal
c_0002625,u_00822,2025-06-05,good,,anxiety,universal
c_0002626,u_00822,2025-06-07,neutral,distant,work,light_islamic
c_0002627,u_00822,2025-06-10,neutral,at_peace,habits,light_islamic
c_0002628,u_00822,2025-06-11,neutral,hurting,work,light_islamic
c_0002629,u_00822,2025-06-12,good,at_peace,confidence,light_islamic
c_0002630,u_00822,2025-06-13,good,at_peace,faith,light_islamic
c_0002631,u_00822,2025-06-14,very_low,questioning,confidence,deeper_faith
c_0002632,u_00822,2025-06-21,neutral,questioning,anxiety,light_islamic
c_0002633,u_00823,2025-03-01,neutral,,gratitude,deeper_faith
c_0002634,u_00823,2025-03-11,good,questioning,self,light_islamic
c_0002635,u_00823,2025-03-12,neutral,at_peace,relationships,deeper_faith
c_0002636,u_00823,2025-03-16,good,distant,purpose,deeper_faith
c_0002637,u_00823,2025-03-31,grateful,at_peace,burnout,light_islamic
c_0002638,u_00824,2025-03-12,neutral,,anxiety,universal
c_0002639,u_00824,2025-03-13,good,,self,universal
c_0002640,u_00824,2025-04-09,neutral,at_peace,gratitude,universal
c_0002641,u_00825,2025-01-15,neutral,,work,light_islamic
c_0002642,u_00825,2025-01-17,neutral,,confidence,light_islamic
c_0002643,u_00825,2025-01-23,low,at_peace,confidence,universal
c_0002644,u_00825,2025-01-24,good,at_peace,habits,light_islamic
c_0002645,u_00825,2025-01-26,neutral,at_peace,anxiety,light_islamic
c_0002646,u_00825,2025-01-29,neutral,at_peace,burnout,deeper_faith
c_0002647,u_00825,2025-01-31,low,at_peace,habits,universal
c_0002648,u_00825,2025-02-11,good,at_peace,work,universal
c_0002649,u_00825,2025-02-14,very_low,questioning,burnout,light_islamic
c_0002650,u_00826,2025-07-09,grateful,,faith,universal
c_0002651,u_00826,2025-07-13,neutral,at_peace,relationships,light_islamic
c_0002652,u_00826,2025-07-20,grateful,at_peace,relationships,universal
c_0002653,u_00826,2025-07-29,low,at_peace,anxiety,universal
c_0002654,u_00826,2025-07-30,neutral,at_peace,work,universal
c_0002655,u_00827,2025-01-30,neutral,,work,light_islamic
c_0002656,u_00827,2025-02-01,good,,purpose,universal
c_0002657,u_00827,2025-02-02,grateful,,habits,universal
c_0002658,u_00827,2025-02-03,good,at_peace,faith,light_islamic
c_0002659,u_00827,2025-02-04,neutral,at_peace,burnout,light_islamic
c_0002660,u_00827,2025-02-20,neutral,at_peace,habits,light_islamic
c_0002661,u_00827,2025-02-22,low,hurting,relationships,universal
c_0002662,u_00828,2025-11-28,good,,burnout,universal
c_0002663,u_00828,2025-12-10,neutral,at_peace,habits,universal
c_0002664,u_00828,2025-12-12,very_low,questioning,burnout,light_islamic
c_0002665,u_00828,2025-12-14,very_low,distant,purpose,universal
c_0002666,u_00828,2025-12-16,neutral,at_peace,burnout,light_islamic
c_0002667,u_00829,2025-08-09,neutral,,faith,deeper_faith
c_0002668,u_00829,2025-08-17,neutral,distant,burnout,light_islamic
c_0002669,u_00829,2025-08-20,good,distant,purpose,deeper_faith
c_0002670,u_00829,2025-08-21,good,questioning,anxiety,deeper_faith
c_0002671,u_00829,2025-08-31,low,questioning,gratitude,light_islamic
c_0002672,u_00830,2025-11-07,neutral,,anxiety,universal
c_0002673,u_00830,2025-11-08,grateful,,anxiety,light_islamic
c_0002674,u_00830,2025-11-09,grateful,,habits,universal
c_0002675,u_00830,2025-11-10,neutral,,purpose,universal
c_0002676,u_00830,2025-11-12,good,distant,confidence,light_islamic
c_0002677,u_00830,2025-11-18,neutral,at_peace,anxiety,deeper_faith
c_0002678,u_00830,2025-11-30,grateful,questioning,work,deeper_faith
c_0002679,u_00830,2025-12-02,low,at_peace,gratitude,universal
c_0002680,u_00830,2025-12-07,very_low,at_peace,habits,universal
c_0002681,u_00831,2025-01-11,neutral,,anxiety,light_islamic
c_0002682,u_00831,2025-01-13,good,,gratitude,deeper_faith
c_0002683,u_00831,2025-01-16,good,hurting,self,deeper_faith
c_0002684,u_00831,2025-01-20,neutral,questioning,relationships,universal
c_0002685,u_00831,2025-01-23,grateful,at_peace,purpose,universal
c_0002686,u_00831,2025-02-03,neutral,at_peace,habits,light_islamic
c_0002687,u_00832,2025-04-28,good,,work,universal
c_0002688,u_00832,2025-05-02,grateful,questioning,self,light_islamic
c_0002689,u_00832,2025-05-06,grateful,questioning,habits,deeper_faith
c_0002690,u_00832,2025-05-07,low,at_peace,purpose,light_islamic
c_0002691,u_00832,2025-05-17,grateful,distant,purpose,universal
c_0002692,u_00835,2025-02-18,neutral,,faith,universal
c_0002693,u_00835,2025-02-23,grateful,distant,purpose,universal
c_0002694,u_00835,2025-02-27,good,at_peace,gratitude,universal
c_0002695,u_00835,2025-03-01,good,at_peace,work,universal
c_0002696,u_00835,2025-03-04,good,distant,gratitude,light_islamic
c_0002697,u_00835,2025-03-07,grateful,questioning,habits,light_islamic
c_0002698,u_00835,2025-03-08,good,at_peace,confidence,deeper_faith
c_0002699,u_00835,2025-03-18,low,at_peace,relationships,light_islamic
c_0002700,u_00835,2025-03-19,low,distant,faith,universal
c_0002701,u_00836,2025-10-25,grateful,,gratitude,universal
c_0002702,u_00836,2025-10-31,low,distant,self,universal
c_0002703,u_00836,2025-11-02,grateful,at_peace,relationships,universal
c_0002704,u_00836,2025-11-04,grateful,questioning,relationships,universal
c_0002705,u_00836,2025-11-12,good,distant,self,light_islamic
c_0002706,u_00836,2025-11-14,good,at_peace,gratitude,deeper_faith
c_0002707,u_00836,2025-11-20,good,distant,faith,light_islamic
c_0002708,u_00838,2025-06-14,good,,purpose,light_islamic
c_0002709,u_00838,2025-06-16,neutral,,relationships,universal
c_0002710,u_00838,2025-06-18,good,at_peace,burnout,light_islamic
c_0002711,u_00838,2025-06-20,good,at_peace,purpose,light_islamic
c_0002712,u_00838,2025-06-22,low,at_peace,burnout,light_islamic
c_0002713,u_00838,2025-06-27,neutral,hurting,relationships,universal
c_0002714,u_00838,2025-07-02,good,at_peace,relationships,universal
c_0002715,u_00838,2025-07-03,neutral,questioning,purpose,universal
c_0002716,u_00838,2025-07-06,good,at_peace,purpose,light_islamic
c_0002717,u_00839,2025-11-15,low,,anxiety,deeper_faith
c_0002718,u_00839,2025-11-16,grateful,,work,universal
c_0002719,u_00839,2025-11-23,low,distant,anxiety,light_islamic
c_0002720,u_00839,2025-11-26,good,at_peace,work,light_islamic
c_0002721,u_00839,2025-11-29,neutral,at_peace,confidence,universal
c_0002722,u_00839,2025-11-30,good,at_peace,confidence,deeper_faith
c_0002723,u_00840,2025-02-28,good,,work,light_islamic
c_0002724,u_00840,2025-03-01,low,,faith,light_islamic
c_0002725,u_00840,2025-03-05,neutral,questioning,anxiety,deeper_faith
c_0002726,u_00840,2025-03-06,low,questioning,burnout,deeper_faith
c_0002727,u_00840,2025-03-07,low,at_peace,work,universal
c_0002728,u_00840,2025-03-19,grateful,at_peace,burnout,universal
c_0002729,u_00840,2025-03-21,very_low,at_peace,burnout,light_islamic
c_0002730,u_00840,2025-03-25,good,questioning,habits,light_islamic
c_0002731,u_00842,2025-03-23,good,,gratitude,light_islamic
c_0002732,u_00842,2025-03-27,low,at_peace,work,universal
c_0002733,u_00842,2025-03-28,good,at_peace,habits,universal
c_0002734,u_00842,2025-04-07,neutral,at_peace,burnout,universal
c_0002735,u_00842,2025-04-08,grateful,at_peace,work,universal
c_0002736,u_00842,2025-04-22,very_low,at_peace,faith,light_islamic
c_0002737,u_00844,2025-01-02,grateful,,confidence,universal
c_0002738,u_00844,2025-01-03,good,,faith,universal
c_0002739,u_00844,2025-01-09,good,at_peace,gratitude,universal
c_0002740,u_00844,2025-01-15,low,questioning,relationships,universal
c_0002741,u_00844,2025-01-16,grateful,at_peace,relationships,deeper_faith
c_0002742,u_00844,2025-01-18,low,questioning,gratitude,light_islamic
c_0002743,u_00844,2025-01-20,neutral,at_peace,habits,deeper_faith
c_0002744,u_00844,2025-01-25,neutral,at_peace,faith,light_islamic
c_0002745,u_00844,2025-02-01,good,distant,gratitude,deeper_faith
c_0002746,u_00846,2025-05-23,grateful,,purpose,light_islamic
c_0002747,u_00846,2025-05-26,good,,habits,universal
c_0002748,u_00846,2025-05-27,grateful,at_peace,work,light_islamic
c_0002749,u_00846,2025-06-02,low,questioning,work,light_islamic
c_0002750,u_00846,2025-06-03,neutral,distant,burnout,light_islamic
c_0002751,u_00846,2025-06-16,neutral,at_peace,self,deeper_faith
c_0002752,u_00850,2025-02-02,good,,self,deeper_faith
c_0002753,u_00850,2025-02-05,low,,purpose,light_islamic
c_0002754,u_00850,2025-02-14,low,at_peace,habits,universal
c_0002755,u_00856,2025-02-23,good,,burnout,deeper_faith
c_0002756,u_00856,2025-02-26,neutral,,work,light_islamic
c_0002757,u_00856,2025-03-02,good,at_peace,habits,light_islamic
c_0002758,u_00856,2025-03-04,low,hurting,relationships,light_islamic
c_0002759,u_00856,2025-03-07,neutral,at_peace,self,universal
c_0002760,u_00856,2025-03-13,neutral,at_peace,anxiety,universal
c_0002761,u_00856,2025-03-14,low,at_peace,faith,light_islamic
c_0002762,u_00856,2025-03-23,good,at_peace,burnout,deeper_faith
c_0002763,u_00857,2025-10-17,grateful,,gratitude,light_islamic
c_0002764,u_00857,2025-10-19,good,,work,universal
c_0002765,u_00857,2025-10-26,good,questioning,confidence,universal
c_0002766,u_00857,2025-10-30,neutral,questioning,burnout,light_islamic
c_0002767,u_00860,2025-12-05,grateful,,burnout,light_islamic
c_0002768,u_00860,2025-12-06,good,,relationships,universal
c_0002769,u_00860,2025-12-12,grateful,distant,purpose,light_islamic
c_0002770,u_00860,2025-12-26,neutral,questioning,habits,deeper_faith
c_0002771,u_00860,2025-12-31,good,at_peace,gratitude,light_islamic
c_0002772,u_00863,2025-12-10,good,,anxiety,universal
c_0002773,u_00863,2025-12-12,low,,self,light_islamic
c_0002774,u_00863,2025-12-15,low,at_peace,relationships,deeper_faith
c_0002775,u_00863,2025-12-16,grateful,at_peace,gratitude,light_islamic
c_0002776,u_00863,2025-12-18,good,distant,faith,light_islamic
c_0002777,u_00863,2025-12-23,neutral,distant,anxiety,light_islamic
c_0002778,u_00863,2025-12-24,low,at_peace,work,deeper_faith
c_0002779,u_00863,2025-12-28,low,at_peace,gratitude,light_islamic
c_0002780,u_00863,2025-12-29,neutral,hurting,gratitude,universal
c_0002781,u_00863,2025-12-31,neutral,at_peace,work,universal
c_0002782,u_00866,2025-02-24,grateful,,confidence,universal
c_0002783,u_00866,2025-02-25,good,,gratitude,universal
c_0002784,u_00866,2025-02-27,grateful,,confidence,light_islamic
c_0002785,u_00866,2025-03-03,neutral,distant,habits,deeper_faith
c_0002786,u_00866,2025-03-09,neutral,distant,gratitude,universal
c_0002787,u_00866,2025-03-10,neutral,at_peace,anxiety,universal
c_0002788,u_00866,2025-03-16,neutral,at_peace,anxiety,universal
c_0002789,u_00868,2025-04-03,neutral,,anxiety,universal
c_0002790,u_00868,2025-04-11,neutral,distant,purpose,light_islamic
c_0002791,u_00868,2025-04-14,good,at_peace,purpose,deeper_faith
c_0002792,u_00868,2025-04-18,good,questioning,self,light_islamic
c_0002793,u_00868,2025-04-20,very_low,distant,self,universal
c_0002794,u_00868,2025-04-26,neutral,distant,relationships,universal
c_0002795,u_00872,2025-10-08,neutral,,burnout,universal
c_0002796,u_00872,2025-10-10,grateful,,purpose,light_islamic
c_0002797,u_00872,2025-10-15,good,hurting,relationships,universal
c_0002798,u_00872,2025-10-17,neutral,hurting,relationships,universal
c_0002799,u_00872,2025-10-21,low,distant,relationships,deeper_faith
c_0002800,u_00872,2025-10-23,low,at_peace,work,universal
c_0002801,u_00872,2025-10-27,good,questioning,work,universal
c_0002802,u_00872,2025-10-28,very_low,questioning,burnout,universal
c_0002803,u_00872,2025-10-29,low,questioning,faith,universal
c_0002804,u_00872,2025-11-07,neutral,at_peace,confidence,light_islamic
c_0002805,u_00873,2025-01-24,low,,habits,deeper_faith
c_0002806,u_00873,2025-02-04,neutral,distant,faith,light_islamic
c_0002807,u_00873,2025-02-05,low,hurting,habits,light_islamic
c_0002808,u_00873,2025-02-08,very_low,at_peace,anxiety,universal
c_0002809,u_00873,2025-02-09,good,at_peace,gratitude,light_islamic
c_0002810,u_00873,2025-02-13,neutral,distant,gratitude,deeper_faith
c_0002811,u_00873,2025-02-17,grateful,at_peace,burnout,light_islamic
c_0002812,u_00873,2025-02-22,low,distant,purpose,light_islamic
c_0002813,u_00873,2025-02-23,good,at_peace,work,universal
c_0002814,u_00874,2025-01-02,grateful,,habits,light_islamic
c_0002815,u_00874,2025-01-04,low,,relationships,light_islamic
c_0002816,u_00874,2025-01-08,good,at_peace,relationships,universal
c_0002817,u_00874,2025-01-12,neutral,questioning,self,universal
c_0002818,u_00874,2025-01-14,neutral,questioning,confidence,universal
c_0002819,u_00874,2025-01-31,neutral,at_peace,habits,universal
c_0002820,u_00875,2025-09-29,neutral,,gratitude,deeper_faith
c_0002821,u_00875,2025-10-01,good,,work,universal
c_0002822,u_00875,2025-10-06,very_low,questioning,self,universal
c_0002823,u_00875,2025-10-09,good,hurting,burnout,light_islamic
c_0002824,u_00875,2025-10-15,neutral,at_peace,purpose,light_islamic
c_0002825,u_00875,2025-10-29,neutral,at_peace,confidence,universal
c_0002826,u_00876,2025-07-04,low,,anxiety,universal
c_0002827,u_00876,2025-07-05,low,,faith,universal
c_0002828,u_00876,2025-07-06,grateful,,burnout,light_islamic
c_0002829,u_00876,2025-07-12,very_low,at_peace,faith,universal
c_0002830,u_00876,2025-07-13,low,hurting,anxiety,deeper_faith
c_0002831,u_00876,2025-07-16,grateful,at_peace,relationships,light_islamic
c_0002832,u_00876,2025-07-25,very_low,at_peace,habits,universal
c_0002833,u_00876,2025-07-26,neutral,at_peace,purpose,universal
c_0002834,u_00876,2025-07-27,low,questioning,self,deeper_faith
c_0002835,u_00876,2025-07-31,low,questioning,work,universal
c_0002836,u_00878,2025-11-10,very_low,,relationships,light_islamic
c_0002837,u_00878,2025-11-21,neutral,distant,work,deeper_faith
c_0002838,u_00878,2025-11-27,good,questioning,faith,universal
c_0002839,u_00878,2025-12-04,neutral,distant,confidence,light_islamic
c_0002840,u_00878,2025-12-06,neutral,at_peace,habits,light_islamic
c_0002841,u_00878,2025-12-07,good,questioning,habits,light_islamic
c_0002842,u_00880,2025-10-16,good,,purpose,deeper_faith
c_0002843,u_00880,2025-10-19,good,,anxiety,light_islamic
c_0002844,u_00880,2025-10-23,neutral,distant,confidence,universal
c_0002845,u_00880,2025-10-24,good,at_peace,gratitude,universal
c_0002846,u_00880,2025-11-04,good,distant,work,deeper_faith
c_0002847,u_00880,2025-11-05,neutral,at_peace,work,universal
c_0002848,u_00880,2025-11-13,neutral,at_peace,relationships,deeper_faith
c_0002849,u_00880,2025-11-14,good,hurting,purpose,light_islamic
c_0002850,u_00881,2025-09-08,neutral,,work,universal
c_0002851,u_00881,2025-09-21,neutral,at_peace,relationships,deeper_faith
c_0002852,u_00881,2025-09-27,good,at_peace,gratitude,universal
c_0002853,u_00881,2025-09-29,neutral,at_peace,confidence,universal
c_0002854,u_00883,2025-09-13,good,,habits,deeper_faith
c_0002855,u_00883,2025-09-14,good,,gratitude,deeper_faith
c_0002856,u_00883,2025-09-15,good,,self,light_islamic
c_0002857,u_00883,2025-09-29,low,at_peace,self,universal
c_0002858,u_00883,2025-09-30,neutral,distant,relationships,deeper_faith
c_0002859,u_00883,2025-10-02,low,at_peace,purpose,universal
c_0002860,u_00883,2025-10-06,good,distant,faith,light_islamic
c_0002861,u_00883,2025-10-08,good,at_peace,faith,light_islamic
c_0002862,u_00885,2025-11-03,neutral,,anxiety,universal
c_0002863,u_00885,2025-11-11,neutral,distant,work,universal
c_0002864,u_00885,2025-11-15,good,questioning,faith,universal
c_0002865,u_00885,2025-11-16,grateful,at_peace,habits,light_islamic
c_0002866,u_00885,2025-11-19,neutral,distant,confidence,light_islamic
c_0002867,u_00885,2025-11-20,grateful,hurting,purpose,light_islamic
c_0002868,u_00885,2025-11-22,good,questioning,habits,light_islamic
c_0002869,u_00885,2025-11-27,good,at_peace,habits,light_islamic
c_0002870,u_00885,2025-11-30,good,hurting,self,light_islamic
c_0002871,u_00888,2025-11-28,good,,faith,universal
c_0002872,u_00888,2025-12-01,good,,gratitude,universal
c_0002873,u_00888,2025-12-02,grateful,at_peace,relationships,universal
c_0002874,u_00888,2025-12-07,good,questioning,confidence,universal
c_0002875,u_00888,2025-12-10,neutral,at_peace,work,light_islamic
c_0002876,u_00888,2025-12-13,neutral,at_peace,work,universal
c_0002877,u_00888,2025-12-18,very_low,questioning,gratitude,deeper_faith
c_0002878,u_00888,2025-12-19,very_low,distant,self,light_islamic
c_0002879,u_00889,2025-03-30,grateful,,burnout,light_islamic
c_0002880,u_00889,2025-03-31,grateful,,work,light_islamic
c_0002881,u_00889,2025-04-02,neutral,,burnout,light_islamic
c_0002882,u_00889,2025-04-15,neutral,distant,confidence,universal
c_0002883,u_00889,2025-04-18,grateful,distant,anxiety,deeper_faith
c_0002884,u_00889,2025-04-26,good,hurting,purpose,deeper_faith
c_0002885,u_00889,2025-04-28,good,distant,self,universal
c_0002886,u_00890,2025-08-17,good,,habits,light_islamic
c_0002887,u_00890,2025-08-29,good,at_peace,confidence,light_islamic
c_0002888,u_00890,2025-09-07,low,questioning,work,light_islamic
c_0002889,u_00890,2025-09-08,good,distant,burnout,light_islamic
c_0002890,u_00890,2025-09-10,good,distant,work,light_islamic
c_0002891,u_00891,2025-12-26,low,,confidence,light_islamic
c_0002892,u_00891,2025-12-28,good,,self,light_islamic
c_0002893,u_00891,2025-12-30,good,at_peace,work,light_islamic
c_0002894,u_00891,2026-01-08,good,at_peace,habits,light_islamic
c_0002895,u_00891,2026-01-11,good,at_peace,purpose,light_islamic
c_0002896,u_00891,2026-01-20,very_low,at_peace,faith,universal
c_0002897,u_00891,2026-01-22,neutral,at_peace,confidence,universal
c_0002898,u_00891,2026-01-25,neutral,distant,purpose,universal
c_0002899,u_00900,2025-03-16,neutral,,anxiety,universal
c_0002900,u_00900,2025-03-17,neutral,,anxiety,light_islamic
c_0002901,u_00900,2025-03-21,neutral,at_peace,anxiety,universal
c_0002902,u_00900,2025-03-23,good,distant,self,light_islamic
c_0002903,u_00900,2025-03-27,neutral,distant,burnout,light_islamic
c_0002904,u_00900,2025-04-01,neutral,at_peace,anxiety,deeper_faith
c_0002905,u_00900,2025-04-08,good,at_peace,gratitude,light_islamic
c_0002906,u_00900,2025-04-11,low,questioning,purpose,light_islamic
c_0002907,u_00901,2025-06-28,good,,self,universal
c_0002908,u_00901,2025-06-30,grateful,,anxiety,universal
c_0002909,u_00901,2025-07-04,grateful,hurting,habits,universal
c_0002910,u_00901,2025-07-06,good,hurting,faith,universal
c_0002911,u_00901,2025-07-11,good,at_peace,habits,light_islamic
c_0002912,u_00901,2025-07-17,good,at_peace,habits,universal
c_0002913,u_00901,2025-07-19,good,questioning,gratitude,light_islamic
c_0002914,u_00904,2025-03-14,very_low,,relationships,light_islamic
c_0002915,u_00904,2025-03-15,neutral,,work,deeper_faith
c_0002916,u_00904,2025-03-17,good,,purpose,universal
c_0002917,u_00904,2025-03-19,low,questioning,relationships,universal
c_0002918,u_00904,2025-03-23,good,at_peace,self,universal
c_0002919,u_00904,2025-03-27,grateful,hurting,relationships,universal
c_0002920,u_00904,2025-04-01,good,at_peace,habits,universal
c_0002921,u_00904,2025-04-07,good,at_peace,confidence,light_islamic
c_0002922,u_00907,2025-03-14,good,,habits,universal
c_0002923,u_00907,2025-03-15,very_low,,gratitude,deeper_faith
c_0002924,u_00907,2025-03-16,grateful,,faith,universal
c_0002925,u_00907,2025-03-17,good,,relationships,universal
c_0002926,u_00907,2025-03-20,neutral,at_peace,gratitude,deeper_faith
c_0002927,u_00907,2025-03-22,good,distant,gratitude,light_islamic
c_0002928,u_00907,2025-04-03,grateful,at_peace,purpose,light_islamic
c_0002929,u_00907,2025-04-04,low,at_peace,self,deeper_faith
c_0002930,u_00907,2025-04-10,neutral,questioning,faith,universal
c_0002931,u_00911,2025-08-19,neutral,,relationships,universal
c_0002932,u_00911,2025-08-23,very_low,questioning,self,light_islamic
c_0002933,u_00911,2025-08-24,good,at_peace,faith,deeper_faith
c_0002934,u_00911,2025-08-25,very_low,at_peace,habits,universal
c_0002935,u_00911,2025-08-29,good,distant,burnout,light_islamic
c_0002936,u_00911,2025-09-02,good,distant,purpose,light_islamic
c_0002937,u_00911,2025-09-03,good,at_peace,relationships,light_islamic
c_0002938,u_00911,2025-09-13,good,at_peace,anxiety,universal
c_0002939,u_00914,2025-12-02,neutral,,burnout,deeper_faith
c_0002940,u_00914,2025-12-04,neutral,,burnout,light_islamic
c_0002941,u_00914,2025-12-05,very_low,,burnout,light_islamic
c_0002942,u_00914,2025-12-07,neutral,questioning,work,universal
c_0002943,u_00914,2025-12-09,grateful,distant,burnout,universal
c_0002944,u_00914,2025-12-13,neutral,at_peace,faith,light_islamic
c_0002945,u_00917,2025-10-30,neutral,,self,universal
c_0002946,u_00917,2025-10-31,good,,anxiety,light_islamic
c_0002947,u_00917,2025-11-01,good,,relationships,light_islamic
c_0002948,u_00917,2025-11-05,low,hurting,habits,universal
c_0002949,u_00917,2025-11-07,good,questioning,purpose,universal
c_0002950,u_00917,2025-11-09,very_low,at_peace,purpose,universal
c_0002951,u_00917,2025-11-11,good,distant,self,universal
c_0002952,u_00917,2025-11-23,good,hurting,self,deeper_faith
c_0002953,u_00917,2025-11-25,neutral,distant,work,light_islamic
c_0002954,u_00917,2025-11-26,good,at_peace,gratitude,light_islamic
c_0002955,u_00917,2025-11-29,good,questioning,faith,universal
c_0002956,u_00918,2025-09-13,grateful,,relationships,light_islamic
c_0002957,u_00918,2025-09-21,good,at_peace,purpose,universal
c_0002958,u_00918,2025-09-23,grateful,at_peace,self,deeper_faith
c_0002959,u_00918,2025-09-30,low,questioning,faith,light_islamic
c_0002960,u_00918,2025-10-01,good,distant,confidence,universal
c_0002961,u_00918,2025-10-04,neutral,at_peace,faith,universal
c_0002962,u_00918,2025-10-05,good,at_peace,habits,light_islamic
c_0002963,u_00919,2025-01-14,neutral,,purpose,universal
c_0002964,u_00919,2025-01-15,neutral,,self,light_islamic
c_0002965,u_00919,2025-01-20,very_low,questioning,burnout,deeper_faith
c_0002966,u_00919,2025-02-02,good,questioning,relationships,light_islamic
c_0002967,u_00919,2025-02-05,good,at_peace,habits,universal
c_0002968,u_00919,2025-02-09,low,at_peace,work,light_islamic
c_0002969,u_00920,2025-11-25,neutral,,anxiety,light_islamic
c_0002970,u_00920,2025-11-26,grateful,,work,light_islamic
c_0002971,u_00920,2025-12-01,grateful,questioning,gratitude,universal
c_0002972,u_00920,2025-12-02,low,distant,faith,universal
c_0002973,u_00920,2025-12-04,neutral,at_peace,work,light_islamic
c_0002974,u_00920,2025-12-07,good,questioning,burnout,light_islamic
c_0002975,u_00920,2025-12-12,very_low,at_peace,purpose,deeper_faith
c_0002976,u_00920,2025-12-15,low,questioning,purpose,universal
c_0002977,u_00920,2025-12-23,good,at_peace,purpose,light_islamic
c_0002978,u_00922,2025-02-26,neutral,,anxiety,light_islamic
c_0002979,u_00922,2025-02-27,neutral,,relationships,deeper_faith
c_0002980,u_00922,2025-02-28,neutral,,work,deeper_faith
c_0002981,u_00922,2025-03-01,grateful,,gratitude,light_islamic
c_0002982,u_00922,2025-03-02,neutral,at_peace,faith,light_islamic
c_0002983,u_00922,2025-03-05,good,at_peace,purpose,universal
c_0002984,u_00922,2025-03-08,low,questioning,anxiety,light_islamic
c_0002985,u_00922,2025-03-20,very_low,distant,confidence,universal
c_0002986,u_00922,2025-03-22,good,at_peace,work,light_islamic
c_0002987,u_00923,2025-03-08,good,,anxiety,universal
c_0002988,u_00923,2025-03-10,grateful,,confidence,universal
c_0002989,u_00923,2025-03-12,good,questioning,purpose,universal
c_0002990,u_00923,2025-03-15,good,at_peace,self,deeper_faith
c_0002991,u_00923,2025-03-20,very_low,at_peace,purpose,light_islamic
c_0002992,u_00923,2025-03-21,good,distant,confidence,light_islamic
c_0002993,u_00923,2025-03-24,good,questioning,purpose,universal
c_0002994,u_00924,2025-04-17,low,,self,light_islamic
c_0002995,u_00924,2025-04-21,very_low,questioning,gratitude,light_islamic
c_0002996,u_00924,2025-04-22,good,at_peace,gratitude,universal
c_0002997,u_00924,2025-04-27,low,at_peace,self,light_islamic
c_0002998,u_00924,2025-05-02,good,distant,confidence,light_islamic
c_0002999,u_00924,2025-05-04,neutral,at_peace,faith,light_islamic
c_0003000,u_00924,2025-05-12,grateful,at_peace,relationships,universal
c_0003001,u_00924,2025-05-17,low,distant,purpose,universal
c_0003002,u_00926,2025-02-10,grateful,,faith,light_islamic
c_0003003,u_00926,2025-02-13,good,,relationships,light_islamic
c_0003004,u_00926,2025-02-14,neutral,at_peace,anxiety,light_islamic
c_0003005,u_00926,2025-02-15,good,at_peace,confidence,universal
c_0003006,u_00926,2025-02-19,good,hurting,purpose,light_islamic
c_0003007,u_00926,2025-02-20,grateful,hurting,burnout,deeper_faith
c_0003008,u_00926,2025-02-21,neutral,at_peace,faith,light_islamic
c_0003009,u_00926,2025-02-25,neutral,hurting,purpose,universal
c_0003010,u_00926,2025-02-26,good,distant,relationships,light_islamic
c_0003011,u_00926,2025-03-11,good,at_peace,confidence,light_islamic
c_0003012,u_00927,2025-09-24,grateful,,gratitude,universal
c_0003013,u_00927,2025-10-04,good,at_peace,faith,deeper_faith
c_0003014,u_00928,2025-12-18,good,,faith,universal
c_0003015,u_00928,2025-12-20,very_low,,faith,light_islamic
c_0003016,u_00928,2025-12-21,neutral,,relationships,deeper_faith
c_0003017,u_00928,2025-12-26,good,at_peace,relationships,universal
c_0003018,u_00928,2025-12-29,neutral,questioning,gratitude,universal
c_0003019,u_00928,2026-01-02,good,at_peace,burnout,universal
c_0003020,u_00928,2026-01-05,neutral,at_peace,faith,light_islamic
c_0003021,u_00932,2025-02-22,neutral,,anxiety,light_islamic
c_0003022,u_00932,2025-02-27,good,at_peace,faith,light_islamic
c_0003023,u_00932,2025-03-01,neutral,questioning,confidence,universal
c_0003024,u_00932,2025-03-04,good,distant,faith,light_islamic
c_0003025,u_00932,2025-03-23,good,questioning,faith,universal
c_0003026,u_00934,2025-08-15,low,,purpose,universal
c_0003027,u_00934,2025-08-19,good,at_peace,anxiety,light_islamic
c_0003028,u_00934,2025-08-21,neutral,at_peace,self,deeper_faith
c_0003029,u_00934,2025-09-10,good,at_peace,self,light_islamic
c_0003030,u_00939,2025-01-21,neutral,,habits,universal
c_0003031,u_00939,2025-01-23,good,,relationships,deeper_faith
c_0003032,u_00939,2025-01-28,grateful,questioning,habits,universal
c_0003033,u_00939,2025-02-07,neutral,at_peace,relationships,universal
c_0003034,u_00939,2025-02-11,good,hurting,confidence,deeper_faith
c_0003035,u_00939,2025-02-13,good,at_peace,burnout,deeper_faith
c_0003036,u_00939,2025-02-20,neutral,questioning,burnout,light_islamic
c_0003037,u_00943,2025-04-20,grateful,,habits,universal
c_0003038,u_00943,2025-04-22,neutral,,gratitude,deeper_faith
c_0003039,u_00943,2025-05-03,good,at_peace,gratitude,universal
c_0003040,u_00943,2025-05-17,good,questioning,habits,deeper_faith
c_0003041,u_00945,2025-02-09,very_low,,habits,universal
c_0003042,u_00945,2025-02-10,neutral,,faith,universal
c_0003043,u_00945,2025-02-12,neutral,,faith,deeper_faith
c_0003044,u_00945,2025-02-18,neutral,questioning,faith,universal
c_0003045,u_00945,2025-03-01,neutral,at_peace,purpose,deeper_faith
c_0003046,u_00945,2025-03-09,neutral,at_peace,anxiety,light_islamic
c_0003047,u_00945,2025-03-11,very_low,distant,faith,universal
c_0003048,u_00946,2025-08-15,good,,habits,universal
c_0003049,u_00946,2025-08-19,low,distant,purpose,universal
c_0003050,u_00946,2025-08-23,good,questioning,relationships,deeper_faith
c_0003051,u_00946,2025-08-30,good,at_peace,burnout,universal
c_0003052,u_00946,2025-09-01,very_low,at_peace,gratitude,universal
c_0003053,u_00946,2025-09-06,low,at_peace,confidence,light_islamic
c_0003054,u_00949,2025-05-24,very_low,,relationships,universal
c_0003055,u_00949,2025-05-26,good,,gratitude,light_islamic
c_0003056,u_00949,2025-05-28,grateful,at_peace,habits,light_islamic
c_0003057,u_00949,2025-06-05,good,at_peace,anxiety,universal
c_0003058,u_00949,2025-06-09,good,distant,work,universal
c_0003059,u_00949,2025-06-12,neutral,at_peace,burnout,deeper_faith
c_0003060,u_00949,2025-06-18,low,at_peace,anxiety,light_islamic
c_0003061,u_00950,2025-01-25,neutral,,anxiety,universal
c_0003062,u_00950,2025-01-30,low,at_peace,faith,light_islamic
c_0003063,u_00950,2025-02-01,neutral,distant,anxiety,light_islamic
c_0003064,u_00950,2025-02-08,neutral,at_peace,work,universal
c_0003065,u_00950,2025-02-12,neutral,at_peace,relationships,light_islamic
c_0003066,u_00951,2025-12-01,grateful,,confidence,deeper_faith
c_0003067,u_00951,2025-12-03,good,,relationships,light_islamic
c_0003068,u_00951,2025-12-11,low,questioning,gratitude,universal
c_0003069,u_00951,2025-12-15,good,questioning,burnout,deeper_faith
c_0003070,u_00951,2025-12-20,neutral,at_peace,gratitude,universal
c_0003071,u_00951,2025-12-31,neutral,at_peace,relationships,universal
c_0003072,u_00954,2025-12-08,good,,purpose,universal
c_0003073,u_00954,2025-12-12,good,distant,burnout,universal
c_0003074,u_00954,2025-12-20,very_low,at_peace,habits,light_islamic
c_0003075,u_00954,2025-12-23,grateful,at_peace,burnout,universal
c_0003076,u_00954,2025-12-26,good,at_peace,faith,universal
c_0003077,u_00954,2025-12-29,grateful,distant,burnout,light_islamic
c_0003078,u_00954,2025-12-31,neutral,distant,gratitude,universal
c_0003079,u_00956,2025-05-31,neutral,,work,universal
c_0003080,u_00956,2025-06-08,neutral,distant,relationships,deeper_faith
c_0003081,u_00956,2025-06-09,good,distant,anxiety,light_islamic
c_0003082,u_00956,2025-06-10,good,at_peace,burnout,universal
c_0003083,u_00956,2025-06-13,good,at_peace,purpose,deeper_faith
c_0003084,u_00956,2025-06-17,neutral,distant,purpose,universal
c_0003085,u_00956,2025-06-21,neutral,at_peace,relationships,universal
c_0003086,u_00958,2025-08-10,neutral,,habits,deeper_faith
c_0003087,u_00958,2025-08-13,good,,anxiety,deeper_faith
c_0003088,u_00958,2025-08-18,grateful,at_peace,burnout,light_islamic
c_0003089,u_00958,2025-08-22,good,at_peace,faith,light_islamic
c_0003090,u_00958,2025-08-27,good,at_peace,relationships,universal
c_0003091,u_00960,2025-02-25,good,,confidence,light_islamic
c_0003092,u_00960,2025-02-27,good,,relationships,light_islamic
c_0003093,u_00960,2025-03-09,very_low,at_peace,burnout,light_islamic
c_0003094,u_00960,2025-03-17,very_low,at_peace,confidence,light_islamic
c_0003095,u_00964,2025-09-03,grateful,,faith,deeper_faith
c_0003096,u_00964,2025-09-05,good,,self,deeper_faith
c_0003097,u_00964,2025-09-10,grateful,distant,faith,universal
c_0003098,u_00964,2025-09-16,grateful,at_peace,relationships,universal
c_0003099,u_00964,2025-09-19,good,at_peace,habits,light_islamic
c_0003100,u_00964,2025-09-25,good,distant,habits,deeper_faith
c_0003101,u_00966,2025-04-11,neutral,,work,universal
c_0003102,u_00966,2025-04-14,good,,habits,light_islamic
c_0003103,u_00966,2025-04-15,grateful,at_peace,gratitude,universal
c_0003104,u_00966,2025-04-16,very_low,questioning,self,light_islamic
c_0003105,u_00966,2025-04-17,low,hurting,habits,universal
c_0003106,u_00966,2025-04-18,low,at_peace,self,light_islamic
c_0003107,u_00966,2025-04-24,neutral,at_peace,relationships,universal
c_0003108,u_00966,2025-04-25,neutral,at_peace,relationships,light_islamic
c_0003109,u_00966,2025-05-03,good,at_peace,anxiety,universal
c_0003110,u_00966,2025-05-10,grateful,at_peace,anxiety,universal
c_0003111,u_00968,2025-12-16,neutral,,anxiety,deeper_faith
c_0003112,u_00968,2025-12-17,neutral,,work,universal
c_0003113,u_00968,2025-12-19,neutral,,self,universal
c_0003114,u_00968,2025-12-21,grateful,at_peace,confidence,universal
c_0003115,u_00968,2025-12-23,neutral,at_peace,work,universal
c_0003116,u_00968,2025-12-25,low,at_peace,gratitude,universal
c_0003117,u_00968,2025-12-27,neutral,distant,self,universal
c_0003118,u_00968,2026-01-01,low,questioning,relationships,universal
c_0003119,u_00968,2026-01-02,very_low,distant,purpose,universal
c_0003120,u_00968,2026-01-04,grateful,questioning,gratitude,deeper_faith
c_0003121,u_00970,2025-12-21,neutral,,purpose,light_islamic
c_0003122,u_00970,2025-12-24,good,,work,deeper_faith
c_0003123,u_00970,2025-12-29,good,questioning,relationships,light_islamic
c_0003124,u_00970,2026-01-03,neutral,hurting,habits,universal
c_0003125,u_00970,2026-01-04,neutral,at_peace,gratitude,light_islamic
c_0003126,u_00970,2026-01-06,grateful,distant,purpose,universal
c_0003127,u_00973,2025-12-16,good,,work,light_islamic
c_0003128,u_00973,2025-12-17,very_low,,work,light_islamic
c_0003129,u_00973,2025-12-18,good,,relationships,deeper_faith
c_0003130,u_00973,2025-12-19,neutral,,burnout,light_islamic
c_0003131,u_00973,2025-12-24,low,hurting,burnout,light_islamic
c_0003132,u_00973,2025-12-29,neutral,hurting,confidence,universal
c_0003133,u_00973,2025-12-31,good,at_peace,relationships,universal
c_0003134,u_00973,2026-01-03,neutral,at_peace,confidence,light_islamic
c_0003135,u_00973,2026-01-07,low,at_peace,confidence,deeper_faith
c_0003136,u_00973,2026-01-14,good,at_peace,self,universal
c_0003137,u_00974,2025-01-07,good,,work,deeper_faith
c_0003138,u_00974,2025-01-17,neutral,at_peace,purpose,universal
c_0003139,u_00974,2025-01-29,good,distant,self,universal
c_0003140,u_00977,2025-08-18,good,,gratitude,universal
c_0003141,u_00977,2025-08-20,neutral,,self,light_islamic
c_0003142,u_00977,2025-08-21,neutral,,purpose,light_islamic
c_0003143,u_00977,2025-08-22,low,at_peace,faith,deeper_faith
c_0003144,u_00977,2025-08-23,good,questioning,work,universal
c_0003145,u_00977,2025-08-26,good,at_peace,purpose,light_islamic
c_0003146,u_00977,2025-09-03,neutral,questioning,confidence,universal
c_0003147,u_00977,2025-09-10,low,distant,anxiety,light_islamic
c_0003148,u_00977,2025-09-12,neutral,at_peace,habits,universal
c_0003149,u_00980,2025-01-07,good,,self,light_islamic
c_0003150,u_00980,2025-01-08,good,,gratitude,light_islamic
c_0003151,u_00980,2025-01-11,good,questioning,anxiety,universal
c_0003152,u_00980,2025-01-13,good,questioning,purpose,universal
c_0003153,u_00980,2025-01-15,neutral,distant,gratitude,universal
c_0003154,u_00980,2025-01-16,very_low,at_peace,confidence,light_islamic
c_0003155,u_00980,2025-01-19,neutral,at_peace,relationships,light_islamic
c_0003156,u_00980,2025-01-28,low,at_peace,work,universal
c_0003157,u_00982,2025-11-10,grateful,,relationships,universal
c_0003158,u_00982,2025-11-17,low,distant,anxiety,light_islamic
c_0003159,u_00982,2025-11-20,very_low,at_peace,confidence,deeper_faith
c_0003160,u_00982,2025-11-26,low,at_peace,relationships,light_islamic
c_0003161,u_00982,2025-12-03,neutral,at_peace,self,light_islamic
c_0003162,u_00984,2025-05-21,neutral,,gratitude,light_islamic
c_0003163,u_00984,2025-05-26,very_low,distant,relationships,deeper_faith
c_0003164,u_00984,2025-05-31,grateful,questioning,gratitude,universal
c_0003165,u_00984,2025-06-02,very_low,at_peace,confidence,deeper_faith
c_0003166,u_00984,2025-06-04,very_low,questioning,habits,universal
c_0003167,u_00984,2025-06-05,neutral,at_peace,habits,light_islamic
c_0003168,u_00984,2025-06-13,neutral,questioning,relationships,light_islamic
c_0003169,u_00985,2025-04-22,neutral,,relationships,universal
c_0003170,u_00985,2025-04-23,neutral,,burnout,light_islamic
c_0003171,u_00985,2025-04-24,good,,burnout,deeper_faith
c_0003172,u_00985,2025-04-27,good,at_peace,relationships,light_islamic
c_0003173,u_00985,2025-05-01,good,at_peace,gratitude,deeper_faith
c_0003174,u_00985,2025-05-02,good,at_peace,habits,universal
c_0003175,u_00985,2025-05-04,good,distant,anxiety,light_islamic
c_0003176,u_00985,2025-05-07,very_low,at_peace,gratitude,deeper_faith
c_0003177,u_00985,2025-05-13,very_low,distant,work,deeper_faith
c_0003178,u_00987,2025-06-02,good,,self,light_islamic
c_0003179,u_00987,2025-06-03,very_low,,purpose,light_islamic
c_0003180,u_00987,2025-06-04,good,,faith,deeper_faith
c_0003181,u_00987,2025-06-15,good,at_peace,purpose,universal
c_0003182,u_00987,2025-06-17,good,questioning,confidence,universal
c_0003183,u_00987,2025-06-19,good,at_peace,gratitude,light_islamic
c_0003184,u_00990,2025-08-16,good,,purpose,light_islamic
c_0003185,u_00990,2025-08-22,good,at_peace,burnout,universal
c_0003186,u_00990,2025-08-26,low,at_peace,purpose,universal
c_0003187,u_00990,2025-08-30,good,distant,anxiety,light_islamic
c_0003188,u_00990,2025-09-03,good,questioning,self,deeper_faith
c_0003189,u_00990,2025-09-06,neutral,questioning,faith,universal
c_0003190,u_00990,2025-09-08,good,distant,self,universal
c_0003191,u_00992,2025-10-04,neutral,,confidence,deeper_faith
c_0003192,u_00992,2025-10-05,good,,purpose,light_islamic
c_0003193,u_00992,2025-10-07,low,,work,light_islamic
c_0003194,u_00992,2025-10-25,low,at_peace,habits,light_islamic
c_0003195,u_00992,2025-10-31,very_low,hurting,self,universal
c_0003196,u_00992,2025-11-03,good,at_peace,relationships,light_islamic
c_0003197,u_00994,2025-09-07,neutral,,faith,light_islamic
c_0003198,u_00994,2025-09-08,neutral,,habits,light_islamic
c_0003199,u_00994,2025-09-10,good,,confidence,universal
c_0003200,u_00994,2025-09-20,neutral,questioning,work,deeper_faith
c_0003201,u_00994,2025-09-28,good,distant,gratitude,deeper_faith
c_0003202,u_00994,2025-09-30,low,distant,faith,light_islamic
c_0003203,u_00994,2025-10-04,good,distant,relationships,light_islamic
c_0003204,u_00997,2025-08-22,neutral,,burnout,universal
c_0003205,u_00997,2025-08-24,good,,relationships,universal
c_0003206,u_00997,2025-08-25,low,,habits,universal
c_0003207,u_00997,2025-08-26,good,hurting,gratitude,deeper_faith
c_0003208,u_00997,2025-08-29,grateful,hurting,faith,universal
c_0003209,u_00997,2025-08-30,very_low,distant,habits,deeper_faith
c_0003210,u_00997,2025-09-05,good,hurting,anxiety,light_islamic
c_0003211,u_00997,2025-09-18,low,at_peace,faith,universal
c_0003212,u_00997,2025-09-21,good,at_peace,relationships,light_islamic
c_0003213,u_00999,2025-08-22,good,,confidence,universal
c_0003214,u_00999,2025-08-24,neutral,,faith,universal
c_0003215,u_00999,2025-08-25,neutral,,relationships,deeper_faith
c_0003216,u_00999,2025-08-26,neutral,at_peace,work,light_islamic
c_0003217,u_00999,2025-08-30,neutral,distant,gratitude,deeper_faith
c_0003218,u_00999,2025-08-31,neutral,distant,anxiety,deeper_faith
c_0003219,u_00999,2025-09-04,very_low,at_peace,gratitude,light_islamic
c_0003220,u_00999,2025-09-05,neutral,at_peace,anxiety,universal
c_0003221,u_00999,2025-09-08,low,at_peace,confidence,light_islamic
c_0003222,u_01000,2025-07-14,neutral,,relationships,deeper_faith
c_0003223,u_01000,2025-07-19,neutral,at_peace,habits,universal
c_0003224,u_01000,2025-07-21,neutral,at_peace,anxiety,universal
c_0003225,u_01000,2025-07-22,low,distant,faith,light_islamic
c_0003226,u_01000,2025-07-25,good,distant,work,universal
c_0003227,u_01000,2025-07-28,good,questioning,work,light_islamic
c_0003228,u_01000,2025-08-03,good,hurting,purpose,light_islamic
c_0003229,u_01003,2025-08-18,very_low,,burnout,universal
c_0003230,u_01003,2025-08-26,neutral,questioning,gratitude,light_islamic
c_0003231,u_01003,2025-09-09,low,distant,burnout,deeper_faith
c_0003232,u_01003,2025-09-10,grateful,at_peace,burnout,light_islamic
c_0003233,u_01003,2025-09-11,good,at_peace,burnout,universal
c_0003234,u_01004,2025-11-19,neutral,,confidence,light_islamic
c_0003235,u_01004,2025-11-21,low,,anxiety,universal
c_0003236,u_01004,2025-11-22,low,,gratitude,deeper_faith
c_0003237,u_01004,2025-11-23,good,distant,relationships,universal
c_0003238,u_01004,2025-11-27,low,at_peace,burnout,light_islamic
c_0003239,u_01004,2025-11-28,good,at_peace,confidence,light_islamic
c_0003240,u_01004,2025-11-29,very_low,hurting,anxiety,light_islamic
c_0003241,u_01004,2025-12-02,grateful,at_peace,anxiety,deeper_faith
c_0003242,u_01004,2025-12-11,good,hurting,habits,light_islamic
c_0003243,u_01004,2025-12-13,grateful,hurting,gratitude,deeper_faith
c_0003244,u_01004,2025-12-14,low,distant,self,light_islamic
c_0003245,u_01005,2025-05-03,low,,habits,light_islamic
c_0003246,u_01005,2025-05-15,good,questioning,habits,light_islamic
c_0003247,u_01005,2025-05-17,grateful,questioning,confidence,light_islamic
c_0003248,u_01005,2025-05-20,neutral,at_peace,gratitude,light_islamic
c_0003249,u_01010,2025-03-08,grateful,,anxiety,deeper_faith
c_0003250,u_01010,2025-03-09,very_low,,burnout,universal
c_0003251,u_01010,2025-03-10,neutral,,work,light_islamic
c_0003252,u_01010,2025-03-13,low,at_peace,gratitude,deeper_faith
c_0003253,u_01010,2025-03-23,good,at_peace,work,universal
c_0003254,u_01010,2025-03-30,grateful,questioning,habits,deeper_faith
c_0003255,u_01010,2025-04-01,neutral,questioning,purpose,deeper_faith
c_0003256,u_01010,2025-04-02,neutral,distant,self,light_islamic
c_0003257,u_01012,2025-03-20,neutral,,burnout,deeper_faith
c_0003258,u_01012,2025-03-22,good,,anxiety,light_islamic
c_0003259,u_01012,2025-03-23,good,,faith,light_islamic
c_0003260,u_01012,2025-03-24,neutral,questioning,self,universal
c_0003261,u_01012,2025-03-27,neutral,at_peace,relationships,light_islamic
c_0003262,u_01012,2025-03-28,good,distant,work,universal
c_0003263,u_01012,2025-03-30,neutral,questioning,self,universal
c_0003264,u_01013,2025-10-04,neutral,,purpose,universal
c_0003265,u_01013,2025-10-10,neutral,distant,work,universal
c_0003266,u_01013,2025-10-14,very_low,questioning,anxiety,light_islamic
c_0003267,u_01013,2025-10-28,low,at_peace,purpose,light_islamic
c_0003268,u_01019,2025-04-17,good,,confidence,light_islamic
c_0003269,u_01019,2025-04-21,grateful,questioning,self,universal
c_0003270,u_01019,2025-04-22,good,at_peace,faith,universal
c_0003271,u_01019,2025-04-24,neutral,distant,purpose,deeper_faith
c_0003272,u_01019,2025-04-25,good,distant,gratitude,universal
c_0003273,u_01019,2025-04-29,good,distant,confidence,universal
c_0003274,u_01019,2025-05-01,very_low,questioning,purpose,light_islamic
c_0003275,u_01019,2025-05-04,very_low,at_peace,burnout,universal
c_0003276,u_01019,2025-05-08,neutral,distant,work,deeper_faith
c_0003277,u_01019,2025-05-11,good,distant,habits,universal
c_0003278,u_01021,2025-12-01,good,,confidence,light_islamic
c_0003279,u_01021,2025-12-06,grateful,at_peace,gratitude,light_islamic
c_0003280,u_01021,2025-12-09,neutral,at_peace,confidence,light_islamic
c_0003281,u_01021,2025-12-12,neutral,questioning,work,universal
c_0003282,u_01021,2025-12-13,grateful,distant,self,deeper_faith
c_0003283,u_01021,2025-12-16,good,at_peace,faith,deeper_faith
c_0003284,u_01021,2025-12-23,very_low,hurting,anxiety,universal
c_0003285,u_01023,2025-05-04,grateful,,work,light_islamic
c_0003286,u_01023,2025-05-08,neutral,distant,burnout,light_islamic
c_0003287,u_01023,2025-05-12,good,at_peace,burnout,light_islamic
c_0003288,u_01023,2025-05-16,good,at_peace,anxiety,universal
c_0003289,u_01023,2025-05-26,low,distant,burnout,universal
c_0003290,u_01023,2025-05-27,neutral,hurting,anxiety,light_islamic
c_0003291,u_01023,2025-06-01,good,questioning,relationships,universal
c_0003292,u_01025,2025-12-02,good,,relationships,light_islamic
c_0003293,u_01025,2025-12-04,neutral,,self,universal
c_0003294,u_01025,2025-12-10,neutral,at_peace,anxiety,deeper_faith
c_0003295,u_01025,2025-12-15,low,at_peace,relationships,light_islamic
c_0003296,u_01025,2025-12-20,good,at_peace,self,deeper_faith
c_0003297,u_01025,2025-12-25,neutral,at_peace,faith,light_islamic
c_0003298,u_01032,2025-10-02,low,,work,light_islamic
c_0003299,u_01032,2025-10-04,very_low,,burnout,universal
c_0003300,u_01032,2025-10-05,good,,habits,universal
c_0003301,u_01032,2025-10-08,good,at_peace,purpose,light_islamic
c_0003302,u_01032,2025-10-13,neutral,questioning,faith,universal
c_0003303,u_01032,2025-10-17,good,hurting,gratitude,deeper_faith
c_0003304,u_01032,2025-10-23,good,at_peace,faith,light_islamic
c_0003305,u_01032,2025-10-25,very_low,at_peace,purpose,light_islamic
c_0003306,u_01034,2025-11-30,low,,relationships,universal
c_0003307,u_01034,2025-12-01,grateful,,relationships,light_islamic
c_0003308,u_01034,2025-12-05,neutral,distant,purpose,deeper_faith
c_0003309,u_01034,2025-12-06,grateful,at_peace,anxiety,universal
c_0003310,u_01034,2025-12-08,good,distant,faith,universal
c_0003311,u_01034,2025-12-17,good,at_peace,gratitude,universal
c_0003312,u_01034,2025-12-30,low,at_peace,purpose,light_islamic
c_0003313,u_01036,2025-06-28,good,,relationships,universal
c_0003314,u_01036,2025-07-02,low,at_peace,purpose,universal
c_0003315,u_01036,2025-07-03,grateful,hurting,confidence,light_islamic
c_0003316,u_01036,2025-07-04,grateful,distant,relationships,light_islamic
c_0003317,u_01036,2025-07-06,neutral,at_peace,burnout,light_islamic
c_0003318,u_01036,2025-07-12,good,at_peace,anxiety,universal
c_0003319,u_01036,2025-07-14,good,questioning,purpose,universal
c_0003320,u_01036,2025-07-15,neutral,hurting,work,deeper_faith
c_0003321,u_01036,2025-07-17,good,at_peace,anxiety,deeper_faith
c_0003322,u_01042,2025-08-08,low,,habits,light_islamic
c_0003323,u_01042,2025-08-16,neutral,distant,confidence,light_islamic
c_0003324,u_01042,2025-08-18,low,questioning,relationships,light_islamic
c_0003325,u_01042,2025-08-19,neutral,at_peace,work,universal
c_0003326,u_01042,2025-08-22,very_low,at_peace,faith,light_islamic
c_0003327,u_01045,2025-12-19,good,,purpose,universal
c_0003328,u_01045,2025-12-23,neutral,hurting,anxiety,light_islamic
c_0003329,u_01045,2025-12-24,very_low,questioning,confidence,universal
c_0003330,u_01045,2025-12-25,grateful,at_peace,burnout,deeper_faith
c_0003331,u_01045,2025-12-29,neutral,at_peace,relationships,light_islamic
c_0003332,u_01045,2025-12-31,very_low,questioning,work,universal
c_0003333,u_01045,2026-01-08,good,questioning,relationships,universal
c_0003334,u_01045,2026-01-10,very_low,at_peace,anxiety,universal
c_0003335,u_01045,2026-01-14,very_low,questioning,gratitude,deeper_faith
c_0003336,u_01046,2025-12-29,good,,gratitude,deeper_faith
c_0003337,u_01046,2026-01-02,good,questioning,self,light_islamic
c_0003338,u_01046,2026-01-05,good,distant,habits,universal
c_0003339,u_01046,2026-01-08,good,at_peace,faith,light_islamic
c_0003340,u_01046,2026-01-12,very_low,distant,gratitude,deeper_faith
c_0003341,u_01046,2026-01-13,grateful,at_peace,confidence,universal
c_0003342,u_01046,2026-01-22,neutral,at_peace,habits,deeper_faith
c_0003343,u_01048,2025-08-14,neutral,,purpose,universal
c_0003344,u_01048,2025-08-15,neutral,,anxiety,deeper_faith
c_0003345,u_01048,2025-08-16,good,,anxiety,light_islamic
c_0003346,u_01048,2025-08-17,good,,anxiety,light_islamic
c_0003347,u_01048,2025-08-18,good,distant,relationships,light_islamic
c_0003348,u_01048,2025-08-20,good,at_peace,purpose,universal
c_0003349,u_01048,2025-08-31,neutral,questioning,self,light_islamic
c_0003350,u_01048,2025-09-02,good,at_peace,confidence,deeper_faith
c_0003351,u_01048,2025-09-04,good,at_peace,anxiety,universal
c_0003352,u_01048,2025-09-07,grateful,at_peace,work,light_islamic
c_0003353,u_01052,2025-03-09,very_low,,work,light_islamic
c_0003354,u_01052,2025-03-10,good,,burnout,universal
c_0003355,u_01052,2025-03-18,neutral,distant,anxiety,light_islamic
c_0003356,u_01052,2025-04-07,low,at_peace,gratitude,universal
c_0003357,u_01053,2025-06-17,good,,relationships,light_islamic
c_0003358,u_01053,2025-06-19,good,,anxiety,deeper_faith
c_0003359,u_01053,2025-06-21,good,at_peace,anxiety,universal
c_0003360,u_01053,2025-06-24,good,questioning,burnout,universal
c_0003361,u_01053,2025-06-25,good,distant,burnout,universal
c_0003362,u_01053,2025-06-26,grateful,at_peace,work,light_islamic
c_0003363,u_01053,2025-06-27,grateful,distant,confidence,universal
c_0003364,u_01053,2025-06-29,neutral,distant,anxiety,light_islamic
c_0003365,u_01053,2025-07-02,good,distant,faith,light_islamic
c_0003366,u_01053,2025-07-04,neutral,at_peace,relationships,deeper_faith
c_0003367,u_01053,2025-07-06,low,at_peace,gratitude,deeper_faith
c_0003368,u_01053,2025-07-12,neutral,at_peace,burnout,deeper_faith
c_0003369,u_01056,2025-01-14,grateful,,work,light_islamic
c_0003370,u_01056,2025-01-18,neutral,distant,purpose,light_islamic
c_0003371,u_01056,2025-01-28,grateful,at_peace,habits,deeper_faith
c_0003372,u_01056,2025-01-31,low,distant,work,light_islamic
c_0003373,u_01056,2025-02-02,low,at_peace,confidence,universal
c_0003374,u_01058,2025-07-06,very_low,,habits,light_islamic
c_0003375,u_01058,2025-07-09,grateful,,self,universal
c_0003376,u_01058,2025-07-15,good,distant,relationships,light_islamic
c_0003377,u_01058,2025-07-17,good,at_peace,gratitude,deeper_faith
c_0003378,u_01058,2025-07-19,neutral,at_peace,work,deeper_faith
c_0003379,u_01058,2025-07-20,neutral,questioning,self,universal
c_0003380,u_01058,2025-07-24,grateful,at_peace,gratitude,light_islamic
c_0003381,u_01058,2025-07-30,grateful,at_peace,work,deeper_faith
c_0003382,u_01061,2025-07-01,good,,purpose,universal
c_0003383,u_01061,2025-07-03,good,,purpose,light_islamic
c_0003384,u_01061,2025-07-04,neutral,,burnout,universal
c_0003385,u_01061,2025-07-10,neutral,at_peace,faith,light_islamic
c_0003386,u_01061,2025-07-11,neutral,distant,relationships,light_islamic
c_0003387,u_01061,2025-07-16,good,distant,gratitude,light_islamic
c_0003388,u_01061,2025-07-17,low,hurting,burnout,light_islamic
c_0003389,u_01061,2025-07-18,grateful,at_peace,work,light_islamic
c_0003390,u_01061,2025-07-24,good,at_peace,self,universal
c_0003391,u_01063,2025-01-07,good,,habits,light_islamic
c_0003392,u_01063,2025-01-10,grateful,,relationships,deeper_faith
c_0003393,u_01063,2025-01-14,low,distant,habits,universal
c_0003394,u_01063,2025-01-17,grateful,at_peace,habits,universal
c_0003395,u_01063,2025-01-19,good,at_peace,anxiety,universal
c_0003396,u_01063,2025-01-28,neutral,questioning,confidence,deeper_faith
c_0003397,u_01063,2025-01-29,grateful,at_peace,anxiety,deeper_faith
c_0003398,u_01063,2025-01-30,grateful,at_peace,purpose,light_islamic
c_0003399,u_01064,2025-04-09,neutral,,gratitude,universal
c_0003400,u_01064,2025-04-12,neutral,,burnout,deeper_faith
c_0003401,u_01064,2025-04-14,low,at_peace,anxiety,universal
c_0003402,u_01064,2025-04-17,neutral,distant,gratitude,universal
c_0003403,u_01064,2025-04-19,neutral,at_peace,confidence,light_islamic
c_0003404,u_01064,2025-04-25,low,hurting,work,universal
c_0003405,u_01064,2025-04-27,good,at_peace,work,universal
c_0003406,u_01064,2025-04-30,good,at_peace,self,universal
c_0003407,u_01064,2025-05-01,neutral,questioning,work,universal
c_0003408,u_01064,2025-05-02,low,distant,relationships,universal
c_0003409,u_01064,2025-05-05,low,at_peace,work,universal
c_0003410,u_01064,2025-05-06,good,questioning,gratitude,light_islamic
c_0003411,u_01065,2025-04-18,good,,work,light_islamic
c_0003412,u_01065,2025-04-21,very_low,,relationships,universal
c_0003413,u_01065,2025-04-24,low,at_peace,purpose,light_islamic
c_0003414,u_01065,2025-04-25,good,distant,purpose,universal
c_0003415,u_01065,2025-05-11,good,at_peace,faith,light_islamic
c_0003416,u_01065,2025-05-13,good,at_peace,purpose,light_islamic
c_0003417,u_01065,2025-05-17,neutral,distant,gratitude,universal
c_0003418,u_01068,2025-01-17,good,,anxiety,light_islamic
c_0003419,u_01068,2025-01-28,good,at_peace,faith,light_islamic
c_0003420,u_01068,2025-02-04,low,at_peace,work,light_islamic
c_0003421,u_01068,2025-02-05,neutral,at_peace,anxiety,universal
c_0003422,u_01068,2025-02-06,low,hurting,anxiety,universal
c_0003423,u_01069,2025-05-31,neutral,,faith,universal
c_0003424,u_01069,2025-06-01,neutral,,faith,deeper_faith
c_0003425,u_01069,2025-06-04,good,distant,confidence,light_islamic
c_0003426,u_01069,2025-06-05,neutral,distant,relationships,universal
c_0003427,u_01069,2025-06-08,neutral,distant,relationships,universal
c_0003428,u_01069,2025-06-14,very_low,at_peace,habits,light_islamic
c_0003429,u_01069,2025-06-15,low,at_peace,self,deeper_faith
c_0003430,u_01069,2025-06-18,neutral,questioning,relationships,light_islamic
c_0003431,u_01069,2025-06-23,neutral,hurting,relationships,light_islamic
c_0003432,u_01069,2025-06-25,good,at_peace,burnout,universal
c_0003433,u_01070,2025-03-06,neutral,,self,universal
c_0003434,u_01070,2025-03-09,very_low,,faith,universal
c_0003435,u_01070,2025-03-10,neutral,distant,anxiety,universal
c_0003436,u_01070,2025-03-15,good,questioning,self,universal
c_0003437,u_01070,2025-03-20,good,distant,anxiety,universal
c_0003438,u_01070,2025-03-26,neutral,at_peace,gratitude,light_islamic
c_0003439,u_01070,2025-03-28,good,at_peace,gratitude,light_islamic
c_0003440,u_01070,2025-03-30,neutral,distant,habits,deeper_faith
c_0003441,u_01072,2025-05-19,very_low,,anxiety,deeper_faith
c_0003442,u_01072,2025-05-20,good,,faith,universal
c_0003443,u_01072,2025-05-27,neutral,at_peace,self,light_islamic
c_0003444,u_01072,2025-06-04,very_low,at_peace,purpose,universal
c_0003445,u_01072,2025-06-05,good,at_peace,faith,universal
c_0003446,u_01072,2025-06-09,grateful,at_peace,work,universal
c_0003447,u_01075,2025-07-30,grateful,,habits,deeper_faith
c_0003448,u_01075,2025-08-10,grateful,at_peace,self,light_islamic
c_0003449,u_01075,2025-08-15,grateful,distant,burnout,universal
c_0003450,u_01075,2025-08-29,grateful,at_peace,gratitude,light_islamic
c_0003451,u_01079,2025-11-07,neutral,,confidence,light_islamic
c_0003452,u_01079,2025-11-10,good,,burnout,light_islamic
c_0003453,u_01079,2025-11-16,very_low,at_peace,burnout,universal
c_0003454,u_01079,2025-11-28,neutral,at_peace,purpose,light_islamic
c_0003455,u_01080,2025-07-03,good,,faith,universal
c_0003456,u_01080,2025-07-08,good,at_peace,self,deeper_faith
c_0003457,u_01080,2025-07-10,grateful,at_peace,work,universal
c_0003458,u_01080,2025-07-14,grateful,questioning,purpose,light_islamic
c_0003459,u_01080,2025-07-22,good,at_peace,confidence,universal
c_0003460,u_01080,2025-07-25,good,at_peace,faith,deeper_faith
c_0003461,u_01080,2025-07-28,low,distant,purpose,universal
c_0003462,u_01082,2025-08-28,low,,habits,universal
c_0003463,u_01082,2025-08-31,neutral,,faith,universal
c_0003464,u_01082,2025-09-05,grateful,at_peace,faith,light_islamic
c_0003465,u_01082,2025-09-07,neutral,hurting,relationships,light_islamic
c_0003466,u_01082,2025-09-14,good,distant,anxiety,light_islamic
c_0003467,u_01082,2025-09-17,neutral,distant,faith,universal
c_0003468,u_01082,2025-09-25,low,distant,burnout,light_islamic
c_0003469,u_01083,2025-06-26,grateful,,habits,light_islamic
c_0003470,u_01083,2025-06-29,grateful,,burnout,light_islamic
c_0003471,u_01083,2025-07-09,neutral,at_peace,confidence,universal
c_0003472,u_01083,2025-07-13,good,at_peace,relationships,light_islamic
c_0003473,u_01086,2025-02-09,good,,self,deeper_faith
c_0003474,u_01086,2025-02-10,grateful,,habits,light_islamic
c_0003475,u_01086,2025-02-11,good,,habits,universal
c_0003476,u_01086,2025-02-12,grateful,,relationships,light_islamic
c_0003477,u_01086,2025-02-14,good,questioning,gratitude,universal
c_0003478,u_01086,2025-02-15,good,at_peace,confidence,universal
c_0003479,u_01086,2025-02-18,grateful,questioning,burnout,universal
c_0003480,u_01086,2025-02-19,good,at_peace,habits,light_islamic
c_0003481,u_01086,2025-02-22,grateful,questioning,work,light_islamic
c_0003482,u_01086,2025-02-24,neutral,hurting,habits,light_islamic
c_0003483,u_01086,2025-03-04,neutral,questioning,purpose,universal
c_0003484,u_01086,2025-03-09,neutral,at_peace,relationships,universal
c_0003485,u_01088,2025-12-17,neutral,,relationships,universal
c_0003486,u_01088,2025-12-18,good,,confidence,universal
c_0003487,u_01088,2025-12-19,good,,confidence,universal
c_0003488,u_01088,2025-12-22,good,at_peace,relationships,universal
c_0003489,u_01088,2026-01-05,good,hurting,relationships,universal
c_0003490,u_01088,2026-01-15,neutral,at_peace,purpose,universal
c_0003491,u_01090,2025-02-20,neutral,,habits,universal
c_0003492,u_01090,2025-02-27,good,at_peace,purpose,light_islamic
c_0003493,u_01090,2025-03-01,very_low,at_peace,gratitude,deeper_faith
c_0003494,u_01090,2025-03-02,good,hurting,self,universal
c_0003495,u_01090,2025-03-03,very_low,at_peace,self,light_islamic
c_0003496,u_01090,2025-03-04,neutral,questioning,purpose,light_islamic
c_0003497,u_01090,2025-03-07,neutral,distant,confidence,universal
c_0003498,u_01090,2025-03-12,low,at_peace,burnout,universal
c_0003499,u_01092,2025-11-15,low,,gratitude,light_islamic
c_0003500,u_01092,2025-11-17,low,,habits,universal
c_0003501,u_01092,2025-11-21,good,distant,purpose,light_islamic
c_0003502,u_01092,2025-11-23,good,at_peace,purpose,light_islamic
c_0003503,u_01092,2025-11-24,good,at_peace,gratitude,light_islamic
c_0003504,u_01092,2025-12-05,good,distant,work,universal
c_0003505,u_01094,2025-11-04,neutral,,faith,deeper_faith
c_0003506,u_01094,2025-11-08,good,at_peace,relationships,universal
c_0003507,u_01094,2025-11-09,good,questioning,gratitude,light_islamic
c_0003508,u_01094,2025-11-12,low,at_peace,habits,light_islamic
c_0003509,u_01094,2025-11-14,good,at_peace,anxiety,light_islamic
c_0003510,u_01094,2025-11-29,neutral,questioning,relationships,universal
c_0003511,u_01096,2025-12-17,good,,relationships,universal
c_0003512,u_01096,2025-12-20,neutral,,purpose,light_islamic
c_0003513,u_01096,2025-12-21,good,at_peace,anxiety,deeper_faith
c_0003514,u_01096,2025-12-22,good,questioning,faith,deeper_faith
c_0003515,u_01096,2025-12-26,grateful,questioning,work,universal
c_0003516,u_01096,2025-12-28,good,at_peace,anxiety,universal
c_0003517,u_01096,2026-01-07,grateful,at_peace,burnout,light_islamic
c_0003518,u_01096,2026-01-09,grateful,at_peace,self,light_islamic
c_0003519,u_01096,2026-01-13,good,at_peace,burnout,deeper_faith
c_0003520,u_01096,2026-01-15,good,distant,faith,light_islamic
c_0003521,u_01099,2025-04-27,grateful,,self,light_islamic
c_0003522,u_01099,2025-04-28,grateful,,faith,universal
c_0003523,u_01099,2025-05-01,grateful,questioning,work,universal
c_0003524,u_01099,2025-05-05,neutral,at_peace,gratitude,universal
c_0003525,u_01099,2025-05-06,good,distant,anxiety,light_islamic
c_0003526,u_01099,2025-05-07,neutral,questioning,confidence,deeper_faith
c_0003527,u_01099,2025-05-17,neutral,hurting,faith,universal
c_0003528,u_01100,2025-10-22,neutral,,work,light_islamic
c_0003529,u_01100,2025-10-23,low,,anxiety,universal
c_0003530,u_01100,2025-10-29,good,distant,faith,universal
c_0003531,u_01100,2025-11-08,neutral,hurting,self,universal
c_0003532,u_01100,2025-11-09,neutral,at_peace,anxiety,deeper_faith
c_0003533,u_01101,2025-08-23,good,,purpose,light_islamic
c_0003534,u_01101,2025-08-26,grateful,,confidence,universal
c_0003535,u_01101,2025-09-01,low,at_peace,relationships,light_islamic
c_0003536,u_01101,2025-09-08,neutral,questioning,burnout,light_islamic
c_0003537,u_01101,2025-09-09,neutral,at_peace,gratitude,universal
c_0003538,u_01101,2025-09-11,good,at_peace,faith,light_islamic
c_0003539,u_01101,2025-09-12,good,at_peace,purpose,universal
c_0003540,u_01101,2025-09-15,good,at_peace,work,universal
c_0003541,u_01101,2025-09-17,neutral,at_peace,work,light_islamic
c_0003542,u_01101,2025-09-19,neutral,at_peace,confidence,universal
c_0003543,u_01101,2025-09-21,neutral,at_peace,purpose,light_islamic
c_0003544,u_01105,2025-11-23,grateful,,work,universal
c_0003545,u_01105,2025-11-24,neutral,,self,light_islamic
c_0003546,u_01105,2025-11-30,grateful,distant,work,universal
c_0003547,u_01105,2025-12-12,very_low,questioning,self,deeper_faith
c_0003548,u_01109,2025-12-08,grateful,,habits,light_islamic
c_0003549,u_01109,2025-12-09,grateful,,burnout,deeper_faith
c_0003550,u_01109,2025-12-10,good,,anxiety,light_islamic
c_0003551,u_01109,2025-12-12,good,distant,self,universal
c_0003552,u_01109,2025-12-15,low,distant,self,light_islamic
c_0003553,u_01109,2025-12-17,good,at_peace,habits,deeper_faith
c_0003554,u_01109,2025-12-20,good,at_peace,work,light_islamic
c_0003555,u_01109,2025-12-31,grateful,at_peace,self,universal
c_0003556,u_01118,2025-01-26,good,,purpose,light_islamic
c_0003557,u_01118,2025-01-28,good,,gratitude,universal
c_0003558,u_01118,2025-02-07,very_low,at_peace,gratitude,universal
c_0003559,u_01118,2025-02-09,low,questioning,purpose,universal
c_0003560,u_01118,2025-02-12,good,questioning,purpose,light_islamic
c_0003561,u_01118,2025-02-19,low,at_peace,burnout,deeper_faith
c_0003562,u_01121,2025-08-04,good,,relationships,deeper_faith
c_0003563,u_01121,2025-08-05,neutral,,confidence,light_islamic
c_0003564,u_01121,2025-08-11,grateful,distant,relationships,light_islamic
c_0003565,u_01122,2025-11-27,grateful,,faith,light_islamic
c_0003566,u_01122,2025-11-29,neutral,,relationships,universal
c_0003567,u_01122,2025-11-30,neutral,,gratitude,universal
c_0003568,u_01122,2025-12-04,good,at_peace,work,universal
c_0003569,u_01122,2025-12-07,grateful,questioning,burnout,deeper_faith
c_0003570,u_01122,2025-12-19,good,at_peace,work,deeper_faith
c_0003571,u_01122,2025-12-26,good,at_peace,faith,universal
c_0003572,u_01126,2025-12-05,low,,work,universal
c_0003573,u_01126,2025-12-08,very_low,,habits,universal
c_0003574,u_01126,2025-12-12,neutral,at_peace,gratitude,deeper_faith
c_0003575,u_01126,2025-12-16,grateful,at_peace,faith,light_islamic
c_0003576,u_01126,2025-12-18,good,at_peace,anxiety,light_islamic
c_0003577,u_01126,2025-12-20,neutral,distant,purpose,light_islamic
c_0003578,u_01126,2026-01-01,neutral,at_peace,gratitude,light_islamic
c_0003579,u_01131,2025-07-06,good,,gratitude,universal
c_0003580,u_01131,2025-07-07,good,,burnout,deeper_faith
c_0003581,u_01131,2025-07-10,grateful,distant,work,universal
c_0003582,u_01131,2025-07-14,low,at_peace,habits,universal
c_0003583,u_01131,2025-07-21,grateful,at_peace,faith,light_islamic
c_0003584,u_01131,2025-07-28,neutral,at_peace,burnout,universal
c_0003585,u_01133,2025-02-19,low,,burnout,universal
c_0003586,u_01133,2025-02-20,low,,confidence,universal
c_0003587,u_01133,2025-02-23,grateful,distant,gratitude,light_islamic
c_0003588,u_01133,2025-02-26,low,at_peace,habits,universal
c_0003589,u_01133,2025-03-15,good,at_peace,relationships,universal
c_0003590,u_01136,2025-06-23,good,,work,light_islamic
c_0003591,u_01136,2025-06-25,neutral,,work,universal
c_0003592,u_01136,2025-06-27,neutral,hurting,faith,universal
c_0003593,u_01136,2025-06-29,grateful,at_peace,faith,universal
c_0003594,u_01136,2025-07-04,grateful,hurting,purpose,universal
c_0003595,u_01136,2025-07-08,neutral,at_peace,faith,light_islamic
c_0003596,u_01136,2025-07-19,low,questioning,anxiety,light_islamic
c_0003597,u_01137,2025-01-30,good,,faith,light_islamic
c_0003598,u_01137,2025-02-03,good,distant,purpose,light_islamic
c_0003599,u_01137,2025-02-07,low,distant,habits,light_islamic
c_0003600,u_01137,2025-02-10,neutral,at_peace,purpose,universal
c_0003601,u_01137,2025-02-13,good,at_peace,gratitude,light_islamic
c_0003602,u_01137,2025-02-16,neutral,at_peace,purpose,light_islamic
c_0003603,u_01137,2025-02-20,neutral,at_peace,faith,light_islamic
c_0003604,u_01138,2025-07-01,neutral,,self,universal
c_0003605,u_01138,2025-07-04,neutral,,anxiety,universal
c_0003606,u_01138,2025-07-05,low,questioning,purpose,light_islamic
c_0003607,u_01138,2025-07-16,good,hurting,gratitude,universal
c_0003608,u_01138,2025-07-18,grateful,distant,gratitude,universal
c_0003609,u_01138,2025-07-27,good,at_peace,work,light_islamic
c_0003610,u_01143,2025-08-25,good,,burnout,light_islamic
c_0003611,u_01143,2025-08-26,good,,anxiety,universal
c_0003612,u_01143,2025-08-29,good,at_peace,habits,universal
c_0003613,u_01143,2025-08-31,good,questioning,self,universal
c_0003614,u_01143,2025-09-02,very_low,at_peace,burnout,universal
c_0003615,u_01143,2025-09-03,good,distant,habits,light_islamic
c_0003616,u_01143,2025-09-09,good,distant,habits,deeper_faith
c_0003617,u_01143,2025-09-10,grateful,at_peace,self,universal
c_0003618,u_01143,2025-09-18,neutral,distant,anxiety,deeper_faith
c_0003619,u_01144,2025-05-25,neutral,,purpose,universal
c_0003620,u_01144,2025-05-30,good,distant,relationships,universal
c_0003621,u_01144,2025-06-06,neutral,at_peace,confidence,universal
c_0003622,u_01144,2025-06-18,neutral,at_peace,self,universal
c_0003623,u_01144,2025-06-19,low,questioning,anxiety,light_islamic
c_0003624,u_01145,2025-08-27,grateful,,relationships,universal
c_0003625,u_01145,2025-08-30,grateful,,habits,deeper_faith
c_0003626,u_01145,2025-09-03,neutral,questioning,anxiety,universal
c_0003627,u_01145,2025-09-11,good,questioning,self,universal
c_0003628,u_01145,2025-09-12,neutral,at_peace,relationships,universal
c_0003629,u_01145,2025-09-15,grateful,at_peace,relationships,deeper_faith
c_0003630,u_01145,2025-09-16,neutral,questioning,self,universal
c_0003631,u_01145,2025-09-24,very_low,at_peace,relationships,light_islamic
c_0003632,u_01146,2025-10-12,good,,confidence,universal
c_0003633,u_01146,2025-10-13,good,,work,light_islamic
c_0003634,u_01146,2025-10-17,good,at_peace,gratitude,universal
c_0003635,u_01146,2025-10-18,low,questioning,habits,light_islamic
c_0003636,u_01146,2025-10-19,neutral,questioning,relationships,deeper_faith
c_0003637,u_01146,2025-10-20,good,at_peace,work,deeper_faith
c_0003638,u_01146,2025-10-30,grateful,at_peace,burnout,universal
c_0003639,u_01146,2025-11-03,neutral,at_peace,self,light_islamic
c_0003640,u_01146,2025-11-05,grateful,distant,gratitude,universal
c_0003641,u_01146,2025-11-06,good,questioning,burnout,light_islamic
c_0003642,u_01147,2025-02-02,low,,faith,universal
c_0003643,u_01147,2025-02-06,good,at_peace,work,light_islamic
c_0003644,u_01147,2025-02-13,neutral,questioning,habits,light_islamic
c_0003645,u_01147,2025-02-17,good,at_peace,habits,light_islamic
c_0003646,u_01147,2025-02-22,grateful,distant,relationships,universal
c_0003647,u_01149,2025-05-30,low,,relationships,universal
c_0003648,u_01149,2025-05-31,neutral,,work,universal
c_0003649,u_01149,2025-06-02,neutral,,work,universal
c_0003650,u_01149,2025-06-03,neutral,questioning,self,light_islamic
c_0003651,u_01149,2025-06-04,neutral,at_peace,work,universal
c_0003652,u_01149,2025-06-05,good,questioning,confidence,light_islamic
c_0003653,u_01149,2025-06-08,neutral,at_peace,anxiety,deeper_faith
c_0003654,u_01149,2025-06-09,good,questioning,gratitude,light_islamic
c_0003655,u_01149,2025-06-13,low,at_peace,burnout,deeper_faith
c_0003656,u_01149,2025-06-14,neutral,distant,gratitude,light_islamic
c_0003657,u_01149,2025-06-21,neutral,questioning,faith,deeper_faith
c_0003658,u_01149,2025-06-22,good,at_peace,work,universal
c_0003659,u_01149,2025-06-28,good,distant,burnout,universal
c_0003660,u_01151,2025-07-23,good,,self,light_islamic
c_0003661,u_01151,2025-07-26,grateful,,relationships,universal
c_0003662,u_01151,2025-07-30,good,at_peace,relationships,light_islamic
c_0003663,u_01151,2025-08-04,good,hurting,self,universal
c_0003664,u_01151,2025-08-12,good,questioning,work,universal
c_0003665,u_01151,2025-08-13,neutral,at_peace,self,light_islamic
c_0003666,u_01151,2025-08-17,low,at_peace,anxiety,light_islamic
c_0003667,u_01151,2025-08-19,neutral,questioning,work,universal
c_0003668,u_01152,2025-11-03,neutral,,burnout,universal
c_0003669,u_01152,2025-11-06,low,,gratitude,light_islamic
c_0003670,u_01152,2025-11-09,grateful,at_peace,work,universal
c_0003671,u_01152,2025-11-10,neutral,distant,confidence,light_islamic
c_0003672,u_01152,2025-11-12,good,questioning,confidence,deeper_faith
c_0003673,u_01152,2025-11-13,neutral,hurting,anxiety,universal
c_0003674,u_01152,2025-11-14,good,questioning,confidence,universal
c_0003675,u_01152,2025-11-15,neutral,at_peace,burnout,light_islamic
c_0003676,u_01152,2025-11-20,neutral,distant,faith,universal
c_0003677,u_01152,2025-11-22,neutral,questioning,habits,universal
c_0003678,u_01152,2025-11-26,low,at_peace,anxiety,universal
c_0003679,u_01152,2025-11-29,neutral,questioning,anxiety,universal
c_0003680,u_01153,2025-03-04,grateful,,purpose,universal
c_0003681,u_01153,2025-03-14,neutral,at_peace,faith,universal
c_0003682,u_01153,2025-03-19,grateful,at_peace,confidence,universal
c_0003683,u_01153,2025-03-29,good,distant,habits,deeper_faith
c_0003684,u_01153,2025-03-31,grateful,at_peace,burnout,universal
c_0003685,u_01154,2025-03-08,good,,confidence,deeper_faith
c_0003686,u_01154,2025-03-12,low,at_peace,habits,universal
c_0003687,u_01154,2025-03-13,good,distant,faith,universal
c_0003688,u_01154,2025-03-14,neutral,at_peace,faith,light_islamic
c_0003689,u_01154,2025-03-21,good,distant,anxiety,universal
c_0003690,u_01154,2025-03-25,neutral,hurting,self,universal
c_0003691,u_01154,2025-03-28,neutral,at_peace,self,light_islamic
c_0003692,u_01154,2025-03-31,good,distant,purpose,universal
c_0003693,u_01156,2025-12-08,very_low,,gratitude,universal
c_0003694,u_01156,2025-12-09,low,,burnout,light_islamic
c_0003695,u_01156,2025-12-12,good,at_peace,purpose,light_islamic
c_0003696,u_01156,2025-12-16,neutral,at_peace,work,universal
c_0003697,u_01156,2025-12-19,good,at_peace,gratitude,universal
c_0003698,u_01156,2025-12-26,neutral,at_peace,habits,universal
c_0003699,u_01156,2025-12-29,neutral,hurting,habits,universal
c_0003700,u_01156,2025-12-30,good,distant,work,universal
c_0003701,u_01156,2025-12-31,neutral,hurting,anxiety,universal
c_0003702,u_01158,2025-02-18,good,,confidence,light_islamic
c_0003703,u_01158,2025-02-21,good,,burnout,light_islamic
c_0003704,u_01158,2025-02-22,low,at_peace,self,deeper_faith
c_0003705,u_01158,2025-03-02,grateful,at_peace,habits,universal
c_0003706,u_01158,2025-03-03,very_low,at_peace,relationships,light_islamic
c_0003707,u_01158,2025-03-08,good,distant,confidence,universal
c_0003708,u_01158,2025-03-15,neutral,at_peace,self,light_islamic
c_0003709,u_01159,2025-07-04,grateful,,work,deeper_faith
c_0003710,u_01159,2025-07-14,neutral,distant,relationships,light_islamic
c_0003711,u_01159,2025-07-25,good,questioning,purpose,light_islamic
c_0003712,u_01159,2025-07-31,neutral,questioning,confidence,universal
c_0003713,u_01159,2025-08-02,neutral,hurting,gratitude,universal
c_0003714,u_01160,2025-08-05,grateful,,faith,universal
c_0003715,u_01160,2025-08-06,good,,self,light_islamic
c_0003716,u_01160,2025-08-09,good,at_peace,work,universal
c_0003717,u_01160,2025-08-10,good,questioning,confidence,universal
c_0003718,u_01160,2025-08-11,good,at_peace,confidence,light_islamic
c_0003719,u_01160,2025-08-12,good,hurting,habits,light_islamic
c_0003720,u_01160,2025-08-14,low,at_peace,work,universal
c_0003721,u_01160,2025-08-15,good,at_peace,burnout,deeper_faith
c_0003722,u_01160,2025-08-18,good,at_peace,confidence,light_islamic
c_0003723,u_01161,2025-04-08,good,,self,deeper_faith
c_0003724,u_01161,2025-04-10,low,,burnout,universal
c_0003725,u_01161,2025-04-11,grateful,,anxiety,light_islamic
c_0003726,u_01161,2025-04-12,good,questioning,purpose,light_islamic
c_0003727,u_01161,2025-04-17,neutral,at_peace,purpose,universal
c_0003728,u_01161,2025-04-23,good,at_peace,work,universal
c_0003729,u_01161,2025-04-28,good,questioning,relationships,light_islamic
c_0003730,u_01161,2025-05-07,grateful,questioning,habits,light_islamic
c_0003731,u_01161,2025-05-08,good,at_peace,gratitude,light_islamic
c_0003732,u_01162,2025-12-15,good,,self,universal
c_0003733,u_01162,2025-12-19,low,distant,relationships,universal
c_0003734,u_01162,2025-12-20,good,distant,purpose,light_islamic
c_0003735,u_01162,2025-12-21,good,questioning,faith,light_islamic
c_0003736,u_01162,2025-12-22,good,hurting,anxiety,light_islamic
c_0003737,u_01162,2025-12-26,neutral,at_peace,self,universal
c_0003738,u_01162,2025-12-27,low,at_peace,work,universal
c_0003739,u_01162,2026-01-09,good,distant,anxiety,deeper_faith
c_0003740,u_01163,2025-09-15,low,,purpose,light_islamic
c_0003741,u_01163,2025-09-23,good,distant,relationships,deeper_faith
c_0003742,u_01163,2025-09-29,good,at_peace,confidence,universal
c_0003743,u_01163,2025-10-01,neutral,at_peace,anxiety,light_islamic
c_0003744,u_01163,2025-10-03,good,at_peace,work,universal
c_0003745,u_01163,2025-10-08,good,questioning,relationships,light_islamic
c_0003746,u_01163,2025-10-12,grateful,at_peace,self,deeper_faith
c_0003747,u_01171,2025-07-11,grateful,,habits,universal
c_0003748,u_01171,2025-07-12,neutral,,anxiety,universal
c_0003749,u_01171,2025-07-14,neutral,,burnout,universal
c_0003750,u_01171,2025-07-29,neutral,at_peace,gratitude,light_islamic
c_0003751,u_01171,2025-08-02,low,at_peace,self,light_islamic
c_0003752,u_01171,2025-08-03,grateful,distant,faith,universal
c_0003753,u_01173,2025-09-16,neutral,,anxiety,deeper_faith
c_0003754,u_01173,2025-09-17,grateful,,purpose,universal
c_0003755,u_01173,2025-09-19,grateful,,habits,light_islamic
c_0003756,u_01174,2025-12-29,very_low,,self,universal
c_0003757,u_01174,2025-12-30,neutral,,burnout,universal
c_0003758,u_01174,2026-01-02,low,at_peace,relationships,universal
c_0003759,u_01174,2026-01-04,grateful,at_peace,confidence,light_islamic
c_0003760,u_01174,2026-01-08,neutral,distant,confidence,deeper_faith
c_0003761,u_01174,2026-01-10,good,at_peace,purpose,universal
c_0003762,u_01174,2026-01-11,neutral,questioning,self,universal
c_0003763,u_01174,2026-01-15,neutral,at_peace,self,universal
c_0003764,u_01174,2026-01-19,good,questioning,burnout,universal
c_0003765,u_01174,2026-01-21,very_low,at_peace,relationships,deeper_faith
c_0003766,u_01174,2026-01-24,low,at_peace,habits,universal
c_0003767,u_01174,2026-01-28,low,questioning,faith,universal
c_0003768,u_01175,2025-11-11,neutral,,confidence,light_islamic
c_0003769,u_01175,2025-11-14,neutral,,work,light_islamic
c_0003770,u_01175,2025-11-15,neutral,questioning,self,universal
c_0003771,u_01175,2025-11-17,neutral,at_peace,burnout,universal
c_0003772,u_01175,2025-11-18,grateful,questioning,work,universal
c_0003773,u_01175,2025-11-20,neutral,at_peace,burnout,universal
c_0003774,u_01175,2025-11-22,low,at_peace,faith,universal
c_0003775,u_01175,2025-11-23,neutral,distant,faith,universal
c_0003776,u_01175,2025-11-27,neutral,questioning,faith,light_islamic
c_0003777,u_01175,2025-12-04,neutral,questioning,gratitude,light_islamic
c_0003778,u_01176,2025-11-27,neutral,,purpose,universal
c_0003779,u_01176,2025-11-28,neutral,,work,light_islamic
c_0003780,u_01176,2025-11-29,good,,anxiety,light_islamic
c_0003781,u_01176,2025-12-02,neutral,at_peace,burnout,light_islamic
c_0003782,u_01176,2025-12-03,good,at_peace,gratitude,deeper_faith
c_0003783,u_01176,2025-12-04,neutral,at_peace,self,universal
c_0003784,u_01176,2025-12-09,neutral,at_peace,habits,light_islamic
c_0003785,u_01176,2025-12-13,very_low,distant,burnout,universal
c_0003786,u_01176,2025-12-17,grateful,at_peace,faith,universal
c_0003787,u_01176,2025-12-22,grateful,at_peace,anxiety,universal
c_0003788,u_01177,2025-08-18,very_low,,gratitude,universal
c_0003789,u_01177,2025-08-24,neutral,at_peace,purpose,universal
c_0003790,u_01177,2025-08-26,very_low,distant,confidence,universal
c_0003791,u_01177,2025-08-28,good,at_peace,habits,universal
c_0003792,u_01177,2025-08-30,low,at_peace,anxiety,universal
c_0003793,u_01177,2025-09-02,very_low,at_peace,anxiety,universal
c_0003794,u_01177,2025-09-03,low,at_peace,anxiety,universal
c_0003795,u_01177,2025-09-08,low,questioning,burnout,universal
c_0003796,u_01177,2025-09-11,good,at_peace,gratitude,deeper_faith
c_0003797,u_01183,2025-08-23,grateful,,anxiety,universal
c_0003798,u_01183,2025-08-25,good,,self,universal
c_0003799,u_01183,2025-08-27,good,at_peace,work,universal
c_0003800,u_01183,2025-08-28,low,questioning,anxiety,deeper_faith
c_0003801,u_01183,2025-08-29,good,at_peace,work,universal
c_0003802,u_01183,2025-09-01,neutral,questioning,burnout,universal
c_0003803,u_01183,2025-09-04,neutral,at_peace,confidence,universal
c_0003804,u_01183,2025-09-06,neutral,questioning,habits,deeper_faith
c_0003805,u_01183,2025-09-09,good,questioning,relationships,universal
c_0003806,u_01183,2025-09-13,neutral,questioning,gratitude,deeper_faith
c_0003807,u_01183,2025-09-15,low,at_peace,burnout,universal
c_0003808,u_01183,2025-09-20,good,at_peace,habits,deeper_faith
c_0003809,u_01184,2025-05-17,neutral,,faith,universal
c_0003810,u_01184,2025-05-18,neutral,,confidence,universal
c_0003811,u_01184,2025-05-20,good,,anxiety,universal
c_0003812,u_01184,2025-05-22,low,distant,burnout,universal
c_0003813,u_01184,2025-05-25,grateful,at_peace,purpose,light_islamic
c_0003814,u_01184,2025-05-26,grateful,at_peace,self,universal
c_0003815,u_01184,2025-05-29,low,distant,habits,light_islamic
c_0003816,u_01184,2025-06-08,good,at_peace,self,deeper_faith
c_0003817,u_01184,2025-06-13,low,questioning,anxiety,universal
c_0003818,u_01185,2025-01-23,good,,gratitude,light_islamic
c_0003819,u_01185,2025-01-25,neutral,,burnout,universal
c_0003820,u_01185,2025-01-27,grateful,at_peace,work,light_islamic
c_0003821,u_01185,2025-01-29,grateful,at_peace,anxiety,universal
c_0003822,u_01185,2025-02-08,grateful,distant,anxiety,light_islamic
c_0003823,u_01185,2025-02-09,neutral,distant,faith,universal
c_0003824,u_01185,2025-02-17,low,at_peace,purpose,light_islamic
c_0003825,u_01185,2025-02-19,good,at_peace,self,light_islamic
c_0003826,u_01185,2025-02-20,good,questioning,anxiety,universal
c_0003827,u_01186,2025-12-23,grateful,,self,light_islamic
c_0003828,u_01186,2025-12-28,neutral,hurting,burnout,universal
c_0003829,u_01186,2025-12-29,good,at_peace,faith,deeper_faith
c_0003830,u_01186,2025-12-30,neutral,at_peace,confidence,deeper_faith
c_0003831,u_01186,2026-01-01,grateful,distant,habits,light_islamic
c_0003832,u_01186,2026-01-13,neutral,questioning,gratitude,light_islamic
c_0003833,u_01186,2026-01-14,good,at_peace,confidence,deeper_faith
c_0003834,u_01186,2026-01-16,neutral,at_peace,purpose,deeper_faith
c_0003835,u_01187,2025-06-09,low,,habits,light_islamic
c_0003836,u_01187,2025-06-13,neutral,questioning,burnout,universal
c_0003837,u_01187,2025-06-14,good,at_peace,self,light_islamic
c_0003838,u_01187,2025-06-15,grateful,at_peace,relationships,universal
c_0003839,u_01187,2025-06-24,very_low,at_peace,relationships,universal
c_0003840,u_01187,2025-06-26,very_low,at_peace,relationships,light_islamic
c_0003841,u_01187,2025-06-29,low,at_peace,gratitude,deeper_faith
c_0003842,u_01187,2025-07-04,very_low,questioning,gratitude,light_islamic
c_0003843,u_01190,2025-04-27,good,,confidence,universal
c_0003844,u_01190,2025-04-30,neutral,,relationships,universal
c_0003845,u_01190,2025-05-01,good,at_peace,burnout,universal
c_0003846,u_01190,2025-05-04,neutral,questioning,work,universal
c_0003847,u_01190,2025-05-05,neutral,questioning,faith,universal
c_0003848,u_01190,2025-05-10,low,questioning,burnout,universal
c_0003849,u_01190,2025-05-13,good,distant,habits,light_islamic
c_0003850,u_01190,2025-05-20,neutral,questioning,anxiety,light_islamic
c_0003851,u_01190,2025-05-27,grateful,hurting,work,light_islamic
c_0003852,u_01191,2025-02-23,good,,faith,light_islamic
c_0003853,u_01191,2025-03-03,good,hurting,habits,light_islamic
c_0003854,u_01192,2025-09-24,neutral,,relationships,light_islamic
c_0003855,u_01192,2025-09-25,grateful,,faith,light_islamic
c_0003856,u_01192,2025-09-29,good,at_peace,relationships,light_islamic
c_0003857,u_01192,2025-10-12,neutral,questioning,work,light_islamic
c_0003858,u_01192,2025-10-22,neutral,distant,confidence,light_islamic
c_0003859,u_01193,2025-12-26,neutral,,purpose,universal
c_0003860,u_01193,2025-12-27,very_low,,relationships,universal
c_0003861,u_01193,2025-12-28,low,,faith,universal
c_0003862,u_01193,2026-01-02,low,at_peace,purpose,universal
c_0003863,u_01193,2026-01-04,neutral,at_peace,burnout,light_islamic
c_0003864,u_01193,2026-01-06,neutral,hurting,gratitude,light_islamic
c_0003865,u_01193,2026-01-13,neutral,distant,purpose,universal
c_0003866,u_01195,2025-07-27,good,,self,universal
c_0003867,u_01198,2025-03-21,good,,anxiety,light_islamic
c_0003868,u_01198,2025-03-26,good,distant,purpose,light_islamic
c_0003869,u_01198,2025-03-31,grateful,at_peace,confidence,universal
c_0003870,u_01198,2025-04-04,good,at_peace,work,universal
c_0003871,u_01198,2025-04-05,neutral,distant,anxiety,universal
c_0003872,u_01198,2025-04-18,good,at_peace,faith,universal
c_0003873,u_01200,2025-08-11,good,,self,universal
c_0003874,u_01200,2025-08-13,good,,anxiety,universal
c_0003875,u_01200,2025-08-16,good,distant,self,light_islamic
c_0003876,u_01200,2025-08-18,low,at_peace,anxiety,universal
c_0003877,u_01200,2025-08-20,low,at_peace,confidence,deeper_faith
c_0003878,u_01200,2025-08-21,good,questioning,burnout,light_islamic
c_0003879,u_01200,2025-08-22,good,at_peace,self,universal
c_0003880,u_01200,2025-08-24,low,questioning,habits,deeper_faith
c_0003881,u_01200,2025-08-28,good,distant,purpose,light_islamic
c_0003882,u_01200,2025-09-06,good,distant,purpose,universal
c_0003883,u_01200,2025-09-07,low,distant,gratitude,universal
c_0003884,u_01200,2025-09-08,neutral,at_peace,burnout,deeper_faith
c_0003885,u_01201,2025-04-23,neutral,,self,universal
c_0003886,u_01201,2025-04-26,good,,habits,deeper_faith
c_0003887,u_01201,2025-04-27,good,at_peace,confidence,light_islamic
c_0003888,u_01201,2025-04-30,good,questioning,anxiety,universal
c_0003889,u_01201,2025-05-11,good,hurting,confidence,universal
c_0003890,u_01201,2025-05-14,good,at_peace,faith,universal
c_0003891,u_01204,2025-01-29,neutral,,relationships,deeper_faith
c_0003892,u_01204,2025-01-30,very_low,,relationships,deeper_faith
c_0003893,u_01204,2025-02-01,good,,anxiety,light_islamic
c_0003894,u_01204,2025-02-02,low,distant,anxiety,universal
c_0003895,u_01204,2025-02-03,neutral,questioning,anxiety,deeper_faith
c_0003896,u_01204,2025-02-06,grateful,at_peace,faith,light_islamic
c_0003897,u_01204,2025-02-09,neutral,at_peace,self,deeper_faith
c_0003898,u_01204,2025-02-10,low,at_peace,habits,light_islamic
c_0003899,u_01204,2025-02-14,neutral,at_peace,burnout,universal
c_0003900,u_01204,2025-02-16,good,questioning,self,light_islamic
c_0003901,u_01204,2025-02-17,grateful,at_peace,self,deeper_faith
c_0003902,u_01204,2025-02-18,good,at_peace,confidence,light_islamic
c_0003903,u_01205,2025-05-07,good,,relationships,universal
c_0003904,u_01205,2025-05-10,good,,habits,light_islamic
c_0003905,u_01205,2025-05-11,good,at_peace,gratitude,light_islamic
c_0003906,u_01205,2025-05-12,low,distant,burnout,universal
c_0003907,u_01205,2025-05-20,very_low,at_peace,relationships,light_islamic
c_0003908,u_01205,2025-05-22,neutral,at_peace,burnout,universal
c_0003909,u_01205,2025-05-23,low,at_peace,work,universal
c_0003910,u_01205,2025-05-24,good,at_peace,self,universal
c_0003911,u_01205,2025-05-27,neutral,hurting,anxiety,light_islamic
c_0003912,u_01210,2025-08-25,neutral,,self,universal
c_0003913,u_01210,2025-08-26,good,,habits,universal
c_0003914,u_01210,2025-08-27,grateful,,relationships,light_islamic
c_0003915,u_01210,2025-08-28,good,,anxiety,light_islamic
c_0003916,u_01210,2025-08-30,neutral,at_peace,self,light_islamic
c_0003917,u_01210,2025-09-06,low,at_peace,habits,universal
c_0003918,u_01210,2025-09-07,grateful,questioning,purpose,universal
c_0003919,u_01210,2025-09-14,good,questioning,self,light_islamic
c_0003920,u_01210,2025-09-20,good,at_peace,relationships,deeper_faith
c_0003921,u_01212,2025-05-16,grateful,,relationships,light_islamic
c_0003922,u_01212,2025-05-17,good,,confidence,light_islamic
c_0003923,u_01212,2025-05-18,good,,habits,universal
c_0003924,u_01212,2025-05-19,grateful,,gratitude,universal
c_0003925,u_01212,2025-05-23,neutral,at_peace,anxiety,universal
c_0003926,u_01212,2025-05-24,good,at_peace,faith,universal
c_0003927,u_01212,2025-05-26,low,at_peace,self,deeper_faith
c_0003928,u_01212,2025-05-28,good,hurting,anxiety,light_islamic
c_0003929,u_01212,2025-05-31,neutral,at_peace,habits,light_islamic
c_0003930,u_01212,2025-06-03,low,at_peace,burnout,light_islamic
c_0003931,u_01212,2025-06-07,neutral,distant,gratitude,light_islamic
c_0003932,u_01212,2025-06-08,neutral,hurting,self,light_islamic
c_0003933,u_01212,2025-06-14,grateful,at_peace,relationships,deeper_faith
c_0003934,u_01214,2025-09-14,low,,work,universal
c_0003935,u_01214,2025-09-19,good,at_peace,gratitude,universal
c_0003936,u_01214,2025-09-20,very_low,at_peace,gratitude,universal
c_0003937,u_01214,2025-09-22,very_low,at_peace,work,deeper_faith
c_0003938,u_01214,2025-10-03,neutral,at_peace,relationships,light_islamic
c_0003939,u_01215,2025-11-25,neutral,,relationships,light_islamic
c_0003940,u_01215,2025-11-26,grateful,,gratitude,light_islamic
c_0003941,u_01215,2025-12-01,good,at_peace,confidence,universal
c_0003942,u_01215,2025-12-03,good,questioning,purpose,light_islamic
c_0003943,u_01215,2025-12-11,neutral,at_peace,faith,universal
c_0003944,u_01216,2025-04-04,grateful,,anxiety,universal
c_0003945,u_01216,2025-04-06,neutral,,purpose,universal
c_0003946,u_01216,2025-04-11,good,at_peace,faith,light_islamic
c_0003947,u_01216,2025-04-15,good,questioning,relationships,universal
c_0003948,u_01216,2025-04-20,neutral,at_peace,purpose,universal
c_0003949,u_01216,2025-04-23,good,at_peace,confidence,deeper_faith
c_0003950,u_01222,2025-07-09,neutral,,confidence,universal
c_0003951,u_01222,2025-07-16,good,questioning,anxiety,light_islamic
c_0003952,u_01222,2025-07-18,low,distant,confidence,light_islamic
c_0003953,u_01222,2025-07-22,good,distant,faith,universal
c_0003954,u_01222,2025-07-26,good,at_peace,work,light_islamic
c_0003955,u_01222,2025-07-28,good,distant,burnout,universal
c_0003956,u_01222,2025-08-08,good,questioning,confidence,universal
c_0003957,u_01224,2025-09-12,low,,self,universal
c_0003958,u_01224,2025-09-14,good,,anxiety,deeper_faith
c_0003959,u_01224,2025-09-19,good,distant,anxiety,light_islamic
c_0003960,u_01224,2025-09-22,grateful,questioning,purpose,universal
c_0003961,u_01224,2025-10-04,grateful,at_peace,faith,light_islamic
c_0003962,u_01224,2025-10-05,neutral,at_peace,self,light_islamic
c_0003963,u_01226,2025-01-03,good,,burnout,light_islamic
c_0003964,u_01226,2025-01-04,good,,gratitude,light_islamic
c_0003965,u_01226,2025-01-05,very_low,,confidence,universal
c_0003966,u_01226,2025-01-07,very_low,distant,purpose,universal
c_0003967,u_01226,2025-01-08,neutral,questioning,habits,universal
c_0003968,u_01226,2025-01-09,neutral,at_peace,burnout,universal
c_0003969,u_01226,2025-01-10,good,distant,faith,light_islamic
c_0003970,u_01226,2025-01-12,neutral,distant,confidence,universal
c_0003971,u_01226,2025-01-14,grateful,hurting,work,universal
c_0003972,u_01226,2025-01-15,good,distant,anxiety,light_islamic
c_0003973,u_01226,2025-01-19,grateful,questioning,purpose,light_islamic
c_0003974,u_01226,2025-01-23,neutral,distant,faith,light_islamic
c_0003975,u_01228,2025-08-29,very_low,,self,deeper_faith
c_0003976,u_01228,2025-08-30,neutral,,self,light_islamic
c_0003977,u_01228,2025-09-05,low,at_peace,burnout,deeper_faith
c_0003978,u_01228,2025-09-07,good,hurting,anxiety,deeper_faith
c_0003979,u_01228,2025-09-10,good,questioning,gratitude,universal
c_0003980,u_01228,2025-09-11,neutral,questioning,anxiety,light_islamic
c_0003981,u_01228,2025-09-12,grateful,distant,work,deeper_faith
c_0003982,u_01228,2025-09-17,grateful,distant,work,light_islamic
c_0003983,u_01229,2025-09-22,low,,gratitude,deeper_faith
c_0003984,u_01229,2025-09-23,neutral,,faith,universal
c_0003985,u_01229,2025-09-26,neutral,questioning,gratitude,universal
c_0003986,u_01229,2025-09-27,grateful,at_peace,purpose,universal
c_0003987,u_01229,2025-10-06,neutral,at_peace,habits,universal
c_0003988,u_01229,2025-10-08,good,at_peace,relationships,universal
c_0003989,u_01229,2025-10-14,good,at_peace,work,universal
c_0003990,u_01229,2025-10-15,good,at_peace,gratitude,universal
c_0003991,u_01232,2025-02-19,neutral,,relationships,deeper_faith
c_0003992,u_01232,2025-02-22,grateful,,purpose,light_islamic
c_0003993,u_01232,2025-02-25,neutral,distant,purpose,light_islamic
c_0003994,u_01232,2025-02-26,neutral,distant,gratitude,universal
c_0003995,u_01232,2025-02-27,good,questioning,self,light_islamic
c_0003996,u_01232,2025-02-28,good,distant,work,deeper_faith
c_0003997,u_01232,2025-03-06,good,at_peace,anxiety,light_islamic
c_0003998,u_01232,2025-03-07,low,at_peace,anxiety,deeper_faith
c_0003999,u_01232,2025-03-08,good,distant,anxiety,light_islamic
c_0004000,u_01236,2025-07-03,good,,gratitude,universal
c_0004001,u_01236,2025-07-07,neutral,distant,work,light_islamic
c_0004002,u_01236,2025-07-11,good,questioning,confidence,deeper_faith
c_0004003,u_01236,2025-07-19,grateful,questioning,purpose,universal
c_0004004,u_01236,2025-07-20,good,at_peace,confidence,universal
c_0004005,u_01236,2025-07-21,low,hurting,confidence,universal
c_0004006,u_01236,2025-07-30,good,distant,habits,universal
c_0004007,u_01237,2025-01-18,neutral,,anxiety,deeper_faith
c_0004008,u_01237,2025-01-24,good,at_peace,faith,deeper_faith
c_0004009,u_01237,2025-01-27,neutral,at_peace,gratitude,universal
c_0004010,u_01237,2025-01-28,grateful,distant,relationships,light_islamic
c_0004011,u_01237,2025-01-30,neutral,at_peace,relationships,universal
c_0004012,u_01237,2025-01-31,very_low,at_peace,faith,deeper_faith
c_0004013,u_01237,2025-02-09,neutral,at_peace,anxiety,universal
c_0004014,u_01237,2025-02-14,grateful,at_peace,burnout,light_islamic
c_0004015,u_01238,2025-04-09,neutral,,confidence,universal
c_0004016,u_01238,2025-04-12,neutral,,habits,light_islamic
c_0004017,u_01238,2025-04-15,good,at_peace,confidence,deeper_faith
c_0004018,u_01238,2025-04-18,good,at_peace,burnout,light_islamic
c_0004019,u_01238,2025-04-27,good,distant,confidence,light_islamic
c_0004020,u_01238,2025-04-28,neutral,at_peace,burnout,deeper_faith
c_0004021,u_01238,2025-04-29,neutral,distant,relationships,universal
c_0004022,u_01238,2025-05-05,good,at_peace,relationships,light_islamic
c_0004023,u_01242,2025-02-25,neutral,,confidence,universal
c_0004024,u_01242,2025-02-26,neutral,,self,deeper_faith
c_0004025,u_01242,2025-03-02,low,at_peace,anxiety,universal
c_0004026,u_01242,2025-03-03,good,questioning,work,light_islamic
c_0004027,u_01242,2025-03-09,grateful,at_peace,habits,universal
c_0004028,u_01242,2025-03-14,grateful,at_peace,gratitude,light_islamic
c_0004029,u_01242,2025-03-15,good,at_peace,purpose,universal
c_0004030,u_01242,2025-03-21,grateful,at_peace,faith,deeper_faith
c_0004031,u_01242,2025-03-24,low,at_peace,habits,light_islamic
c_0004032,u_01246,2025-02-05,good,,burnout,universal
c_0004033,u_01246,2025-02-06,good,,faith,light_islamic
c_0004034,u_01246,2025-02-08,neutral,,relationships,light_islamic
c_0004035,u_01246,2025-02-09,grateful,questioning,purpose,universal
c_0004036,u_01246,2025-02-16,neutral,questioning,burnout,light_islamic
c_0004037,u_01246,2025-02-17,low,distant,gratitude,light_islamic
c_0004038,u_01246,2025-02-18,low,distant,work,universal
c_0004039,u_01246,2025-02-20,good,at_peace,purpose,universal
c_0004040,u_01246,2025-03-01,low,questioning,work,universal
c_0004041,u_01246,2025-03-06,neutral,distant,gratitude,universal
c_0004042,u_01246,2025-03-07,low,at_peace,faith,light_islamic
c_0004043,u_01248,2025-12-11,neutral,,self,universal
c_0004044,u_01248,2025-12-19,neutral,at_peace,work,light_islamic
c_0004045,u_01248,2025-12-23,grateful,questioning,burnout,light_islamic
c_0004046,u_01248,2025-12-24,grateful,at_peace,habits,universal
c_0004047,u_01248,2025-12-25,good,at_peace,burnout,deeper_faith
c_0004048,u_01248,2025-12-27,neutral,at_peace,faith,universal
c_0004049,u_01249,2025-01-20,good,,faith,light_islamic
c_0004050,u_01249,2025-01-24,good,hurting,gratitude,universal
c_0004051,u_01249,2025-01-30,low,distant,relationships,universal
c_0004052,u_01249,2025-02-07,neutral,hurting,habits,universal
c_0004053,u_01249,2025-02-08,good,at_peace,purpose,universal
c_0004054,u_01249,2025-02-09,neutral,questioning,confidence,deeper_faith
c_0004055,u_01251,2025-06-20,good,,self,light_islamic
c_0004056,u_01251,2025-06-21,grateful,,faith,universal
c_0004057,u_01251,2025-06-26,good,questioning,work,deeper_faith
c_0004058,u_01251,2025-06-28,neutral,at_peace,habits,light_islamic
c_0004059,u_01251,2025-06-30,neutral,questioning,relationships,deeper_faith
c_0004060,u_01251,2025-07-17,neutral,at_peace,purpose,deeper_faith
c_0004061,u_01251,2025-07-18,grateful,distant,faith,light_islamic
c_0004062,u_01253,2025-04-29,good,,purpose,light_islamic
c_0004063,u_01253,2025-04-30,good,,habits,universal
c_0004064,u_01253,2025-05-02,neutral,,purpose,light_islamic
c_0004065,u_01253,2025-05-24,good,questioning,habits,universal
c_0004066,u_01253,2025-05-25,neutral,at_peace,purpose,light_islamic
c_0004067,u_01255,2025-04-22,good,,purpose,light_islamic
c_0004068,u_01255,2025-04-23,neutral,,gratitude,universal
c_0004069,u_01255,2025-04-25,grateful,,burnout,universal
c_0004070,u_01255,2025-04-30,low,distant,relationships,light_islamic
c_0004071,u_01255,2025-05-02,neutral,at_peace,work,universal
c_0004072,u_01255,2025-05-08,good,at_peace,confidence,deeper_faith
c_0004073,u_01255,2025-05-10,neutral,questioning,relationships,universal
c_0004074,u_01255,2025-05-13,good,distant,confidence,light_islamic
c_0004075,u_01256,2025-07-29,grateful,,relationships,universal
c_0004076,u_01256,2025-07-30,grateful,,self,universal
c_0004077,u_01256,2025-07-31,neutral,,gratitude,light_islamic
c_0004078,u_01256,2025-08-01,good,,confidence,universal
c_0004079,u_01256,2025-08-02,good,at_peace,burnout,universal
c_0004080,u_01256,2025-08-03,grateful,distant,work,deeper_faith
c_0004081,u_01256,2025-08-08,very_low,at_peace,relationships,universal
c_0004082,u_01256,2025-08-16,neutral,distant,purpose,light_islamic
c_0004083,u_01256,2025-08-20,neutral,distant,habits,light_islamic
c_0004084,u_01256,2025-08-24,good,at_peace,faith,universal
c_0004085,u_01256,2025-08-25,neutral,at_peace,relationships,universal
c_0004086,u_01257,2025-10-25,good,,faith,universal
c_0004087,u_01257,2025-10-27,grateful,,confidence,light_islamic
c_0004088,u_01257,2025-10-31,good,at_peace,gratitude,universal
c_0004089,u_01257,2025-11-02,good,questioning,burnout,light_islamic
c_0004090,u_01257,2025-11-03,neutral,at_peace,gratitude,universal
c_0004091,u_01257,2025-11-04,low,hurting,anxiety,light_islamic
c_0004092,u_01257,2025-11-08,low,questioning,relationships,light_islamic
c_0004093,u_01257,2025-11-09,good,at_peace,work,universal
c_0004094,u_01257,2025-11-11,good,at_peace,habits,universal
c_0004095,u_01257,2025-11-12,grateful,at_peace,habits,universal
c_0004096,u_01257,2025-11-13,good,at_peace,work,universal
c_0004097,u_01257,2025-11-16,very_low,questioning,faith,universal
c_0004098,u_01257,2025-11-18,good,distant,confidence,universal
c_0004099,u_01257,2025-11-20,very_low,at_peace,relationships,universal
c_0004100,u_01257,2025-11-22,grateful,at_peace,faith,universal
c_0004101,u_01257,2025-11-23,good,at_peace,relationships,deeper_faith
c_0004102,u_01259,2025-07-22,good,,burnout,universal
c_0004103,u_01259,2025-07-24,neutral,,confidence,light_islamic
c_0004104,u_01259,2025-07-30,good,at_peace,relationships,universal
c_0004105,u_01259,2025-07-31,grateful,at_peace,purpose,light_islamic
c_0004106,u_01259,2025-08-01,good,at_peace,confidence,universal
c_0004107,u_01259,2025-08-02,neutral,hurting,habits,light_islamic
c_0004108,u_01259,2025-08-06,neutral,at_peace,self,universal
c_0004109,u_01259,2025-08-08,neutral,at_peace,self,universal
c_0004110,u_01259,2025-08-10,good,questioning,burnout,light_islamic
c_0004111,u_01259,2025-08-12,low,at_peace,relationships,light_islamic
c_0004112,u_01259,2025-08-14,good,at_peace,confidence,universal
c_0004113,u_01259,2025-08-19,good,hurting,burnout,light_islamic
c_0004114,u_01260,2025-10-07,good,,self,deeper_faith
c_0004115,u_01260,2025-10-08,grateful,,faith,light_islamic
c_0004116,u_01260,2025-10-09,neutral,,work,light_islamic
c_0004117,u_01260,2025-10-10,grateful,,self,universal
c_0004118,u_01260,2025-10-11,neutral,questioning,purpose,light_islamic
c_0004119,u_01260,2025-10-14,grateful,at_peace,self,universal
c_0004120,u_01260,2025-10-18,grateful,hurting,gratitude,universal
c_0004121,u_01260,2025-10-20,neutral,at_peace,burnout,light_islamic
c_0004122,u_01260,2025-10-26,good,distant,confidence,light_islamic
c_0004123,u_01260,2025-11-05,grateful,distant,burnout,light_islamic
c_0004124,u_01261,2025-10-08,good,,self,light_islamic
c_0004125,u_01261,2025-10-09,grateful,,gratitude,light_islamic
c_0004126,u_01261,2025-10-11,very_low,,confidence,universal
c_0004127,u_01261,2025-10-15,good,distant,work,light_islamic
c_0004128,u_01261,2025-10-19,neutral,at_peace,habits,light_islamic
c_0004129,u_01261,2025-10-26,low,questioning,anxiety,light_islamic
c_0004130,u_01261,2025-10-27,neutral,at_peace,habits,universal
c_0004131,u_01263,2025-08-31,good,,self,universal
c_0004132,u_01263,2025-09-06,very_low,distant,gratitude,light_islamic
c_0004133,u_01263,2025-09-10,good,distant,faith,deeper_faith
c_0004134,u_01263,2025-09-11,grateful,at_peace,burnout,universal
c_0004135,u_01263,2025-09-21,neutral,distant,habits,universal
c_0004136,u_01263,2025-09-23,neutral,distant,gratitude,light_islamic
c_0004137,u_01265,2025-08-21,neutral,,confidence,universal
c_0004138,u_01265,2025-08-31,neutral,questioning,anxiety,universal
c_0004139,u_01265,2025-09-07,low,distant,anxiety,light_islamic
c_0004140,u_01265,2025-09-08,very_low,questioning,gratitude,universal
c_0004141,u_01265,2025-09-14,neutral,at_peace,burnout,light_islamic
c_0004142,u_01266,2025-07-06,grateful,,burnout,deeper_faith
c_0004143,u_01266,2025-07-11,grateful,hurting,burnout,deeper_faith
c_0004144,u_01266,2025-07-12,neutral,at_peace,self,light_islamic
c_0004145,u_01267,2025-06-08,good,,faith,deeper_faith
c_0004146,u_01267,2025-06-13,neutral,questioning,relationships,light_islamic
c_0004147,u_01267,2025-06-15,good,at_peace,relationships,light_islamic
c_0004148,u_01267,2025-06-17,neutral,questioning,faith,universal
c_0004149,u_01267,2025-06-19,neutral,distant,self,universal
c_0004150,u_01267,2025-06-22,good,distant,purpose,light_islamic
c_0004151,u_01267,2025-06-27,neutral,distant,gratitude,light_islamic
c_0004152,u_01267,2025-07-08,low,distant,burnout,universal
c_0004153,u_01268,2025-03-07,good,,work,universal
c_0004154,u_01268,2025-03-08,grateful,,confidence,light_islamic
c_0004155,u_01268,2025-03-15,low,questioning,work,light_islamic
c_0004156,u_01268,2025-03-28,good,distant,confidence,universal
c_0004157,u_01268,2025-04-01,good,distant,burnout,light_islamic
c_0004158,u_01270,2025-02-19,low,,anxiety,universal
c_0004159,u_01270,2025-02-20,grateful,,work,light_islamic
c_0004160,u_01270,2025-02-23,good,distant,faith,light_islamic
c_0004161,u_01270,2025-02-25,good,distant,anxiety,universal
c_0004162,u_01270,2025-03-02,neutral,at_peace,relationships,universal
c_0004163,u_01270,2025-03-09,neutral,distant,burnout,universal
c_0004164,u_01272,2025-09-17,grateful,,confidence,deeper_faith
c_0004165,u_01272,2025-09-19,good,,work,light_islamic
c_0004166,u_01272,2025-09-20,good,,confidence,deeper_faith
c_0004167,u_01272,2025-09-21,good,distant,work,deeper_faith
c_0004168,u_01272,2025-09-23,low,at_peace,self,light_islamic
c_0004169,u_01272,2025-09-24,grateful,at_peace,work,universal
c_0004170,u_01272,2025-09-26,good,questioning,confidence,universal
c_0004171,u_01272,2025-09-30,good,distant,relationships,light_islamic
c_0004172,u_01272,2025-10-03,good,distant,burnout,universal
c_0004173,u_01272,2025-10-07,good,at_peace,self,deeper_faith
c_0004174,u_01273,2025-10-08,low,,anxiety,light_islamic
c_0004175,u_01273,2025-10-14,good,at_peace,relationships,universal
c_0004176,u_01273,2025-10-18,good,at_peace,anxiety,universal
c_0004177,u_01273,2025-10-20,neutral,questioning,confidence,light_islamic
c_0004178,u_01273,2025-10-21,neutral,at_peace,gratitude,light_islamic
c_0004179,u_01273,2025-10-22,good,at_peace,burnout,universal
c_0004180,u_01275,2025-01-10,neutral,,gratitude,light_islamic
c_0004181,u_01275,2025-01-11,neutral,,gratitude,universal
c_0004182,u_01275,2025-01-12,neutral,,work,light_islamic
c_0004183,u_01275,2025-01-16,low,questioning,relationships,universal
c_0004184,u_01275,2025-01-17,good,at_peace,self,deeper_faith
c_0004185,u_01275,2025-01-23,neutral,hurting,anxiety,deeper_faith
c_0004186,u_01275,2025-01-27,neutral,distant,confidence,deeper_faith
c_0004187,u_01278,2025-02-08,good,,faith,universal
c_0004188,u_01278,2025-02-13,neutral,at_peace,self,universal
c_0004189,u_01278,2025-02-17,good,questioning,anxiety,deeper_faith
c_0004190,u_01278,2025-02-22,low,questioning,purpose,light_islamic
c_0004191,u_01278,2025-02-23,low,at_peace,relationships,light_islamic
c_0004192,u_01278,2025-02-24,neutral,at_peace,faith,universal
c_0004193,u_01278,2025-02-27,good,hurting,confidence,light_islamic
c_0004194,u_01278,2025-03-01,neutral,at_peace,anxiety,light_islamic
c_0004195,u_01278,2025-03-07,good,distant,burnout,universal
c_0004196,u_01278,2025-03-08,good,hurting,purpose,light_islamic
c_0004197,u_01279,2025-12-15,grateful,,purpose,universal
c_0004198,u_01279,2025-12-17,neutral,,confidence,light_islamic
c_0004199,u_01279,2025-12-18,good,,anxiety,universal
c_0004200,u_01279,2025-12-26,low,at_peace,anxiety,deeper_faith
c_0004201,u_01279,2025-12-30,grateful,hurting,habits,light_islamic
c_0004202,u_01279,2026-01-03,neutral,questioning,work,universal
c_0004203,u_01280,2025-06-21,grateful,,self,deeper_faith
c_0004204,u_01280,2025-06-23,neutral,,burnout,light_islamic
c_0004205,u_01280,2025-06-27,low,at_peace,burnout,light_islamic
c_0004206,u_01280,2025-06-28,low,distant,anxiety,light_islamic
c_0004207,u_01280,2025-07-01,good,distant,faith,universal
c_0004208,u_01280,2025-07-02,grateful,distant,work,light_islamic
c_0004209,u_01280,2025-07-07,low,questioning,confidence,universal
c_0004210,u_01280,2025-07-21,grateful,at_peace,burnout,light_islamic
c_0004211,u_01282,2025-04-26,very_low,,confidence,universal
c_0004212,u_01282,2025-04-27,low,,purpose,deeper_faith
c_0004213,u_01282,2025-04-30,neutral,at_peace,work,deeper_faith
c_0004214,u_01282,2025-05-01,good,distant,burnout,universal
c_0004215,u_01282,2025-05-04,low,at_peace,self,universal
c_0004216,u_01282,2025-05-06,grateful,hurting,anxiety,light_islamic
c_0004217,u_01282,2025-05-08,neutral,distant,confidence,light_islamic
c_0004218,u_01282,2025-05-10,low,at_peace,habits,universal
c_0004219,u_01282,2025-05-11,good,distant,purpose,universal
c_0004220,u_01282,2025-05-12,good,distant,faith,light_islamic
c_0004221,u_01282,2025-05-18,good,at_peace,habits,universal
c_0004222,u_01282,2025-05-23,very_low,questioning,self,universal
c_0004223,u_01284,2025-08-14,neutral,,confidence,universal
c_0004224,u_01284,2025-08-16,good,,confidence,universal
c_0004225,u_01284,2025-08-20,good,questioning,purpose,universal
c_0004226,u_01284,2025-08-23,low,at_peace,habits,universal
c_0004227,u_01284,2025-08-31,neutral,distant,habits,universal
c_0004228,u_01284,2025-09-07,good,at_peace,faith,universal
c_0004229,u_01284,2025-09-13,grateful,at_peace,work,light_islamic
c_0004230,u_01285,2025-11-27,good,,habits,light_islamic
c_0004231,u_01285,2025-11-29,grateful,,self,universal
c_0004232,u_01285,2025-12-01,neutral,at_peace,self,light_islamic
c_0004233,u_01285,2025-12-04,good,at_peace,habits,universal
c_0004234,u_01285,2025-12-12,good,at_peace,relationships,universal
c_0004235,u_01285,2025-12-19,neutral,questioning,anxiety,deeper_faith
c_0004236,u_01286,2025-12-30,grateful,,anxiety,universal
c_0004237,u_01286,2025-12-31,good,,work,light_islamic
c_0004238,u_01286,2026-01-02,neutral,,work,deeper_faith
c_0004239,u_01286,2026-01-05,good,questioning,self,universal
c_0004240,u_01286,2026-01-06,neutral,distant,relationships,light_islamic
c_0004241,u_01286,2026-01-21,good,at_peace,anxiety,deeper_faith
c_0004242,u_01288,2025-04-23,very_low,,habits,universal
c_0004243,u_01288,2025-04-24,grateful,,purpose,deeper_faith
c_0004244,u_01288,2025-04-25,neutral,,work,light_islamic
c_0004245,u_01288,2025-04-26,low,,anxiety,deeper_faith
c_0004246,u_01288,2025-04-27,very_low,at_peace,confidence,universal
c_0004247,u_01288,2025-04-29,neutral,at_peace,habits,light_islamic
c_0004248,u_01288,2025-05-05,good,at_peace,purpose,light_islamic
c_0004249,u_01288,2025-05-07,neutral,at_peace,habits,deeper_faith
c_0004250,u_01288,2025-05-21,grateful,at_peace,burnout,light_islamic
c_0004251,u_01290,2025-09-21,grateful,,habits,deeper_faith
c_0004252,u_01290,2025-10-01,good,hurting,purpose,light_islamic
c_0004253,u_01290,2025-10-04,grateful,hurting,burnout,deeper_faith
c_0004254,u_01290,2025-10-07,good,distant,self,deeper_faith
c_0004255,u_01290,2025-10-13,low,distant,habits,light_islamic
c_0004256,u_01290,2025-10-17,good,distant,relationships,light_islamic
c_0004257,u_01293,2025-03-16,neutral,,confidence,universal
c_0004258,u_01293,2025-03-21,good,at_peace,gratitude,light_islamic
c_0004259,u_01293,2025-03-23,good,questioning,faith,universal
c_0004260,u_01293,2025-03-24,low,distant,confidence,deeper_faith
c_0004261,u_01293,2025-04-03,neutral,at_peace,work,light_islamic
c_0004262,u_01293,2025-04-10,good,questioning,self,universal
c_0004263,u_01293,2025-04-13,good,distant,faith,universal
c_0004264,u_01299,2025-09-11,good,,relationships,universal
c_0004265,u_01299,2025-09-26,good,at_peace,anxiety,light_islamic
c_0004266,u_01301,2025-07-18,grateful,,faith,universal
c_0004267,u_01301,2025-07-19,good,,confidence,light_islamic
c_0004268,u_01301,2025-07-21,good,,purpose,universal
c_0004269,u_01301,2025-07-28,neutral,at_peace,gratitude,universal
c_0004270,u_01301,2025-07-29,very_low,at_peace,relationships,deeper_faith
c_0004271,u_01301,2025-08-04,neutral,at_peace,purpose,deeper_faith
c_0004272,u_01301,2025-08-07,neutral,questioning,confidence,light_islamic
c_0004273,u_01301,2025-08-09,low,distant,confidence,universal
c_0004274,u_01302,2025-02-27,grateful,,habits,light_islamic
c_0004275,u_01302,2025-03-14,good,at_peace,self,universal
c_0004276,u_01302,2025-03-15,good,at_peace,work,deeper_faith
c_0004277,u_01302,2025-03-17,grateful,at_peace,self,universal
c_0004278,u_01302,2025-03-18,good,distant,faith,universal
c_0004279,u_01302,2025-03-19,good,at_peace,gratitude,universal
c_0004280,u_01302,2025-03-20,low,questioning,gratitude,deeper_faith
c_0004281,u_01302,2025-03-22,low,hurting,purpose,light_islamic
c_0004282,u_01302,2025-03-23,good,at_peace,purpose,universal
c_0004283,u_01302,2025-03-25,grateful,at_peace,faith,universal
c_0004284,u_01306,2025-09-15,grateful,,purpose,universal
c_0004285,u_01306,2025-09-17,good,,faith,light_islamic
c_0004286,u_01306,2025-09-22,neutral,at_peace,anxiety,universal
c_0004287,u_01306,2025-09-26,good,at_peace,confidence,universal
c_0004288,u_01306,2025-09-29,grateful,at_peace,purpose,light_islamic
c_0004289,u_01306,2025-10-06,low,at_peace,faith,light_islamic
c_0004290,u_01310,2025-10-22,grateful,,burnout,light_islamic
c_0004291,u_01310,2025-10-23,good,,faith,deeper_faith
c_0004292,u_01310,2025-10-31,neutral,hurting,purpose,universal
c_0004293,u_01310,2025-11-04,grateful,distant,burnout,light_islamic
c_0004294,u_01310,2025-11-09,good,questioning,confidence,universal
c_0004295,u_01310,2025-11-13,neutral,at_peace,habits,universal
c_0004296,u_01310,2025-11-14,good,hurting,faith,universal
c_0004297,u_01310,2025-11-19,low,at_peace,relationships,light_islamic
c_0004298,u_01311,2025-06-19,good,,purpose,universal
c_0004299,u_01311,2025-06-21,neutral,,habits,deeper_faith
c_0004300,u_01311,2025-06-22,good,,habits,universal
c_0004301,u_01311,2025-06-23,neutral,at_peace,relationships,light_islamic
c_0004302,u_01311,2025-06-24,good,at_peace,habits,light_islamic
c_0004303,u_01311,2025-06-28,grateful,at_peace,anxiety,light_islamic
c_0004304,u_01311,2025-07-04,very_low,at_peace,relationships,universal
c_0004305,u_01311,2025-07-06,good,distant,gratitude,light_islamic
c_0004306,u_01311,2025-07-19,good,hurting,purpose,light_islamic
c_0004307,u_01312,2025-06-30,neutral,,purpose,deeper_faith
c_0004308,u_01312,2025-07-03,neutral,,confidence,universal
c_0004309,u_01312,2025-07-09,neutral,at_peace,confidence,light_islamic
c_0004310,u_01312,2025-07-10,neutral,at_peace,work,light_islamic
c_0004311,u_01312,2025-07-12,neutral,distant,gratitude,universal
c_0004312,u_01312,2025-07-13,good,at_peace,gratitude,deeper_faith
c_0004313,u_01313,2025-12-16,good,,self,universal
c_0004314,u_01313,2025-12-17,grateful,,confidence,light_islamic
c_0004315,u_01313,2025-12-20,grateful,at_peace,relationships,light_islamic
c_0004316,u_01313,2025-12-23,neutral,at_peace,faith,universal
c_0004317,u_01313,2025-12-27,neutral,distant,work,universal
c_0004318,u_01313,2025-12-31,grateful,at_peace,self,universal
c_0004319,u_01313,2026-01-05,low,hurting,purpose,light_islamic
c_0004320,u_01313,2026-01-09,grateful,at_peace,work,light_islamic
c_0004321,u_01313,2026-01-11,good,at_peace,habits,light_islamic
c_0004322,u_01313,2026-01-14,good,at_peace,relationships,universal
c_0004323,u_01323,2025-03-16,good,,purpose,universal
c_0004324,u_01323,2025-03-17,grateful,,faith,universal
c_0004325,u_01323,2025-03-21,very_low,questioning,anxiety,light_islamic
c_0004326,u_01323,2025-03-24,good,questioning,work,deeper_faith
c_0004327,u_01323,2025-03-28,grateful,at_peace,gratitude,universal
c_0004328,u_01323,2025-03-31,good,at_peace,work,universal
c_0004329,u_01323,2025-04-02,grateful,at_peace,work,universal
c_0004330,u_01323,2025-04-11,neutral,distant,habits,light_islamic
c_0004331,u_01323,2025-04-13,good,at_peace,relationships,universal
c_0004332,u_01328,2025-11-10,neutral,,work,light_islamic
c_0004333,u_01328,2025-11-11,neutral,,habits,universal
c_0004334,u_01328,2025-11-12,good,,burnout,deeper_faith
c_0004335,u_01328,2025-11-13,neutral,,confidence,deeper_faith
c_0004336,u_01328,2025-11-16,neutral,questioning,confidence,universal
c_0004337,u_01328,2025-11-19,good,at_peace,faith,deeper_faith
c_0004338,u_01328,2025-11-20,neutral,at_peace,work,universal
c_0004339,u_01328,2025-11-21,good,distant,anxiety,universal
c_0004340,u_01328,2025-11-29,neutral,questioning,relationships,light_islamic
c_0004341,u_01328,2025-12-02,very_low,questioning,work,universal
c_0004342,u_01330,2025-06-20,good,,anxiety,light_islamic
c_0004343,u_01330,2025-06-21,good,,burnout,universal
c_0004344,u_01330,2025-06-30,neutral,distant,self,light_islamic
c_0004345,u_01330,2025-07-04,neutral,questioning,habits,universal
c_0004346,u_01330,2025-07-08,grateful,at_peace,work,universal
c_0004347,u_01330,2025-07-17,good,at_peace,confidence,light_islamic
c_0004348,u_01330,2025-07-19,low,distant,self,universal
c_0004349,u_01331,2025-10-01,good,,self,universal
c_0004350,u_01331,2025-10-02,grateful,,confidence,light_islamic
c_0004351,u_01331,2025-10-06,good,distant,purpose,universal
c_0004352,u_01331,2025-10-07,grateful,at_peace,work,deeper_faith
c_0004353,u_01331,2025-10-11,good,at_peace,faith,light_islamic
c_0004354,u_01331,2025-10-26,neutral,at_peace,gratitude,light_islamic
c_0004355,u_01331,2025-10-31,neutral,questioning,confidence,light_islamic
c_0004356,u_01332,2025-03-11,neutral,,confidence,deeper_faith
c_0004357,u_01332,2025-03-13,neutral,,confidence,light_islamic
c_0004358,u_01332,2025-03-21,very_low,questioning,self,universal
c_0004359,u_01332,2025-03-22,neutral,distant,work,light_islamic
c_0004360,u_01332,2025-03-28,neutral,at_peace,purpose,light_islamic
c_0004361,u_01332,2025-04-02,grateful,at_peace,habits,universal
c_0004362,u_01332,2025-04-03,grateful,questioning,habits,universal
c_0004363,u_01332,2025-04-06,low,at_peace,purpose,light_islamic
c_0004364,u_01333,2025-02-05,good,,confidence,light_islamic
c_0004365,u_01333,2025-02-07,good,,confidence,universal
c_0004366,u_01333,2025-02-13,neutral,at_peace,burnout,universal
c_0004367,u_01333,2025-02-14,grateful,at_peace,work,universal
c_0004368,u_01333,2025-02-17,neutral,distant,work,light_islamic
c_0004369,u_01333,2025-02-18,good,at_peace,work,light_islamic
c_0004370,u_01333,2025-02-22,neutral,questioning,relationships,light_islamic
c_0004371,u_01334,2025-11-27,neutral,,faith,universal
c_0004372,u_01334,2025-12-01,good,questioning,gratitude,light_islamic
c_0004373,u_01334,2025-12-02,very_low,questioning,work,light_islamic
c_0004374,u_01334,2025-12-03,very_low,at_peace,work,universal
c_0004375,u_01334,2025-12-04,very_low,distant,burnout,light_islamic
c_0004376,u_01334,2025-12-10,neutral,at_peace,faith,deeper_faith
c_0004377,u_01334,2025-12-27,neutral,distant,burnout,light_islamic
c_0004378,u_01336,2025-12-14,grateful,,work,universal
c_0004379,u_01336,2025-12-16,low,,self,light_islamic
c_0004380,u_01336,2025-12-17,neutral,,purpose,universal
c_0004381,u_01336,2025-12-26,good,at_peace,gratitude,light_islamic
c_0004382,u_01336,2025-12-27,good,questioning,self,light_islamic
c_0004383,u_01337,2025-04-27,neutral,,purpose,universal
c_0004384,u_01337,2025-04-28,low,,work,light_islamic
c_0004385,u_01337,2025-05-05,good,at_peace,confidence,universal
c_0004386,u_01337,2025-05-09,neutral,at_peace,faith,light_islamic
c_0004387,u_01337,2025-05-10,good,distant,relationships,light_islamic
c_0004388,u_01338,2025-12-04,good,,relationships,light_islamic
c_0004389,u_01338,2025-12-08,very_low,at_peace,habits,deeper_faith
c_0004390,u_01338,2025-12-11,good,questioning,burnout,universal
c_0004391,u_01338,2025-12-19,neutral,distant,confidence,deeper_faith
c_0004392,u_01338,2025-12-30,neutral,at_peace,self,light_islamic
c_0004393,u_01338,2026-01-03,good,questioning,relationships,universal
c_0004394,u_01341,2025-01-21,good,,habits,deeper_faith
c_0004395,u_01341,2025-01-25,neutral,questioning,relationships,deeper_faith
c_0004396,u_01341,2025-01-31,low,at_peace,gratitude,light_islamic
c_0004397,u_01341,2025-02-02,grateful,distant,purpose,universal
c_0004398,u_01341,2025-02-06,neutral,at_peace,burnout,light_islamic
c_0004399,u_01341,2025-02-14,neutral,distant,purpose,light_islamic
c_0004400,u_01341,2025-02-18,neutral,questioning,gratitude,universal
c_0004401,u_01342,2025-12-30,low,,habits,light_islamic
c_0004402,u_01342,2026-01-06,good,at_peace,faith,universal
c_0004403,u_01342,2026-01-08,neutral,questioning,habits,light_islamic
c_0004404,u_01342,2026-01-09,good,at_peace,work,light_islamic
c_0004405,u_01342,2026-01-29,grateful,at_peace,burnout,universal
c_0004406,u_01343,2025-07-30,grateful,,confidence,universal
c_0004407,u_01343,2025-08-05,neutral,at_peace,burnout,light_islamic
c_0004408,u_01343,2025-08-10,good,distant,gratitude,light_islamic
c_0004409,u_01343,2025-08-20,good,questioning,relationships,deeper_faith
c_0004410,u_01343,2025-08-23,neutral,hurting,burnout,universal
c_0004411,u_01343,2025-08-24,low,distant,habits,universal
c_0004412,u_01343,2025-08-25,neutral,hurting,self,light_islamic
c_0004413,u_01346,2025-04-07,grateful,,faith,light_islamic
c_0004414,u_01346,2025-04-12,neutral,at_peace,purpose,light_islamic
c_0004415,u_01346,2025-04-14,good,at_peace,anxiety,light_islamic
c_0004416,u_01346,2025-04-15,neutral,questioning,self,universal
c_0004417,u_01346,2025-04-16,neutral,distant,purpose,light_islamic
c_0004418,u_01346,2025-04-18,good,at_peace,purpose,universal
c_0004419,u_01346,2025-04-19,neutral,at_peace,gratitude,light_islamic
c_0004420,u_01346,2025-05-06,neutral,distant,gratitude,light_islamic
c_0004421,u_01346,2025-05-07,neutral,at_peace,anxiety,universal
c_0004422,u_01347,2025-08-03,neutral,,confidence,light_islamic
c_0004423,u_01347,2025-08-04,good,,gratitude,universal
c_0004424,u_01347,2025-08-06,neutral,,purpose,universal
c_0004425,u_01347,2025-08-07,grateful,at_peace,faith,light_islamic
c_0004426,u_01347,2025-08-10,neutral,distant,anxiety,deeper_faith
c_0004427,u_01347,2025-08-11,neutral,questioning,gratitude,universal
c_0004428,u_01347,2025-08-13,grateful,questioning,work,light_islamic
c_0004429,u_01347,2025-08-21,good,questioning,faith,universal
c_0004430,u_01347,2025-08-22,very_low,hurting,anxiety,universal
c_0004431,u_01347,2025-08-24,good,distant,faith,universal
c_0004432,u_01347,2025-08-25,very_low,at_peace,anxiety,deeper_faith
c_0004433,u_01347,2025-08-28,grateful,distant,work,universal
c_0004434,u_01348,2025-04-07,grateful,,burnout,light_islamic
c_0004435,u_01348,2025-04-14,neutral,at_peace,self,light_islamic
c_0004436,u_01348,2025-04-17,good,distant,gratitude,deeper_faith
c_0004437,u_01348,2025-04-20,neutral,distant,confidence,light_islamic
c_0004438,u_01348,2025-05-01,very_low,at_peace,habits,universal
c_0004439,u_01350,2025-11-11,grateful,,self,light_islamic
c_0004440,u_01350,2025-11-17,very_low,at_peace,confidence,universal
c_0004441,u_01350,2025-11-20,neutral,distant,habits,light_islamic
c_0004442,u_01350,2025-11-22,good,at_peace,faith,light_islamic
c_0004443,u_01351,2025-04-26,low,,gratitude,light_islamic
c_0004444,u_01351,2025-04-28,neutral,,work,universal
c_0004445,u_01351,2025-05-04,neutral,at_peace,gratitude,universal
c_0004446,u_01351,2025-05-05,neutral,at_peace,relationships,deeper_faith
c_0004447,u_01351,2025-05-08,good,questioning,purpose,deeper_faith
c_0004448,u_01351,2025-05-11,very_low,at_peace,burnout,universal
c_0004449,u_01354,2025-04-12,grateful,,confidence,light_islamic
c_0004450,u_01354,2025-04-15,grateful,,work,universal
c_0004451,u_01354,2025-04-25,grateful,at_peace,habits,universal
c_0004452,u_01354,2025-04-26,grateful,at_peace,faith,light_islamic
c_0004453,u_01354,2025-04-29,good,at_peace,confidence,universal
c_0004454,u_01354,2025-05-02,good,distant,purpose,light_islamic
c_0004455,u_01354,2025-05-03,good,questioning,habits,light_islamic
c_0004456,u_01355,2025-03-01,good,,relationships,universal
c_0004457,u_01355,2025-03-05,good,at_peace,purpose,light_islamic
c_0004458,u_01355,2025-03-21,good,at_peace,purpose,deeper_faith
c_0004459,u_01355,2025-03-22,grateful,at_peace,anxiety,universal
c_0004460,u_01355,2025-03-29,good,at_peace,faith,light_islamic
c_0004461,u_01357,2025-09-11,very_low,,burnout,deeper_faith
c_0004462,u_01357,2025-09-17,very_low,distant,habits,deeper_faith
c_0004463,u_01357,2025-09-22,good,questioning,gratitude,light_islamic
c_0004464,u_01357,2025-10-02,neutral,at_peace,faith,universal
c_0004465,u_01357,2025-10-07,good,at_peace,self,light_islamic
c_0004466,u_01358,2025-07-13,good,,burnout,light_islamic
c_0004467,u_01358,2025-07-17,very_low,questioning,habits,universal
c_0004468,u_01358,2025-07-20,neutral,questioning,self,deeper_faith
c_0004469,u_01358,2025-07-21,neutral,at_peace,gratitude,light_islamic
c_0004470,u_01358,2025-07-23,low,at_peace,work,universal
c_0004471,u_01358,2025-07-25,neutral,at_peace,confidence,universal
c_0004472,u_01358,2025-07-30,neutral,at_peace,faith,light_islamic
c_0004473,u_01361,2025-07-15,grateful,,burnout,light_islamic
c_0004474,u_01361,2025-07-19,low,distant,burnout,universal
c_0004475,u_01361,2025-07-21,neutral,distant,self,universal
c_0004476,u_01361,2025-07-23,neutral,at_peace,purpose,light_islamic
c_0004477,u_01361,2025-07-24,neutral,at_peace,relationships,universal
c_0004478,u_01361,2025-07-25,neutral,questioning,gratitude,light_islamic
c_0004479,u_01361,2025-07-26,good,distant,relationships,light_islamic
c_0004480,u_01361,2025-07-27,low,at_peace,faith,deeper_faith
c_0004481,u_01361,2025-08-05,good,at_peace,faith,light_islamic
c_0004482,u_01361,2025-08-06,grateful,at_peace,self,light_islamic
c_0004483,u_01362,2025-02-20,low,,burnout,light_islamic
c_0004484,u_01362,2025-02-21,good,,self,universal
c_0004485,u_01362,2025-02-28,neutral,distant,burnout,deeper_faith
c_0004486,u_01362,2025-03-04,good,at_peace,anxiety,light_islamic
c_0004487,u_01362,2025-03-14,neutral,questioning,work,light_islamic
c_0004488,u_01362,2025-03-15,good,hurting,relationships,universal
c_0004489,u_01362,2025-03-22,neutral,at_peace,confidence,universal
c_0004490,u_01363,2025-02-18,grateful,,burnout,light_islamic
c_0004491,u_01363,2025-02-22,very_low,questioning,habits,light_islamic
c_0004492,u_01363,2025-02-26,neutral,questioning,anxiety,universal
c_0004493,u_01363,2025-02-27,very_low,questioning,habits,light_islamic
c_0004494,u_01363,2025-03-02,good,at_peace,work,light_islamic
c_0004495,u_01363,2025-03-05,neutral,distant,gratitude,deeper_faith
c_0004496,u_01363,2025-03-13,neutral,distant,purpose,light_islamic
c_0004497,u_01363,2025-03-15,low,at_peace,relationships,deeper_faith
c_0004498,u_01365,2025-06-04,grateful,,confidence,deeper_faith
c_0004499,u_01365,2025-06-11,neutral,at_peace,work,deeper_faith
c_0004500,u_01365,2025-06-13,neutral,distant,faith,universal
c_0004501,u_01365,2025-06-25,neutral,questioning,work,light_islamic
c_0004502,u_01365,2025-07-02,low,at_peace,habits,universal
c_0004503,u_01366,2025-10-09,neutral,,purpose,light_islamic
c_0004504,u_01366,2025-10-10,neutral,,purpose,light_islamic
c_0004505,u_01366,2025-10-12,low,,faith,deeper_faith
c_0004506,u_01366,2025-10-15,very_low,questioning,confidence,universal
c_0004507,u_01366,2025-10-16,neutral,at_peace,habits,universal
c_0004508,u_01366,2025-10-23,neutral,distant,confidence,universal
c_0004509,u_01366,2025-10-25,neutral,distant,confidence,universal
c_0004510,u_01366,2025-10-29,grateful,distant,faith,light_islamic
c_0004511,u_01367,2025-05-14,good,,faith,universal
c_0004512,u_01367,2025-05-17,grateful,,faith,light_islamic
c_0004513,u_01367,2025-05-18,grateful,at_peace,gratitude,universal
c_0004514,u_01367,2025-05-20,low,at_peace,anxiety,universal
c_0004515,u_01367,2025-05-21,good,distant,faith,deeper_faith
c_0004516,u_01367,2025-05-24,good,at_peace,self,light_islamic
c_0004517,u_01367,2025-05-26,grateful,questioning,self,light_islamic
c_0004518,u_01370,2025-12-20,low,,habits,universal
c_0004519,u_01370,2025-12-21,neutral,,relationships,universal
c_0004520,u_01370,2025-12-25,good,hurting,work,deeper_faith
c_0004521,u_01370,2026-01-01,neutral,hurting,purpose,light_islamic
c_0004522,u_01370,2026-01-03,good,at_peace,work,universal
c_0004523,u_01370,2026-01-04,grateful,hurting,anxiety,light_islamic
c_0004524,u_01370,2026-01-15,good,distant,self,universal
c_0004525,u_01371,2025-04-23,low,,anxiety,universal
c_0004526,u_01371,2025-04-24,neutral,,confidence,universal
c_0004527,u_01371,2025-04-29,very_low,distant,anxiety,universal
c_0004528,u_01371,2025-04-30,good,hurting,purpose,universal
c_0004529,u_01371,2025-05-08,neutral,questioning,habits,universal
c_0004530,u_01371,2025-05-13,low,distant,relationships,universal
c_0004531,u_01372,2025-08-06,good,,work,light_islamic
c_0004532,u_01372,2025-08-08,good,,work,universal
c_0004533,u_01372,2025-08-11,neutral,questioning,gratitude,light_islamic
c_0004534,u_01372,2025-08-12,good,distant,faith,universal
c_0004535,u_01372,2025-08-13,neutral,distant,faith,universal
c_0004536,u_01372,2025-08-14,good,questioning,relationships,universal
c_0004537,u_01372,2025-08-20,neutral,hurting,confidence,deeper_faith
c_0004538,u_01372,2025-08-25,neutral,at_peace,self,universal
c_0004539,u_01372,2025-08-26,neutral,at_peace,faith,light_islamic
c_0004540,u_01372,2025-08-30,grateful,at_peace,relationships,light_islamic
c_0004541,u_01374,2025-10-20,low,,faith,light_islamic
c_0004542,u_01374,2025-10-23,neutral,,faith,universal
c_0004543,u_01374,2025-10-29,low,at_peace,work,light_islamic
c_0004544,u_01374,2025-11-05,good,at_peace,relationships,deeper_faith
c_0004545,u_01374,2025-11-06,good,questioning,self,universal
c_0004546,u_01374,2025-11-08,good,at_peace,habits,deeper_faith
c_0004547,u_01374,2025-11-13,low,at_peace,habits,universal
c_0004548,u_01374,2025-11-16,very_low,at_peace,confidence,universal
c_0004549,u_01375,2025-06-16,neutral,,purpose,universal
c_0004550,u_01375,2025-06-19,neutral,,anxiety,universal
c_0004551,u_01375,2025-06-21,good,at_peace,work,deeper_faith
c_0004552,u_01375,2025-06-22,good,at_peace,self,light_islamic
c_0004553,u_01375,2025-06-29,neutral,questioning,relationships,light_islamic
c_0004554,u_01375,2025-07-01,very_low,at_peace,purpose,light_islamic
c_0004555,u_01376,2025-10-29,good,,work,light_islamic
c_0004556,u_01376,2025-11-01,good,,work,universal
c_0004557,u_01376,2025-11-02,grateful,questioning,relationships,light_islamic
c_0004558,u_01376,2025-11-05,grateful,at_peace,relationships,universal
c_0004559,u_01376,2025-11-06,low,questioning,habits,light_islamic
c_0004560,u_01376,2025-11-08,good,hurting,faith,light_islamic
c_0004561,u_01376,2025-11-10,very_low,at_peace,confidence,light_islamic
c_0004562,u_01376,2025-11-11,low,at_peace,faith,light_islamic
c_0004563,u_01376,2025-11-14,good,questioning,habits,universal
c_0004564,u_01376,2025-11-16,very_low,at_peace,work,universal
c_0004565,u_01376,2025-11-18,grateful,at_peace,gratitude,light_islamic
c_0004566,u_01376,2025-11-25,good,questioning,work,deeper_faith
c_0004567,u_01376,2025-11-28,good,distant,confidence,universal
c_0004568,u_01377,2025-03-08,good,,relationships,light_islamic
c_0004569,u_01377,2025-03-09,neutral,,habits,universal
c_0004570,u_01377,2025-03-10,neutral,,self,universal
c_0004571,u_01377,2025-03-12,neutral,at_peace,confidence,universal
c_0004572,u_01377,2025-03-15,good,questioning,purpose,light_islamic
c_0004573,u_01377,2025-03-19,low,distant,work,deeper_faith
c_0004574,u_01377,2025-03-20,neutral,at_peace,faith,light_islamic
c_0004575,u_01377,2025-03-26,neutral,distant,habits,universal
c_0004576,u_01377,2025-03-31,good,at_peace,gratitude,universal
c_0004577,u_01377,2025-04-02,grateful,at_peace,habits,universal
c_0004578,u_01379,2025-12-08,good,,burnout,universal
c_0004579,u_01379,2025-12-09,good,,self,light_islamic
c_0004580,u_01379,2025-12-10,neutral,,anxiety,light_islamic
c_0004581,u_01379,2025-12-13,neutral,at_peace,work,deeper_faith
c_0004582,u_01379,2025-12-20,neutral,at_peace,anxiety,universal
c_0004583,u_01379,2025-12-22,neutral,questioning,work,universal
c_0004584,u_01379,2025-12-25,low,at_peace,gratitude,light_islamic
c_0004585,u_01379,2025-12-27,very_low,at_peace,habits,universal
c_0004586,u_01380,2025-03-07,good,,purpose,universal
c_0004587,u_01380,2025-03-09,good,,anxiety,light_islamic
c_0004588,u_01380,2025-03-12,good,at_peace,confidence,universal
c_0004589,u_01380,2025-03-21,neutral,at_peace,habits,deeper_faith
c_0004590,u_01380,2025-03-29,neutral,at_peace,faith,universal
c_0004591,u_01380,2025-04-04,neutral,at_peace,anxiety,light_islamic
c_0004592,u_01380,2025-04-06,grateful,at_peace,gratitude,universal
c_0004593,u_01381,2025-10-05,low,,confidence,light_islamic
c_0004594,u_01381,2025-10-08,neutral,,work,universal
c_0004595,u_01381,2025-10-13,low,hurting,habits,universal
c_0004596,u_01381,2025-10-18,very_low,at_peace,burnout,deeper_faith
c_0004597,u_01381,2025-10-29,neutral,at_peace,gratitude,universal
c_0004598,u_01381,2025-11-03,grateful,at_peace,burnout,light_islamic
c_0004599,u_01384,2025-04-20,grateful,,self,light_islamic
c_0004600,u_01384,2025-04-21,good,,work,deeper_faith
c_0004601,u_01384,2025-04-22,low,,purpose,universal
c_0004602,u_01384,2025-04-24,neutral,at_peace,anxiety,deeper_faith
c_0004603,u_01384,2025-05-05,grateful,at_peace,self,universal
c_0004604,u_01384,2025-05-07,good,at_peace,habits,universal
c_0004605,u_01384,2025-05-15,grateful,at_peace,faith,universal
c_0004606,u_01388,2025-08-29,good,,burnout,universal
c_0004607,u_01388,2025-08-30,neutral,,confidence,light_islamic
c_0004608,u_01388,2025-09-01,low,,gratitude,universal
c_0004609,u_01388,2025-09-20,low,at_peace,gratitude,light_islamic
c_0004610,u_01388,2025-09-23,grateful,at_peace,relationships,light_islamic
c_0004611,u_01388,2025-09-24,neutral,at_peace,self,universal
c_0004612,u_01391,2025-05-31,good,,gratitude,universal
c_0004613,u_01391,2025-06-01,neutral,,habits,universal
c_0004614,u_01391,2025-06-06,grateful,at_peace,faith,light_islamic
c_0004615,u_01391,2025-06-07,good,at_peace,purpose,deeper_faith
c_0004616,u_01391,2025-06-11,good,at_peace,relationships,universal
c_0004617,u_01391,2025-06-15,neutral,distant,faith,universal
c_0004618,u_01391,2025-06-19,grateful,at_peace,self,universal
c_0004619,u_01391,2025-06-23,good,questioning,confidence,universal
c_0004620,u_01391,2025-06-27,grateful,questioning,gratitude,deeper_faith
c_0004621,u_01391,2025-06-29,good,at_peace,confidence,universal
c_0004622,u_01392,2025-09-20,very_low,,purpose,light_islamic
c_0004623,u_01392,2025-09-21,grateful,,anxiety,universal
c_0004624,u_01392,2025-09-22,good,,gratitude,light_islamic
c_0004625,u_01392,2025-09-27,good,at_peace,burnout,light_islamic
c_0004626,u_01392,2025-09-29,grateful,distant,self,universal
c_0004627,u_01392,2025-10-10,neutral,distant,anxiety,universal
c_0004628,u_01393,2025-11-04,good,,gratitude,deeper_faith
c_0004629,u_01393,2025-11-05,good,,self,universal
c_0004630,u_01393,2025-11-10,neutral,distant,work,deeper_faith
c_0004631,u_01393,2025-11-13,neutral,distant,habits,light_islamic
c_0004632,u_01393,2025-11-18,low,questioning,burnout,universal
c_0004633,u_01393,2025-11-19,grateful,distant,habits,light_islamic
c_0004634,u_01393,2025-11-21,good,questioning,relationships,deeper_faith
c_0004635,u_01395,2025-06-22,neutral,,anxiety,universal
c_0004636,u_01395,2025-06-26,good,at_peace,burnout,light_islamic
c_0004637,u_01395,2025-06-28,grateful,questioning,habits,universal
c_0004638,u_01395,2025-06-29,neutral,distant,faith,light_islamic
c_0004639,u_01395,2025-07-02,neutral,at_peace,faith,universal
c_0004640,u_01395,2025-07-06,grateful,questioning,purpose,light_islamic
c_0004641,u_01395,2025-07-07,good,questioning,anxiety,universal
c_0004642,u_01395,2025-07-10,good,questioning,relationships,universal
c_0004643,u_01395,2025-07-13,good,questioning,work,universal
c_0004644,u_01395,2025-07-17,good,distant,work,universal
c_0004645,u_01395,2025-07-22,low,at_peace,gratitude,universal
c_0004646,u_01396,2025-12-14,neutral,,gratitude,universal
c_0004647,u_01396,2025-12-16,low,,purpose,light_islamic
c_0004648,u_01396,2025-12-18,neutral,at_peace,purpose,universal
c_0004649,u_01396,2025-12-19,good,distant,relationships,deeper_faith
c_0004650,u_01396,2025-12-20,good,questioning,purpose,deeper_faith
c_0004651,u_01396,2025-12-21,good,distant,burnout,light_islamic
c_0004652,u_01396,2025-12-25,grateful,at_peace,confidence,light_islamic
c_0004653,u_01396,2025-12-29,neutral,at_peace,confidence,deeper_faith
c_0004654,u_01396,2025-12-31,neutral,at_peace,relationships,universal
c_0004655,u_01397,2025-01-09,neutral,,habits,light_islamic
c_0004656,u_01397,2025-01-12,neutral,,habits,light_islamic
c_0004657,u_01397,2025-01-17,grateful,hurting,relationships,universal
c_0004658,u_01397,2025-01-22,good,hurting,confidence,universal
c_0004659,u_01397,2025-02-02,good,at_peace,purpose,deeper_faith
c_0004660,u_01399,2025-07-25,good,,gratitude,light_islamic
c_0004661,u_01399,2025-07-31,low,hurting,purpose,deeper_faith
c_0004662,u_01399,2025-08-05,neutral,questioning,burnout,light_islamic
c_0004663,u_01399,2025-08-09,neutral,distant,confidence,light_islamic
c_0004664,u_01401,2025-01-05,grateful,,purpose,light_islamic
c_0004665,u_01401,2025-01-11,good,at_peace,habits,universal
c_0004666,u_01401,2025-01-12,good,questioning,faith,universal
c_0004667,u_01401,2025-01-15,grateful,distant,burnout,universal
c_0004668,u_01401,2025-01-17,grateful,at_peace,self,universal
c_0004669,u_01401,2025-01-18,neutral,at_peace,relationships,deeper_faith
c_0004670,u_01402,2025-03-03,neutral,,relationships,light_islamic
c_0004671,u_01402,2025-03-25,good,distant,gratitude,universal
c_0004672,u_01402,2025-03-26,neutral,at_peace,work,light_islamic
c_0004673,u_01403,2025-08-16,grateful,,relationships,light_islamic
c_0004674,u_01403,2025-08-28,good,questioning,relationships,universal
c_0004675,u_01403,2025-09-02,grateful,hurting,burnout,light_islamic
c_0004676,u_01403,2025-09-05,good,questioning,habits,universal
c_0004677,u_01403,2025-09-06,good,at_peace,self,universal
c_0004678,u_01403,2025-09-08,good,at_peace,faith,deeper_faith
c_0004679,u_01403,2025-09-14,low,questioning,habits,deeper_faith
c_0004680,u_01406,2025-05-18,neutral,,habits,light_islamic
c_0004681,u_01406,2025-05-20,good,,habits,light_islamic
c_0004682,u_01406,2025-05-23,grateful,at_peace,habits,deeper_faith
c_0004683,u_01406,2025-05-27,neutral,at_peace,burnout,deeper_faith
c_0004684,u_01406,2025-05-28,neutral,at_peace,confidence,universal
c_0004685,u_01406,2025-05-29,good,at_peace,gratitude,universal
c_0004686,u_01406,2025-05-31,very_low,questioning,relationships,universal
c_0004687,u_01406,2025-06-02,good,at_peace,relationships,light_islamic
c_0004688,u_01406,2025-06-04,neutral,at_peace,confidence,light_islamic
c_0004689,u_01408,2025-03-28,very_low,,burnout,light_islamic
c_0004690,u_01408,2025-04-08,good,distant,self,universal
c_0004691,u_01408,2025-04-14,good,at_peace,work,light_islamic
c_0004692,u_01408,2025-04-17,good,questioning,faith,universal
c_0004693,u_01408,2025-04-18,good,at_peace,relationships,universal
c_0004694,u_01412,2025-01-22,low,,habits,universal
c_0004695,u_01412,2025-01-23,low,,burnout,universal
c_0004696,u_01412,2025-01-24,grateful,,habits,deeper_faith
c_0004697,u_01412,2025-01-30,neutral,at_peace,gratitude,light_islamic
c_0004698,u_01412,2025-01-31,neutral,hurting,gratitude,universal
c_0004699,u_01412,2025-02-01,neutral,distant,gratitude,light_islamic
c_0004700,u_01412,2025-02-02,good,at_peace,burnout,light_islamic
c_0004701,u_01412,2025-02-03,grateful,questioning,purpose,deeper_faith
c_0004702,u_01412,2025-02-08,neutral,distant,work,universal
c_0004703,u_01412,2025-02-15,good,distant,self,light_islamic
c_0004704,u_01413,2025-11-27,good,,self,deeper_faith
c_0004705,u_01413,2025-11-29,very_low,,anxiety,universal
c_0004706,u_01413,2025-12-02,low,questioning,self,light_islamic
c_0004707,u_01413,2025-12-04,good,at_peace,work,light_islamic
c_0004708,u_01413,2025-12-15,neutral,questioning,anxiety,universal
c_0004709,u_01413,2025-12-16,grateful,hurting,work,universal
c_0004710,u_01413,2025-12-26,good,distant,faith,universal
c_0004711,u_01414,2025-01-13,grateful,,relationships,universal
c_0004712,u_01414,2025-01-14,good,,self,light_islamic
c_0004713,u_01414,2025-01-16,neutral,,anxiety,light_islamic
c_0004714,u_01414,2025-01-27,neutral,at_peace,habits,light_islamic
c_0004715,u_01414,2025-02-07,low,at_peace,confidence,universal
c_0004716,u_01415,2025-12-03,low,,work,light_islamic
c_0004717,u_01415,2025-12-07,good,distant,gratitude,deeper_faith
c_0004718,u_01415,2025-12-08,neutral,at_peace,gratitude,universal
c_0004719,u_01415,2025-12-15,very_low,at_peace,purpose,deeper_faith
c_0004720,u_01415,2025-12-20,good,at_peace,faith,light_islamic
c_0004721,u_01415,2025-12-23,neutral,hurting,confidence,universal
c_0004722,u_01415,2025-12-26,low,at_peace,burnout,universal
c_0004723,u_01415,2025-12-27,good,questioning,self,light_islamic
c_0004724,u_01415,2025-12-29,good,hurting,anxiety,light_islamic
c_0004725,u_01419,2025-05-21,good,,faith,universal
c_0004726,u_01419,2025-05-22,good,,gratitude,light_islamic
c_0004727,u_01419,2025-05-24,very_low,,self,universal
c_0004728,u_01419,2025-06-01,good,at_peace,purpose,universal
c_0004729,u_01419,2025-06-05,neutral,questioning,confidence,deeper_faith
c_0004730,u_01419,2025-06-20,neutral,questioning,habits,light_islamic
c_0004731,u_01420,2025-07-05,good,,self,light_islamic
c_0004732,u_01420,2025-07-06,neutral,,relationships,light_islamic
c_0004733,u_01420,2025-07-07,good,,purpose,deeper_faith
c_0004734,u_01420,2025-07-08,good,,burnout,universal
c_0004735,u_01420,2025-07-14,neutral,at_peace,faith,light_islamic
c_0004736,u_01420,2025-07-15,good,questioning,purpose,light_islamic
c_0004737,u_01420,2025-07-18,good,distant,self,light_islamic
c_0004738,u_01420,2025-07-22,grateful,hurting,confidence,universal
c_0004739,u_01420,2025-07-23,neutral,distant,faith,deeper_faith
c_0004740,u_01423,2025-09-14,neutral,,burnout,light_islamic
c_0004741,u_01423,2025-09-16,grateful,,habits,universal
c_0004742,u_01423,2025-09-19,neutral,at_peace,anxiety,universal
c_0004743,u_01423,2025-09-23,low,at_peace,self,universal
c_0004744,u_01423,2025-10-05,low,at_peace,burnout,deeper_faith
c_0004745,u_01423,2025-10-06,grateful,at_peace,relationships,light_islamic
c_0004746,u_01423,2025-10-08,low,distant,confidence,universal
c_0004747,u_01423,2025-10-11,neutral,at_peace,burnout,universal
c_0004748,u_01424,2025-12-22,good,,confidence,deeper_faith
c_0004749,u_01424,2025-12-23,grateful,,burnout,light_islamic
c_0004750,u_01424,2025-12-31,grateful,at_peace,self,universal
c_0004751,u_01424,2026-01-04,neutral,distant,confidence,light_islamic
c_0004752,u_01424,2026-01-05,good,at_peace,purpose,universal
c_0004753,u_01424,2026-01-08,neutral,at_peace,purpose,universal
c_0004754,u_01424,2026-01-15,neutral,at_peace,confidence,universal
c_0004755,u_01425,2025-04-04,grateful,,habits,universal
c_0004756,u_01425,2025-04-08,good,at_peace,burnout,deeper_faith
c_0004757,u_01425,2025-04-09,low,at_peace,habits,light_islamic
c_0004758,u_01425,2025-04-10,good,at_peace,anxiety,deeper_faith
c_0004759,u_01425,2025-04-13,grateful,at_peace,self,light_islamic
c_0004760,u_01425,2025-04-16,neutral,questioning,gratitude,light_islamic
c_0004761,u_01425,2025-04-24,good,at_peace,anxiety,light_islamic
c_0004762,u_01425,2025-04-28,grateful,questioning,relationships,light_islamic
c_0004763,u_01425,2025-05-04,good,hurting,habits,universal
c_0004764,u_01427,2025-04-17,neutral,,faith,universal
c_0004765,u_01427,2025-04-22,good,hurting,burnout,light_islamic
c_0004766,u_01427,2025-04-23,neutral,at_peace,work,light_islamic
c_0004767,u_01427,2025-04-24,grateful,at_peace,burnout,universal
c_0004768,u_01427,2025-05-03,neutral,at_peace,anxiety,light_islamic
c_0004769,u_01427,2025-05-04,good,questioning,purpose,universal
c_0004770,u_01427,2025-05-11,good,questioning,anxiety,deeper_faith
c_0004771,u_01430,2025-10-14,neutral,,relationships,deeper_faith
c_0004772,u_01430,2025-10-22,low,at_peace,habits,deeper_faith
c_0004773,u_01430,2025-10-27,good,at_peace,confidence,light_islamic
c_0004774,u_01430,2025-10-28,low,at_peace,self,deeper_faith
c_0004775,u_01431,2025-08-28,low,,anxiety,universal
c_0004776,u_01431,2025-08-29,good,,habits,deeper_faith
c_0004777,u_01431,2025-08-31,neutral,,habits,deeper_faith
c_0004778,u_01431,2025-09-03,low,at_peace,self,light_islamic
c_0004779,u_01431,2025-09-04,neutral,hurting,burnout,universal
c_0004780,u_01431,2025-09-18,neutral,at_peace,self,universal
c_0004781,u_01431,2025-09-25,good,at_peace,self,light_islamic
c_0004782,u_01436,2025-09-15,good,,gratitude,light_islamic
c_0004783,u_01436,2025-09-16,very_low,,relationships,light_islamic
c_0004784,u_01436,2025-09-23,neutral,at_peace,habits,light_islamic
c_0004785,u_01436,2025-09-24,very_low,at_peace,work,deeper_faith
c_0004786,u_01436,2025-10-02,grateful,questioning,confidence,universal
c_0004787,u_01436,2025-10-03,grateful,at_peace,habits,light_islamic
c_0004788,u_01436,2025-10-04,grateful,at_peace,gratitude,universal
c_0004789,u_01436,2025-10-05,grateful,questioning,faith,universal
c_0004790,u_01436,2025-10-10,grateful,at_peace,gratitude,universal
c_0004791,u_01436,2025-10-15,grateful,hurting,gratitude,light_islamic
c_0004792,u_01438,2025-07-11,very_low,,anxiety,light_islamic
c_0004793,u_01438,2025-07-14,neutral,,burnout,light_islamic
c_0004794,u_01438,2025-07-16,very_low,distant,relationships,deeper_faith
c_0004795,u_01438,2025-07-20,grateful,at_peace,burnout,universal
c_0004796,u_01438,2025-07-21,low,at_peace,relationships,universal
c_0004797,u_01438,2025-08-02,neutral,at_peace,work,universal
c_0004798,u_01444,2025-02-01,good,,confidence,universal
c_0004799,u_01444,2025-02-04,low,,faith,light_islamic
c_0004800,u_01444,2025-02-07,very_low,distant,self,deeper_faith
c_0004801,u_01444,2025-02-13,good,distant,burnout,light_islamic
c_0004802,u_01444,2025-02-15,grateful,distant,purpose,deeper_faith
c_0004803,u_01444,2025-02-19,good,at_peace,anxiety,universal
c_0004804,u_01444,2025-02-20,grateful,questioning,confidence,light_islamic
c_0004805,u_01444,2025-02-24,low,at_peace,faith,universal
c_0004806,u_01444,2025-02-26,low,hurting,gratitude,light_islamic
c_0004807,u_01445,2025-11-05,good,,relationships,light_islamic
c_0004808,u_01445,2025-11-17,low,at_peace,anxiety,light_islamic
c_0004809,u_01445,2025-11-18,good,distant,gratitude,light_islamic
c_0004810,u_01445,2025-11-20,low,distant,self,light_islamic
c_0004811,u_01445,2025-11-21,neutral,at_peace,habits,universal
c_0004812,u_01446,2025-02-21,neutral,,anxiety,deeper_faith
c_0004813,u_01446,2025-02-22,good,,gratitude,light_islamic
c_0004814,u_01446,2025-02-24,neutral,,purpose,light_islamic
c_0004815,u_01446,2025-03-06,neutral,at_peace,purpose,light_islamic
c_0004816,u_01446,2025-03-11,neutral,hurting,relationships,deeper_faith
c_0004817,u_01446,2025-03-17,grateful,distant,confidence,light_islamic
c_0004818,u_01447,2025-10-20,neutral,,faith,universal
c_0004819,u_01447,2025-10-21,grateful,,habits,universal
c_0004820,u_01447,2025-10-28,good,hurting,anxiety,universal
c_0004821,u_01447,2025-11-04,good,questioning,relationships,light_islamic
c_0004822,u_01447,2025-11-17,low,at_peace,confidence,deeper_faith
c_0004823,u_01450,2025-08-27,neutral,,confidence,universal
c_0004824,u_01450,2025-09-06,grateful,questioning,anxiety,light_islamic
c_0004825,u_01450,2025-09-13,grateful,at_peace,habits,light_islamic
c_0004826,u_01450,2025-09-16,good,hurting,purpose,light_islamic
c_0004827,u_01451,2025-07-12,neutral,,anxiety,universal
c_0004828,u_01451,2025-07-13,neutral,,purpose,light_islamic
c_0004829,u_01451,2025-07-14,neutral,,purpose,light_islamic
c_0004830,u_01451,2025-07-18,low,at_peace,burnout,universal
c_0004831,u_01451,2025-07-22,neutral,at_peace,self,light_islamic
c_0004832,u_01451,2025-07-23,good,at_peace,faith,light_islamic
c_0004833,u_01451,2025-07-24,grateful,at_peace,faith,universal
c_0004834,u_01451,2025-07-25,neutral,at_peace,self,deeper_faith
c_0004835,u_01451,2025-07-27,grateful,at_peace,burnout,light_islamic
c_0004836,u_01453,2025-05-03,neutral,,purpose,light_islamic
c_0004837,u_01453,2025-05-04,grateful,,anxiety,universal
c_0004838,u_01453,2025-05-06,neutral,,anxiety,light_islamic
c_0004839,u_01453,2025-05-07,good,at_peace,burnout,light_islamic
c_0004840,u_01453,2025-05-10,low,at_peace,gratitude,universal
c_0004841,u_01453,2025-05-21,neutral,at_peace,gratitude,universal
c_0004842,u_01453,2025-05-26,good,hurting,self,universal
c_0004843,u_01454,2025-12-03,grateful,,anxiety,light_islamic
c_0004844,u_01454,2025-12-07,good,questioning,self,light_islamic
c_0004845,u_01454,2025-12-08,good,distant,relationships,universal
c_0004846,u_01454,2025-12-18,good,distant,purpose,universal
c_0004847,u_01454,2025-12-22,neutral,hurting,anxiety,universal
c_0004848,u_01456,2025-05-31,good,,anxiety,universal
c_0004849,u_01456,2025-06-02,low,,habits,light_islamic
c_0004850,u_01456,2025-06-03,neutral,,gratitude,light_islamic
c_0004851,u_01456,2025-06-09,neutral,distant,faith,universal
c_0004852,u_01456,2025-06-15,good,at_peace,confidence,universal
c_0004853,u_01459,2025-10-14,grateful,,work,universal
c_0004854,u_01459,2025-10-22,neutral,distant,confidence,light_islamic
c_0004855,u_01459,2025-10-26,low,at_peace,confidence,universal
c_0004856,u_01466,2025-10-02,neutral,,faith,universal
c_0004857,u_01466,2025-10-03,low,,gratitude,deeper_faith
c_0004858,u_01466,2025-10-04,good,,gratitude,deeper_faith
c_0004859,u_01466,2025-10-06,good,questioning,confidence,deeper_faith
c_0004860,u_01466,2025-10-21,good,at_peace,anxiety,light_islamic
c_0004861,u_01466,2025-10-22,neutral,at_peace,work,deeper_faith
c_0004862,u_01466,2025-10-30,neutral,distant,purpose,light_islamic
c_0004863,u_01466,2025-10-31,neutral,at_peace,confidence,light_islamic
c_0004864,u_01469,2025-03-19,low,,purpose,universal
c_0004865,u_01469,2025-03-22,good,,faith,universal
c_0004866,u_01469,2025-03-23,low,questioning,habits,light_islamic
c_0004867,u_01469,2025-03-28,good,at_peace,relationships,light_islamic
c_0004868,u_01469,2025-04-01,low,at_peace,burnout,universal
c_0004869,u_01469,2025-04-08,neutral,at_peace,self,light_islamic
c_0004870,u_01469,2025-04-10,grateful,at_peace,anxiety,light_islamic
c_0004871,u_01471,2025-12-02,grateful,,anxiety,universal
c_0004872,u_01471,2025-12-05,low,,burnout,light_islamic
c_0004873,u_01471,2025-12-09,neutral,hurting,relationships,deeper_faith
c_0004874,u_01471,2025-12-14,very_low,hurting,work,light_islamic
c_0004875,u_01471,2025-12-15,good,questioning,habits,universal
c_0004876,u_01471,2025-12-27,good,questioning,purpose,light_islamic
c_0004877,u_01473,2025-07-28,neutral,,gratitude,light_islamic
c_0004878,u_01473,2025-07-31,good,,purpose,universal
c_0004879,u_01473,2025-08-01,grateful,hurting,gratitude,deeper_faith
c_0004880,u_01473,2025-08-06,grateful,distant,relationships,deeper_faith
c_0004881,u_01473,2025-08-11,low,distant,habits,universal
c_0004882,u_01473,2025-08-17,neutral,at_peace,faith,light_islamic
c_0004883,u_01473,2025-08-20,good,distant,purpose,universal
c_0004884,u_01473,2025-08-23,good,distant,relationships,light_islamic
c_0004885,u_01473,2025-08-27,very_low,questioning,relationships,universal
c_0004886,u_01474,2025-07-02,good,,self,universal
c_0004887,u_01474,2025-07-08,good,distant,habits,universal
c_0004888,u_01474,2025-07-09,low,distant,work,universal
c_0004889,u_01474,2025-07-18,neutral,questioning,self,universal
c_0004890,u_01474,2025-07-20,neutral,distant,purpose,universal
c_0004891,u_01474,2025-07-21,low,at_peace,faith,universal
c_0004892,u_01475,2025-01-31,grateful,,faith,deeper_faith
c_0004893,u_01475,2025-02-02,low,,anxiety,light_islamic
c_0004894,u_01475,2025-02-04,good,at_peace,habits,light_islamic
c_0004895,u_01475,2025-02-09,low,at_peace,work,universal
c_0004896,u_01475,2025-02-10,good,at_peace,burnout,light_islamic
c_0004897,u_01475,2025-02-13,neutral,at_peace,self,universal
c_0004898,u_01475,2025-02-15,low,at_peace,confidence,universal
c_0004899,u_01475,2025-02-24,good,questioning,relationships,light_islamic
c_0004900,u_01477,2025-10-17,good,,self,universal
c_0004901,u_01477,2025-10-18,good,,anxiety,universal
c_0004902,u_01477,2025-10-29,neutral,at_peace,habits,light_islamic
c_0004903,u_01477,2025-11-04,good,distant,confidence,deeper_faith
c_0004904,u_01477,2025-11-06,very_low,at_peace,confidence,deeper_faith
c_0004905,u_01480,2025-01-16,very_low,,relationships,light_islamic
c_0004906,u_01480,2025-01-17,good,,gratitude,deeper_faith
c_0004907,u_01480,2025-01-19,low,,purpose,deeper_faith
c_0004908,u_01480,2025-01-24,neutral,at_peace,habits,universal
c_0004909,u_01480,2025-02-06,good,at_peace,confidence,universal
c_0004910,u_01480,2025-02-09,very_low,at_peace,faith,light_islamic
c_0004911,u_01480,2025-02-13,good,questioning,anxiety,universal
c_0004912,u_01485,2025-08-21,good,,faith,universal
c_0004913,u_01485,2025-08-22,grateful,,habits,deeper_faith
c_0004914,u_01485,2025-08-23,neutral,,habits,light_islamic
c_0004915,u_01485,2025-08-27,neutral,at_peace,anxiety,universal
c_0004916,u_01485,2025-08-28,grateful,at_peace,purpose,light_islamic
c_0004917,u_01485,2025-09-01,low,distant,faith,light_islamic
c_0004918,u_01485,2025-09-06,neutral,at_peace,anxiety,universal
c_0004919,u_01485,2025-09-09,neutral,questioning,burnout,universal
c_0004920,u_01485,2025-09-12,good,hurting,burnout,light_islamic
c_0004921,u_01486,2025-12-04,grateful,,anxiety,light_islamic
c_0004922,u_01486,2025-12-06,grateful,,confidence,light_islamic
c_0004923,u_01486,2025-12-08,neutral,at_peace,burnout,light_islamic
c_0004924,u_01486,2025-12-13,grateful,distant,faith,universal
c_0004925,u_01486,2025-12-20,good,at_peace,work,universal
c_0004926,u_01486,2025-12-24,neutral,at_peace,work,universal
c_0004927,u_01486,2025-12-25,neutral,questioning,habits,universal
c_0004928,u_01486,2025-12-26,low,distant,faith,deeper_faith
c_0004929,u_01486,2025-12-27,good,questioning,gratitude,deeper_faith
c_0004930,u_01487,2025-02-09,good,,relationships,deeper_faith
c_0004931,u_01487,2025-02-11,neutral,,purpose,deeper_faith
c_0004932,u_01487,2025-02-12,good,,anxiety,light_islamic
c_0004933,u_01487,2025-02-17,neutral,at_peace,burnout,universal
c_0004934,u_01487,2025-03-03,good,questioning,purpose,universal
c_0004935,u_01489,2025-01-19,good,,purpose,deeper_faith
c_0004936,u_01489,2025-01-20,good,,confidence,universal
c_0004937,u_01489,2025-01-21,neutral,,work,deeper_faith
c_0004938,u_01489,2025-01-27,grateful,at_peace,relationships,light_islamic
c_0004939,u_01489,2025-01-28,low,at_peace,gratitude,light_islamic
c_0004940,u_01489,2025-01-29,good,at_peace,faith,deeper_faith
c_0004941,u_01489,2025-01-31,good,distant,self,light_islamic
c_0004942,u_01489,2025-02-08,neutral,at_peace,faith,light_islamic
c_0004943,u_01489,2025-02-11,grateful,at_peace,anxiety,light_islamic
c_0004944,u_01489,2025-02-15,good,at_peace,purpose,light_islamic
c_0004945,u_01490,2025-09-17,low,,gratitude,universal
c_0004946,u_01490,2025-09-29,low,distant,work,universal
c_0004947,u_01490,2025-10-05,neutral,distant,anxiety,deeper_faith
c_0004948,u_01490,2025-10-10,neutral,at_peace,burnout,universal
c_0004949,u_01492,2025-01-18,neutral,,faith,universal
c_0004950,u_01492,2025-01-23,very_low,hurting,habits,universal
c_0004951,u_01492,2025-01-24,good,at_peace,gratitude,light_islamic
c_0004952,u_01492,2025-01-26,low,at_peace,burnout,light_islamic
c_0004953,u_01492,2025-01-29,neutral,at_peace,self,universal
c_0004954,u_01492,2025-01-31,low,at_peace,burnout,light_islamic
c_0004955,u_01493,2025-03-31,neutral,,purpose,light_islamic
c_0004956,u_01493,2025-04-02,good,,anxiety,deeper_faith
c_0004957,u_01493,2025-04-04,neutral,distant,habits,universal
c_0004958,u_01493,2025-04-05,very_low,questioning,relationships,deeper_faith
c_0004959,u_01493,2025-04-13,low,at_peace,confidence,light_islamic
c_0004960,u_01493,2025-04-15,neutral,distant,confidence,deeper_faith
c_0004961,u_01493,2025-04-20,neutral,at_peace,confidence,light_islamic
c_0004962,u_01493,2025-04-29,grateful,distant,anxiety,light_islamic
c_0004963,u_01496,2025-03-17,good,,work,universal
c_0004964,u_01496,2025-03-22,good,distant,anxiety,universal
c_0004965,u_01496,2025-03-25,good,at_peace,faith,light_islamic
c_0004966,u_01496,2025-03-27,very_low,at_peace,faith,light_islamic
c_0004967,u_01496,2025-04-10,good,at_peace,confidence,universal
c_0004968,u_01498,2025-10-15,good,,work,deeper_faith
c_0004969,u_01498,2025-10-16,grateful,,faith,light_islamic
c_0004970,u_01498,2025-10-17,neutral,,purpose,universal
c_0004971,u_01498,2025-10-22,good,questioning,self,deeper_faith
c_0004972,u_01498,2025-10-24,good,distant,faith,deeper_faith
c_0004973,u_01498,2025-11-05,low,at_peace,purpose,universal
c_0004974,u_01498,2025-11-08,good,distant,relationships,universal
c_0004975,u_01500,2025-12-20,low,,burnout,deeper_faith
c_0004976,u_01500,2025-12-22,low,,faith,light_islamic
c_0004977,u_01500,2026-01-03,low,questioning,purpose,universal
c_0004978,u_01500,2026-01-09,grateful,hurting,purpose,light_islamic
c_0004979,u_01500,2026-01-12,low,questioning,confidence,light_islamic
c_0004980,u_01504,2025-08-13,neutral,,habits,light_islamic
c_0004981,u_01504,2025-08-18,neutral,questioning,anxiety,light_islamic
c_0004982,u_01504,2025-08-23,neutral,at_peace,anxiety,universal
c_0004983,u_01504,2025-08-24,grateful,at_peace,work,universal
c_0004984,u_01504,2025-09-04,good,distant,anxiety,universal
c_0004985,u_01504,2025-09-05,good,hurting,relationships,light_islamic
c_0004986,u_01508,2025-06-04,low,,burnout,light_islamic
c_0004987,u_01508,2025-06-05,very_low,,habits,light_islamic
c_0004988,u_01508,2025-06-11,good,at_peace,self,deeper_faith
c_0004989,u_01508,2025-06-12,grateful,questioning,gratitude,universal
c_0004990,u_01508,2025-06-17,neutral,at_peace,relationships,deeper_faith
c_0004991,u_01508,2025-06-29,good,distant,confidence,light_islamic
c_0004992,u_01508,2025-06-30,grateful,at_peace,burnout,light_islamic
c_0004993,u_01511,2025-12-16,good,,self,light_islamic
c_0004994,u_01511,2025-12-21,neutral,distant,work,light_islamic
c_0004995,u_01511,2026-01-09,neutral,distant,habits,universal
c_0004996,u_01511,2026-01-10,good,at_peace,purpose,light_islamic
c_0004997,u_01512,2025-09-05,low,,relationships,universal
c_0004998,u_01512,2025-09-08,grateful,,relationships,universal
c_0004999,u_01512,2025-09-11,grateful,at_peace,faith,light_islamic
c_0005000,u_01512,2025-09-26,grateful,at_peace,burnout,deeper_faith
c_0005001,u_01512,2025-10-03,low,at_peace,purpose,light_islamic
c_0005002,u_01517,2025-03-15,neutral,,self,deeper_faith
c_0005003,u_01517,2025-03-19,very_low,at_peace,gratitude,light_islamic
c_0005004,u_01517,2025-03-21,neutral,distant,purpose,light_islamic
c_0005005,u_01517,2025-03-23,neutral,at_peace,purpose,universal
c_0005006,u_01517,2025-03-24,grateful,at_peace,relationships,deeper_faith
c_0005007,u_01517,2025-03-27,low,distant,self,universal
c_0005008,u_01517,2025-04-02,good,questioning,burnout,light_islamic
c_0005009,u_01517,2025-04-05,grateful,hurting,faith,universal
c_0005010,u_01517,2025-04-06,neutral,at_peace,faith,universal
c_0005011,u_01517,2025-04-09,grateful,at_peace,anxiety,deeper_faith
c_0005012,u_01518,2025-07-18,grateful,,burnout,light_islamic
c_0005013,u_01518,2025-07-19,grateful,,faith,universal
c_0005014,u_01518,2025-07-22,good,at_peace,work,universal
c_0005015,u_01518,2025-07-23,good,hurting,purpose,light_islamic
c_0005016,u_01518,2025-07-24,neutral,at_peace,purpose,light_islamic
c_0005017,u_01518,2025-07-26,good,distant,purpose,universal
c_0005018,u_01518,2025-07-29,neutral,questioning,confidence,deeper_faith
c_0005019,u_01518,2025-08-02,neutral,hurting,anxiety,light_islamic
c_0005020,u_01518,2025-08-13,good,hurting,gratitude,universal
c_0005021,u_01520,2025-11-23,neutral,,relationships,universal
c_0005022,u_01520,2025-11-24,good,,self,light_islamic
c_0005023,u_01520,2025-11-29,good,at_peace,self,universal
c_0005024,u_01520,2025-11-30,good,distant,anxiety,light_islamic
c_0005025,u_01520,2025-12-15,neutral,at_peace,habits,light_islamic
c_0005026,u_01521,2025-02-07,good,,purpose,light_islamic
c_0005027,u_01521,2025-02-08,good,,confidence,light_islamic
c_0005028,u_01521,2025-02-13,neutral,at_peace,anxiety,deeper_faith
c_0005029,u_01521,2025-02-16,neutral,at_peace,confidence,deeper_faith
c_0005030,u_01521,2025-03-09,grateful,questioning,relationships,light_islamic
c_0005031,u_01523,2025-12-28,neutral,,gratitude,universal
c_0005032,u_01523,2026-01-12,neutral,at_peace,burnout,light_islamic
c_0005033,u_01523,2026-01-19,good,questioning,habits,deeper_faith
c_0005034,u_01523,2026-01-20,neutral,at_peace,confidence,universal
c_0005035,u_01524,2025-09-17,good,,relationships,light_islamic
c_0005036,u_01524,2025-09-22,grateful,at_peace,self,universal
c_0005037,u_01524,2025-09-28,neutral,at_peace,self,universal
c_0005038,u_01524,2025-10-13,low,at_peace,confidence,light_islamic
c_0005039,u_01524,2025-10-16,very_low,at_peace,burnout,universal
c_0005040,u_01528,2025-02-26,good,,purpose,light_islamic
c_0005041,u_01528,2025-03-02,good,hurting,anxiety,deeper_faith
c_0005042,u_01528,2025-03-04,good,at_peace,faith,light_islamic
c_0005043,u_01528,2025-03-11,good,at_peace,faith,universal
c_0005044,u_01528,2025-03-13,good,questioning,relationships,deeper_faith
c_0005045,u_01528,2025-03-17,neutral,at_peace,relationships,universal
c_0005046,u_01528,2025-03-22,low,at_peace,purpose,universal
c_0005047,u_01530,2025-07-14,good,,burnout,light_islamic
c_0005048,u_01530,2025-07-16,good,,self,light_islamic
c_0005049,u_01530,2025-07-18,good,at_peace,confidence,universal
c_0005050,u_01530,2025-07-23,very_low,at_peace,confidence,universal
c_0005051,u_01530,2025-07-26,good,questioning,habits,universal
c_0005052,u_01530,2025-07-27,neutral,questioning,self,light_islamic
c_0005053,u_01530,2025-08-07,good,questioning,relationships,universal
c_0005054,u_01531,2025-02-19,good,,habits,light_islamic
c_0005055,u_01531,2025-02-20,neutral,,anxiety,universal
c_0005056,u_01531,2025-02-22,neutral,,faith,deeper_faith
c_0005057,u_01531,2025-02-23,low,distant,anxiety,light_islamic
c_0005058,u_01531,2025-02-28,low,at_peace,faith,light_islamic
c_0005059,u_01531,2025-03-02,low,distant,relationships,universal
c_0005060,u_01531,2025-03-03,grateful,at_peace,self,deeper_faith
c_0005061,u_01531,2025-03-05,low,distant,work,universal
c_0005062,u_01531,2025-03-06,very_low,at_peace,anxiety,light_islamic
c_0005063,u_01531,2025-03-08,good,questioning,relationships,deeper_faith
c_0005064,u_01531,2025-03-12,neutral,at_peace,burnout,light_islamic
c_0005065,u_01531,2025-03-18,low,at_peace,faith,universal
c_0005066,u_01531,2025-03-20,good,distant,purpose,universal
c_0005067,u_01533,2025-01-02,neutral,,confidence,light_islamic
c_0005068,u_01533,2025-01-04,good,,self,universal
c_0005069,u_01533,2025-01-07,grateful,distant,burnout,light_islamic
c_0005070,u_01533,2025-01-15,neutral,distant,habits,universal
c_0005071,u_01533,2025-01-16,very_low,questioning,burnout,light_islamic
c_0005072,u_01533,2025-01-21,good,at_peace,confidence,deeper_faith
c_0005073,u_01533,2025-01-22,good,at_peace,anxiety,universal
c_0005074,u_01536,2025-09-28,grateful,,gratitude,universal
c_0005075,u_01536,2025-10-15,good,at_peace,self,universal
c_0005076,u_01539,2025-11-21,good,,anxiety,universal
c_0005077,u_01539,2025-11-26,good,at_peace,habits,universal
c_0005078,u_01539,2025-11-30,low,questioning,purpose,universal
c_0005079,u_01539,2025-12-12,neutral,distant,faith,deeper_faith
c_0005080,u_01539,2025-12-16,neutral,distant,work,light_islamic
c_0005081,u_01539,2025-12-17,good,questioning,purpose,deeper_faith
c_0005082,u_01539,2025-12-18,good,questioning,habits,light_islamic
c_0005083,u_01539,2025-12-19,good,distant,purpose,universal
c_0005084,u_01539,2025-12-20,low,at_peace,relationships,universal
c_0005085,u_01539,2025-12-21,low,at_peace,relationships,light_islamic
c_0005086,u_01549,2025-03-31,good,,relationships,light_islamic
c_0005087,u_01549,2025-04-02,low,,burnout,light_islamic
c_0005088,u_01549,2025-04-08,good,distant,faith,universal
c_0005089,u_01549,2025-04-14,good,distant,relationships,universal
c_0005090,u_01550,2025-06-06,good,,work,universal
c_0005091,u_01550,2025-06-08,neutral,,gratitude,universal
c_0005092,u_01550,2025-06-14,neutral,at_peace,faith,universal
c_0005093,u_01550,2025-06-17,good,at_peace,faith,universal
c_0005094,u_01550,2025-06-19,good,questioning,work,deeper_faith
c_0005095,u_01550,2025-06-20,good,at_peace,relationships,universal
c_0005096,u_01550,2025-06-22,good,hurting,gratitude,light_islamic
c_0005097,u_01551,2025-07-05,good,,habits,light_islamic
c_0005098,u_01551,2025-07-11,good,at_peace,habits,universal
c_0005099,u_01551,2025-07-13,good,questioning,relationships,light_islamic
c_0005100,u_01551,2025-07-14,good,distant,burnout,universal
c_0005101,u_01551,2025-07-15,good,at_peace,self,universal
c_0005102,u_01551,2025-07-23,grateful,hurting,faith,light_islamic
c_0005103,u_01551,2025-07-24,neutral,at_peace,anxiety,light_islamic
c_0005104,u_01551,2025-08-02,neutral,hurting,anxiety,light_islamic
c_0005105,u_01553,2025-10-01,neutral,,gratitude,universal
c_0005106,u_01553,2025-10-03,good,,burnout,deeper_faith
c_0005107,u_01553,2025-10-07,grateful,at_peace,gratitude,light_islamic
c_0005108,u_01553,2025-10-09,good,questioning,faith,deeper_faith
c_0005109,u_01553,2025-10-15,low,at_peace,gratitude,light_islamic
c_0005110,u_01553,2025-10-20,neutral,at_peace,habits,deeper_faith
c_0005111,u_01553,2025-10-21,low,at_peace,burnout,universal
c_0005112,u_01554,2025-09-25,neutral,,self,light_islamic
c_0005113,u_01554,2025-09-26,neutral,,gratitude,light_islamic
c_0005114,u_01554,2025-09-27,neutral,,self,universal
c_0005115,u_01554,2025-09-28,good,,anxiety,deeper_faith
c_0005116,u_01554,2025-10-04,good,at_peace,anxiety,universal
c_0005117,u_01554,2025-10-05,good,questioning,anxiety,universal
c_0005118,u_01554,2025-10-07,neutral,questioning,self,light_islamic
c_0005119,u_01554,2025-10-09,good,at_peace,self,light_islamic
c_0005120,u_01554,2025-10-23,good,questioning,gratitude,universal
c_0005121,u_01558,2025-03-31,neutral,,habits,light_islamic
c_0005122,u_01558,2025-04-05,good,at_peace,relationships,universal
c_0005123,u_01558,2025-04-06,neutral,at_peace,relationships,universal
c_0005124,u_01558,2025-04-17,grateful,at_peace,work,universal
c_0005125,u_01558,2025-04-26,good,at_peace,gratitude,light_islamic
c_0005126,u_01562,2025-08-21,low,,work,light_islamic
c_0005127,u_01562,2025-09-11,neutral,distant,confidence,light_islamic
c_0005128,u_01564,2025-07-25,good,,purpose,universal
c_0005129,u_01564,2025-07-26,neutral,,relationships,universal
c_0005130,u_01564,2025-07-29,good,questioning,self,universal
c_0005131,u_01564,2025-08-08,good,at_peace,self,light_islamic
c_0005132,u_01564,2025-08-12,neutral,questioning,purpose,universal
c_0005133,u_01564,2025-08-13,good,at_peace,habits,light_islamic
c_0005134,u_01564,2025-08-16,good,distant,purpose,deeper_faith
c_0005135,u_01565,2025-03-31,neutral,,burnout,universal
c_0005136,u_01565,2025-04-01,neutral,,relationships,universal
c_0005137,u_01565,2025-04-05,grateful,hurting,purpose,light_islamic
c_0005138,u_01565,2025-04-07,good,at_peace,burnout,deeper_faith
c_0005139,u_01565,2025-04-09,neutral,questioning,faith,universal
c_0005140,u_01565,2025-04-12,grateful,at_peace,relationships,universal
c_0005141,u_01565,2025-04-18,good,questioning,work,deeper_faith
c_0005142,u_01565,2025-04-21,grateful,distant,purpose,universal
c_0005143,u_01565,2025-04-30,good,at_peace,gratitude,light_islamic
c_0005144,u_01566,2025-05-21,neutral,,purpose,deeper_faith
c_0005145,u_01566,2025-05-22,good,,anxiety,light_islamic
c_0005146,u_01566,2025-05-23,neutral,,purpose,universal
c_0005147,u_01566,2025-05-24,very_low,,gratitude,universal
c_0005148,u_01566,2025-05-30,neutral,questioning,gratitude,deeper_faith
c_0005149,u_01566,2025-06-02,low,at_peace,work,deeper_faith
c_0005150,u_01566,2025-06-07,neutral,at_peace,burnout,light_islamic
c_0005151,u_01566,2025-06-16,good,hurting,burnout,universal
c_0005152,u_01568,2025-07-13,good,,anxiety,universal
c_0005153,u_01568,2025-07-15,very_low,,relationships,universal
c_0005154,u_01568,2025-07-22,good,at_peace,self,universal
c_0005155,u_01568,2025-07-23,good,questioning,relationships,deeper_faith
c_0005156,u_01568,2025-08-08,grateful,at_peace,work,universal
c_0005157,u_01569,2025-10-15,low,,habits,universal
c_0005158,u_01569,2025-10-17,grateful,,faith,light_islamic
c_0005159,u_01569,2025-10-22,good,distant,burnout,light_islamic
c_0005160,u_01569,2025-10-24,grateful,distant,faith,light_islamic
c_0005161,u_01569,2025-10-25,neutral,at_peace,habits,light_islamic
c_0005162,u_01569,2025-10-30,neutral,hurting,anxiety,universal
c_0005163,u_01569,2025-10-31,good,questioning,purpose,light_islamic
c_0005164,u_01569,2025-11-09,good,distant,faith,light_islamic
c_0005165,u_01570,2025-05-08,low,,burnout,deeper_faith
c_0005166,u_01570,2025-05-10,good,,burnout,light_islamic
c_0005167,u_01570,2025-05-11,neutral,,gratitude,universal
c_0005168,u_01570,2025-05-25,low,questioning,relationships,light_islamic
c_0005169,u_01570,2025-05-29,good,at_peace,habits,deeper_faith
c_0005170,u_01570,2025-06-04,good,at_peace,work,light_islamic
c_0005171,u_01570,2025-06-05,grateful,hurting,faith,light_islamic
c_0005172,u_01571,2025-10-26,good,,habits,light_islamic
c_0005173,u_01571,2025-10-27,grateful,,faith,deeper_faith
c_0005174,u_01571,2025-10-28,neutral,,anxiety,universal
c_0005175,u_01571,2025-11-03,neutral,distant,confidence,universal
c_0005176,u_01572,2025-08-28,good,,anxiety,universal
c_0005177,u_01572,2025-08-29,neutral,,burnout,universal
c_0005178,u_01572,2025-08-30,neutral,,confidence,deeper_faith
c_0005179,u_01572,2025-09-09,good,at_peace,confidence,light_islamic
c_0005180,u_01573,2025-07-09,neutral,,faith,universal
c_0005181,u_01573,2025-07-13,neutral,at_peace,work,light_islamic
c_0005182,u_01573,2025-07-15,low,distant,faith,universal
c_0005183,u_01573,2025-08-01,low,distant,purpose,universal
c_0005184,u_01574,2025-07-29,good,,self,universal
c_0005185,u_01574,2025-07-30,grateful,,confidence,light_islamic
c_0005186,u_01574,2025-08-01,neutral,,burnout,deeper_faith
c_0005187,u_01574,2025-08-03,good,at_peace,burnout,deeper_faith
c_0005188,u_01574,2025-08-04,neutral,at_peace,self,universal
c_0005189,u_01574,2025-08-06,very_low,distant,gratitude,universal
c_0005190,u_01574,2025-08-07,grateful,distant,gratitude,deeper_faith
c_0005191,u_01574,2025-08-12,grateful,hurting,self,light_islamic
c_0005192,u_01574,2025-08-13,good,hurting,gratitude,light_islamic
c_0005193,u_01574,2025-08-18,good,at_peace,gratitude,universal
c_0005194,u_01574,2025-08-21,grateful,at_peace,confidence,universal
c_0005195,u_01574,2025-08-24,good,at_peace,self,deeper_faith
c_0005196,u_01575,2025-09-19,neutral,,anxiety,universal
c_0005197,u_01575,2025-09-21,good,,habits,universal
c_0005198,u_01575,2025-09-24,good,distant,anxiety,deeper_faith
c_0005199,u_01575,2025-09-28,good,at_peace,burnout,universal
c_0005200,u_01576,2025-10-07,good,,self,light_islamic
c_0005201,u_01576,2025-10-08,good,,gratitude,universal
c_0005202,u_01576,2025-10-10,low,,gratitude,universal
c_0005203,u_01576,2025-10-14,good,questioning,anxiety,light_islamic
c_0005204,u_01576,2025-10-17,neutral,distant,gratitude,light_islamic
c_0005205,u_01576,2025-10-20,good,at_peace,anxiety,deeper_faith
c_0005206,u_01576,2025-10-23,good,distant,purpose,universal
c_0005207,u_01576,2025-11-01,grateful,questioning,habits,light_islamic
c_0005208,u_01580,2025-12-16,grateful,,habits,light_islamic
c_0005209,u_01580,2025-12-18,very_low,,work,universal
c_0005210,u_01580,2025-12-19,good,,gratitude,universal
c_0005211,u_01580,2025-12-20,low,at_peace,habits,light_islamic
c_0005212,u_01580,2025-12-25,neutral,at_peace,relationships,deeper_faith
c_0005213,u_01580,2025-12-27,good,questioning,self,light_islamic
c_0005214,u_01580,2026-01-01,good,questioning,gratitude,universal
c_0005215,u_01580,2026-01-02,very_low,questioning,relationships,light_islamic
c_0005216,u_01580,2026-01-06,good,at_peace,burnout,light_islamic
c_0005217,u_01580,2026-01-07,good,distant,habits,light_islamic
c_0005218,u_01580,2026-01-15,good,hurting,relationships,universal
c_0005219,u_01585,2025-11-10,good,,relationships,universal
c_0005220,u_01585,2025-11-13,low,,purpose,universal
c_0005221,u_01585,2025-11-16,neutral,hurting,confidence,universal
c_0005222,u_01588,2025-07-02,grateful,,anxiety,universal
c_0005223,u_01588,2025-07-04,grateful,,gratitude,universal
c_0005224,u_01588,2025-07-05,good,,confidence,light_islamic
c_0005225,u_01588,2025-07-07,low,distant,self,deeper_faith
c_0005226,u_01588,2025-07-11,grateful,at_peace,self,deeper_faith
c_0005227,u_01588,2025-07-14,neutral,distant,relationships,light_islamic
c_0005228,u_01588,2025-07-27,neutral,at_peace,anxiety,universal
c_0005229,u_01589,2025-05-01,neutral,,self,universal
c_0005230,u_01589,2025-05-03,neutral,,faith,deeper_faith
c_0005231,u_01589,2025-05-04,neutral,,habits,light_islamic
c_0005232,u_01589,2025-05-05,good,distant,confidence,universal
c_0005233,u_01589,2025-05-06,good,hurting,purpose,universal
c_0005234,u_01589,2025-05-07,neutral,questioning,anxiety,universal
c_0005235,u_01589,2025-05-13,good,at_peace,confidence,universal
c_0005236,u_01589,2025-05-20,neutral,distant,faith,light_islamic
c_0005237,u_01589,2025-05-22,neutral,questioning,burnout,light_islamic
c_0005238,u_01591,2025-06-18,low,,purpose,universal
c_0005239,u_01591,2025-06-19,grateful,,work,deeper_faith
c_0005240,u_01591,2025-06-20,neutral,,faith,universal
c_0005241,u_01591,2025-06-21,low,,self,light_islamic
c_0005242,u_01591,2025-06-24,good,questioning,burnout,deeper_faith
c_0005243,u_01591,2025-06-25,good,at_peace,work,deeper_faith
c_0005244,u_01591,2025-07-03,neutral,at_peace,anxiety,universal
c_0005245,u_01591,2025-07-05,neutral,at_peace,confidence,deeper_faith
c_0005246,u_01591,2025-07-16,very_low,questioning,burnout,universal
c_0005247,u_01595,2025-08-13,grateful,,self,light_islamic
c_0005248,u_01595,2025-08-20,neutral,at_peace,self,universal
c_0005249,u_01595,2025-08-21,neutral,at_peace,burnout,universal
c_0005250,u_01595,2025-08-26,good,at_peace,anxiety,universal
c_0005251,u_01595,2025-08-27,grateful,at_peace,relationships,universal
c_0005252,u_01595,2025-08-28,good,questioning,faith,light_islamic
c_0005253,u_01595,2025-09-03,neutral,questioning,self,light_islamic
c_0005254,u_01596,2025-02-25,good,,burnout,universal
c_0005255,u_01596,2025-02-27,neutral,,anxiety,universal
c_0005256,u_01596,2025-03-09,good,distant,relationships,light_islamic
c_0005257,u_01596,2025-03-11,neutral,hurting,purpose,universal
c_0005258,u_01596,2025-03-12,good,at_peace,anxiety,light_islamic
c_0005259,u_01596,2025-03-15,grateful,distant,confidence,deeper_faith
c_0005260,u_01598,2025-05-20,low,,habits,universal
c_0005261,u_01598,2025-05-27,good,at_peace,confidence,universal
c_0005262,u_01598,2025-06-02,very_low,at_peace,purpose,light_islamic
c_0005263,u_01598,2025-06-03,grateful,questioning,relationships,deeper_faith
c_0005264,u_01598,2025-06-04,good,hurting,relationships,light_islamic
c_0005265,u_01598,2025-06-05,very_low,at_peace,relationships,universal
c_0005266,u_01598,2025-06-06,good,questioning,faith,light_islamic
c_0005267,u_01598,2025-06-12,low,at_peace,work,universal
c_0005268,u_01598,2025-06-17,good,at_peace,habits,universal
c_0005269,u_01599,2025-11-14,good,,habits,deeper_faith
c_0005270,u_01599,2025-11-15,neutral,,burnout,universal
c_0005271,u_01599,2025-11-17,neutral,,gratitude,deeper_faith
c_0005272,u_01599,2025-11-19,low,at_peace,purpose,universal
c_0005273,u_01599,2025-11-24,good,at_peace,gratitude,universal
c_0005274,u_01599,2025-11-28,low,distant,faith,light_islamic
c_0005275,u_01599,2025-12-06,good,at_peace,relationships,light_islamic
c_0005276,u_01599,2025-12-11,grateful,distant,purpose,universal
c_0005277,u_01600,2025-10-22,good,,confidence,deeper_faith
c_0005278,u_01600,2025-11-04,very_low,at_peace,habits,universal
c_0005279,u_01600,2025-11-05,neutral,at_peace,anxiety,universal
c_0005280,u_01600,2025-11-11,neutral,distant,relationships,deeper_faith
c_0005281,u_01600,2025-11-12,low,at_peace,work,universal
c_0005282,u_01600,2025-11-13,good,hurting,work,light_islamic
c_0005283,u_01600,2025-11-14,low,at_peace,gratitude,universal
c_0005284,u_01600,2025-11-15,neutral,distant,confidence,light_islamic
c_0005285,u_01600,2025-11-16,very_low,at_peace,confidence,light_islamic
c_0005286,u_01600,2025-11-19,grateful,hurting,work,light_islamic
c_0005287,u_01601,2025-01-11,neutral,,anxiety,universal
c_0005288,u_01601,2025-01-15,neutral,hurting,habits,light_islamic
c_0005289,u_01601,2025-01-17,grateful,at_peace,purpose,universal
c_0005290,u_01601,2025-01-18,good,distant,anxiety,universal
c_0005291,u_01601,2025-01-19,very_low,at_peace,confidence,deeper_faith
c_0005292,u_01601,2025-01-28,grateful,at_peace,self,deeper_faith
c_0005293,u_01601,2025-02-07,good,distant,gratitude,universal
c_0005294,u_01602,2025-07-09,good,,gratitude,light_islamic
c_0005295,u_01602,2025-07-10,good,,anxiety,universal
c_0005296,u_01602,2025-07-11,neutral,,habits,universal
c_0005297,u_01602,2025-07-16,low,questioning,anxiety,light_islamic
c_0005298,u_01602,2025-07-23,good,at_peace,faith,universal
c_0005299,u_01602,2025-07-25,low,distant,purpose,light_islamic
c_0005300,u_01602,2025-08-03,neutral,at_peace,relationships,universal
c_0005301,u_01602,2025-08-07,good,at_peace,burnout,universal
c_0005302,u_01603,2025-09-07,good,,self,light_islamic
c_0005303,u_01603,2025-09-08,good,,work,light_islamic
c_0005304,u_01603,2025-09-10,low,,work,light_islamic
c_0005305,u_01603,2025-09-11,low,distant,burnout,light_islamic
c_0005306,u_01603,2025-09-13,neutral,distant,faith,light_islamic
c_0005307,u_01603,2025-09-19,very_low,distant,anxiety,universal
c_0005308,u_01603,2025-09-22,low,at_peace,confidence,universal
c_0005309,u_01603,2025-09-23,good,questioning,habits,universal
c_0005310,u_01603,2025-09-29,neutral,questioning,burnout,universal
c_0005311,u_01603,2025-10-02,good,at_peace,work,light_islamic
c_0005312,u_01604,2025-10-01,good,,self,universal
c_0005313,u_01604,2025-10-03,low,,confidence,light_islamic
c_0005314,u_01604,2025-10-06,good,distant,self,universal
c_0005315,u_01604,2025-10-11,good,at_peace,relationships,light_islamic
c_0005316,u_01604,2025-10-12,good,at_peace,gratitude,light_islamic
c_0005317,u_01604,2025-10-14,good,distant,gratitude,light_islamic
c_0005318,u_01604,2025-10-15,very_low,questioning,burnout,universal
c_0005319,u_01604,2025-10-19,low,at_peace,anxiety,light_islamic
c_0005320,u_01604,2025-10-20,neutral,hurting,self,light_islamic
c_0005321,u_01609,2025-11-01,good,,relationships,light_islamic
c_0005322,u_01609,2025-11-16,good,questioning,relationships,universal
c_0005323,u_01609,2025-11-19,low,questioning,gratitude,light_islamic
c_0005324,u_01609,2025-11-26,neutral,questioning,work,universal
c_0005325,u_01610,2025-11-27,low,,purpose,light_islamic
c_0005326,u_01610,2025-11-28,neutral,,faith,light_islamic
c_0005327,u_01610,2025-11-30,low,,relationships,deeper_faith
c_0005328,u_01610,2025-12-03,good,at_peace,faith,light_islamic
c_0005329,u_01610,2025-12-11,good,questioning,faith,universal
c_0005330,u_01610,2025-12-18,good,at_peace,gratitude,deeper_faith
c_0005331,u_01610,2025-12-25,good,distant,gratitude,light_islamic
c_0005332,u_01613,2025-05-10,grateful,,confidence,light_islamic
c_0005333,u_01613,2025-05-13,good,,gratitude,universal
c_0005334,u_01613,2025-05-17,neutral,questioning,anxiety,light_islamic
c_0005335,u_01613,2025-05-18,good,at_peace,work,light_islamic
c_0005336,u_01613,2025-05-25,grateful,at_peace,confidence,universal
c_0005337,u_01613,2025-05-27,good,distant,confidence,universal
c_0005338,u_01613,2025-05-29,good,questioning,relationships,deeper_faith
c_0005339,u_01613,2025-06-09,good,questioning,relationships,light_islamic
c_0005340,u_01622,2025-06-25,low,,gratitude,deeper_faith
c_0005341,u_01622,2025-06-29,good,distant,relationships,universal
c_0005342,u_01622,2025-07-08,low,at_peace,self,universal
c_0005343,u_01622,2025-07-12,good,questioning,habits,universal
c_0005344,u_01622,2025-07-14,neutral,at_peace,purpose,light_islamic
c_0005345,u_01622,2025-07-15,good,questioning,work,universal
c_0005346,u_01622,2025-07-21,good,at_peace,gratitude,light_islamic
c_0005347,u_01622,2025-07-25,good,distant,work,light_islamic
c_0005348,u_01626,2025-04-15,very_low,,anxiety,light_islamic
c_0005349,u_01626,2025-04-19,good,distant,faith,universal
c_0005350,u_01626,2025-04-21,grateful,distant,burnout,deeper_faith
c_0005351,u_01626,2025-04-27,low,questioning,faith,deeper_faith
c_0005352,u_01626,2025-04-30,good,questioning,purpose,light_islamic
c_0005353,u_01626,2025-05-03,neutral,at_peace,purpose,universal
c_0005354,u_01626,2025-05-10,good,questioning,confidence,light_islamic
c_0005355,u_01626,2025-05-14,grateful,at_peace,gratitude,universal
c_0005356,u_01629,2025-10-20,grateful,,purpose,deeper_faith
c_0005357,u_01629,2025-10-22,good,,relationships,universal
c_0005358,u_01629,2025-10-24,very_low,at_peace,anxiety,light_islamic
c_0005359,u_01629,2025-10-27,neutral,questioning,confidence,universal
c_0005360,u_01629,2025-10-28,neutral,questioning,faith,universal
c_0005361,u_01629,2025-11-03,neutral,at_peace,burnout,universal
c_0005362,u_01629,2025-11-04,low,hurting,relationships,light_islamic
c_0005363,u_01629,2025-11-07,grateful,distant,burnout,deeper_faith
c_0005364,u_01629,2025-11-12,grateful,at_peace,anxiety,deeper_faith
c_0005365,u_01629,2025-11-13,neutral,at_peace,self,light_islamic
c_0005366,u_01629,2025-11-18,good,at_peace,relationships,deeper_faith
c_0005367,u_01631,2025-01-15,very_low,,relationships,light_islamic
c_0005368,u_01631,2025-01-16,neutral,,self,universal
c_0005369,u_01631,2025-01-19,low,questioning,anxiety,light_islamic
c_0005370,u_01631,2025-01-21,neutral,at_peace,anxiety,universal
c_0005371,u_01631,2025-01-24,neutral,questioning,anxiety,universal
c_0005372,u_01631,2025-02-08,good,distant,faith,universal
c_0005373,u_01633,2025-02-07,grateful,,self,deeper_faith
c_0005374,u_01633,2025-02-11,good,at_peace,self,universal
c_0005375,u_01633,2025-02-16,good,hurting,faith,universal
c_0005376,u_01633,2025-02-23,grateful,at_peace,work,deeper_faith
c_0005377,u_01633,2025-02-27,neutral,distant,purpose,universal
c_0005378,u_01633,2025-02-28,neutral,hurting,relationships,deeper_faith
c_0005379,u_01633,2025-03-06,grateful,at_peace,anxiety,universal
c_0005380,u_01636,2025-10-11,grateful,,self,deeper_faith
c_0005381,u_01636,2025-10-14,grateful,,relationships,deeper_faith
c_0005382,u_01636,2025-10-15,neutral,at_peace,anxiety,deeper_faith
c_0005383,u_01636,2025-10-18,good,questioning,gratitude,universal
c_0005384,u_01636,2025-10-21,neutral,at_peace,relationships,light_islamic
c_0005385,u_01636,2025-10-29,neutral,questioning,gratitude,deeper_faith
c_0005386,u_01636,2025-11-10,good,at_peace,purpose,universal
c_0005387,u_01638,2025-01-20,low,,burnout,universal
c_0005388,u_01638,2025-01-22,neutral,,faith,deeper_faith
c_0005389,u_01638,2025-01-23,neutral,,anxiety,deeper_faith
c_0005390,u_01638,2025-01-29,grateful,questioning,work,light_islamic
c_0005391,u_01638,2025-01-31,good,at_peace,faith,deeper_faith
c_0005392,u_01638,2025-02-05,good,at_peace,habits,light_islamic
c_0005393,u_01638,2025-02-12,grateful,at_peace,work,universal
c_0005394,u_01638,2025-02-13,low,hurting,habits,light_islamic
c_0005395,u_01639,2025-06-11,neutral,,habits,deeper_faith
c_0005396,u_01639,2025-06-15,good,distant,gratitude,light_islamic
c_0005397,u_01639,2025-06-22,neutral,distant,self,universal
c_0005398,u_01639,2025-06-23,neutral,at_peace,burnout,light_islamic
c_0005399,u_01639,2025-06-24,neutral,at_peace,relationships,universal
c_0005400,u_01639,2025-06-26,neutral,distant,work,universal
c_0005401,u_01639,2025-06-29,good,distant,confidence,light_islamic
c_0005402,u_01639,2025-07-10,neutral,at_peace,burnout,light_islamic
c_0005403,u_01640,2025-10-24,neutral,,burnout,light_islamic
c_0005404,u_01640,2025-10-26,good,,gratitude,universal
c_0005405,u_01640,2025-10-29,low,hurting,anxiety,universal
c_0005406,u_01640,2025-10-30,good,at_peace,burnout,light_islamic
c_0005407,u_01640,2025-11-07,neutral,at_peace,anxiety,universal
c_0005408,u_01640,2025-11-09,good,distant,habits,light_islamic
c_0005409,u_01640,2025-11-20,grateful,questioning,gratitude,universal
c_0005410,u_01641,2025-02-10,good,,work,universal
c_0005411,u_01641,2025-02-13,good,,relationships,universal
c_0005412,u_01641,2025-02-14,neutral,questioning,faith,light_islamic
c_0005413,u_01641,2025-02-15,neutral,at_peace,habits,universal
c_0005414,u_01641,2025-02-16,neutral,distant,confidence,universal
c_0005415,u_01641,2025-02-17,low,at_peace,habits,universal
c_0005416,u_01641,2025-02-19,good,at_peace,gratitude,universal
c_0005417,u_01641,2025-02-22,grateful,hurting,gratitude,universal
c_0005418,u_01641,2025-03-02,neutral,questioning,burnout,universal
c_0005419,u_01641,2025-03-09,good,at_peace,self,universal
c_0005420,u_01644,2025-09-26,neutral,,habits,universal
c_0005421,u_01644,2025-09-27,good,,burnout,light_islamic
c_0005422,u_01644,2025-09-28,neutral,,habits,universal
c_0005423,u_01644,2025-09-29,low,,faith,light_islamic
c_0005424,u_01644,2025-10-02,low,at_peace,confidence,universal
c_0005425,u_01644,2025-10-06,neutral,distant,self,universal
c_0005426,u_01644,2025-10-07,good,at_peace,work,light_islamic
c_0005427,u_01644,2025-10-08,good,distant,self,universal
c_0005428,u_01644,2025-10-12,low,hurting,faith,universal
c_0005429,u_01644,2025-10-15,neutral,distant,anxiety,light_islamic
c_0005430,u_01644,2025-10-17,good,at_peace,self,universal
c_0005431,u_01645,2025-02-25,grateful,,self,light_islamic
c_0005432,u_01645,2025-02-26,good,,burnout,light_islamic
c_0005433,u_01645,2025-02-27,neutral,,faith,light_islamic
c_0005434,u_01645,2025-03-01,neutral,at_peace,confidence,light_islamic
c_0005435,u_01645,2025-03-06,neutral,at_peace,work,light_islamic
c_0005436,u_01645,2025-03-08,grateful,at_peace,anxiety,light_islamic
c_0005437,u_01645,2025-03-10,grateful,distant,gratitude,light_islamic
c_0005438,u_01645,2025-03-11,neutral,at_peace,work,universal
c_0005439,u_01645,2025-03-12,grateful,questioning,faith,light_islamic
c_0005440,u_01645,2025-03-18,low,at_peace,burnout,deeper_faith
c_0005441,u_01645,2025-03-23,good,distant,work,universal
c_0005442,u_01649,2025-06-24,neutral,,habits,light_islamic
c_0005443,u_01649,2025-06-25,good,,confidence,universal
c_0005444,u_01649,2025-06-26,good,,purpose,light_islamic
c_0005445,u_01649,2025-07-02,good,distant,self,light_islamic
c_0005446,u_01649,2025-07-04,good,at_peace,confidence,universal
c_0005447,u_01649,2025-07-07,grateful,questioning,gratitude,light_islamic
c_0005448,u_01649,2025-07-10,good,at_peace,habits,light_islamic
c_0005449,u_01649,2025-07-22,good,distant,confidence,deeper_faith
c_0005450,u_01653,2025-10-09,good,,gratitude,universal
c_0005451,u_01653,2025-10-13,good,questioning,relationships,universal
c_0005452,u_01653,2025-10-14,grateful,at_peace,burnout,light_islamic
c_0005453,u_01653,2025-10-21,grateful,distant,self,universal
c_0005454,u_01653,2025-10-22,very_low,hurting,faith,universal
c_0005455,u_01653,2025-11-04,low,at_peace,relationships,light_islamic
c_0005456,u_01653,2025-11-05,good,at_peace,faith,universal
c_0005457,u_01655,2025-01-20,good,,anxiety,universal
c_0005458,u_01655,2025-01-24,low,distant,confidence,light_islamic
c_0005459,u_01655,2025-01-25,good,at_peace,habits,light_islamic
c_0005460,u_01655,2025-01-28,low,at_peace,faith,light_islamic
c_0005461,u_01655,2025-01-29,good,at_peace,gratitude,universal
c_0005462,u_01655,2025-02-01,good,distant,work,universal
c_0005463,u_01655,2025-02-07,good,questioning,gratitude,universal
c_0005464,u_01655,2025-02-08,good,distant,purpose,light_islamic
c_0005465,u_01656,2025-12-27,low,,burnout,universal
c_0005466,u_01656,2025-12-31,very_low,at_peace,relationships,light_islamic
c_0005467,u_01656,2026-01-02,neutral,questioning,habits,light_islamic
c_0005468,u_01656,2026-01-07,good,questioning,confidence,universal
c_0005469,u_01656,2026-01-09,good,hurting,habits,light_islamic
c_0005470,u_01656,2026-01-12,low,hurting,faith,universal
c_0005471,u_01656,2026-01-18,grateful,distant,burnout,deeper_faith
c_0005472,u_01656,2026-01-19,neutral,questioning,purpose,universal
c_0005473,u_01658,2025-12-22,good,,anxiety,universal
c_0005474,u_01658,2025-12-25,good,,relationships,light_islamic
c_0005475,u_01658,2025-12-26,low,at_peace,anxiety,universal
c_0005476,u_01658,2025-12-29,grateful,at_peace,relationships,universal
c_0005477,u_01658,2026-01-09,grateful,questioning,anxiety,universal
c_0005478,u_01658,2026-01-10,good,at_peace,confidence,light_islamic
c_0005479,u_01658,2026-01-12,grateful,hurting,anxiety,universal
c_0005480,u_01658,2026-01-16,good,questioning,anxiety,deeper_faith
c_0005481,u_01658,2026-01-17,neutral,at_peace,confidence,universal
c_0005482,u_01660,2025-01-23,neutral,,relationships,deeper_faith
c_0005483,u_01660,2025-01-29,low,at_peace,faith,universal
c_0005484,u_01660,2025-01-31,low,at_peace,faith,universal
c_0005485,u_01660,2025-02-02,grateful,questioning,purpose,light_islamic
c_0005486,u_01660,2025-02-03,good,at_peace,confidence,light_islamic
c_0005487,u_01660,2025-02-09,good,questioning,gratitude,light_islamic
c_0005488,u_01660,2025-02-12,neutral,at_peace,gratitude,light_islamic
c_0005489,u_01661,2025-02-06,low,,confidence,universal
c_0005490,u_01661,2025-02-10,good,distant,purpose,light_islamic
c_0005491,u_01661,2025-02-15,neutral,distant,gratitude,light_islamic
c_0005492,u_01663,2025-11-25,grateful,,self,universal
c_0005493,u_01663,2025-12-12,low,at_peace,relationships,universal
c_0005494,u_01663,2025-12-17,very_low,at_peace,habits,light_islamic
c_0005495,u_01663,2025-12-19,very_low,hurting,habits,universal
c_0005496,u_01663,2025-12-24,very_low,distant,confidence,light_islamic
c_0005497,u_01665,2025-06-10,good,,relationships,light_islamic
c_0005498,u_01665,2025-06-11,grateful,,faith,light_islamic
c_0005499,u_01665,2025-06-12,very_low,,self,universal
c_0005500,u_01665,2025-06-17,neutral,distant,confidence,universal
c_0005501,u_01665,2025-06-29,neutral,at_peace,faith,universal
c_0005502,u_01665,2025-07-03,good,distant,work,light_islamic
c_0005503,u_01665,2025-07-07,good,at_peace,gratitude,universal
c_0005504,u_01670,2025-05-04,grateful,,gratitude,light_islamic
c_0005505,u_01670,2025-05-16,good,questioning,habits,universal
c_0005506,u_01670,2025-05-27,grateful,questioning,relationships,universal
c_0005507,u_01670,2025-06-01,good,at_peace,confidence,deeper_faith
c_0005508,u_01671,2025-11-08,neutral,,burnout,light_islamic
c_0005509,u_01671,2025-11-12,neutral,at_peace,burnout,deeper_faith
c_0005510,u_01671,2025-11-14,neutral,questioning,gratitude,universal
c_0005511,u_01671,2025-11-16,good,distant,burnout,universal
c_0005512,u_01671,2025-11-24,grateful,at_peace,habits,universal
c_0005513,u_01671,2025-12-01,good,questioning,confidence,universal
c_0005514,u_01671,2025-12-02,good,at_peace,purpose,universal
c_0005515,u_01671,2025-12-03,low,distant,burnout,universal
c_0005516,u_01677,2025-09-25,good,,self,light_islamic
c_0005517,u_01677,2025-09-28,good,,faith,deeper_faith
c_0005518,u_01677,2025-10-11,good,at_peace,anxiety,deeper_faith
c_0005519,u_01677,2025-10-12,neutral,at_peace,burnout,light_islamic
c_0005520,u_01677,2025-10-13,good,at_peace,relationships,deeper_faith
c_0005521,u_01678,2025-05-31,low,,self,universal
c_0005522,u_01678,2025-06-01,good,,anxiety,light_islamic
c_0005523,u_01678,2025-06-03,very_low,,work,deeper_faith
c_0005524,u_01678,2025-06-09,good,questioning,faith,universal
c_0005525,u_01678,2025-06-10,good,distant,faith,universal
c_0005526,u_01678,2025-06-12,neutral,distant,habits,universal
c_0005527,u_01678,2025-06-14,good,distant,burnout,light_islamic
c_0005528,u_01678,2025-06-15,good,at_peace,anxiety,universal
c_0005529,u_01678,2025-06-17,low,distant,relationships,universal
c_0005530,u_01678,2025-06-20,neutral,at_peace,faith,light_islamic
c_0005531,u_01678,2025-06-21,good,at_peace,habits,light_islamic
c_0005532,u_01678,2025-06-23,neutral,at_peace,self,light_islamic
c_0005533,u_01678,2025-06-25,very_low,at_peace,confidence,deeper_faith
c_0005534,u_01680,2025-06-09,good,,anxiety,light_islamic
c_0005535,u_01680,2025-06-11,low,,purpose,universal
c_0005536,u_01680,2025-06-13,good,hurting,burnout,deeper_faith
c_0005537,u_01680,2025-06-14,low,at_peace,burnout,light_islamic
c_0005538,u_01680,2025-06-22,good,at_peace,relationships,universal
c_0005539,u_01680,2025-07-02,good,at_peace,anxiety,universal
c_0005540,u_01680,2025-07-03,good,at_peace,purpose,light_islamic
c_0005541,u_01680,2025-07-08,grateful,questioning,faith,light_islamic
c_0005542,u_01683,2025-11-18,neutral,,anxiety,light_islamic
c_0005543,u_01683,2025-11-20,grateful,,anxiety,universal
c_0005544,u_01683,2025-11-22,grateful,at_peace,work,universal
c_0005545,u_01683,2025-11-23,neutral,questioning,self,universal
c_0005546,u_01683,2025-11-27,neutral,hurting,work,universal
c_0005547,u_01683,2025-11-29,good,distant,confidence,light_islamic
c_0005548,u_01683,2025-12-11,good,at_peace,work,universal
c_0005549,u_01683,2025-12-16,very_low,questioning,relationships,universal
c_0005550,u_01684,2025-03-04,neutral,,self,deeper_faith
c_0005551,u_01684,2025-03-12,neutral,at_peace,gratitude,light_islamic
c_0005552,u_01684,2025-03-17,low,hurting,gratitude,deeper_faith
c_0005553,u_01684,2025-03-25,good,distant,anxiety,deeper_faith
c_0005554,u_01684,2025-03-29,neutral,at_peace,anxiety,light_islamic
c_0005555,u_01684,2025-03-30,neutral,questioning,habits,universal
c_0005556,u_01686,2025-02-07,good,,anxiety,universal
c_0005557,u_01686,2025-02-22,good,questioning,habits,universal
c_0005558,u_01686,2025-03-01,grateful,at_peace,confidence,light_islamic
c_0005559,u_01686,2025-03-06,good,hurting,habits,deeper_faith
c_0005560,u_01686,2025-03-09,neutral,at_peace,faith,universal
c_0005561,u_01690,2025-06-30,low,,self,universal
c_0005562,u_01690,2025-07-01,neutral,,burnout,universal
c_0005563,u_01690,2025-07-02,grateful,,self,light_islamic
c_0005564,u_01690,2025-07-03,good,,habits,universal
c_0005565,u_01690,2025-07-04,neutral,at_peace,work,universal
c_0005566,u_01690,2025-07-05,neutral,at_peace,purpose,deeper_faith
c_0005567,u_01690,2025-07-06,low,distant,purpose,universal
c_0005568,u_01690,2025-07-12,neutral,at_peace,relationships,light_islamic
c_0005569,u_01690,2025-07-16,good,distant,confidence,universal
c_0005570,u_01690,2025-07-17,very_low,at_peace,faith,light_islamic
c_0005571,u_01690,2025-07-20,very_low,at_peace,anxiety,universal
c_0005572,u_01690,2025-07-26,good,questioning,faith,light_islamic
c_0005573,u_01691,2025-02-05,low,,gratitude,deeper_faith
c_0005574,u_01691,2025-02-08,grateful,,confidence,universal
c_0005575,u_01691,2025-02-16,low,questioning,self,light_islamic
c_0005576,u_01691,2025-02-20,grateful,at_peace,gratitude,deeper_faith
c_0005577,u_01693,2025-01-02,grateful,,anxiety,deeper_faith
c_0005578,u_01693,2025-01-03,good,,gratitude,universal
c_0005579,u_01693,2025-01-11,very_low,questioning,anxiety,light_islamic
c_0005580,u_01693,2025-01-14,good,at_peace,relationships,light_islamic
c_0005581,u_01693,2025-01-17,good,distant,self,light_islamic
c_0005582,u_01693,2025-01-18,very_low,questioning,purpose,universal
c_0005583,u_01693,2025-01-20,very_low,questioning,relationships,light_islamic
c_0005584,u_01694,2025-01-06,grateful,,gratitude,deeper_faith
c_0005585,u_01694,2025-01-07,low,,work,universal
c_0005586,u_01694,2025-01-11,low,at_peace,faith,universal
c_0005587,u_01694,2025-01-18,low,distant,purpose,light_islamic
c_0005588,u_01694,2025-01-24,low,questioning,anxiety,deeper_faith
c_0005589,u_01694,2025-01-25,low,at_peace,faith,universal
c_0005590,u_01694,2025-01-31,grateful,at_peace,anxiety,deeper_faith
c_0005591,u_01695,2025-07-01,good,,anxiety,universal
c_0005592,u_01695,2025-07-06,neutral,questioning,burnout,universal
c_0005593,u_01695,2025-07-11,low,distant,anxiety,universal
c_0005594,u_01695,2025-07-12,neutral,questioning,relationships,universal
c_0005595,u_01695,2025-07-14,neutral,questioning,gratitude,light_islamic
c_0005596,u_01695,2025-07-15,good,distant,faith,light_islamic
c_0005597,u_01695,2025-07-19,good,at_peace,relationships,deeper_faith
c_0005598,u_01696,2025-03-02,grateful,,purpose,universal
c_0005599,u_01696,2025-03-03,neutral,,habits,universal
c_0005600,u_01696,2025-03-12,neutral,distant,faith,universal
c_0005601,u_01696,2025-03-14,neutral,questioning,faith,universal
c_0005602,u_01696,2025-03-18,good,at_peace,purpose,deeper_faith
c_0005603,u_01696,2025-03-19,good,distant,purpose,light_islamic
c_0005604,u_01696,2025-03-20,neutral,at_peace,work,universal
c_0005605,u_01696,2025-03-24,low,hurting,habits,universal
c_0005606,u_01696,2025-03-28,neutral,at_peace,purpose,deeper_faith
c_0005607,u_01698,2025-08-04,neutral,,self,deeper_faith
c_0005608,u_01698,2025-08-07,neutral,,anxiety,universal
c_0005609,u_01698,2025-08-16,grateful,at_peace,work,deeper_faith
c_0005610,u_01698,2025-08-25,neutral,distant,burnout,universal
c_0005611,u_01699,2025-04-25,neutral,,work,light_islamic
c_0005612,u_01699,2025-04-27,neutral,,habits,deeper_faith
c_0005613,u_01699,2025-04-28,good,,habits,universal
c_0005614,u_01699,2025-04-29,grateful,at_peace,work,light_islamic
c_0005615,u_01699,2025-05-05,good,hurting,habits,light_islamic
c_0005616,u_01699,2025-05-06,low,at_peace,faith,light_islamic
c_0005617,u_01699,2025-05-11,neutral,distant,habits,universal
c_0005618,u_01701,2025-05-15,good,,anxiety,deeper_faith
c_0005619,u_01701,2025-05-16,grateful,,anxiety,light_islamic
c_0005620,u_01701,2025-05-19,neutral,at_peace,self,universal
c_0005621,u_01701,2025-05-22,neutral,at_peace,purpose,deeper_faith
c_0005622,u_01701,2025-05-26,very_low,at_peace,faith,universal
c_0005623,u_01703,2025-02-04,grateful,,anxiety,light_islamic
c_0005624,u_01703,2025-02-07,neutral,,relationships,light_islamic
c_0005625,u_01703,2025-02-08,neutral,at_peace,habits,light_islamic
c_0005626,u_01703,2025-02-09,neutral,at_peace,confidence,deeper_faith
c_0005627,u_01703,2025-02-17,good,at_peace,confidence,light_islamic
c_0005628,u_01703,2025-03-01,good,questioning,burnout,universal
c_0005629,u_01704,2025-09-03,good,,habits,light_islamic
c_0005630,u_01704,2025-09-04,good,,faith,deeper_faith
c_0005631,u_01704,2025-09-06,very_low,,work,universal
c_0005632,u_01704,2025-09-28,grateful,at_peace,confidence,light_islamic
c_0005633,u_01704,2025-10-02,neutral,distant,confidence,light_islamic
c_0005634,u_01705,2025-10-03,neutral,,gratitude,deeper_faith
c_0005635,u_01705,2025-10-08,good,questioning,faith,universal
c_0005636,u_01705,2025-10-09,good,at_peace,purpose,light_islamic
c_0005637,u_01705,2025-10-10,good,hurting,work,light_islamic
c_0005638,u_01705,2025-10-12,grateful,distant,faith,light_islamic
c_0005639,u_01705,2025-10-24,good,distant,faith,light_islamic
c_0005640,u_01705,2025-11-01,very_low,questioning,work,universal
c_0005641,u_01712,2025-01-26,good,,confidence,universal
c_0005642,u_01712,2025-02-02,neutral,distant,anxiety,deeper_faith
c_0005643,u_01712,2025-02-05,neutral,hurting,relationships,universal
c_0005644,u_01712,2025-02-11,neutral,questioning,confidence,light_islamic
c_0005645,u_01712,2025-02-15,neutral,distant,relationships,light_islamic
c_0005646,u_01718,2025-04-24,low,,burnout,universal
c_0005647,u_01718,2025-04-30,good,hurting,self,light_islamic
c_0005648,u_01718,2025-05-04,grateful,distant,burnout,light_islamic
c_0005649,u_01718,2025-05-10,neutral,at_peace,habits,universal
c_0005650,u_01718,2025-05-12,low,distant,relationships,universal
c_0005651,u_01718,2025-05-17,neutral,at_peace,burnout,light_islamic
c_0005652,u_01718,2025-05-24,neutral,distant,confidence,universal
c_0005653,u_01719,2025-03-25,good,,self,deeper_faith
c_0005654,u_01719,2025-03-29,good,at_peace,confidence,universal
c_0005655,u_01719,2025-03-30,good,at_peace,purpose,universal
c_0005656,u_01719,2025-04-06,good,distant,relationships,deeper_faith
c_0005657,u_01719,2025-04-08,grateful,distant,burnout,universal
c_0005658,u_01719,2025-04-11,neutral,at_peace,purpose,light_islamic
c_0005659,u_01719,2025-04-18,good,distant,confidence,light_islamic
c_0005660,u_01720,2025-08-11,grateful,,faith,universal
c_0005661,u_01720,2025-08-15,good,at_peace,confidence,universal
c_0005662,u_01720,2025-08-18,very_low,questioning,relationships,deeper_faith
c_0005663,u_01720,2025-08-25,good,at_peace,anxiety,light_islamic
c_0005664,u_01724,2025-02-26,good,,gratitude,light_islamic
c_0005665,u_01724,2025-02-27,good,,purpose,universal
c_0005666,u_01724,2025-03-01,good,,faith,light_islamic
c_0005667,u_01724,2025-03-02,neutral,at_peace,habits,deeper_faith
c_0005668,u_01724,2025-03-03,neutral,distant,faith,light_islamic
c_0005669,u_01724,2025-03-06,low,hurting,anxiety,universal
c_0005670,u_01724,2025-03-07,neutral,questioning,purpose,light_islamic
c_0005671,u_01725,2025-03-31,neutral,,relationships,universal
c_0005672,u_01725,2025-04-03,good,,faith,light_islamic
c_0005673,u_01725,2025-04-09,neutral,at_peace,burnout,universal
c_0005674,u_01725,2025-04-11,good,at_peace,anxiety,light_islamic
c_0005675,u_01725,2025-04-25,neutral,questioning,burnout,light_islamic
c_0005676,u_01727,2025-08-24,neutral,,confidence,light_islamic
c_0005677,u_01727,2025-08-31,neutral,questioning,habits,light_islamic
c_0005678,u_01727,2025-09-03,neutral,questioning,habits,universal
c_0005679,u_01727,2025-09-06,good,at_peace,habits,light_islamic
c_0005680,u_01727,2025-09-13,very_low,distant,gratitude,universal
c_0005681,u_01727,2025-09-16,good,at_peace,gratitude,universal
c_0005682,u_01727,2025-09-19,neutral,questioning,burnout,deeper_faith
c_0005683,u_01728,2025-12-12,neutral,,relationships,universal
c_0005684,u_01728,2025-12-14,good,,habits,universal
c_0005685,u_01728,2025-12-17,good,at_peace,relationships,light_islamic
c_0005686,u_01728,2025-12-18,good,at_peace,purpose,deeper_faith
c_0005687,u_01728,2025-12-19,neutral,at_peace,habits,light_islamic
c_0005688,u_01728,2025-12-21,neutral,questioning,self,universal
c_0005689,u_01728,2025-12-23,neutral,at_peace,confidence,light_islamic
c_0005690,u_01728,2025-12-26,grateful,at_peace,anxiety,deeper_faith
c_0005691,u_01728,2025-12-29,very_low,at_peace,gratitude,universal
c_0005692,u_01728,2026-01-02,grateful,questioning,anxiety,universal
c_0005693,u_01728,2026-01-04,low,at_peace,confidence,universal
c_0005694,u_01728,2026-01-06,good,questioning,habits,universal
c_0005695,u_01728,2026-01-09,grateful,at_peace,self,universal
c_0005696,u_01728,2026-01-11,low,at_peace,burnout,universal
c_0005697,u_01733,2025-04-05,good,,purpose,light_islamic
c_0005698,u_01733,2025-04-08,low,,gratitude,deeper_faith
c_0005699,u_01733,2025-04-16,good,at_peace,confidence,deeper_faith
c_0005700,u_01733,2025-04-19,grateful,distant,confidence,universal
c_0005701,u_01736,2025-03-01,grateful,,relationships,universal
c_0005702,u_01736,2025-03-02,low,,habits,deeper_faith
c_0005703,u_01736,2025-03-04,neutral,,anxiety,universal
c_0005704,u_01736,2025-03-05,good,distant,relationships,light_islamic
c_0005705,u_01736,2025-03-11,low,at_peace,faith,universal
c_0005706,u_01736,2025-03-17,neutral,distant,self,universal
c_0005707,u_01736,2025-03-21,good,questioning,confidence,deeper_faith
c_0005708,u_01736,2025-03-24,neutral,at_peace,gratitude,deeper_faith
c_0005709,u_01738,2025-09-07,neutral,,habits,universal
c_0005710,u_01738,2025-09-08,grateful,,work,universal
c_0005711,u_01738,2025-09-09,good,,purpose,deeper_faith
c_0005712,u_01738,2025-09-19,low,at_peace,faith,deeper_faith
c_0005713,u_01738,2025-09-23,low,at_peace,work,universal
c_0005714,u_01738,2025-09-25,good,hurting,relationships,light_islamic
c_0005715,u_01738,2025-09-29,low,at_peace,work,light_islamic
c_0005716,u_01738,2025-10-04,good,at_peace,anxiety,light_islamic
c_0005717,u_01740,2025-07-07,good,,burnout,universal
c_0005718,u_01740,2025-07-08,good,,relationships,light_islamic
c_0005719,u_01740,2025-07-10,very_low,,burnout,universal
c_0005720,u_01740,2025-07-11,neutral,distant,habits,light_islamic
c_0005721,u_01740,2025-07-13,neutral,questioning,relationships,universal
c_0005722,u_01740,2025-07-14,very_low,at_peace,faith,universal
c_0005723,u_01740,2025-07-17,low,distant,gratitude,light_islamic
c_0005724,u_01740,2025-07-20,low,at_peace,confidence,universal
c_0005725,u_01740,2025-07-29,neutral,hurting,anxiety,deeper_faith
c_0005726,u_01740,2025-08-03,good,distant,habits,universal
c_0005727,u_01741,2025-10-03,neutral,,purpose,light_islamic
c_0005728,u_01741,2025-10-04,low,,anxiety,universal
c_0005729,u_01741,2025-10-05,very_low,,faith,deeper_faith
c_0005730,u_01741,2025-10-06,neutral,,work,deeper_faith
c_0005731,u_01741,2025-10-08,grateful,at_peace,work,light_islamic
c_0005732,u_01741,2025-10-11,good,at_peace,anxiety,light_islamic
c_0005733,u_01741,2025-10-14,good,hurting,relationships,light_islamic
c_0005734,u_01741,2025-10-15,low,questioning,purpose,light_islamic
c_0005735,u_01741,2025-10-24,neutral,questioning,anxiety,universal
c_0005736,u_01742,2025-05-11,neutral,,gratitude,universal
c_0005737,u_01742,2025-05-13,good,,confidence,universal
c_0005738,u_01742,2025-05-16,neutral,distant,relationships,light_islamic
c_0005739,u_01742,2025-06-04,good,at_peace,purpose,universal
c_0005740,u_01742,2025-06-06,very_low,at_peace,faith,light_islamic
c_0005741,u_01742,2025-06-07,neutral,at_peace,habits,light_islamic
c_0005742,u_01744,2025-05-23,grateful,,faith,universal
c_0005743,u_01744,2025-05-31,neutral,at_peace,confidence,universal
c_0005744,u_01744,2025-06-07,good,at_peace,gratitude,universal
c_0005745,u_01744,2025-06-14,good,at_peace,confidence,light_islamic
c_0005746,u_01744,2025-06-20,grateful,at_peace,relationships,light_islamic
c_0005747,u_01749,2025-03-11,neutral,,purpose,light_islamic
c_0005748,u_01749,2025-03-29,low,at_peace,self,universal
c_0005749,u_01749,2025-03-30,good,hurting,relationships,deeper_faith
c_0005750,u_01749,2025-04-02,good,at_peace,self,universal
c_0005751,u_01749,2025-04-04,good,at_peace,habits,light_islamic
c_0005752,u_01749,2025-04-09,low,distant,habits,deeper_faith
c_0005753,u_01750,2025-02-08,low,,confidence,universal
c_0005754,u_01750,2025-02-10,neutral,,faith,universal
c_0005755,u_01750,2025-02-12,low,hurting,self,deeper_faith
c_0005756,u_01750,2025-02-21,neutral,hurting,self,light_islamic
c_0005757,u_01750,2025-03-08,good,at_peace,purpose,deeper_faith
c_0005758,u_01751,2025-05-23,good,,relationships,light_islamic
c_0005759,u_01751,2025-05-24,good,,anxiety,universal
c_0005760,u_01751,2025-05-28,low,at_peace,relationships,light_islamic
c_0005761,u_01751,2025-05-31,neutral,questioning,confidence,deeper_faith
c_0005762,u_01751,2025-06-01,good,questioning,self,universal
c_0005763,u_01751,2025-06-02,neutral,questioning,relationships,deeper_faith
c_0005764,u_01751,2025-06-04,good,at_peace,gratitude,universal
c_0005765,u_01751,2025-06-05,grateful,at_peace,faith,deeper_faith
c_0005766,u_01751,2025-06-10,good,at_peace,habits,deeper_faith
c_0005767,u_01751,2025-06-14,good,at_peace,faith,light_islamic
c_0005768,u_01751,2025-06-17,very_low,questioning,anxiety,universal
c_0005769,u_01752,2025-01-08,grateful,,work,deeper_faith
c_0005770,u_01752,2025-01-09,grateful,,gratitude,universal
c_0005771,u_01752,2025-01-12,good,at_peace,confidence,light_islamic
c_0005772,u_01752,2025-01-19,neutral,questioning,relationships,universal
c_0005773,u_01752,2025-01-22,neutral,at_peace,gratitude,deeper_faith
c_0005774,u_01752,2025-01-23,grateful,at_peace,relationships,light_islamic
c_0005775,u_01752,2025-01-30,good,at_peace,confidence,universal
c_0005776,u_01752,2025-02-05,good,at_peace,confidence,light_islamic
c_0005777,u_01752,2025-02-06,very_low,distant,purpose,universal
c_0005778,u_01756,2025-07-22,neutral,,anxiety,universal
c_0005779,u_01756,2025-07-23,neutral,,self,universal
c_0005780,u_01756,2025-07-26,good,at_peace,burnout,universal
c_0005781,u_01756,2025-07-27,good,at_peace,faith,universal
c_0005782,u_01756,2025-07-31,grateful,at_peace,purpose,universal
c_0005783,u_01757,2025-02-02,grateful,,relationships,universal
c_0005784,u_01757,2025-02-04,neutral,,anxiety,light_islamic
c_0005785,u_01757,2025-02-05,grateful,,burnout,light_islamic
c_0005786,u_01757,2025-02-07,neutral,at_peace,faith,deeper_faith
c_0005787,u_01757,2025-02-12,low,questioning,faith,universal
c_0005788,u_01757,2025-02-15,low,hurting,anxiety,light_islamic
c_0005789,u_01757,2025-02-16,good,at_peace,anxiety,universal
c_0005790,u_01757,2025-02-17,good,at_peace,work,universal
c_0005791,u_01757,2025-02-20,good,at_peace,self,universal
c_0005792,u_01757,2025-02-23,neutral,at_peace,gratitude,light_islamic
c_0005793,u_01757,2025-02-24,good,questioning,self,universal
c_0005794,u_01757,2025-02-27,good,at_peace,purpose,light_islamic
c_0005795,u_01758,2025-12-26,grateful,,work,universal
c_0005796,u_01758,2026-01-01,low,questioning,burnout,universal
c_0005797,u_01758,2026-01-04,neutral,hurting,habits,deeper_faith
c_0005798,u_01758,2026-01-05,low,questioning,confidence,universal
c_0005799,u_01758,2026-01-15,neutral,distant,anxiety,universal
c_0005800,u_01758,2026-01-18,neutral,at_peace,habits,deeper_faith
c_0005801,u_01758,2026-01-24,good,distant,purpose,light_islamic
c_0005802,u_01759,2025-10-23,good,,relationships,light_islamic
c_0005803,u_01759,2025-10-24,neutral,,confidence,light_islamic
c_0005804,u_01759,2025-10-29,good,questioning,faith,light_islamic
c_0005805,u_01759,2025-11-01,neutral,questioning,gratitude,deeper_faith
c_0005806,u_01759,2025-11-02,grateful,distant,confidence,deeper_faith
c_0005807,u_01759,2025-11-09,low,at_peace,self,light_islamic
c_0005808,u_01762,2025-07-16,grateful,,purpose,light_islamic
c_0005809,u_01762,2025-07-17,good,,relationships,universal
c_0005810,u_01762,2025-07-18,good,,gratitude,light_islamic
c_0005811,u_01762,2025-07-19,very_low,,purpose,universal
c_0005812,u_01762,2025-07-22,good,distant,self,universal
c_0005813,u_01762,2025-07-23,grateful,distant,work,universal
c_0005814,u_01762,2025-07-30,good,questioning,work,light_islamic
c_0005815,u_01762,2025-08-01,low,at_peace,self,light_islamic
c_0005816,u_01762,2025-08-08,grateful,at_peace,relationships,universal
c_0005817,u_01762,2025-08-13,neutral,at_peace,purpose,universal
c_0005818,u_01765,2025-07-09,grateful,,purpose,universal
c_0005819,u_01765,2025-07-15,neutral,questioning,gratitude,universal
c_0005820,u_01765,2025-07-26,good,distant,burnout,universal
c_0005821,u_01765,2025-07-28,neutral,at_peace,habits,universal
c_0005822,u_01765,2025-07-31,good,questioning,gratitude,light_islamic
c_0005823,u_01765,2025-08-02,grateful,distant,relationships,universal
c_0005824,u_01765,2025-08-03,good,at_peace,gratitude,deeper_faith
c_0005825,u_01771,2025-08-01,very_low,,confidence,deeper_faith
c_0005826,u_01771,2025-08-04,neutral,,purpose,light_islamic
c_0005827,u_01771,2025-08-07,good,at_peace,faith,deeper_faith
c_0005828,u_01771,2025-08-08,good,at_peace,work,universal
c_0005829,u_01771,2025-08-13,good,questioning,confidence,universal
c_0005830,u_01771,2025-08-21,good,at_peace,purpose,light_islamic
c_0005831,u_01771,2025-08-24,neutral,at_peace,relationships,light_islamic
c_0005832,u_01771,2025-08-25,neutral,questioning,faith,universal
c_0005833,u_01771,2025-08-27,good,hurting,purpose,universal
c_0005834,u_01771,2025-08-28,neutral,distant,faith,light_islamic
c_0005835,u_01773,2025-02-03,neutral,,anxiety,universal
c_0005836,u_01773,2025-02-05,good,,burnout,light_islamic
c_0005837,u_01773,2025-02-06,good,,confidence,deeper_faith
c_0005838,u_01773,2025-02-07,good,distant,self,deeper_faith
c_0005839,u_01773,2025-02-08,neutral,at_peace,faith,light_islamic
c_0005840,u_01773,2025-02-10,good,at_peace,anxiety,deeper_faith
c_0005841,u_01773,2025-02-17,good,at_peace,work,light_islamic
c_0005842,u_01773,2025-02-18,neutral,at_peace,faith,universal
c_0005843,u_01773,2025-02-21,good,at_peace,work,universal
c_0005844,u_01773,2025-02-23,grateful,questioning,anxiety,universal
c_0005845,u_01775,2025-09-30,low,,faith,light_islamic
c_0005846,u_01775,2025-10-01,low,,relationships,deeper_faith
c_0005847,u_01775,2025-10-02,neutral,,burnout,deeper_faith
c_0005848,u_01775,2025-10-03,good,,self,universal
c_0005849,u_01775,2025-10-04,good,at_peace,faith,light_islamic
c_0005850,u_01775,2025-10-05,good,distant,anxiety,light_islamic
c_0005851,u_01775,2025-10-10,low,at_peace,gratitude,universal
c_0005852,u_01775,2025-10-12,good,at_peace,burnout,universal
c_0005853,u_01778,2025-04-21,good,,habits,universal
c_0005854,u_01778,2025-04-28,grateful,at_peace,faith,light_islamic
c_0005855,u_01778,2025-04-29,good,questioning,self,universal
c_0005856,u_01778,2025-05-05,low,hurting,self,light_islamic
c_0005857,u_01778,2025-05-10,grateful,at_peace,burnout,universal
c_0005858,u_01780,2025-06-20,low,,habits,light_islamic
c_0005859,u_01780,2025-06-21,low,,self,deeper_faith
c_0005860,u_01780,2025-06-23,neutral,,habits,light_islamic
c_0005861,u_01780,2025-06-27,good,questioning,faith,deeper_faith
c_0005862,u_01780,2025-06-30,neutral,distant,relationships,universal
c_0005863,u_01780,2025-07-05,good,at_peace,burnout,universal
c_0005864,u_01780,2025-07-07,good,at_peace,purpose,light_islamic
c_0005865,u_01780,2025-07-12,neutral,distant,relationships,deeper_faith
c_0005866,u_01780,2025-07-15,very_low,questioning,relationships,universal
c_0005867,u_01780,2025-07-17,good,at_peace,gratitude,universal
c_0005868,u_01781,2025-11-29,good,,habits,universal
c_0005869,u_01781,2025-12-01,good,,self,deeper_faith
c_0005870,u_01781,2025-12-03,neutral,at_peace,anxiety,universal
c_0005871,u_01781,2025-12-06,low,distant,gratitude,deeper_faith
c_0005872,u_01781,2025-12-07,low,at_peace,burnout,light_islamic
c_0005873,u_01781,2025-12-17,neutral,at_peace,work,light_islamic
c_0005874,u_01781,2025-12-22,grateful,hurting,self,universal
c_0005875,u_01781,2025-12-29,very_low,at_peace,gratitude,light_islamic
c_0005876,u_01787,2025-04-11,good,,confidence,universal
c_0005877,u_01787,2025-04-12,good,,gratitude,universal
c_0005878,u_01787,2025-04-18,low,hurting,anxiety,universal
c_0005879,u_01787,2025-04-24,good,at_peace,faith,light_islamic
c_0005880,u_01787,2025-04-26,low,at_peace,work,light_islamic
c_0005881,u_01787,2025-05-05,low,at_peace,gratitude,universal
c_0005882,u_01787,2025-05-07,good,distant,faith,universal
c_0005883,u_01788,2025-01-29,neutral,,work,universal
c_0005884,u_01788,2025-01-30,good,,gratitude,deeper_faith
c_0005885,u_01788,2025-02-02,neutral,hurting,purpose,universal
c_0005886,u_01788,2025-02-04,low,questioning,purpose,universal
c_0005887,u_01788,2025-02-07,grateful,questioning,confidence,universal
c_0005888,u_01788,2025-02-12,low,hurting,burnout,universal
c_0005889,u_01788,2025-02-13,neutral,questioning,anxiety,universal
c_0005890,u_01788,2025-02-14,good,questioning,gratitude,light_islamic
c_0005891,u_01788,2025-02-18,very_low,at_peace,self,light_islamic
c_0005892,u_01788,2025-02-23,neutral,questioning,faith,light_islamic
c_0005893,u_01789,2025-02-14,grateful,,anxiety,light_islamic
c_0005894,u_01789,2025-02-18,good,at_peace,purpose,light_islamic
c_0005895,u_01789,2025-02-21,grateful,at_peace,work,light_islamic
c_0005896,u_01789,2025-02-26,low,distant,self,light_islamic
c_0005897,u_01789,2025-03-01,neutral,at_peace,anxiety,universal
c_0005898,u_01789,2025-03-05,good,questioning,faith,light_islamic
c_0005899,u_01789,2025-03-09,low,at_peace,burnout,deeper_faith
c_0005900,u_01789,2025-03-10,neutral,at_peace,purpose,universal
c_0005901,u_01790,2025-08-04,good,,self,light_islamic
c_0005902,u_01790,2025-08-08,neutral,questioning,anxiety,deeper_faith
c_0005903,u_01790,2025-08-09,good,questioning,burnout,deeper_faith
c_0005904,u_01790,2025-08-21,low,hurting,relationships,universal
c_0005905,u_01790,2025-08-22,neutral,distant,work,universal
c_0005906,u_01790,2025-08-29,very_low,at_peace,habits,deeper_faith
c_0005907,u_01791,2025-05-26,neutral,,relationships,universal
c_0005908,u_01791,2025-05-28,neutral,,habits,light_islamic
c_0005909,u_01791,2025-06-04,grateful,questioning,purpose,light_islamic
c_0005910,u_01791,2025-06-09,good,questioning,burnout,universal
c_0005911,u_01791,2025-06-11,good,questioning,burnout,light_islamic
c_0005912,u_01791,2025-06-14,good,at_peace,burnout,light_islamic
c_0005913,u_01793,2025-04-17,neutral,,habits,universal
c_0005914,u_01793,2025-04-18,very_low,,relationships,light_islamic
c_0005915,u_01793,2025-04-21,low,at_peace,anxiety,deeper_faith
c_0005916,u_01793,2025-04-22,good,at_peace,gratitude,light_islamic
c_0005917,u_01793,2025-05-01,good,questioning,anxiety,universal
c_0005918,u_01793,2025-05-02,very_low,questioning,work,universal
c_0005919,u_01793,2025-05-06,low,at_peace,self,universal
c_0005920,u_01793,2025-05-14,grateful,at_peace,habits,universal
c_0005921,u_01796,2025-10-26,good,,relationships,light_islamic
c_0005922,u_01796,2025-10-27,good,,anxiety,universal
c_0005923,u_01796,2025-10-30,good,at_peace,habits,light_islamic
c_0005924,u_01796,2025-11-01,good,questioning,faith,universal
c_0005925,u_01796,2025-11-08,neutral,hurting,burnout,light_islamic
c_0005926,u_01796,2025-11-11,low,questioning,self,universal
c_0005927,u_01796,2025-11-15,neutral,distant,gratitude,universal
c_0005928,u_01801,2025-10-23,neutral,,habits,light_islamic
c_0005929,u_01801,2025-10-24,grateful,,relationships,deeper_faith
c_0005930,u_01801,2025-10-27,neutral,at_peace,work,universal
c_0005931,u_01801,2025-10-31,neutral,at_peace,relationships,universal
c_0005932,u_01801,2025-11-06,low,at_peace,habits,light_islamic
c_0005933,u_01801,2025-11-10,good,at_peace,confidence,universal
c_0005934,u_01807,2025-10-16,low,,gratitude,light_islamic
c_0005935,u_01807,2025-10-18,grateful,,anxiety,deeper_faith
c_0005936,u_01807,2025-10-28,neutral,questioning,self,light_islamic
c_0005937,u_01807,2025-10-29,low,questioning,faith,light_islamic
c_0005938,u_01807,2025-10-31,neutral,at_peace,purpose,universal
c_0005939,u_01807,2025-11-09,grateful,distant,confidence,deeper_faith
c_0005940,u_01807,2025-11-14,good,hurting,work,universal
c_0005941,u_01809,2025-02-10,good,,faith,universal
c_0005942,u_01809,2025-02-12,good,,burnout,light_islamic
c_0005943,u_01809,2025-02-13,good,,anxiety,light_islamic
c_0005944,u_01809,2025-02-16,good,at_peace,gratitude,light_islamic
c_0005945,u_01809,2025-03-04,good,at_peace,burnout,universal
c_0005946,u_01811,2025-03-27,very_low,,purpose,universal
c_0005947,u_01811,2025-03-31,grateful,at_peace,relationships,light_islamic
c_0005948,u_01811,2025-04-01,good,at_peace,self,deeper_faith
c_0005949,u_01811,2025-04-04,neutral,questioning,burnout,universal
c_0005950,u_01811,2025-04-09,good,distant,self,deeper_faith
c_0005951,u_01811,2025-04-17,good,at_peace,work,universal
c_0005952,u_01816,2025-07-17,low,,anxiety,universal
c_0005953,u_01816,2025-07-18,neutral,,burnout,light_islamic
c_0005954,u_01816,2025-07-19,good,,self,light_islamic
c_0005955,u_01816,2025-07-22,low,questioning,purpose,universal
c_0005956,u_01816,2025-07-25,neutral,at_peace,work,universal
c_0005957,u_01816,2025-07-28,good,at_peace,relationships,universal
c_0005958,u_01816,2025-07-29,grateful,at_peace,self,deeper_faith
c_0005959,u_01816,2025-08-02,neutral,at_peace,anxiety,universal
c_0005960,u_01816,2025-08-15,neutral,hurting,burnout,light_islamic
c_0005961,u_01816,2025-08-16,grateful,at_peace,burnout,universal
c_0005962,u_01817,2025-04-03,good,,relationships,light_islamic
c_0005963,u_01817,2025-04-04,grateful,,habits,universal
c_0005964,u_01817,2025-04-11,low,at_peace,habits,universal
c_0005965,u_01817,2025-04-12,good,distant,faith,light_islamic
c_0005966,u_01817,2025-04-13,good,questioning,purpose,light_islamic
c_0005967,u_01817,2025-04-14,good,at_peace,habits,light_islamic
c_0005968,u_01817,2025-04-27,grateful,distant,faith,deeper_faith
c_0005969,u_01817,2025-04-28,grateful,at_peace,work,light_islamic
c_0005970,u_01821,2025-12-17,low,,gratitude,universal
c_0005971,u_01821,2025-12-20,grateful,,burnout,universal
c_0005972,u_01821,2025-12-22,low,at_peace,habits,universal
c_0005973,u_01821,2025-12-26,neutral,questioning,habits,deeper_faith
c_0005974,u_01821,2026-01-04,neutral,at_peace,purpose,light_islamic
c_0005975,u_01822,2025-05-22,neutral,,self,universal
c_0005976,u_01822,2025-05-25,neutral,,habits,universal
c_0005977,u_01822,2025-05-29,good,at_peace,burnout,deeper_faith
c_0005978,u_01822,2025-05-30,good,hurting,self,universal
c_0005979,u_01822,2025-06-02,good,distant,burnout,light_islamic
c_0005980,u_01822,2025-06-11,neutral,at_peace,relationships,universal
c_0005981,u_01822,2025-06-12,good,at_peace,work,deeper_faith
c_0005982,u_01822,2025-06-16,neutral,at_peace,gratitude,light_islamic
c_0005983,u_01827,2025-07-08,low,,work,light_islamic
c_0005984,u_01827,2025-07-10,grateful,,relationships,deeper_faith
c_0005985,u_01827,2025-07-12,grateful,questioning,self,universal
c_0005986,u_01827,2025-07-22,good,questioning,relationships,deeper_faith
c_0005987,u_01827,2025-07-28,good,at_peace,burnout,universal
c_0005988,u_01827,2025-07-31,good,questioning,self,light_islamic
c_0005989,u_01827,2025-08-06,low,at_peace,relationships,universal
c_0005990,u_01828,2025-08-19,low,,purpose,deeper_faith
c_0005991,u_01828,2025-08-23,very_low,distant,habits,deeper_faith
c_0005992,u_01828,2025-08-25,grateful,questioning,self,light_islamic
c_0005993,u_01828,2025-08-26,good,hurting,anxiety,light_islamic
c_0005994,u_01828,2025-08-29,neutral,at_peace,self,universal
c_0005995,u_01828,2025-08-31,good,questioning,relationships,universal
c_0005996,u_01828,2025-09-05,low,distant,work,light_islamic
c_0005997,u_01829,2025-10-30,neutral,,anxiety,light_islamic
c_0005998,u_01829,2025-11-01,good,,habits,light_islamic
c_0005999,u_01829,2025-11-08,very_low,distant,work,universal
c_0006000,u_01829,2025-11-10,low,at_peace,work,universal
c_0006001,u_01829,2025-11-13,grateful,questioning,purpose,universal
c_0006002,u_01829,2025-11-16,good,distant,self,universal
c_0006003,u_01829,2025-11-17,good,at_peace,habits,light_islamic
c_0006004,u_01829,2025-11-26,grateful,questioning,burnout,light_islamic
c_0006005,u_01829,2025-11-27,grateful,hurting,anxiety,universal
c_0006006,u_01829,2025-11-29,neutral,at_peace,confidence,light_islamic
c_0006007,u_01831,2025-04-19,good,,relationships,light_islamic
c_0006008,u_01831,2025-04-21,good,,work,universal
c_0006009,u_01831,2025-04-23,low,questioning,purpose,universal
c_0006010,u_01831,2025-04-28,neutral,at_peace,habits,universal
c_0006011,u_01831,2025-04-29,neutral,at_peace,self,universal
c_0006012,u_01831,2025-04-30,good,hurting,self,light_islamic
c_0006013,u_01831,2025-05-03,low,at_peace,faith,universal
c_0006014,u_01831,2025-05-05,neutral,questioning,faith,deeper_faith
c_0006015,u_01831,2025-05-06,grateful,at_peace,relationships,light_islamic
c_0006016,u_01833,2025-12-04,good,,faith,universal
c_0006017,u_01833,2025-12-05,very_low,,anxiety,light_islamic
c_0006018,u_01833,2025-12-08,grateful,at_peace,habits,deeper_faith
c_0006019,u_01833,2025-12-13,good,hurting,habits,universal
c_0006020,u_01833,2025-12-15,good,questioning,burnout,universal
c_0006021,u_01833,2025-12-19,good,at_peace,purpose,light_islamic
c_0006022,u_01836,2025-08-30,good,,anxiety,universal
c_0006023,u_01836,2025-09-03,neutral,at_peace,self,light_islamic
c_0006024,u_01836,2025-09-08,grateful,distant,faith,universal
c_0006025,u_01836,2025-09-11,good,at_peace,gratitude,universal
c_0006026,u_01836,2025-09-18,good,questioning,purpose,universal
c_0006027,u_01836,2025-09-20,grateful,questioning,work,light_islamic
c_0006028,u_01838,2025-04-30,good,,confidence,light_islamic
c_0006029,u_01838,2025-05-01,low,,relationships,light_islamic
c_0006030,u_01838,2025-05-06,good,questioning,burnout,universal
c_0006031,u_01838,2025-05-14,neutral,hurting,gratitude,universal
c_0006032,u_01838,2025-05-16,good,hurting,purpose,universal
c_0006033,u_01840,2025-10-06,low,,habits,deeper_faith
c_0006034,u_01840,2025-10-07,good,,purpose,deeper_faith
c_0006035,u_01840,2025-10-08,good,,gratitude,universal
c_0006036,u_01840,2025-10-11,neutral,distant,relationships,light_islamic
c_0006037,u_01840,2025-10-12,good,hurting,burnout,universal
c_0006038,u_01840,2025-10-16,good,at_peace,self,deeper_faith
c_0006039,u_01840,2025-10-18,good,at_peace,faith,light_islamic
c_0006040,u_01840,2025-10-20,very_low,questioning,relationships,light_islamic
c_0006041,u_01840,2025-10-22,good,at_peace,burnout,light_islamic
c_0006042,u_01842,2025-01-09,good,,confidence,light_islamic
c_0006043,u_01842,2025-01-14,grateful,hurting,relationships,universal
c_0006044,u_01842,2025-01-15,good,distant,work,universal
c_0006045,u_01842,2025-01-29,neutral,distant,habits,light_islamic
c_0006046,u_01850,2025-02-15,very_low,,relationships,universal
c_0006047,u_01850,2025-02-17,good,,work,light_islamic
c_0006048,u_01850,2025-02-20,neutral,at_peace,burnout,universal
c_0006049,u_01850,2025-02-23,grateful,at_peace,habits,universal
c_0006050,u_01850,2025-02-24,grateful,hurting,burnout,light_islamic
c_0006051,u_01850,2025-02-27,good,at_peace,faith,deeper_faith
c_0006052,u_01850,2025-02-28,good,questioning,faith,universal
c_0006053,u_01850,2025-03-01,neutral,hurting,confidence,light_islamic
c_0006054,u_01850,2025-03-05,good,distant,gratitude,universal
c_0006055,u_01850,2025-03-09,good,questioning,faith,deeper_faith
c_0006056,u_01851,2025-08-12,neutral,,work,universal
c_0006057,u_01851,2025-08-13,neutral,,gratitude,light_islamic
c_0006058,u_01851,2025-08-14,very_low,,confidence,universal
c_0006059,u_01851,2025-08-18,low,at_peace,gratitude,universal
c_0006060,u_01851,2025-08-19,good,distant,relationships,universal
c_0006061,u_01851,2025-08-26,good,hurting,purpose,universal
c_0006062,u_01851,2025-09-05,low,at_peace,burnout,universal
c_0006063,u_01851,2025-09-06,neutral,at_peace,anxiety,light_islamic
c_0006064,u_01851,2025-09-07,neutral,hurting,habits,light_islamic
c_0006065,u_01853,2025-04-17,good,,self,light_islamic
c_0006066,u_01853,2025-04-21,good,at_peace,habits,universal
c_0006067,u_01853,2025-04-26,grateful,at_peace,faith,universal
c_0006068,u_01853,2025-04-30,low,at_peace,habits,universal
c_0006069,u_01853,2025-05-04,neutral,distant,gratitude,universal
c_0006070,u_01853,2025-05-15,neutral,questioning,purpose,universal
c_0006071,u_01853,2025-05-16,good,questioning,habits,universal
c_0006072,u_01853,2025-05-17,grateful,hurting,self,universal
c_0006073,u_01855,2025-03-22,very_low,,relationships,universal
c_0006074,u_01855,2025-03-28,low,distant,anxiety,deeper_faith
c_0006075,u_01855,2025-04-11,grateful,at_peace,habits,deeper_faith
c_0006076,u_01855,2025-04-21,neutral,distant,burnout,deeper_faith
c_0006077,u_01856,2025-01-10,neutral,,anxiety,light_islamic
c_0006078,u_01856,2025-01-11,neutral,,gratitude,universal
c_0006079,u_01856,2025-01-12,good,,burnout,universal
c_0006080,u_01856,2025-01-16,neutral,at_peace,confidence,deeper_faith
c_0006081,u_01856,2025-01-19,grateful,distant,gratitude,universal
c_0006082,u_01856,2025-01-22,good,at_peace,gratitude,light_islamic
c_0006083,u_01856,2025-02-05,good,distant,burnout,deeper_faith
c_0006084,u_01856,2025-02-09,grateful,distant,gratitude,light_islamic
c_0006085,u_01859,2025-04-10,grateful,,relationships,deeper_faith
c_0006086,u_01859,2025-04-14,neutral,at_peace,self,universal
c_0006087,u_01859,2025-04-16,neutral,questioning,self,universal
c_0006088,u_01859,2025-04-19,good,at_peace,faith,light_islamic
c_0006089,u_01859,2025-04-22,good,at_peace,work,light_islamic
c_0006090,u_01860,2025-05-26,neutral,,gratitude,universal
c_0006091,u_01860,2025-05-27,neutral,,self,light_islamic
c_0006092,u_01860,2025-05-29,grateful,,confidence,universal
c_0006093,u_01860,2025-06-14,low,distant,confidence,light_islamic
c_0006094,u_01863,2025-11-05,neutral,,habits,universal
c_0006095,u_01863,2025-11-07,good,,habits,universal
c_0006096,u_01863,2025-11-11,grateful,distant,work,universal
c_0006097,u_01863,2025-11-12,good,at_peace,self,light_islamic
c_0006098,u_01863,2025-11-13,grateful,distant,burnout,universal
c_0006099,u_01863,2025-11-14,very_low,at_peace,relationships,light_islamic
c_0006100,u_01863,2025-11-25,good,distant,confidence,light_islamic
c_0006101,u_01863,2025-11-29,good,at_peace,gratitude,deeper_faith
c_0006102,u_01864,2025-06-28,good,,confidence,deeper_faith
c_0006103,u_01864,2025-06-29,neutral,,purpose,light_islamic
c_0006104,u_01864,2025-06-30,neutral,,gratitude,universal
c_0006105,u_01864,2025-07-02,good,at_peace,relationships,deeper_faith
c_0006106,u_01864,2025-07-04,neutral,questioning,confidence,light_islamic
c_0006107,u_01864,2025-07-05,grateful,hurting,relationships,light_islamic
c_0006108,u_01864,2025-07-07,low,at_peace,gratitude,universal
c_0006109,u_01864,2025-07-08,neutral,at_peace,faith,light_islamic
c_0006110,u_01864,2025-07-17,neutral,at_peace,confidence,universal
c_0006111,u_01864,2025-07-25,good,at_peace,purpose,deeper_faith
c_0006112,u_01864,2025-07-27,good,at_peace,purpose,universal
c_0006113,u_01865,2025-08-08,good,,burnout,universal
c_0006114,u_01865,2025-08-10,grateful,,anxiety,deeper_faith
c_0006115,u_01865,2025-08-12,good,distant,relationships,universal
c_0006116,u_01865,2025-08-13,very_low,at_peace,confidence,light_islamic
c_0006117,u_01865,2025-08-14,good,at_peace,purpose,universal
c_0006118,u_01865,2025-08-16,neutral,distant,burnout,deeper_faith
c_0006119,u_01865,2025-08-18,neutral,questioning,faith,light_islamic
c_0006120,u_01865,2025-08-20,neutral,at_peace,relationships,light_islamic
c_0006121,u_01865,2025-08-22,grateful,hurting,gratitude,universal
c_0006122,u_01865,2025-08-26,low,at_peace,habits,universal
c_0006123,u_01865,2025-08-27,neutral,distant,gratitude,deeper_faith
c_0006124,u_01865,2025-09-01,good,at_peace,habits,universal
c_0006125,u_01865,2025-09-05,low,questioning,gratitude,light_islamic
c_0006126,u_01865,2025-09-07,grateful,at_peace,habits,light_islamic
c_0006127,u_01866,2025-05-13,good,,habits,universal
c_0006128,u_01866,2025-05-14,low,,habits,deeper_faith
c_0006129,u_01866,2025-05-16,neutral,,burnout,deeper_faith
c_0006130,u_01866,2025-05-18,neutral,at_peace,confidence,universal
c_0006131,u_01866,2025-05-19,neutral,at_peace,relationships,light_islamic
c_0006132,u_01866,2025-05-20,neutral,distant,confidence,universal
c_0006133,u_01866,2025-05-22,neutral,at_peace,confidence,deeper_faith
c_0006134,u_01866,2025-05-23,good,distant,anxiety,universal
c_0006135,u_01866,2025-05-27,neutral,distant,work,light_islamic
c_0006136,u_01867,2025-11-20,grateful,,confidence,universal
c_0006137,u_01867,2025-11-28,grateful,hurting,habits,universal
c_0006138,u_01867,2025-11-30,neutral,questioning,anxiety,universal
c_0006139,u_01867,2025-12-09,very_low,distant,confidence,deeper_faith
c_0006140,u_01867,2025-12-16,good,at_peace,work,light_islamic
c_0006141,u_01867,2025-12-18,good,at_peace,work,universal
c_0006142,u_01868,2025-09-20,grateful,,anxiety,light_islamic
c_0006143,u_01868,2025-09-21,low,,relationships,universal
c_0006144,u_01868,2025-09-22,good,,gratitude,universal
c_0006145,u_01868,2025-09-25,grateful,distant,relationships,light_islamic
c_0006146,u_01868,2025-10-02,neutral,at_peace,faith,universal
c_0006147,u_01868,2025-10-07,grateful,at_peace,habits,deeper_faith
c_0006148,u_01868,2025-10-11,good,at_peace,anxiety,deeper_faith
c_0006149,u_01868,2025-10-17,good,at_peace,work,light_islamic
c_0006150,u_01871,2025-11-30,neutral,,work,universal
c_0006151,u_01871,2025-12-03,grateful,,work,universal
c_0006152,u_01871,2025-12-04,grateful,distant,work,light_islamic
c_0006153,u_01871,2025-12-13,low,questioning,gratitude,light_islamic
c_0006154,u_01871,2025-12-22,good,hurting,faith,light_islamic
c_0006155,u_01875,2025-12-08,good,,habits,light_islamic
c_0006156,u_01875,2025-12-10,neutral,,relationships,light_islamic
c_0006157,u_01875,2025-12-14,good,at_peace,confidence,universal
c_0006158,u_01875,2025-12-15,grateful,questioning,habits,light_islamic
c_0006159,u_01875,2025-12-17,neutral,at_peace,purpose,light_islamic
c_0006160,u_01875,2025-12-18,neutral,distant,burnout,universal
c_0006161,u_01875,2025-12-20,good,distant,habits,deeper_faith
c_0006162,u_01875,2025-12-29,neutral,distant,work,universal
c_0006163,u_01875,2025-12-31,very_low,at_peace,faith,light_islamic
c_0006164,u_01875,2026-01-02,neutral,at_peace,relationships,light_islamic
c_0006165,u_01876,2025-09-16,good,,self,light_islamic
c_0006166,u_01876,2025-09-17,grateful,,habits,universal
c_0006167,u_01876,2025-09-20,neutral,at_peace,habits,light_islamic
c_0006168,u_01876,2025-09-26,grateful,at_peace,self,universal
c_0006169,u_01876,2025-09-29,good,at_peace,relationships,light_islamic
c_0006170,u_01879,2025-04-06,grateful,,habits,universal
c_0006171,u_01879,2025-04-08,good,,anxiety,deeper_faith
c_0006172,u_01879,2025-04-12,good,questioning,self,universal
c_0006173,u_01879,2025-04-27,good,at_peace,relationships,light_islamic
c_0006174,u_01879,2025-05-05,low,at_peace,self,universal
c_0006175,u_01881,2025-10-04,neutral,,self,universal
c_0006176,u_01881,2025-10-06,low,,habits,universal
c_0006177,u_01881,2025-10-09,good,distant,work,light_islamic
c_0006178,u_01881,2025-10-17,good,at_peace,work,light_islamic
c_0006179,u_01881,2025-10-18,grateful,distant,habits,light_islamic
c_0006180,u_01881,2025-10-19,neutral,at_peace,work,universal
c_0006181,u_01881,2025-10-22,grateful,questioning,burnout,light_islamic
c_0006182,u_01881,2025-10-25,neutral,at_peace,self,universal
c_0006183,u_01881,2025-10-30,good,distant,anxiety,deeper_faith
c_0006184,u_01885,2025-09-17,good,,faith,light_islamic
c_0006185,u_01885,2025-09-22,good,at_peace,habits,light_islamic
c_0006186,u_01885,2025-09-29,good,distant,burnout,universal
c_0006187,u_01885,2025-10-12,very_low,at_peace,burnout,light_islamic
c_0006188,u_01888,2025-10-26,good,,purpose,deeper_faith
c_0006189,u_01888,2025-10-28,very_low,,habits,universal
c_0006190,u_01888,2025-11-03,good,at_peace,gratitude,deeper_faith
c_0006191,u_01888,2025-11-04,good,distant,habits,universal
c_0006192,u_01888,2025-11-09,grateful,questioning,anxiety,light_islamic
c_0006193,u_01888,2025-11-13,neutral,at_peace,confidence,light_islamic
c_0006194,u_01888,2025-11-16,low,questioning,anxiety,light_islamic
c_0006195,u_01888,2025-11-17,grateful,distant,purpose,universal
c_0006196,u_01888,2025-11-24,good,questioning,confidence,deeper_faith
c_0006197,u_01890,2025-03-24,neutral,,gratitude,deeper_faith
c_0006198,u_01890,2025-03-25,low,,self,deeper_faith
c_0006199,u_01890,2025-03-26,neutral,,habits,light_islamic
c_0006200,u_01890,2025-03-27,neutral,,self,universal
c_0006201,u_01890,2025-03-28,good,at_peace,purpose,universal
c_0006202,u_01890,2025-03-29,good,distant,anxiety,universal
c_0006203,u_01890,2025-04-02,low,at_peace,purpose,light_islamic
c_0006204,u_01890,2025-04-03,good,at_peace,relationships,light_islamic
c_0006205,u_01890,2025-04-04,good,at_peace,relationships,universal
c_0006206,u_01890,2025-04-06,low,at_peace,relationships,universal
c_0006207,u_01890,2025-04-13,neutral,at_peace,gratitude,universal
c_0006208,u_01890,2025-04-14,neutral,at_peace,habits,light_islamic
c_0006209,u_01890,2025-04-15,good,distant,burnout,deeper_faith
c_0006210,u_01892,2025-06-22,good,,relationships,universal
c_0006211,u_01892,2025-06-23,neutral,,faith,light_islamic
c_0006212,u_01892,2025-06-24,good,,self,light_islamic
c_0006213,u_01892,2025-07-03,good,hurting,faith,universal
c_0006214,u_01892,2025-07-04,low,at_peace,self,universal
c_0006215,u_01892,2025-07-10,grateful,at_peace,faith,deeper_faith
c_0006216,u_01892,2025-07-16,good,at_peace,relationships,deeper_faith
c_0006217,u_01892,2025-07-17,good,hurting,gratitude,universal
c_0006218,u_01893,2025-04-09,good,,gratitude,universal
c_0006219,u_01893,2025-04-19,neutral,at_peace,self,light_islamic
c_0006220,u_01893,2025-04-20,good,at_peace,self,light_islamic
c_0006221,u_01893,2025-04-27,grateful,distant,confidence,light_islamic
c_0006222,u_01893,2025-04-28,neutral,distant,gratitude,light_islamic
c_0006223,u_01894,2025-05-01,good,,relationships,universal
c_0006224,u_01894,2025-05-08,neutral,hurting,faith,light_islamic
c_0006225,u_01894,2025-05-11,good,at_peace,confidence,universal
c_0006226,u_01894,2025-05-12,neutral,distant,purpose,light_islamic
c_0006227,u_01894,2025-05-13,good,at_peace,faith,deeper_faith
c_0006228,u_01894,2025-05-21,grateful,distant,faith,light_islamic
c_0006229,u_01897,2025-01-26,neutral,,faith,universal
c_0006230,u_01897,2025-01-27,good,,habits,deeper_faith
c_0006231,u_01897,2025-01-28,good,,confidence,universal
c_0006232,u_01897,2025-02-03,good,distant,confidence,light_islamic
c_0006233,u_01897,2025-02-07,neutral,at_peace,confidence,universal
c_0006234,u_01897,2025-02-11,neutral,hurting,relationships,deeper_faith
c_0006235,u_01897,2025-02-12,neutral,at_peace,habits,light_islamic
c_0006236,u_01897,2025-02-21,grateful,questioning,self,light_islamic
c_0006237,u_01897,2025-02-23,good,at_peace,gratitude,light_islamic
c_0006238,u_01898,2025-02-09,neutral,,burnout,deeper_faith
c_0006239,u_01898,2025-02-17,neutral,at_peace,faith,deeper_faith
c_0006240,u_01898,2025-02-25,good,at_peace,relationships,universal
c_0006241,u_01898,2025-03-09,neutral,at_peace,work,universal
c_0006242,u_01899,2025-01-05,grateful,,anxiety,light_islamic
c_0006243,u_01899,2025-01-08,neutral,,self,light_islamic
c_0006244,u_01899,2025-01-09,neutral,at_peace,relationships,universal
c_0006245,u_01899,2025-01-11,very_low,hurting,purpose,universal
c_0006246,u_01899,2025-01-22,neutral,questioning,work,universal
c_0006247,u_01899,2025-01-24,neutral,questioning,anxiety,light_islamic
c_0006248,u_01899,2025-01-25,neutral,at_peace,burnout,light_islamic
c_0006249,u_01899,2025-01-27,good,at_peace,faith,deeper_faith
c_0006250,u_01899,2025-01-30,low,distant,confidence,deeper_faith
c_0006251,u_01900,2025-07-02,good,,anxiety,light_islamic
c_0006252,u_01900,2025-07-07,good,questioning,confidence,universal
c_0006253,u_01900,2025-07-08,good,questioning,burnout,light_islamic
c_0006254,u_01900,2025-07-09,neutral,at_peace,work,universal
c_0006255,u_01900,2025-07-16,good,at_peace,purpose,universal
c_0006256,u_01900,2025-07-19,good,at_peace,self,light_islamic
c_0006257,u_01900,2025-07-20,good,at_peace,work,light_islamic
c_0006258,u_01900,2025-08-01,low,distant,self,universal
c_0006259,u_01901,2025-04-17,good,,purpose,deeper_faith
c_0006260,u_01901,2025-04-20,grateful,,self,deeper_faith
c_0006261,u_01901,2025-04-24,good,questioning,habits,universal
c_0006262,u_01901,2025-04-30,neutral,at_peace,burnout,universal
c_0006263,u_01901,2025-05-05,good,at_peace,relationships,universal
c_0006264,u_01901,2025-05-10,good,distant,self,universal
c_0006265,u_01902,2025-07-29,neutral,,gratitude,light_islamic
c_0006266,u_01902,2025-08-02,low,distant,habits,universal
c_0006267,u_01902,2025-08-04,neutral,hurting,work,light_islamic
c_0006268,u_01902,2025-08-12,neutral,at_peace,self,universal
c_0006269,u_01902,2025-08-13,good,hurting,work,light_islamic
c_0006270,u_01902,2025-08-14,good,hurting,burnout,light_islamic
c_0006271,u_01902,2025-08-16,low,at_peace,work,universal
c_0006272,u_01902,2025-08-19,good,at_peace,self,light_islamic
c_0006273,u_01902,2025-08-20,neutral,at_peace,habits,deeper_faith
c_0006274,u_01903,2025-10-12,low,,gratitude,deeper_faith
c_0006275,u_01903,2025-10-15,neutral,,burnout,universal
c_0006276,u_01903,2025-10-16,grateful,at_peace,purpose,deeper_faith
c_0006277,u_01903,2025-10-18,low,distant,purpose,light_islamic
c_0006278,u_01903,2025-10-21,grateful,distant,work,light_islamic
c_0006279,u_01903,2025-10-22,neutral,distant,anxiety,universal
c_0006280,u_01903,2025-11-02,neutral,at_peace,burnout,universal
c_0006281,u_01903,2025-11-08,neutral,questioning,work,light_islamic
c_0006282,u_01906,2025-11-07,low,,burnout,light_islamic
c_0006283,u_01906,2025-11-10,grateful,,habits,deeper_faith
c_0006284,u_01906,2025-11-18,low,at_peace,gratitude,universal
c_0006285,u_01906,2025-11-25,neutral,hurting,habits,universal
c_0006286,u_01906,2025-12-01,neutral,questioning,anxiety,deeper_faith
c_0006287,u_01906,2025-12-02,very_low,at_peace,burnout,light_islamic
c_0006288,u_01906,2025-12-05,good,at_peace,relationships,universal
c_0006289,u_01907,2025-08-28,good,,gratitude,universal
c_0006290,u_01907,2025-09-06,good,at_peace,anxiety,light_islamic
c_0006291,u_01907,2025-09-07,low,at_peace,faith,universal
c_0006292,u_01907,2025-09-10,good,hurting,faith,deeper_faith
c_0006293,u_01907,2025-09-20,neutral,at_peace,purpose,universal
c_0006294,u_01908,2025-03-14,neutral,,purpose,light_islamic
c_0006295,u_01908,2025-03-16,good,,confidence,light_islamic
c_0006296,u_01908,2025-03-17,good,,gratitude,light_islamic
c_0006297,u_01908,2025-03-18,grateful,questioning,work,light_islamic
c_0006298,u_01908,2025-03-19,grateful,at_peace,self,light_islamic
c_0006299,u_01908,2025-03-21,neutral,distant,habits,light_islamic
c_0006300,u_01908,2025-03-23,grateful,at_peace,faith,universal
c_0006301,u_01908,2025-03-24,good,at_peace,burnout,light_islamic
c_0006302,u_01908,2025-04-02,good,at_peace,relationships,universal
c_0006303,u_01908,2025-04-09,neutral,at_peace,work,universal
c_0006304,u_01910,2025-08-26,grateful,,self,universal
c_0006305,u_01910,2025-08-30,good,questioning,anxiety,light_islamic
c_0006306,u_01910,2025-09-14,grateful,at_peace,burnout,deeper_faith
c_0006307,u_01910,2025-09-25,good,distant,confidence,light_islamic
c_0006308,u_01911,2025-11-05,neutral,,confidence,universal
c_0006309,u_01911,2025-11-07,good,,gratitude,universal
c_0006310,u_01911,2025-11-08,low,,purpose,light_islamic
c_0006311,u_01911,2025-11-10,good,at_peace,habits,universal
c_0006312,u_01911,2025-11-13,grateful,at_peace,gratitude,universal
c_0006313,u_01911,2025-11-14,grateful,at_peace,self,deeper_faith
c_0006314,u_01911,2025-11-15,low,distant,burnout,universal
c_0006315,u_01911,2025-11-16,grateful,distant,anxiety,universal
c_0006316,u_01911,2025-11-18,low,questioning,habits,light_islamic
c_0006317,u_01911,2025-11-23,grateful,at_peace,anxiety,universal
c_0006318,u_01911,2025-11-28,neutral,at_peace,self,universal
c_0006319,u_01911,2025-11-30,good,questioning,habits,universal
c_0006320,u_01912,2025-12-18,neutral,,burnout,universal
c_0006321,u_01912,2025-12-21,good,,relationships,light_islamic
c_0006322,u_01912,2025-12-22,very_low,at_peace,burnout,universal
c_0006323,u_01912,2025-12-30,good,at_peace,faith,deeper_faith
c_0006324,u_01912,2026-01-01,neutral,questioning,confidence,light_islamic
c_0006325,u_01912,2026-01-02,good,at_peace,work,universal
c_0006326,u_01912,2026-01-11,good,hurting,purpose,light_islamic
c_0006327,u_01914,2025-04-12,low,,faith,deeper_faith
c_0006328,u_01914,2025-04-18,good,at_peace,burnout,universal
c_0006329,u_01914,2025-04-21,good,distant,work,light_islamic
c_0006330,u_01914,2025-04-22,good,at_peace,anxiety,universal
c_0006331,u_01914,2025-04-28,neutral,questioning,confidence,light_islamic
c_0006332,u_01914,2025-05-01,low,at_peace,anxiety,universal
c_0006333,u_01917,2025-08-27,low,,faith,universal
c_0006334,u_01917,2025-08-29,grateful,,purpose,universal
c_0006335,u_01917,2025-09-05,low,at_peace,burnout,deeper_faith
c_0006336,u_01917,2025-09-08,very_low,at_peace,anxiety,universal
c_0006337,u_01917,2025-09-10,good,questioning,self,universal
c_0006338,u_01917,2025-09-11,low,questioning,work,light_islamic
c_0006339,u_01917,2025-09-15,grateful,distant,habits,light_islamic
c_0006340,u_01917,2025-09-21,very_low,at_peace,relationships,universal
c_0006341,u_01917,2025-09-22,good,at_peace,confidence,universal
c_0006342,u_01918,2025-02-12,low,,purpose,universal
c_0006343,u_01918,2025-02-16,good,at_peace,purpose,universal
c_0006344,u_01918,2025-02-21,low,at_peace,work,deeper_faith
c_0006345,u_01918,2025-02-23,good,at_peace,relationships,universal
c_0006346,u_01918,2025-02-27,very_low,questioning,purpose,deeper_faith
c_0006347,u_01918,2025-03-01,very_low,at_peace,work,light_islamic
c_0006348,u_01918,2025-03-04,neutral,at_peace,burnout,light_islamic
c_0006349,u_01918,2025-03-13,good,hurting,confidence,light_islamic
c_0006350,u_01919,2025-01-18,good,,anxiety,universal
c_0006351,u_01919,2025-01-20,low,,anxiety,universal
c_0006352,u_01919,2025-01-30,grateful,at_peace,confidence,light_islamic
c_0006353,u_01919,2025-02-04,low,at_peace,habits,light_islamic
c_0006354,u_01919,2025-02-08,very_low,distant,gratitude,universal
c_0006355,u_01922,2025-04-16,low,,self,light_islamic
c_0006356,u_01922,2025-04-18,low,,habits,universal
c_0006357,u_01922,2025-04-19,neutral,,work,universal
c_0006358,u_01922,2025-04-20,good,at_peace,burnout,universal
c_0006359,u_01922,2025-04-25,good,at_peace,relationships,light_islamic
c_0006360,u_01922,2025-04-29,good,at_peace,habits,universal
c_0006361,u_01922,2025-05-01,neutral,questioning,relationships,deeper_faith
c_0006362,u_01922,2025-05-02,low,at_peace,relationships,universal
c_0006363,u_01922,2025-05-05,good,questioning,burnout,light_islamic
c_0006364,u_01922,2025-05-11,good,at_peace,self,light_islamic
c_0006365,u_01922,2025-05-15,good,at_peace,habits,universal
c_0006366,u_01926,2025-04-18,good,,gratitude,deeper_faith
c_0006367,u_01926,2025-04-23,low,at_peace,habits,light_islamic
c_0006368,u_01926,2025-04-24,grateful,at_peace,anxiety,light_islamic
c_0006369,u_01926,2025-04-30,neutral,distant,gratitude,universal
c_0006370,u_01926,2025-05-02,good,at_peace,relationships,light_islamic
c_0006371,u_01926,2025-05-12,good,hurting,relationships,universal
c_0006372,u_01932,2025-11-17,neutral,,relationships,universal
c_0006373,u_01932,2025-11-21,neutral,at_peace,purpose,universal
c_0006374,u_01932,2025-12-04,neutral,questioning,purpose,light_islamic
c_0006375,u_01932,2025-12-08,neutral,distant,anxiety,universal
c_0006376,u_01932,2025-12-11,good,distant,purpose,deeper_faith
c_0006377,u_01934,2025-04-18,very_low,,confidence,universal
c_0006378,u_01934,2025-04-19,low,,habits,deeper_faith
c_0006379,u_01934,2025-04-20,neutral,,faith,universal
c_0006380,u_01934,2025-04-21,low,,habits,light_islamic
c_0006381,u_01934,2025-04-23,good,distant,burnout,light_islamic
c_0006382,u_01934,2025-04-28,neutral,distant,purpose,deeper_faith
c_0006383,u_01934,2025-05-03,grateful,at_peace,burnout,light_islamic
c_0006384,u_01934,2025-05-05,neutral,hurting,anxiety,light_islamic
c_0006385,u_01934,2025-05-06,neutral,at_peace,faith,light_islamic
c_0006386,u_01934,2025-05-14,neutral,hurting,work,universal
c_0006387,u_01934,2025-05-17,good,questioning,confidence,universal
c_0006388,u_01934,2025-05-18,grateful,hurting,work,light_islamic
c_0006389,u_01935,2025-04-09,neutral,,habits,light_islamic
c_0006390,u_01935,2025-04-11,very_low,,confidence,universal
c_0006391,u_01935,2025-04-15,good,at_peace,gratitude,universal
c_0006392,u_01935,2025-04-16,good,at_peace,anxiety,light_islamic
c_0006393,u_01935,2025-04-24,low,questioning,gratitude,universal
c_0006394,u_01935,2025-05-04,low,questioning,anxiety,deeper_faith
c_0006395,u_01936,2025-10-08,grateful,,habits,universal
c_0006396,u_01936,2025-10-09,good,,habits,light_islamic
c_0006397,u_01936,2025-10-12,low,at_peace,confidence,deeper_faith
c_0006398,u_01936,2025-10-15,grateful,at_peace,self,universal
c_0006399,u_01936,2025-10-16,neutral,at_peace,confidence,deeper_faith
c_0006400,u_01936,2025-10-18,good,at_peace,anxiety,light_islamic
c_0006401,u_01936,2025-10-19,neutral,at_peace,purpose,light_islamic
c_0006402,u_01936,2025-10-24,good,distant,self,universal
c_0006403,u_01936,2025-11-04,good,distant,confidence,light_islamic
c_0006404,u_01936,2025-11-06,good,questioning,work,light_islamic
c_0006405,u_01939,2025-12-21,good,,confidence,light_islamic
c_0006406,u_01939,2025-12-22,very_low,,faith,deeper_faith
c_0006407,u_01939,2025-12-23,grateful,,self,deeper_faith
c_0006408,u_01939,2025-12-25,low,at_peace,anxiety,deeper_faith
c_0006409,u_01939,2026-01-03,neutral,questioning,purpose,deeper_faith
c_0006410,u_01939,2026-01-10,neutral,questioning,faith,deeper_faith
c_0006411,u_01942,2025-08-09,good,,self,universal
c_0006412,u_01942,2025-08-12,neutral,,habits,light_islamic
c_0006413,u_01942,2025-08-13,very_low,distant,habits,light_islamic
c_0006414,u_01942,2025-08-21,good,at_peace,gratitude,light_islamic
c_0006415,u_01942,2025-08-22,good,at_peace,confidence,deeper_faith
c_0006416,u_01942,2025-08-23,good,distant,burnout,universal
c_0006417,u_01942,2025-08-25,neutral,at_peace,confidence,deeper_faith
c_0006418,u_01942,2025-08-26,neutral,at_peace,confidence,universal
c_0006419,u_01942,2025-09-08,low,distant,work,universal
c_0006420,u_01944,2025-06-20,neutral,,confidence,light_islamic
c_0006421,u_01944,2025-06-21,neutral,,gratitude,light_islamic
c_0006422,u_01944,2025-06-23,neutral,,work,light_islamic
c_0006423,u_01944,2025-06-24,low,at_peace,habits,universal
c_0006424,u_01944,2025-06-25,neutral,at_peace,gratitude,universal
c_0006425,u_01944,2025-06-30,good,questioning,confidence,universal
c_0006426,u_01944,2025-07-06,good,hurting,work,deeper_faith
c_0006427,u_01944,2025-07-20,neutral,questioning,faith,deeper_faith
c_0006428,u_01948,2025-10-03,grateful,,burnout,universal
c_0006429,u_01948,2025-10-06,good,,anxiety,light_islamic
c_0006430,u_01948,2025-10-11,grateful,at_peace,gratitude,light_islamic
c_0006431,u_01948,2025-10-12,low,distant,confidence,light_islamic
c_0006432,u_01948,2025-10-16,neutral,distant,habits,universal
c_0006433,u_01948,2025-10-21,neutral,at_peace,purpose,universal
c_0006434,u_01948,2025-10-23,good,at_peace,relationships,deeper_faith
c_0006435,u_01948,2025-10-25,grateful,at_peace,faith,light_islamic
c_0006436,u_01948,2025-10-27,neutral,questioning,anxiety,light_islamic
c_0006437,u_01948,2025-10-30,neutral,at_peace,burnout,deeper_faith
c_0006438,u_01952,2025-04-21,low,,confidence,light_islamic
c_0006439,u_01952,2025-04-22,grateful,,self,light_islamic
c_0006440,u_01952,2025-04-24,neutral,,self,light_islamic
c_0006441,u_01952,2025-05-01,neutral,distant,work,light_islamic
c_0006442,u_01952,2025-05-02,low,distant,confidence,light_islamic
c_0006443,u_01952,2025-05-10,low,at_peace,gratitude,light_islamic
c_0006444,u_01952,2025-05-11,good,hurting,burnout,universal
c_0006445,u_01955,2025-01-09,neutral,,faith,light_islamic
c_0006446,u_01955,2025-01-11,good,,anxiety,deeper_faith
c_0006447,u_01955,2025-01-13,good,hurting,anxiety,universal
c_0006448,u_01955,2025-01-16,grateful,questioning,gratitude,deeper_faith
c_0006449,u_01955,2025-01-19,grateful,at_peace,confidence,light_islamic
c_0006450,u_01955,2025-01-28,good,distant,self,light_islamic
c_0006451,u_01957,2025-09-13,grateful,,purpose,light_islamic
c_0006452,u_01957,2025-09-14,good,,work,universal
c_0006453,u_01957,2025-09-16,good,,burnout,universal
c_0006454,u_01957,2025-09-20,good,at_peace,purpose,deeper_faith
c_0006455,u_01957,2025-09-22,low,at_peace,anxiety,deeper_faith
c_0006456,u_01957,2025-09-25,good,questioning,purpose,light_islamic
c_0006457,u_01957,2025-09-26,good,at_peace,burnout,light_islamic
c_0006458,u_01957,2025-09-30,good,at_peace,relationships,light_islamic
c_0006459,u_01957,2025-10-08,low,hurting,faith,universal
c_0006460,u_01957,2025-10-13,neutral,hurting,habits,light_islamic
c_0006461,u_01958,2025-11-18,good,,faith,universal
c_0006462,u_01958,2025-11-22,good,distant,self,universal
c_0006463,u_01958,2025-11-23,grateful,questioning,anxiety,light_islamic
c_0006464,u_01958,2025-11-25,good,at_peace,gratitude,universal
c_0006465,u_01958,2025-11-26,good,at_peace,work,deeper_faith
c_0006466,u_01958,2025-12-01,neutral,questioning,habits,universal
c_0006467,u_01958,2025-12-06,neutral,at_peace,self,light_islamic
c_0006468,u_01959,2025-01-08,good,,gratitude,deeper_faith
c_0006469,u_01959,2025-01-10,neutral,,faith,universal
c_0006470,u_01959,2025-01-12,good,at_peace,habits,light_islamic
c_0006471,u_01959,2025-01-13,neutral,at_peace,habits,universal
c_0006472,u_01959,2025-01-16,neutral,at_peace,anxiety,universal
c_0006473,u_01959,2025-01-17,neutral,at_peace,burnout,universal
c_0006474,u_01959,2025-01-18,very_low,at_peace,gratitude,light_islamic
c_0006475,u_01959,2025-01-29,neutral,at_peace,faith,light_islamic
c_0006476,u_01961,2025-08-30,low,,purpose,deeper_faith
c_0006477,u_01961,2025-09-04,neutral,questioning,faith,light_islamic
c_0006478,u_01961,2025-09-05,low,distant,faith,universal
c_0006479,u_01961,2025-09-10,good,questioning,work,universal
c_0006480,u_01961,2025-09-14,very_low,at_peace,confidence,universal
c_0006481,u_01961,2025-09-18,grateful,questioning,self,light_islamic
c_0006482,u_01963,2025-05-03,neutral,,gratitude,deeper_faith
c_0006483,u_01963,2025-05-08,grateful,at_peace,self,deeper_faith
c_0006484,u_01963,2025-05-10,good,hurting,faith,universal
c_0006485,u_01963,2025-05-17,low,distant,anxiety,light_islamic
c_0006486,u_01963,2025-05-20,neutral,questioning,purpose,universal
c_0006487,u_01963,2025-05-21,low,at_peace,gratitude,universal
c_0006488,u_01963,2025-05-30,good,questioning,anxiety,light_islamic
c_0006489,u_01965,2025-10-03,neutral,,relationships,light_islamic
c_0006490,u_01965,2025-10-08,grateful,hurting,anxiety,light_islamic
c_0006491,u_01965,2025-10-14,good,at_peace,gratitude,universal
c_0006492,u_01965,2025-10-18,good,questioning,gratitude,light_islamic
c_0006493,u_01965,2025-10-23,good,questioning,gratitude,universal
c_0006494,u_01967,2025-09-06,grateful,,burnout,light_islamic
c_0006495,u_01967,2025-09-11,good,questioning,confidence,universal
c_0006496,u_01967,2025-09-12,low,at_peace,confidence,universal
c_0006497,u_01967,2025-09-18,neutral,at_peace,work,universal
c_0006498,u_01967,2025-10-02,neutral,at_peace,confidence,light_islamic
c_0006499,u_01967,2025-10-05,neutral,distant,purpose,light_islamic
c_0006500,u_01969,2025-12-22,very_low,,gratitude,light_islamic
c_0006501,u_01969,2025-12-25,good,,burnout,universal
c_0006502,u_01969,2025-12-27,good,at_peace,faith,deeper_faith
c_0006503,u_01969,2025-12-30,low,questioning,purpose,universal
c_0006504,u_01969,2026-01-02,neutral,at_peace,anxiety,universal
c_0006505,u_01969,2026-01-11,low,at_peace,self,universal
c_0006506,u_01969,2026-01-20,neutral,distant,self,universal
c_0006507,u_01970,2025-03-11,grateful,,confidence,universal
c_0006508,u_01970,2025-03-15,low,at_peace,purpose,light_islamic
c_0006509,u_01970,2025-03-21,good,at_peace,habits,universal
c_0006510,u_01970,2025-03-24,very_low,questioning,work,universal
c_0006511,u_01970,2025-03-25,good,questioning,relationships,universal
c_0006512,u_01970,2025-04-10,grateful,at_peace,anxiety,light_islamic
c_0006513,u_01975,2025-07-12,good,,purpose,universal
c_0006514,u_01975,2025-07-13,grateful,,confidence,light_islamic
c_0006515,u_01975,2025-07-16,very_low,at_peace,faith,universal
c_0006516,u_01975,2025-07-19,good,at_peace,gratitude,universal
c_0006517,u_01975,2025-07-20,neutral,at_peace,relationships,universal
c_0006518,u_01975,2025-07-22,grateful,at_peace,faith,universal
c_0006519,u_01975,2025-07-23,good,at_peace,confidence,light_islamic
c_0006520,u_01975,2025-08-04,good,at_peace,faith,universal
c_0006521,u_01975,2025-08-05,grateful,distant,confidence,universal
c_0006522,u_01975,2025-08-10,low,at_peace,relationships,universal
c_0006523,u_01976,2025-12-29,good,,purpose,universal
c_0006524,u_01976,2025-12-31,neutral,,self,light_islamic
c_0006525,u_01976,2026-01-02,grateful,at_peace,burnout,light_islamic
c_0006526,u_01976,2026-01-10,good,distant,habits,universal
c_0006527,u_01976,2026-01-14,good,at_peace,burnout,light_islamic
c_0006528,u_01976,2026-01-15,grateful,questioning,faith,deeper_faith
c_0006529,u_01976,2026-01-19,good,distant,gratitude,light_islamic
c_0006530,u_01976,2026-01-21,good,questioning,purpose,universal
c_0006531,u_01978,2025-10-05,neutral,,gratitude,light_islamic
c_0006532,u_01978,2025-10-07,neutral,,relationships,universal
c_0006533,u_01978,2025-10-08,good,,faith,light_islamic
c_0006534,u_01978,2025-10-15,good,at_peace,purpose,deeper_faith
c_0006535,u_01978,2025-10-20,neutral,at_peace,habits,universal
c_0006536,u_01981,2025-07-22,good,,purpose,universal
c_0006537,u_01981,2025-07-26,good,distant,faith,universal
c_0006538,u_01981,2025-07-27,neutral,at_peace,purpose,light_islamic
c_0006539,u_01981,2025-07-31,good,distant,confidence,light_islamic
c_0006540,u_01981,2025-08-02,very_low,distant,anxiety,deeper_faith
c_0006541,u_01981,2025-08-08,grateful,distant,confidence,universal
c_0006542,u_01981,2025-08-12,grateful,at_peace,work,universal
c_0006543,u_01982,2025-11-11,low,,burnout,deeper_faith
c_0006544,u_01982,2025-11-14,good,,self,deeper_faith
c_0006545,u_01982,2025-11-16,very_low,at_peace,burnout,universal
c_0006546,u_01982,2025-11-17,neutral,distant,confidence,light_islamic
c_0006547,u_01982,2025-11-18,good,hurting,purpose,universal
c_0006548,u_01982,2025-11-21,good,at_peace,gratitude,universal
c_0006549,u_01982,2025-11-23,good,distant,confidence,light_islamic
c_0006550,u_01982,2025-11-26,good,at_peace,faith,light_islamic
c_0006551,u_01982,2025-11-29,very_low,at_peace,self,universal
c_0006552,u_01982,2025-12-02,neutral,questioning,relationships,light_islamic
c_0006553,u_01982,2025-12-08,good,distant,relationships,light_islamic
c_0006554,u_01984,2025-04-25,low,,gratitude,universal
c_0006555,u_01984,2025-04-26,low,,burnout,universal
c_0006556,u_01984,2025-04-30,neutral,distant,relationships,universal
c_0006557,u_01984,2025-05-01,neutral,at_peace,gratitude,light_islamic
c_0006558,u_01984,2025-05-02,neutral,distant,faith,universal
c_0006559,u_01984,2025-05-06,low,at_peace,purpose,light_islamic
c_0006560,u_01984,2025-05-09,grateful,questioning,gratitude,universal
c_0006561,u_01985,2025-09-15,good,,relationships,universal
c_0006562,u_01985,2025-09-20,low,at_peace,self,light_islamic
c_0006563,u_01985,2025-09-26,good,questioning,purpose,universal
c_0006564,u_01985,2025-09-28,good,at_peace,faith,universal
c_0006565,u_01985,2025-10-03,neutral,questioning,burnout,light_islamic
c_0006566,u_01987,2025-09-02,very_low,,purpose,light_islamic
c_0006567,u_01987,2025-09-05,grateful,,relationships,universal
c_0006568,u_01987,2025-09-07,low,distant,gratitude,universal
c_0006569,u_01987,2025-09-10,good,at_peace,work,light_islamic
c_0006570,u_01987,2025-09-11,good,at_peace,burnout,light_islamic
c_0006571,u_01987,2025-09-13,good,distant,self,universal
c_0006572,u_01987,2025-09-15,good,hurting,faith,universal
c_0006573,u_01987,2025-09-23,neutral,distant,anxiety,universal
c_0006574,u_01987,2025-09-27,grateful,at_peace,burnout,light_islamic
c_0006575,u_01987,2025-09-29,grateful,at_peace,gratitude,light_islamic
c_0006576,u_01987,2025-10-02,neutral,at_peace,confidence,deeper_faith
c_0006577,u_01991,2025-11-01,very_low,,work,universal
c_0006578,u_01991,2025-11-08,neutral,at_peace,relationships,universal
c_0006579,u_01991,2025-11-10,neutral,at_peace,anxiety,universal
c_0006580,u_01991,2025-11-19,good,distant,gratitude,universal
c_0006581,u_01991,2025-11-20,very_low,at_peace,burnout,universal
c_0006582,u_01991,2025-11-27,grateful,questioning,habits,universal
c_0006583,u_01997,2025-12-01,low,,self,universal
c_0006584,u_01997,2025-12-02,good,,relationships,universal
c_0006585,u_01997,2025-12-06,good,at_peace,self,universal
c_0006586,u_01997,2025-12-09,good,at_peace,gratitude,deeper_faith
c_0006587,u_01997,2025-12-16,good,distant,relationships,deeper_faith
c_0006588,u_01997,2025-12-18,grateful,distant,gratitude,universal
c_0006589,u_01998,2025-03-17,good,,self,deeper_faith
c_0006590,u_01998,2025-03-20,very_low,,faith,deeper_faith
c_0006591,u_01998,2025-03-23,grateful,questioning,burnout,light_islamic
c_0006592,u_01998,2025-03-24,grateful,at_peace,habits,deeper_faith
c_0006593,u_01998,2025-04-05,good,questioning,anxiety,deeper_faith
c_0006594,u_01998,2025-04-06,neutral,at_peace,work,light_islamic
c_0006595,u_01998,2025-04-14,neutral,at_peace,gratitude,universal
c_0006596,u_01999,2025-05-07,low,,anxiety,light_islamic
c_0006597,u_01999,2025-05-08,grateful,,relationships,light_islamic
c_0006598,u_01999,2025-05-09,grateful,,gratitude,universal
c_0006599,u_01999,2025-05-19,good,at_peace,relationships,universal
c_0006600,u_01999,2025-05-21,good,hurting,work,light_islamic
c_0006601,u_01999,2025-06-02,good,at_peace,habits,light_islamic
c_0006602,u_01999,2025-06-04,low,at_peace,burnout,deeper_faith
c_0006603,u_01999,2025-06-05,good,questioning,burnout,universal
c_0006604,u_02000,2025-07-10,good,,faith,universal
c_0006605,u_02000,2025-07-12,grateful,,gratitude,universal
c_0006606,u_02000,2025-07-13,good,,burnout,universal
c_0006607,u_02000,2025-07-15,neutral,at_peace,anxiety,universal
c_0006608,u_02000,2025-07-21,grateful,questioning,confidence,universal
c_0006609,u_02000,2025-07-30,very_low,hurting,purpose,deeper_faith
c_0006610,u_02000,2025-07-31,good,at_peace,habits,deeper_faith
c_0006611,u_02000,2025-08-01,low,at_peace,self,light_islamic
c_0006612,u_02000,2025-08-03,good,at_peace,gratitude,deeper_faith
c_0006613,u_02001,2025-03-27,grateful,,relationships,universal
c_0006614,u_02001,2025-03-29,neutral,,purpose,light_islamic
c_0006615,u_02001,2025-03-30,good,,confidence,universal
c_0006616,u_02001,2025-04-02,grateful,questioning,gratitude,deeper_faith
c_0006617,u_02001,2025-04-04,neutral,questioning,gratitude,universal
c_0006618,u_02001,2025-04-06,neutral,questioning,burnout,light_islamic
c_0006619,u_02001,2025-04-10,grateful,at_peace,burnout,universal
c_0006620,u_02001,2025-04-16,grateful,at_peace,burnout,universal
c_0006621,u_02001,2025-04-19,neutral,questioning,relationships,light_islamic
c_0006622,u_02001,2025-04-25,neutral,distant,confidence,deeper_faith
c_0006623,u_02004,2025-01-14,good,,gratitude,light_islamic
c_0006624,u_02004,2025-01-15,neutral,,habits,deeper_faith
c_0006625,u_02004,2025-01-17,good,,relationships,deeper_faith
c_0006626,u_02004,2025-01-18,low,distant,anxiety,universal
c_0006627,u_02004,2025-01-21,good,at_peace,burnout,universal
c_0006628,u_02004,2025-01-24,good,distant,confidence,universal
c_0006629,u_02004,2025-01-25,low,hurting,confidence,light_islamic
c_0006630,u_02004,2025-01-27,neutral,questioning,anxiety,light_islamic
c_0006631,u_02004,2025-02-02,good,questioning,work,light_islamic
c_0006632,u_02004,2025-02-05,good,distant,relationships,universal
c_0006633,u_02004,2025-02-06,good,at_peace,anxiety,universal
c_0006634,u_02005,2025-07-29,neutral,,faith,universal
c_0006635,u_02005,2025-08-04,good,at_peace,habits,light_islamic
c_0006636,u_02005,2025-08-05,neutral,at_peace,work,universal
c_0006637,u_02005,2025-08-06,good,distant,burnout,deeper_faith
c_0006638,u_02005,2025-08-08,neutral,questioning,faith,universal
c_0006639,u_02005,2025-08-12,good,at_peace,relationships,universal
c_0006640,u_02005,2025-08-14,grateful,at_peace,faith,light_islamic
c_0006641,u_02005,2025-08-16,good,distant,anxiety,light_islamic
c_0006642,u_02005,2025-08-20,neutral,at_peace,anxiety,light_islamic
c_0006643,u_02006,2025-12-18,low,,purpose,light_islamic
c_0006644,u_02006,2026-01-02,good,at_peace,confidence,deeper_faith
c_0006645,u_02006,2026-01-05,neutral,questioning,gratitude,universal
c_0006646,u_02006,2026-01-08,neutral,hurting,confidence,deeper_faith
c_0006647,u_02006,2026-01-13,grateful,at_peace,confidence,universal
c_0006648,u_02008,2025-02-03,good,,anxiety,light_islamic
c_0006649,u_02008,2025-02-12,grateful,at_peace,purpose,light_islamic
c_0006650,u_02008,2025-02-13,grateful,hurting,faith,light_islamic
c_0006651,u_02008,2025-02-23,neutral,questioning,confidence,light_islamic
c_0006652,u_02008,2025-02-26,good,at_peace,self,universal
c_0006653,u_02008,2025-03-02,grateful,questioning,relationships,light_islamic
c_0006654,u_02008,2025-03-03,neutral,at_peace,habits,deeper_faith
c_0006655,u_02008,2025-03-04,neutral,distant,relationships,universal
c_0006656,u_02010,2025-03-11,low,,habits,light_islamic
c_0006657,u_02010,2025-03-15,very_low,questioning,gratitude,universal
c_0006658,u_02010,2025-03-17,grateful,at_peace,relationships,light_islamic
c_0006659,u_02010,2025-03-19,neutral,at_peace,burnout,universal
c_0006660,u_02010,2025-03-22,good,at_peace,burnout,universal
c_0006661,u_02010,2025-03-31,low,at_peace,work,universal
c_0006662,u_02010,2025-04-07,very_low,at_peace,anxiety,universal
c_0006663,u_02010,2025-04-09,very_low,questioning,gratitude,light_islamic
c_0006664,u_02012,2025-03-31,very_low,,self,universal
c_0006665,u_02012,2025-04-02,neutral,,anxiety,light_islamic
c_0006666,u_02012,2025-04-12,neutral,distant,anxiety,universal
c_0006667,u_02012,2025-04-13,good,at_peace,gratitude,universal
c_0006668,u_02012,2025-04-21,good,at_peace,faith,universal
c_0006669,u_02012,2025-04-24,very_low,distant,anxiety,deeper_faith
c_0006670,u_02012,2025-04-29,good,at_peace,relationships,light_islamic
c_0006671,u_02013,2025-01-07,grateful,,faith,light_islamic
c_0006672,u_02013,2025-01-09,grateful,,habits,light_islamic
c_0006673,u_02013,2025-01-13,neutral,at_peace,work,universal
c_0006674,u_02013,2025-01-21,low,hurting,faith,light_islamic
c_0006675,u_02013,2025-01-26,low,at_peace,gratitude,universal
c_0006676,u_02013,2025-02-01,neutral,distant,self,universal
c_0006677,u_02013,2025-02-03,good,at_peace,habits,universal
c_0006678,u_02014,2025-01-25,good,,gratitude,universal
c_0006679,u_02014,2025-01-31,good,distant,work,universal
c_0006680,u_02014,2025-02-01,grateful,distant,anxiety,universal
c_0006681,u_02014,2025-02-02,good,at_peace,faith,deeper_faith
c_0006682,u_02014,2025-02-03,good,questioning,self,light_islamic
c_0006683,u_02014,2025-02-04,good,at_peace,relationships,deeper_faith
c_0006684,u_02015,2025-08-30,neutral,,purpose,light_islamic
c_0006685,u_02015,2025-09-04,neutral,distant,burnout,light_islamic
c_0006686,u_02015,2025-09-07,good,questioning,gratitude,universal
c_0006687,u_02015,2025-09-10,good,distant,relationships,light_islamic
c_0006688,u_02015,2025-09-11,good,questioning,faith,universal
c_0006689,u_02015,2025-09-24,neutral,at_peace,purpose,light_islamic
c_0006690,u_02015,2025-09-25,good,at_peace,confidence,light_islamic
c_0006691,u_02018,2025-06-14,neutral,,burnout,universal
c_0006692,u_02018,2025-06-16,neutral,,work,universal
c_0006693,u_02018,2025-06-17,good,,anxiety,deeper_faith
c_0006694,u_02018,2025-06-22,low,distant,relationships,light_islamic
c_0006695,u_02018,2025-06-24,low,at_peace,gratitude,universal
c_0006696,u_02018,2025-06-27,good,questioning,work,deeper_faith
c_0006697,u_02018,2025-07-06,good,at_peace,relationships,light_islamic
c_0006698,u_02018,2025-07-14,very_low,distant,relationships,light_islamic
c_0006699,u_02019,2025-03-09,good,,gratitude,light_islamic
c_0006700,u_02019,2025-03-11,neutral,,anxiety,universal
c_0006701,u_02019,2025-03-12,neutral,,habits,universal
c_0006702,u_02019,2025-03-15,neutral,distant,habits,universal
c_0006703,u_02019,2025-03-17,grateful,at_peace,confidence,light_islamic
c_0006704,u_02019,2025-03-18,good,at_peace,anxiety,light_islamic
c_0006705,u_02019,2025-03-20,neutral,at_peace,anxiety,universal
c_0006706,u_02019,2025-03-24,grateful,at_peace,gratitude,universal
c_0006707,u_02019,2025-03-29,good,distant,confidence,deeper_faith
c_0006708,u_02019,2025-03-30,good,questioning,self,universal
c_0006709,u_02020,2025-03-20,good,,self,deeper_faith
c_0006710,u_02020,2025-03-23,neutral,,relationships,light_islamic
c_0006711,u_02020,2025-03-28,good,at_peace,gratitude,universal
c_0006712,u_02020,2025-03-31,very_low,at_peace,purpose,universal
c_0006713,u_02020,2025-04-04,good,distant,habits,universal
c_0006714,u_02020,2025-04-06,neutral,distant,gratitude,light_islamic
c_0006715,u_02020,2025-04-07,very_low,distant,habits,deeper_faith
c_0006716,u_02020,2025-04-09,grateful,at_peace,relationships,universal
c_0006717,u_02020,2025-04-12,neutral,distant,anxiety,light_islamic
c_0006718,u_02025,2025-01-04,grateful,,self,light_islamic
c_0006719,u_02025,2025-01-07,low,,confidence,light_islamic
c_0006720,u_02025,2025-01-11,good,at_peace,confidence,light_islamic
c_0006721,u_02029,2025-08-27,good,,self,universal
c_0006722,u_02029,2025-09-01,very_low,questioning,self,deeper_faith
c_0006723,u_02029,2025-09-03,neutral,at_peace,gratitude,universal
c_0006724,u_02029,2025-09-10,good,at_peace,gratitude,deeper_faith
c_0006725,u_02029,2025-09-11,good,at_peace,gratitude,light_islamic
c_0006726,u_02029,2025-09-19,grateful,at_peace,purpose,universal
c_0006727,u_02029,2025-09-22,good,questioning,confidence,universal
c_0006728,u_02030,2025-02-17,good,,burnout,universal
c_0006729,u_02030,2025-02-18,good,,gratitude,light_islamic
c_0006730,u_02030,2025-02-23,neutral,at_peace,self,light_islamic
c_0006731,u_02030,2025-03-02,low,distant,relationships,universal
c_0006732,u_02030,2025-03-08,low,hurting,burnout,universal
c_0006733,u_02030,2025-03-09,grateful,questioning,relationships,universal
c_0006734,u_02030,2025-03-12,grateful,at_peace,purpose,light_islamic
c_0006735,u_02031,2025-04-26,grateful,,relationships,universal
c_0006736,u_02031,2025-04-28,neutral,,self,light_islamic
c_0006737,u_02031,2025-05-03,good,questioning,confidence,universal
c_0006738,u_02031,2025-05-24,good,at_peace,confidence,light_islamic
c_0006739,u_02032,2025-01-10,good,,anxiety,universal
c_0006740,u_02032,2025-01-14,good,distant,gratitude,light_islamic
c_0006741,u_02032,2025-01-16,low,at_peace,burnout,universal
c_0006742,u_02032,2025-01-28,good,at_peace,gratitude,deeper_faith
c_0006743,u_02032,2025-02-03,good,distant,anxiety,universal
c_0006744,u_02032,2025-02-07,neutral,at_peace,burnout,deeper_faith
c_0006745,u_02033,2025-03-24,very_low,,burnout,deeper_faith
c_0006746,u_02033,2025-03-25,low,,purpose,light_islamic
c_0006747,u_02033,2025-03-31,good,at_peace,burnout,universal
c_0006748,u_02033,2025-04-03,neutral,at_peace,faith,light_islamic
c_0006749,u_02033,2025-04-04,good,at_peace,habits,universal
c_0006750,u_02033,2025-04-05,grateful,questioning,burnout,light_islamic
c_0006751,u_02033,2025-04-22,good,at_peace,confidence,light_islamic
c_0006752,u_02035,2025-11-22,neutral,,burnout,light_islamic
c_0006753,u_02035,2025-11-26,good,distant,purpose,universal
c_0006754,u_02035,2025-11-27,good,at_peace,relationships,light_islamic
c_0006755,u_02035,2025-11-28,grateful,at_peace,work,deeper_faith
c_0006756,u_02035,2025-12-07,grateful,distant,purpose,deeper_faith
c_0006757,u_02035,2025-12-12,low,at_peace,burnout,light_islamic
c_0006758,u_02035,2025-12-14,good,at_peace,habits,light_islamic
c_0006759,u_02038,2025-09-20,low,,anxiety,universal
c_0006760,u_02038,2025-09-23,grateful,,gratitude,light_islamic
c_0006761,u_02038,2025-09-26,neutral,distant,anxiety,light_islamic
c_0006762,u_02041,2025-09-23,neutral,,gratitude,light_islamic
c_0006763,u_02041,2025-09-26,good,,gratitude,light_islamic
c_0006764,u_02041,2025-10-01,good,distant,self,light_islamic
c_0006765,u_02041,2025-10-04,good,distant,purpose,deeper_faith
c_0006766,u_02041,2025-10-06,neutral,at_peace,habits,light_islamic
c_0006767,u_02041,2025-10-08,good,at_peace,anxiety,light_islamic
c_0006768,u_02041,2025-10-12,neutral,distant,gratitude,light_islamic
c_0006769,u_02041,2025-10-22,low,at_peace,relationships,light_islamic
c_0006770,u_02041,2025-10-23,low,distant,gratitude,light_islamic
c_0006771,u_02043,2025-04-29,neutral,,work,deeper_faith
c_0006772,u_02043,2025-05-01,low,,faith,deeper_faith
c_0006773,u_02043,2025-05-10,neutral,at_peace,purpose,universal
c_0006774,u_02043,2025-05-16,grateful,distant,work,universal
c_0006775,u_02043,2025-05-18,good,at_peace,confidence,light_islamic
c_0006776,u_02044,2025-07-01,low,,gratitude,light_islamic
c_0006777,u_02044,2025-07-05,neutral,distant,purpose,light_islamic
c_0006778,u_02044,2025-07-09,neutral,at_peace,gratitude,light_islamic
c_0006779,u_02044,2025-07-11,low,distant,purpose,light_islamic
c_0006780,u_02044,2025-07-16,neutral,at_peace,confidence,light_islamic
c_0006781,u_02044,2025-07-19,grateful,at_peace,faith,light_islamic
c_0006782,u_02045,2025-03-30,neutral,,anxiety,universal
c_0006783,u_02045,2025-04-03,neutral,questioning,habits,universal
c_0006784,u_02045,2025-04-05,neutral,at_peace,purpose,light_islamic
c_0006785,u_02045,2025-04-19,neutral,distant,confidence,light_islamic
c_0006786,u_02048,2025-04-10,good,,confidence,universal
c_0006787,u_02048,2025-04-12,very_low,,confidence,deeper_faith
c_0006788,u_02048,2025-04-13,neutral,,burnout,universal
c_0006789,u_02048,2025-04-17,very_low,at_peace,self,universal
c_0006790,u_02048,2025-04-19,low,at_peace,habits,deeper_faith
c_0006791,u_02048,2025-04-24,good,distant,gratitude,universal
c_0006792,u_02049,2025-08-28,good,,self,universal
c_0006793,u_02049,2025-08-30,good,,relationships,universal
c_0006794,u_02049,2025-08-31,good,,confidence,deeper_faith
c_0006795,u_02049,2025-09-03,grateful,at_peace,relationships,universal
c_0006796,u_02049,2025-09-04,neutral,at_peace,self,light_islamic
c_0006797,u_02049,2025-09-08,grateful,distant,confidence,deeper_faith
c_0006798,u_02049,2025-09-15,good,hurting,confidence,light_islamic
c_0006799,u_02049,2025-09-18,good,distant,faith,universal
c_0006800,u_02049,2025-09-20,neutral,at_peace,burnout,deeper_faith
c_0006801,u_02050,2025-04-06,good,,burnout,deeper_faith
c_0006802,u_02050,2025-04-11,very_low,at_peace,purpose,universal
c_0006803,u_02050,2025-04-14,neutral,hurting,purpose,light_islamic
c_0006804,u_02050,2025-04-16,good,questioning,relationships,universal
c_0006805,u_02050,2025-04-18,good,questioning,anxiety,light_islamic
c_0006806,u_02050,2025-04-30,grateful,at_peace,purpose,light_islamic
c_0006807,u_02051,2025-06-09,grateful,,self,light_islamic
c_0006808,u_02051,2025-06-10,good,,faith,universal
c_0006809,u_02051,2025-06-12,good,,habits,light_islamic
c_0006810,u_02051,2025-06-15,neutral,at_peace,work,deeper_faith
c_0006811,u_02051,2025-06-21,good,at_peace,anxiety,light_islamic
c_0006812,u_02051,2025-06-22,neutral,at_peace,habits,universal
c_0006813,u_02051,2025-06-25,grateful,at_peace,purpose,light_islamic
c_0006814,u_02051,2025-06-26,low,at_peace,anxiety,deeper_faith
c_0006815,u_02051,2025-06-28,good,questioning,relationships,universal
c_0006816,u_02051,2025-07-08,neutral,questioning,habits,universal
c_0006817,u_02054,2025-09-12,low,,self,deeper_faith
c_0006818,u_02054,2025-09-16,neutral,distant,habits,light_islamic
c_0006819,u_02054,2025-09-22,low,distant,confidence,universal
c_0006820,u_02054,2025-09-27,neutral,distant,anxiety,light_islamic
c_0006821,u_02055,2025-06-20,neutral,,habits,light_islamic
c_0006822,u_02055,2025-06-22,good,,confidence,universal
c_0006823,u_02055,2025-06-24,good,distant,self,universal
c_0006824,u_02055,2025-06-25,good,at_peace,purpose,light_islamic
c_0006825,u_02055,2025-07-16,grateful,at_peace,anxiety,universal
c_0006826,u_02056,2025-05-15,low,,anxiety,light_islamic
c_0006827,u_02056,2025-05-16,neutral,,work,light_islamic
c_0006828,u_02056,2025-05-19,neutral,distant,habits,light_islamic
c_0006829,u_02056,2025-05-22,grateful,at_peace,anxiety,light_islamic
c_0006830,u_02056,2025-05-24,neutral,distant,relationships,light_islamic
c_0006831,u_02056,2025-05-25,neutral,at_peace,relationships,universal
c_0006832,u_02056,2025-05-28,good,at_peace,work,universal
c_0006833,u_02056,2025-05-30,good,at_peace,relationships,universal
c_0006834,u_02056,2025-05-31,neutral,distant,purpose,light_islamic
c_0006835,u_02056,2025-06-02,low,distant,work,light_islamic
c_0006836,u_02056,2025-06-14,grateful,at_peace,work,light_islamic
c_0006837,u_02059,2025-03-22,good,,burnout,deeper_faith
c_0006838,u_02059,2025-03-24,good,,self,universal
c_0006839,u_02059,2025-03-25,good,,self,deeper_faith
c_0006840,u_02059,2025-04-01,neutral,questioning,gratitude,universal
c_0006841,u_02059,2025-04-05,low,questioning,relationships,universal
c_0006842,u_02059,2025-04-08,neutral,at_peace,purpose,light_islamic
c_0006843,u_02059,2025-04-11,good,at_peace,relationships,deeper_faith
c_0006844,u_02059,2025-04-12,grateful,at_peace,burnout,light_islamic
c_0006845,u_02059,2025-04-21,good,at_peace,self,light_islamic
c_0006846,u_02060,2025-05-09,neutral,,relationships,light_islamic
c_0006847,u_02060,2025-05-12,good,,self,universal
c_0006848,u_02060,2025-05-16,good,at_peace,burnout,universal
c_0006849,u_02060,2025-05-19,good,at_peace,faith,deeper_faith
c_0006850,u_02060,2025-05-26,grateful,questioning,habits,light_islamic
c_0006851,u_02060,2025-06-01,grateful,at_peace,confidence,light_islamic
c_0006852,u_02062,2025-12-03,neutral,,purpose,deeper_faith
c_0006853,u_02062,2025-12-06,neutral,,work,deeper_faith
c_0006854,u_02062,2025-12-12,neutral,at_peace,relationships,light_islamic
c_0006855,u_02062,2025-12-19,grateful,questioning,self,universal
c_0006856,u_02062,2025-12-22,neutral,distant,purpose,deeper_faith
c_0006857,u_02062,2025-12-27,grateful,questioning,purpose,light_islamic
c_0006858,u_02062,2025-12-28,very_low,at_peace,anxiety,universal
c_0006859,u_02062,2025-12-30,good,questioning,gratitude,universal
c_0006860,u_02065,2025-10-04,neutral,,gratitude,deeper_faith
c_0006861,u_02065,2025-10-09,grateful,at_peace,work,universal
c_0006862,u_02065,2025-10-11,neutral,at_peace,confidence,deeper_faith
c_0006863,u_02065,2025-10-17,good,hurting,purpose,universal
c_0006864,u_02067,2025-07-08,neutral,,confidence,universal
c_0006865,u_02067,2025-07-10,good,,purpose,deeper_faith
c_0006866,u_02067,2025-07-11,good,,purpose,light_islamic
c_0006867,u_02067,2025-07-15,neutral,questioning,purpose,universal
c_0006868,u_02067,2025-07-22,grateful,hurting,self,universal
c_0006869,u_02067,2025-07-25,neutral,at_peace,anxiety,light_islamic
c_0006870,u_02068,2025-10-27,neutral,,work,light_islamic
c_0006871,u_02068,2025-10-29,neutral,,faith,universal
c_0006872,u_02068,2025-10-30,good,,faith,light_islamic
c_0006873,u_02068,2025-11-01,low,questioning,self,universal
c_0006874,u_02068,2025-11-11,good,at_peace,faith,deeper_faith
c_0006875,u_02068,2025-11-18,grateful,questioning,purpose,universal
c_0006876,u_02068,2025-11-20,good,questioning,purpose,universal
c_0006877,u_02068,2025-11-23,good,at_peace,habits,deeper_faith
c_0006878,u_02071,2025-04-15,good,,purpose,light_islamic
c_0006879,u_02071,2025-04-19,good,at_peace,work,universal
c_0006880,u_02071,2025-04-24,neutral,distant,habits,light_islamic
c_0006881,u_02071,2025-04-27,neutral,questioning,anxiety,deeper_faith
c_0006882,u_02071,2025-04-29,grateful,questioning,burnout,universal
c_0006883,u_02072,2025-02-23,neutral,,anxiety,universal
c_0006884,u_02072,2025-03-02,grateful,distant,purpose,universal
c_0006885,u_02072,2025-03-06,neutral,questioning,confidence,universal
c_0006886,u_02072,2025-03-07,very_low,hurting,habits,light_islamic
c_0006887,u_02072,2025-03-20,neutral,at_peace,purpose,deeper_faith
c_0006888,u_02072,2025-03-23,grateful,at_peace,burnout,universal
c_0006889,u_02075,2025-12-24,good,,confidence,deeper_faith
c_0006890,u_02075,2025-12-25,grateful,,burnout,universal
c_0006891,u_02075,2025-12-26,good,,habits,light_islamic
c_0006892,u_02075,2025-12-28,good,at_peace,faith,deeper_faith
c_0006893,u_02075,2025-12-30,grateful,at_peace,work,light_islamic
c_0006894,u_02075,2025-12-31,low,distant,confidence,universal
c_0006895,u_02075,2026-01-01,good,questioning,purpose,light_islamic
c_0006896,u_02075,2026-01-03,neutral,hurting,purpose,light_islamic
c_0006897,u_02075,2026-01-10,neutral,hurting,habits,universal
c_0006898,u_02075,2026-01-13,grateful,at_peace,work,universal
c_0006899,u_02075,2026-01-17,neutral,distant,purpose,universal
c_0006900,u_02076,2025-11-03,grateful,,burnout,universal
c_0006901,u_02076,2025-11-04,low,,purpose,deeper_faith
c_0006902,u_02076,2025-11-05,low,,confidence,light_islamic
c_0006903,u_02076,2025-11-12,good,hurting,anxiety,light_islamic
c_0006904,u_02076,2025-11-16,good,at_peace,burnout,light_islamic
c_0006905,u_02076,2025-11-17,grateful,at_peace,self,light_islamic
c_0006906,u_02076,2025-11-30,low,at_peace,work,deeper_faith
c_0006907,u_02077,2025-09-13,neutral,,work,light_islamic
c_0006908,u_02077,2025-09-16,grateful,,self,deeper_faith
c_0006909,u_02077,2025-09-18,grateful,questioning,relationships,universal
c_0006910,u_02077,2025-09-19,good,questioning,anxiety,light_islamic
c_0006911,u_02077,2025-09-20,good,distant,anxiety,universal
c_0006912,u_02077,2025-09-22,low,at_peace,work,light_islamic
c_0006913,u_02077,2025-09-24,neutral,questioning,anxiety,light_islamic
c_0006914,u_02078,2025-02-08,good,,habits,deeper_faith
c_0006915,u_02078,2025-02-20,neutral,at_peace,faith,light_islamic
c_0006916,u_02078,2025-02-22,good,at_peace,faith,light_islamic
c_0006917,u_02078,2025-02-23,good,questioning,work,universal
c_0006918,u_02078,2025-02-26,grateful,at_peace,burnout,light_islamic
c_0006919,u_02079,2025-12-06,good,,work,light_islamic
c_0006920,u_02079,2025-12-07,low,,burnout,light_islamic
c_0006921,u_02079,2025-12-08,good,,work,light_islamic
c_0006922,u_02079,2025-12-10,neutral,distant,relationships,deeper_faith
c_0006923,u_02079,2025-12-15,neutral,distant,habits,universal
c_0006924,u_02079,2025-12-20,low,questioning,self,universal
c_0006925,u_02079,2025-12-21,good,at_peace,habits,universal
c_0006926,u_02079,2025-12-27,neutral,at_peace,work,light_islamic
c_0006927,u_02079,2026-01-05,neutral,questioning,habits,universal
c_0006928,u_02081,2025-03-25,good,,habits,light_islamic
c_0006929,u_02081,2025-03-26,low,,confidence,universal
c_0006930,u_02081,2025-03-28,good,,confidence,deeper_faith
c_0006931,u_02081,2025-03-30,good,at_peace,habits,universal
c_0006932,u_02081,2025-04-03,good,at_peace,gratitude,deeper_faith
c_0006933,u_02081,2025-04-09,neutral,distant,burnout,universal
c_0006934,u_02081,2025-04-16,grateful,questioning,habits,deeper_faith
c_0006935,u_02081,2025-04-20,good,distant,gratitude,universal
c_0006936,u_02081,2025-04-24,good,questioning,purpose,deeper_faith
c_0006937,u_02082,2025-07-31,very_low,,relationships,light_islamic
c_0006938,u_02082,2025-08-01,neutral,,gratitude,light_islamic
c_0006939,u_02082,2025-08-02,good,,purpose,light_islamic
c_0006940,u_02082,2025-08-03,neutral,,anxiety,light_islamic
c_0006941,u_02082,2025-08-04,neutral,at_peace,relationships,universal
c_0006942,u_02082,2025-08-08,good,hurting,anxiety,universal
c_0006943,u_02082,2025-08-09,grateful,at_peace,gratitude,universal
c_0006944,u_02082,2025-08-10,grateful,at_peace,work,deeper_faith
c_0006945,u_02082,2025-08-16,good,at_peace,confidence,light_islamic
c_0006946,u_02082,2025-08-17,neutral,questioning,self,light_islamic
c_0006947,u_02082,2025-08-19,neutral,at_peace,relationships,universal
c_0006948,u_02082,2025-08-23,very_low,questioning,purpose,universal
c_0006949,u_02082,2025-08-25,good,at_peace,habits,universal
c_0006950,u_02084,2025-10-08,neutral,,anxiety,deeper_faith
c_0006951,u_02084,2025-10-19,good,distant,relationships,light_islamic
c_0006952,u_02084,2025-10-21,neutral,distant,purpose,light_islamic
c_0006953,u_02084,2025-10-29,low,at_peace,work,universal
c_0006954,u_02084,2025-10-31,good,questioning,anxiety,universal
c_0006955,u_02084,2025-11-03,good,at_peace,work,light_islamic
c_0006956,u_02085,2025-01-12,good,,burnout,light_islamic
c_0006957,u_02085,2025-01-15,low,,faith,universal
c_0006958,u_02085,2025-01-21,good,hurting,work,light_islamic
c_0006959,u_02085,2025-01-24,good,distant,faith,universal
c_0006960,u_02085,2025-01-25,neutral,questioning,relationships,deeper_faith
c_0006961,u_02085,2025-01-28,good,at_peace,burnout,light_islamic
c_0006962,u_02085,2025-02-10,neutral,questioning,self,light_islamic
c_0006963,u_02087,2025-06-12,low,,relationships,universal
c_0006964,u_02087,2025-06-15,good,,purpose,universal
c_0006965,u_02087,2025-06-28,good,questioning,gratitude,universal
c_0006966,u_02087,2025-07-12,grateful,at_peace,faith,universal
c_0006967,u_02088,2025-05-18,grateful,,work,deeper_faith
c_0006968,u_02088,2025-05-19,neutral,,anxiety,deeper_faith
c_0006969,u_02088,2025-05-20,neutral,,relationships,deeper_faith
c_0006970,u_02088,2025-05-21,good,,burnout,deeper_faith
c_0006971,u_02088,2025-06-14,low,at_peace,purpose,light_islamic
c_0006972,u_02090,2025-07-10,very_low,,relationships,light_islamic
c_0006973,u_02090,2025-07-16,low,questioning,relationships,light_islamic
c_0006974,u_02090,2025-07-29,good,questioning,purpose,universal
c_0006975,u_02090,2025-08-06,grateful,at_peace,purpose,universal
c_0006976,u_02090,2025-08-08,good,questioning,gratitude,light_islamic
c_0006977,u_02092,2025-10-06,good,,relationships,light_islamic
c_0006978,u_02092,2025-10-07,good,,faith,light_islamic
c_0006979,u_02092,2025-10-10,neutral,at_peace,faith,universal
c_0006980,u_02092,2025-10-12,neutral,at_peace,work,light_islamic
c_0006981,u_02092,2025-10-20,good,at_peace,burnout,deeper_faith
c_0006982,u_02092,2025-10-21,very_low,distant,purpose,light_islamic
c_0006983,u_02092,2025-10-22,good,distant,purpose,light_islamic
c_0006984,u_02092,2025-10-24,grateful,hurting,confidence,deeper_faith
c_0006985,u_02092,2025-10-31,neutral,at_peace,habits,universal
c_0006986,u_02093,2025-02-18,good,,habits,universal
c_0006987,u_02093,2025-02-23,low,at_peace,gratitude,light_islamic
c_0006988,u_02093,2025-02-27,low,at_peace,relationships,deeper_faith
c_0006989,u_02093,2025-03-04,low,at_peace,relationships,universal
c_0006990,u_02093,2025-03-07,grateful,at_peace,self,light_islamic
c_0006991,u_02093,2025-03-11,good,distant,burnout,universal
c_0006992,u_02094,2025-02-26,good,,confidence,light_islamic
c_0006993,u_02094,2025-03-06,good,at_peace,habits,universal
c_0006994,u_02094,2025-03-07,grateful,at_peace,work,universal
c_0006995,u_02094,2025-03-16,neutral,distant,purpose,light_islamic
c_0006996,u_02094,2025-03-17,grateful,at_peace,faith,light_islamic
c_0006997,u_02094,2025-03-21,grateful,distant,faith,universal
c_0006998,u_02095,2025-01-23,good,,anxiety,light_islamic
c_0006999,u_02095,2025-01-30,low,at_peace,work,universal
c_0007000,u_02095,2025-02-02,very_low,at_peace,confidence,light_islamic
c_0007001,u_02095,2025-02-07,neutral,hurting,purpose,light_islamic
c_0007002,u_02095,2025-02-08,neutral,at_peace,faith,light_islamic
c_0007003,u_02095,2025-02-09,good,at_peace,purpose,universal
c_0007004,u_02095,2025-02-15,very_low,at_peace,self,universal
c_0007005,u_02095,2025-02-18,good,distant,burnout,light_islamic
c_0007006,u_02095,2025-02-19,low,at_peace,purpose,universal
c_0007007,u_02095,2025-02-21,good,at_peace,work,deeper_faith
c_0007008,u_02101,2025-03-27,low,,self,deeper_faith
c_0007009,u_02101,2025-03-28,neutral,,self,universal
c_0007010,u_02101,2025-04-05,neutral,questioning,relationships,light_islamic
c_0007011,u_02101,2025-04-07,low,distant,gratitude,universal
c_0007012,u_02101,2025-04-09,good,distant,work,universal
c_0007013,u_02101,2025-04-11,neutral,questioning,burnout,light_islamic
c_0007014,u_02101,2025-04-15,grateful,questioning,habits,light_islamic
c_0007015,u_02101,2025-04-16,good,distant,anxiety,deeper_faith
c_0007016,u_02104,2025-12-28,grateful,,anxiety,light_islamic
c_0007017,u_02104,2025-12-31,good,,confidence,universal
c_0007018,u_02104,2026-01-01,grateful,at_peace,relationships,light_islamic
c_0007019,u_02104,2026-01-02,very_low,at_peace,purpose,light_islamic
c_0007020,u_02104,2026-01-03,grateful,hurting,work,universal
c_0007021,u_02104,2026-01-06,good,distant,purpose,light_islamic
c_0007022,u_02104,2026-01-07,good,questioning,burnout,universal
c_0007023,u_02104,2026-01-09,grateful,distant,work,light_islamic
c_0007024,u_02104,2026-01-15,good,at_peace,habits,universal
c_0007025,u_02104,2026-01-21,grateful,at_peace,faith,universal
c_0007026,u_02104,2026-01-25,low,at_peace,work,light_islamic
c_0007027,u_02105,2025-08-17,good,,purpose,light_islamic
c_0007028,u_02105,2025-08-27,grateful,at_peace,relationships,light_islamic
c_0007029,u_02105,2025-08-28,good,distant,work,light_islamic
c_0007030,u_02105,2025-08-29,good,at_peace,faith,universal
c_0007031,u_02105,2025-08-31,neutral,questioning,work,light_islamic
c_0007032,u_02105,2025-09-03,neutral,at_peace,purpose,universal
c_0007033,u_02107,2025-03-05,good,,relationships,deeper_faith
c_0007034,u_02107,2025-03-12,good,questioning,confidence,universal
c_0007035,u_02107,2025-03-16,good,at_peace,relationships,universal
c_0007036,u_02107,2025-03-27,grateful,distant,work,universal
c_0007037,u_02107,2025-04-04,low,at_peace,anxiety,deeper_faith
c_0007038,u_02108,2025-03-21,neutral,,purpose,universal
c_0007039,u_02108,2025-03-22,low,,confidence,universal
c_0007040,u_02108,2025-03-25,neutral,at_peace,anxiety,light_islamic
c_0007041,u_02108,2025-03-29,good,at_peace,confidence,universal
c_0007042,u_02108,2025-04-04,very_low,distant,gratitude,deeper_faith
c_0007043,u_02108,2025-04-07,good,at_peace,work,light_islamic
c_0007044,u_02108,2025-04-15,low,hurting,anxiety,universal
c_0007045,u_02110,2025-04-07,neutral,,habits,light_islamic
c_0007046,u_02110,2025-04-10,grateful,,habits,universal
c_0007047,u_02110,2025-04-23,good,questioning,faith,light_islamic
c_0007048,u_02110,2025-04-28,neutral,questioning,burnout,light_islamic
c_0007049,u_02110,2025-04-30,good,at_peace,burnout,light_islamic
c_0007050,u_02110,2025-05-05,neutral,at_peace,burnout,light_islamic
c_0007051,u_02112,2025-10-23,neutral,,faith,universal
c_0007052,u_02112,2025-10-24,low,,purpose,light_islamic
c_0007053,u_02112,2025-10-25,neutral,,habits,deeper_faith
c_0007054,u_02112,2025-10-26,grateful,,anxiety,universal
c_0007055,u_02112,2025-11-07,grateful,hurting,anxiety,universal
c_0007056,u_02112,2025-11-10,low,hurting,anxiety,light_islamic
c_0007057,u_02113,2025-02-12,neutral,,self,light_islamic
c_0007058,u_02113,2025-02-20,low,distant,relationships,light_islamic
c_0007059,u_02113,2025-02-21,neutral,questioning,anxiety,deeper_faith
c_0007060,u_02113,2025-02-24,low,distant,faith,deeper_faith
c_0007061,u_02113,2025-02-28,good,at_peace,burnout,deeper_faith
c_0007062,u_02113,2025-03-14,good,at_peace,confidence,light_islamic
c_0007063,u_02114,2025-01-04,low,,relationships,deeper_faith
c_0007064,u_02114,2025-01-07,good,,faith,light_islamic
c_0007065,u_02114,2025-01-12,neutral,distant,habits,light_islamic
c_0007066,u_02114,2025-01-13,grateful,questioning,anxiety,light_islamic
c_0007067,u_02114,2025-01-24,neutral,questioning,burnout,light_islamic
c_0007068,u_02114,2025-02-01,neutral,at_peace,self,universal
c_0007069,u_02114,2025-02-02,low,distant,work,universal
c_0007070,u_02124,2025-11-11,good,,work,universal
c_0007071,u_02124,2025-11-12,neutral,,gratitude,deeper_faith
c_0007072,u_02124,2025-11-14,good,,confidence,deeper_faith
c_0007073,u_02124,2025-11-15,neutral,distant,anxiety,light_islamic
c_0007074,u_02124,2025-11-19,grateful,at_peace,burnout,light_islamic
c_0007075,u_02124,2025-11-22,neutral,questioning,anxiety,deeper_faith
c_0007076,u_02124,2025-11-24,neutral,distant,work,universal
c_0007077,u_02124,2025-11-25,neutral,at_peace,self,universal
c_0007078,u_02129,2025-08-16,good,,confidence,universal
c_0007079,u_02129,2025-08-17,grateful,,relationships,light_islamic
c_0007080,u_02129,2025-08-18,low,,habits,light_islamic
c_0007081,u_02129,2025-08-22,grateful,at_peace,gratitude,universal
c_0007082,u_02129,2025-08-27,good,at_peace,burnout,light_islamic
c_0007083,u_02129,2025-08-28,good,questioning,habits,universal
c_0007084,u_02129,2025-08-31,neutral,at_peace,gratitude,light_islamic
c_0007085,u_02129,2025-09-08,very_low,distant,relationships,light_islamic
c_0007086,u_02131,2025-07-08,very_low,,relationships,universal
c_0007087,u_02131,2025-07-10,grateful,,self,deeper_faith
c_0007088,u_02131,2025-07-15,good,at_peace,purpose,deeper_faith
c_0007089,u_02131,2025-07-16,low,hurting,faith,deeper_faith
c_0007090,u_02131,2025-07-17,neutral,at_peace,gratitude,universal
c_0007091,u_02131,2025-07-20,good,at_peace,habits,deeper_faith
c_0007092,u_02131,2025-07-24,neutral,distant,faith,universal
c_0007093,u_02131,2025-07-25,good,distant,anxiety,light_islamic
c_0007094,u_02133,2025-02-17,neutral,,confidence,universal
c_0007095,u_02133,2025-02-24,good,hurting,relationships,deeper_faith
c_0007096,u_02133,2025-02-25,neutral,at_peace,work,universal
c_0007097,u_02133,2025-02-26,low,at_peace,self,deeper_faith
c_0007098,u_02133,2025-03-05,good,hurting,self,universal
c_0007099,u_02133,2025-03-07,very_low,at_peace,self,light_islamic
c_0007100,u_02133,2025-03-09,neutral,at_peace,work,light_islamic
c_0007101,u_02134,2025-03-29,good,,work,deeper_faith
c_0007102,u_02134,2025-04-06,good,at_peace,relationships,deeper_faith
c_0007103,u_02134,2025-04-08,good,questioning,gratitude,deeper_faith
c_0007104,u_02136,2025-09-17,good,,self,deeper_faith
c_0007105,u_02136,2025-09-21,neutral,at_peace,faith,universal
c_0007106,u_02136,2025-09-25,low,at_peace,faith,light_islamic
c_0007107,u_02136,2025-09-26,neutral,questioning,burnout,light_islamic
c_0007108,u_02136,2025-10-03,good,at_peace,self,deeper_faith
c_0007109,u_02136,2025-10-06,neutral,questioning,work,universal
c_0007110,u_02136,2025-10-10,very_low,distant,purpose,light_islamic
c_0007111,u_02136,2025-10-17,low,at_peace,work,deeper_faith
c_0007112,u_02137,2025-01-07,low,,self,universal
c_0007113,u_02137,2025-01-11,very_low,at_peace,burnout,deeper_faith
c_0007114,u_02137,2025-01-17,good,at_peace,purpose,light_islamic
c_0007115,u_02137,2025-01-18,good,at_peace,confidence,deeper_faith
c_0007116,u_02137,2025-01-22,low,distant,anxiety,light_islamic
c_0007117,u_02137,2025-01-23,very_low,at_peace,purpose,light_islamic
c_0007118,u_02137,2025-01-24,grateful,distant,burnout,universal
c_0007119,u_02137,2025-01-26,good,at_peace,relationships,deeper_faith
c_0007120,u_02137,2025-01-27,good,at_peace,work,universal
c_0007121,u_02138,2025-07-26,neutral,,work,deeper_faith
c_0007122,u_02138,2025-08-05,low,distant,relationships,deeper_faith
c_0007123,u_02138,2025-08-16,good,at_peace,gratitude,deeper_faith
c_0007124,u_02138,2025-08-20,grateful,distant,self,light_islamic
c_0007125,u_02140,2025-10-08,neutral,,confidence,light_islamic
c_0007126,u_02140,2025-10-12,good,distant,anxiety,light_islamic
c_0007127,u_02140,2025-10-17,grateful,at_peace,self,light_islamic
c_0007128,u_02140,2025-10-22,neutral,questioning,relationships,light_islamic
c_0007129,u_02140,2025-10-24,neutral,questioning,faith,light_islamic
c_0007130,u_02140,2025-11-01,grateful,questioning,habits,universal
c_0007131,u_02141,2025-06-21,good,,purpose,universal
c_0007132,u_02141,2025-06-26,grateful,at_peace,confidence,universal
c_0007133,u_02141,2025-06-29,neutral,at_peace,gratitude,universal
c_0007134,u_02141,2025-07-04,grateful,questioning,gratitude,light_islamic
c_0007135,u_02141,2025-07-05,grateful,at_peace,faith,deeper_faith
c_0007136,u_02141,2025-07-10,good,at_peace,confidence,universal
c_0007137,u_02141,2025-07-14,good,hurting,purpose,universal
c_0007138,u_02141,2025-07-21,good,at_peace,faith,universal
c_0007139,u_02146,2025-04-09,low,,faith,light_islamic
c_0007140,u_02146,2025-04-10,low,,anxiety,light_islamic
c_0007141,u_02146,2025-04-11,neutral,,self,light_islamic
c_0007142,u_02146,2025-04-12,low,,habits,deeper_faith
c_0007143,u_02146,2025-04-14,good,distant,faith,light_islamic
c_0007144,u_02146,2025-04-16,neutral,at_peace,confidence,light_islamic
c_0007145,u_02146,2025-04-25,very_low,questioning,confidence,light_islamic
c_0007146,u_02146,2025-04-28,neutral,at_peace,self,deeper_faith
c_0007147,u_02146,2025-05-08,good,distant,self,universal
c_0007148,u_02149,2025-11-24,low,,confidence,universal
c_0007149,u_02149,2025-11-25,good,,anxiety,deeper_faith
c_0007150,u_02149,2025-11-28,good,questioning,self,light_islamic
c_0007151,u_02149,2025-12-01,neutral,at_peace,relationships,deeper_faith
c_0007152,u_02149,2025-12-02,grateful,at_peace,burnout,universal
c_0007153,u_02149,2025-12-08,neutral,at_peace,habits,deeper_faith
c_0007154,u_02149,2025-12-12,neutral,at_peace,faith,light_islamic
c_0007155,u_02149,2025-12-21,neutral,distant,anxiety,universal
c_0007156,u_02152,2025-08-17,low,,work,universal
c_0007157,u_02152,2025-08-18,good,,work,light_islamic
c_0007158,u_02152,2025-08-19,neutral,,burnout,light_islamic
c_0007159,u_02152,2025-08-20,good,,confidence,light_islamic
c_0007160,u_02152,2025-08-21,good,distant,gratitude,universal
c_0007161,u_02152,2025-08-25,grateful,distant,work,universal
c_0007162,u_02152,2025-08-31,neutral,distant,self,universal
c_0007163,u_02152,2025-09-01,low,at_peace,faith,light_islamic
c_0007164,u_02152,2025-09-04,good,at_peace,habits,light_islamic
c_0007165,u_02152,2025-09-09,good,at_peace,burnout,light_islamic
c_0007166,u_02152,2025-09-16,low,at_peace,faith,universal
c_0007167,u_02160,2025-06-08,neutral,,habits,universal
c_0007168,u_02160,2025-06-09,good,,anxiety,light_islamic
c_0007169,u_02160,2025-06-10,grateful,,self,universal
c_0007170,u_02160,2025-06-11,good,,anxiety,deeper_faith
c_0007171,u_02160,2025-06-19,neutral,at_peace,burnout,universal
c_0007172,u_02160,2025-06-29,grateful,distant,anxiety,light_islamic
c_0007173,u_02162,2025-05-16,good,,confidence,universal
c_0007174,u_02162,2025-05-19,neutral,,self,light_islamic
c_0007175,u_02162,2025-05-24,grateful,at_peace,confidence,universal
c_0007176,u_02162,2025-05-25,neutral,at_peace,anxiety,universal
c_0007177,u_02162,2025-05-28,good,questioning,purpose,universal
c_0007178,u_02162,2025-06-03,good,at_peace,relationships,universal
c_0007179,u_02164,2025-11-12,good,,work,universal
c_0007180,u_02164,2025-11-13,good,,burnout,light_islamic
c_0007181,u_02164,2025-11-19,neutral,distant,purpose,universal
c_0007182,u_02164,2025-11-24,very_low,questioning,gratitude,deeper_faith
c_0007183,u_02164,2025-11-27,neutral,at_peace,relationships,deeper_faith
c_0007184,u_02164,2025-12-11,low,at_peace,confidence,universal
c_0007185,u_02165,2025-06-26,low,,work,deeper_faith
c_0007186,u_02165,2025-06-29,good,,self,deeper_faith
c_0007187,u_02165,2025-07-01,low,at_peace,gratitude,universal
c_0007188,u_02165,2025-07-03,good,distant,relationships,universal
c_0007189,u_02165,2025-07-06,grateful,distant,purpose,universal
c_0007190,u_02165,2025-07-16,good,at_peace,purpose,deeper_faith
c_0007191,u_02165,2025-07-17,low,hurting,relationships,light_islamic
c_0007192,u_02165,2025-07-25,good,distant,habits,deeper_faith
c_0007193,u_02167,2025-09-25,good,,self,light_islamic
c_0007194,u_02167,2025-09-27,low,,self,light_islamic
c_0007195,u_02167,2025-10-03,neutral,at_peace,self,deeper_faith
c_0007196,u_02167,2025-10-06,very_low,questioning,relationships,light_islamic
c_0007197,u_02167,2025-10-16,grateful,at_peace,habits,deeper_faith
c_0007198,u_02167,2025-10-18,grateful,at_peace,confidence,deeper_faith
c_0007199,u_02167,2025-10-22,good,at_peace,self,universal
c_0007200,u_02170,2025-07-11,grateful,,confidence,light_islamic
c_0007201,u_02170,2025-07-13,good,,work,universal
c_0007202,u_02170,2025-07-14,good,,relationships,light_islamic
c_0007203,u_02170,2025-07-23,good,at_peace,self,universal
c_0007204,u_02170,2025-07-28,low,distant,relationships,deeper_faith
c_0007205,u_02170,2025-07-31,good,questioning,faith,universal
c_0007206,u_02170,2025-08-01,good,distant,self,light_islamic
c_0007207,u_02173,2025-11-28,grateful,,gratitude,universal
c_0007208,u_02173,2025-11-29,good,,anxiety,light_islamic
c_0007209,u_02173,2025-12-02,good,distant,self,light_islamic
c_0007210,u_02173,2025-12-03,good,distant,faith,universal
c_0007211,u_02173,2025-12-13,good,questioning,relationships,light_islamic
c_0007212,u_02173,2025-12-18,neutral,at_peace,burnout,light_islamic
c_0007213,u_02173,2025-12-21,grateful,distant,relationships,light_islamic
c_0007214,u_02173,2025-12-28,neutral,at_peace,purpose,universal
c_0007215,u_02177,2025-06-21,good,,confidence,light_islamic
c_0007216,u_02177,2025-07-07,neutral,distant,gratitude,light_islamic
c_0007217,u_02177,2025-07-12,low,hurting,self,deeper_faith
c_0007218,u_02177,2025-07-18,good,questioning,faith,light_islamic
c_0007219,u_02178,2025-03-31,neutral,,gratitude,universal
c_0007220,u_02178,2025-04-01,neutral,,burnout,deeper_faith
c_0007221,u_02178,2025-04-02,grateful,,habits,universal
c_0007222,u_02178,2025-04-06,good,at_peace,burnout,light_islamic
c_0007223,u_02178,2025-04-14,low,hurting,gratitude,light_islamic
c_0007224,u_02178,2025-04-17,neutral,at_peace,confidence,light_islamic
c_0007225,u_02178,2025-04-21,very_low,at_peace,faith,light_islamic
c_0007226,u_02178,2025-04-22,neutral,at_peace,habits,light_islamic
c_0007227,u_02178,2025-04-30,good,questioning,gratitude,universal
c_0007228,u_02179,2025-11-29,good,,relationships,universal
c_0007229,u_02179,2025-11-30,good,,faith,universal
c_0007230,u_02179,2025-12-18,low,at_peace,faith,deeper_faith
c_0007231,u_02179,2025-12-24,good,at_peace,self,light_islamic
c_0007232,u_02180,2025-08-19,good,,burnout,universal
c_0007233,u_02180,2025-08-22,very_low,,self,universal
c_0007234,u_02180,2025-08-30,grateful,at_peace,self,light_islamic
c_0007235,u_02180,2025-09-07,good,questioning,self,light_islamic
c_0007236,u_02180,2025-09-17,good,at_peace,burnout,universal
c_0007237,u_02183,2025-03-30,grateful,,relationships,universal
c_0007238,u_02183,2025-04-04,good,distant,burnout,light_islamic
c_0007239,u_02183,2025-04-06,low,distant,gratitude,universal
c_0007240,u_02183,2025-04-07,neutral,distant,gratitude,universal
c_0007241,u_02183,2025-04-13,good,at_peace,gratitude,light_islamic
c_0007242,u_02183,2025-04-22,good,distant,habits,light_islamic
c_0007243,u_02183,2025-04-24,neutral,distant,habits,light_islamic
c_0007244,u_02183,2025-04-25,neutral,at_peace,purpose,universal
c_0007245,u_02184,2025-01-13,neutral,,habits,universal
c_0007246,u_02184,2025-01-18,neutral,at_peace,habits,universal
c_0007247,u_02184,2025-01-20,grateful,questioning,faith,light_islamic
c_0007248,u_02184,2025-01-21,very_low,distant,anxiety,universal
c_0007249,u_02184,2025-02-07,grateful,at_peace,relationships,deeper_faith
c_0007250,u_02184,2025-02-12,grateful,hurting,purpose,light_islamic
c_0007251,u_02185,2025-04-15,neutral,,relationships,light_islamic
c_0007252,u_02185,2025-04-16,neutral,,self,deeper_faith
c_0007253,u_02185,2025-04-21,good,distant,faith,universal
c_0007254,u_02185,2025-04-22,neutral,questioning,purpose,light_islamic
c_0007255,u_02185,2025-04-27,good,hurting,faith,deeper_faith
c_0007256,u_02185,2025-04-29,neutral,at_peace,gratitude,universal
c_0007257,u_02185,2025-05-04,neutral,distant,habits,light_islamic
c_0007258,u_02185,2025-05-07,good,questioning,faith,universal
c_0007259,u_02185,2025-05-08,neutral,at_peace,faith,universal
c_0007260,u_02186,2025-01-20,neutral,,work,light_islamic
c_0007261,u_02186,2025-01-21,good,,work,light_islamic
c_0007262,u_02186,2025-01-23,good,,confidence,light_islamic
c_0007263,u_02186,2025-01-25,neutral,at_peace,burnout,universal
c_0007264,u_02186,2025-01-27,neutral,questioning,confidence,universal
c_0007265,u_02186,2025-02-02,good,questioning,faith,light_islamic
c_0007266,u_02186,2025-02-04,neutral,at_peace,anxiety,deeper_faith
c_0007267,u_02186,2025-02-06,neutral,distant,self,light_islamic
c_0007268,u_02186,2025-02-10,low,at_peace,work,universal
c_0007269,u_02186,2025-02-15,low,at_peace,confidence,universal
c_0007270,u_02190,2025-12-10,low,,gratitude,light_islamic
c_0007271,u_02190,2025-12-11,neutral,,faith,universal
c_0007272,u_02190,2025-12-21,good,at_peace,self,light_islamic
c_0007273,u_02190,2025-12-23,neutral,at_peace,habits,light_islamic
c_0007274,u_02190,2025-12-29,low,at_peace,gratitude,universal
c_0007275,u_02195,2025-01-15,low,,work,light_islamic
c_0007276,u_02195,2025-01-19,grateful,at_peace,purpose,universal
c_0007277,u_02195,2025-01-20,good,at_peace,anxiety,universal
c_0007278,u_02195,2025-01-21,very_low,questioning,habits,universal
c_0007279,u_02195,2025-01-23,good,questioning,relationships,light_islamic
c_0007280,u_02195,2025-01-30,good,at_peace,habits,universal
c_0007281,u_02195,2025-02-09,neutral,at_peace,anxiety,universal
c_0007282,u_02195,2025-02-13,good,questioning,burnout,light_islamic
c_0007283,u_02195,2025-02-14,neutral,at_peace,confidence,light_islamic
c_0007284,u_02196,2025-01-19,neutral,,burnout,universal
c_0007285,u_02196,2025-01-21,good,,faith,universal
c_0007286,u_02196,2025-01-22,good,,work,light_islamic
c_0007287,u_02196,2025-01-23,good,questioning,gratitude,universal
c_0007288,u_02196,2025-01-24,neutral,distant,habits,deeper_faith
c_0007289,u_02196,2025-01-27,grateful,distant,anxiety,universal
c_0007290,u_02196,2025-01-29,neutral,distant,confidence,deeper_faith
c_0007291,u_02196,2025-02-07,neutral,at_peace,faith,universal
c_0007292,u_02196,2025-02-13,low,at_peace,habits,universal
c_0007293,u_02198,2025-09-06,low,,relationships,universal
c_0007294,u_02198,2025-09-08,good,,gratitude,universal
c_0007295,u_02198,2025-09-13,neutral,questioning,gratitude,universal
c_0007296,u_02198,2025-09-14,good,at_peace,self,universal
c_0007297,u_02198,2025-09-16,neutral,distant,confidence,light_islamic
c_0007298,u_02198,2025-09-18,neutral,at_peace,anxiety,universal
c_0007299,u_02198,2025-09-23,good,at_peace,habits,universal
c_0007300,u_02198,2025-09-26,low,at_peace,anxiety,universal
c_0007301,u_02200,2025-10-21,good,,work,universal
c_0007302,u_02200,2025-10-25,good,questioning,self,light_islamic
c_0007303,u_02202,2025-09-23,good,,self,light_islamic
c_0007304,u_02202,2025-09-24,good,,anxiety,deeper_faith
c_0007305,u_02202,2025-09-26,good,,work,light_islamic
c_0007306,u_02202,2025-09-27,low,at_peace,work,universal
c_0007307,u_02202,2025-10-02,neutral,distant,faith,light_islamic
c_0007308,u_02202,2025-10-03,neutral,at_peace,relationships,light_islamic
c_0007309,u_02202,2025-10-04,neutral,at_peace,burnout,light_islamic
c_0007310,u_02202,2025-10-05,neutral,questioning,burnout,light_islamic
c_0007311,u_02202,2025-10-06,good,at_peace,gratitude,light_islamic
c_0007312,u_02202,2025-10-07,low,at_peace,anxiety,light_islamic
c_0007313,u_02202,2025-10-10,good,at_peace,confidence,deeper_faith
c_0007314,u_02202,2025-10-13,neutral,at_peace,gratitude,universal
c_0007315,u_02202,2025-10-19,neutral,questioning,confidence,universal
c_0007316,u_02205,2025-03-31,grateful,,habits,light_islamic
c_0007317,u_02205,2025-04-02,grateful,,burnout,universal
c_0007318,u_02205,2025-04-03,good,,self,light_islamic
c_0007319,u_02205,2025-04-04,grateful,distant,gratitude,light_islamic
c_0007320,u_02205,2025-04-09,good,hurting,faith,universal
c_0007321,u_02205,2025-04-18,good,distant,self,universal
c_0007322,u_02205,2025-04-26,grateful,at_peace,purpose,light_islamic
c_0007323,u_02208,2025-05-18,neutral,,relationships,light_islamic
c_0007324,u_02208,2025-05-19,good,,anxiety,universal
c_0007325,u_02208,2025-05-24,grateful,at_peace,anxiety,universal
c_0007326,u_02208,2025-05-25,low,at_peace,work,universal
c_0007327,u_02208,2025-06-05,grateful,questioning,self,deeper_faith
c_0007328,u_02208,2025-06-10,grateful,distant,anxiety,universal
c_0007329,u_02208,2025-06-11,neutral,at_peace,faith,universal
c_0007330,u_02208,2025-06-13,neutral,at_peace,relationships,universal
c_0007331,u_02212,2025-06-02,very_low,,anxiety,universal
c_0007332,u_02212,2025-06-04,good,,work,deeper_faith
c_0007333,u_02212,2025-06-15,neutral,at_peace,work,universal
c_0007334,u_02212,2025-06-16,good,questioning,work,deeper_faith
c_0007335,u_02213,2025-10-07,neutral,,confidence,deeper_faith
c_0007336,u_02213,2025-10-09,neutral,,self,universal
c_0007337,u_02213,2025-10-10,low,,confidence,universal
c_0007338,u_02213,2025-10-19,neutral,at_peace,gratitude,deeper_faith
c_0007339,u_02213,2025-10-30,good,at_peace,burnout,universal
c_0007340,u_02216,2025-05-10,good,,confidence,deeper_faith
c_0007341,u_02216,2025-05-20,good,at_peace,habits,light_islamic
c_0007342,u_02216,2025-05-22,low,questioning,confidence,universal
c_0007343,u_02216,2025-05-30,good,at_peace,burnout,universal
c_0007344,u_02216,2025-06-03,good,questioning,purpose,light_islamic
c_0007345,u_02218,2025-11-19,good,,gratitude,universal
c_0007346,u_02218,2025-11-20,low,,burnout,light_islamic
c_0007347,u_02218,2025-11-22,good,,confidence,universal
c_0007348,u_02218,2025-11-24,good,at_peace,confidence,universal
c_0007349,u_02218,2025-11-28,good,at_peace,gratitude,light_islamic
c_0007350,u_02218,2025-12-03,grateful,at_peace,faith,universal
c_0007351,u_02218,2025-12-06,good,at_peace,confidence,universal
c_0007352,u_02222,2025-05-24,neutral,,burnout,universal
c_0007353,u_02222,2025-05-29,very_low,distant,gratitude,universal
c_0007354,u_02222,2025-06-02,good,distant,burnout,universal
c_0007355,u_02222,2025-06-03,neutral,questioning,burnout,light_islamic
c_0007356,u_02222,2025-06-04,neutral,distant,habits,universal
c_0007357,u_02222,2025-06-10,grateful,at_peace,self,light_islamic
c_0007358,u_02222,2025-06-12,neutral,at_peace,faith,universal
c_0007359,u_02230,2025-07-08,neutral,,gratitude,universal
c_0007360,u_02230,2025-07-10,good,,work,deeper_faith
c_0007361,u_02230,2025-07-11,good,,self,light_islamic
c_0007362,u_02230,2025-07-13,good,at_peace,purpose,universal
c_0007363,u_02230,2025-07-18,grateful,at_peace,habits,universal
c_0007364,u_02230,2025-07-20,neutral,questioning,purpose,deeper_faith
c_0007365,u_02230,2025-07-23,neutral,at_peace,purpose,deeper_faith
c_0007366,u_02230,2025-07-30,low,questioning,purpose,universal
c_0007367,u_02230,2025-07-31,good,at_peace,habits,universal
c_0007368,u_02232,2025-05-24,grateful,,self,deeper_faith
c_0007369,u_02232,2025-05-30,neutral,distant,gratitude,universal
c_0007370,u_02232,2025-06-05,grateful,hurting,work,universal
c_0007371,u_02232,2025-06-14,low,at_peace,habits,universal
c_0007372,u_02232,2025-06-15,grateful,at_peace,anxiety,universal
c_0007373,u_02234,2025-02-27,low,,burnout,universal
c_0007374,u_02234,2025-02-28,grateful,,relationships,universal
c_0007375,u_02234,2025-03-04,good,at_peace,purpose,universal
c_0007376,u_02234,2025-03-09,good,questioning,work,deeper_faith
c_0007377,u_02234,2025-03-11,neutral,at_peace,burnout,universal
c_0007378,u_02234,2025-03-15,low,distant,habits,universal
c_0007379,u_02234,2025-03-26,good,hurting,work,universal
c_0007380,u_02234,2025-03-27,neutral,at_peace,anxiety,universal
c_0007381,u_02234,2025-03-29,good,at_peace,faith,light_islamic
c_0007382,u_02235,2025-01-17,neutral,,burnout,deeper_faith
c_0007383,u_02235,2025-01-19,neutral,,confidence,light_islamic
c_0007384,u_02235,2025-01-20,grateful,,faith,universal
c_0007385,u_02235,2025-01-21,neutral,questioning,relationships,light_islamic
c_0007386,u_02235,2025-01-22,grateful,at_peace,habits,deeper_faith
c_0007387,u_02235,2025-01-23,neutral,at_peace,anxiety,universal
c_0007388,u_02235,2025-01-31,low,at_peace,purpose,universal
c_0007389,u_02235,2025-02-10,very_low,at_peace,habits,universal
c_0007390,u_02235,2025-02-12,good,at_peace,burnout,light_islamic
c_0007391,u_02235,2025-02-15,neutral,distant,faith,universal
c_0007392,u_02237,2025-06-09,neutral,,work,universal
c_0007393,u_02237,2025-06-22,good,questioning,self,light_islamic
c_0007394,u_02237,2025-06-28,low,questioning,confidence,light_islamic
c_0007395,u_02237,2025-07-04,good,distant,habits,deeper_faith
c_0007396,u_02237,2025-07-06,good,hurting,faith,deeper_faith
c_0007397,u_02238,2025-05-23,good,,faith,deeper_faith
c_0007398,u_02238,2025-05-26,neutral,,confidence,universal
c_0007399,u_02238,2025-05-30,neutral,distant,habits,universal
c_0007400,u_02238,2025-06-04,neutral,at_peace,work,light_islamic
c_0007401,u_02238,2025-06-06,neutral,at_peace,anxiety,light_islamic
c_0007402,u_02240,2025-09-05,good,,faith,light_islamic
c_0007403,u_02240,2025-09-06,good,,relationships,universal
c_0007404,u_02240,2025-09-15,very_low,questioning,confidence,universal
c_0007405,u_02240,2025-09-17,low,questioning,purpose,universal
c_0007406,u_02240,2025-09-20,low,at_peace,purpose,universal
c_0007407,u_02240,2025-09-25,very_low,at_peace,anxiety,universal
c_0007408,u_02240,2025-09-27,very_low,at_peace,purpose,universal
c_0007409,u_02240,2025-09-30,grateful,questioning,work,universal
c_0007410,u_02243,2025-09-11,good,,relationships,light_islamic
c_0007411,u_02243,2025-09-12,neutral,,anxiety,universal
c_0007412,u_02243,2025-09-13,good,,habits,universal
c_0007413,u_02243,2025-09-22,neutral,questioning,gratitude,universal
c_0007414,u_02243,2025-09-28,good,at_peace,purpose,light_islamic
c_0007415,u_02243,2025-10-06,neutral,distant,burnout,universal
c_0007416,u_02243,2025-10-08,good,at_peace,burnout,universal
c_0007417,u_02245,2025-10-25,good,,relationships,deeper_faith
c_0007418,u_02245,2025-10-26,good,,work,universal
c_0007419,u_02245,2025-10-29,good,distant,confidence,universal
c_0007420,u_02245,2025-11-03,low,at_peace,self,deeper_faith
c_0007421,u_02245,2025-11-14,neutral,distant,habits,light_islamic
c_0007422,u_02245,2025-11-19,very_low,at_peace,purpose,universal
c_0007423,u_02245,2025-11-20,neutral,at_peace,anxiety,universal
c_0007424,u_02246,2025-02-12,neutral,,purpose,universal
c_0007425,u_02246,2025-02-14,neutral,,confidence,deeper_faith
c_0007426,u_02246,2025-02-15,neutral,,faith,light_islamic
c_0007427,u_02246,2025-02-17,grateful,questioning,work,universal
c_0007428,u_02246,2025-02-18,grateful,distant,habits,universal
c_0007429,u_02246,2025-02-23,neutral,hurting,work,light_islamic
c_0007430,u_02246,2025-03-10,neutral,at_peace,gratitude,deeper_faith
c_0007431,u_02246,2025-03-13,very_low,distant,self,light_islamic
c_0007432,u_02251,2025-12-10,good,,faith,universal
c_0007433,u_02251,2025-12-14,good,at_peace,faith,deeper_faith
c_0007434,u_02251,2025-12-18,low,questioning,burnout,universal
c_0007435,u_02251,2025-12-28,neutral,hurting,burnout,universal
c_0007436,u_02251,2026-01-05,neutral,at_peace,faith,light_islamic
c_0007437,u_02252,2025-10-08,good,,purpose,universal
c_0007438,u_02252,2025-10-24,neutral,questioning,faith,light_islamic
c_0007439,u_02252,2025-11-06,neutral,distant,faith,universal
c_0007440,u_02253,2025-09-27,neutral,,burnout,universal
c_0007441,u_02253,2025-10-02,low,at_peace,purpose,light_islamic
c_0007442,u_02253,2025-10-03,neutral,distant,purpose,light_islamic
c_0007443,u_02253,2025-10-07,good,questioning,relationships,universal
c_0007444,u_02253,2025-10-15,neutral,hurting,habits,universal
c_0007445,u_02253,2025-10-16,neutral,at_peace,confidence,light_islamic
c_0007446,u_02253,2025-10-17,neutral,at_peace,gratitude,universal
c_0007447,u_02253,2025-10-25,grateful,questioning,anxiety,light_islamic
c_0007448,u_02254,2025-07-17,low,,confidence,light_islamic
c_0007449,u_02254,2025-07-19,low,,relationships,universal
c_0007450,u_02254,2025-07-20,low,,work,light_islamic
c_0007451,u_02254,2025-07-24,good,at_peace,gratitude,universal
c_0007452,u_02254,2025-07-25,very_low,at_peace,faith,deeper_faith
c_0007453,u_02254,2025-08-02,very_low,at_peace,self,universal
c_0007454,u_02254,2025-08-08,good,at_peace,burnout,light_islamic
c_0007455,u_02254,2025-08-14,good,hurting,purpose,universal
c_0007456,u_02254,2025-08-15,good,distant,self,light_islamic
c_0007457,u_02255,2025-12-24,good,,gratitude,universal
c_0007458,u_02255,2025-12-26,very_low,,anxiety,deeper_faith
c_0007459,u_02255,2026-01-03,good,at_peace,gratitude,deeper_faith
c_0007460,u_02255,2026-01-07,good,distant,confidence,universal
c_0007461,u_02257,2025-03-14,neutral,,anxiety,universal
c_0007462,u_02257,2025-03-16,grateful,,anxiety,light_islamic
c_0007463,u_02257,2025-03-26,neutral,at_peace,habits,universal
c_0007464,u_02257,2025-03-28,good,at_peace,faith,universal
c_0007465,u_02257,2025-04-03,neutral,at_peace,self,universal
c_0007466,u_02257,2025-04-09,good,distant,self,light_islamic
c_0007467,u_02257,2025-04-10,good,at_peace,anxiety,light_islamic
c_0007468,u_02260,2025-10-23,neutral,,faith,light_islamic
c_0007469,u_02260,2025-10-24,neutral,,self,deeper_faith
c_0007470,u_02260,2025-10-28,very_low,at_peace,work,universal
c_0007471,u_02260,2025-10-31,neutral,hurting,confidence,light_islamic
c_0007472,u_02260,2025-11-02,good,at_peace,gratitude,universal
c_0007473,u_02260,2025-11-04,neutral,hurting,confidence,light_islamic
c_0007474,u_02260,2025-11-05,neutral,at_peace,gratitude,universal
c_0007475,u_02260,2025-11-06,grateful,at_peace,burnout,light_islamic
c_0007476,u_02260,2025-11-17,grateful,at_peace,relationships,deeper_faith
c_0007477,u_02262,2025-02-03,good,,anxiety,universal
c_0007478,u_02262,2025-02-05,grateful,,work,light_islamic
c_0007479,u_02262,2025-02-17,low,at_peace,burnout,universal
c_0007480,u_02262,2025-02-27,grateful,at_peace,gratitude,universal
c_0007481,u_02263,2025-11-07,neutral,,burnout,light_islamic
c_0007482,u_02263,2025-11-08,good,,burnout,universal
c_0007483,u_02263,2025-11-10,good,,work,light_islamic
c_0007484,u_02263,2025-11-16,good,questioning,burnout,light_islamic
c_0007485,u_02263,2025-11-17,good,hurting,purpose,universal
c_0007486,u_02263,2025-11-22,neutral,at_peace,confidence,light_islamic
c_0007487,u_02263,2025-12-05,neutral,at_peace,relationships,light_islamic
c_0007488,u_02265,2025-09-28,low,,burnout,deeper_faith
c_0007489,u_02265,2025-10-02,good,at_peace,burnout,light_islamic
c_0007490,u_02265,2025-10-03,good,hurting,relationships,universal
c_0007491,u_02265,2025-10-06,very_low,at_peace,purpose,deeper_faith
c_0007492,u_02265,2025-10-10,good,at_peace,work,light_islamic
c_0007493,u_02265,2025-10-13,good,at_peace,purpose,light_islamic
c_0007494,u_02265,2025-10-27,low,questioning,gratitude,light_islamic
c_0007495,u_02268,2025-08-26,very_low,,self,universal
c_0007496,u_02268,2025-09-15,good,at_peace,purpose,deeper_faith
c_0007497,u_02268,2025-09-25,neutral,distant,self,deeper_faith
c_0007498,u_02270,2025-10-26,good,,habits,universal
c_0007499,u_02270,2025-10-29,good,,anxiety,universal
c_0007500,u_02270,2025-10-31,neutral,distant,relationships,deeper_faith
c_0007501,u_02270,2025-11-02,grateful,at_peace,relationships,light_islamic
c_0007502,u_02270,2025-11-06,good,questioning,burnout,deeper_faith
c_0007503,u_02270,2025-11-08,neutral,distant,burnout,deeper_faith
c_0007504,u_02270,2025-11-14,good,at_peace,gratitude,universal
c_0007505,u_02270,2025-11-24,neutral,distant,relationships,universal
c_0007506,u_02272,2025-12-31,good,,relationships,deeper_faith
c_0007507,u_02272,2026-01-06,low,at_peace,habits,light_islamic
c_0007508,u_02272,2026-01-08,very_low,at_peace,faith,light_islamic
c_0007509,u_02272,2026-01-11,good,distant,anxiety,light_islamic
c_0007510,u_02272,2026-01-14,low,at_peace,self,universal
c_0007511,u_02272,2026-01-18,good,at_peace,burnout,universal
c_0007512,u_02272,2026-01-28,grateful,questioning,purpose,light_islamic
c_0007513,u_02275,2025-09-01,neutral,,confidence,universal
c_0007514,u_02275,2025-09-06,low,questioning,work,universal
c_0007515,u_02275,2025-09-13,good,distant,purpose,light_islamic
c_0007516,u_02275,2025-09-15,good,questioning,purpose,universal
c_0007517,u_02275,2025-09-18,good,distant,purpose,universal
c_0007518,u_02275,2025-09-22,good,questioning,burnout,deeper_faith
c_0007519,u_02275,2025-09-26,grateful,questioning,work,universal
c_0007520,u_02276,2025-08-02,very_low,,work,deeper_faith
c_0007521,u_02276,2025-08-08,good,at_peace,burnout,deeper_faith
c_0007522,u_02276,2025-08-12,good,at_peace,anxiety,deeper_faith
c_0007523,u_02276,2025-08-16,good,distant,habits,light_islamic
c_0007524,u_02276,2025-08-18,neutral,at_peace,anxiety,universal
c_0007525,u_02276,2025-08-22,neutral,distant,relationships,universal
c_0007526,u_02276,2025-08-26,grateful,at_peace,confidence,light_islamic
c_0007527,u_02276,2025-08-29,low,at_peace,habits,light_islamic
c_0007528,u_02278,2025-12-28,grateful,,self,light_islamic
c_0007529,u_02278,2025-12-31,good,,confidence,deeper_faith
c_0007530,u_02278,2026-01-03,good,at_peace,habits,universal
c_0007531,u_02278,2026-01-10,low,questioning,faith,light_islamic
c_0007532,u_02278,2026-01-11,low,questioning,habits,light_islamic
c_0007533,u_02278,2026-01-15,low,at_peace,gratitude,deeper_faith
c_0007534,u_02278,2026-01-16,grateful,at_peace,burnout,universal
c_0007535,u_02278,2026-01-19,grateful,at_peace,confidence,light_islamic
c_0007536,u_02278,2026-01-26,neutral,questioning,burnout,light_islamic
c_0007537,u_02279,2025-11-01,good,,anxiety,light_islamic
c_0007538,u_02279,2025-11-02,very_low,,work,universal
c_0007539,u_02279,2025-11-09,neutral,at_peace,self,light_islamic
c_0007540,u_02279,2025-11-11,grateful,at_peace,faith,light_islamic
c_0007541,u_02279,2025-11-12,good,distant,purpose,light_islamic
c_0007542,u_02279,2025-11-16,good,at_peace,habits,light_islamic
c_0007543,u_02282,2025-08-16,neutral,,relationships,universal
c_0007544,u_02282,2025-08-17,neutral,,confidence,universal
c_0007545,u_02282,2025-08-25,very_low,at_peace,confidence,light_islamic
c_0007546,u_02282,2025-08-27,neutral,at_peace,confidence,universal
c_0007547,u_02282,2025-08-28,neutral,at_peace,purpose,universal
c_0007548,u_02282,2025-09-06,neutral,distant,self,light_islamic
c_0007549,u_02282,2025-09-11,good,questioning,faith,light_islamic
c_0007550,u_02284,2025-09-06,good,,relationships,light_islamic
c_0007551,u_02284,2025-09-07,good,,self,light_islamic
c_0007552,u_02284,2025-09-09,neutral,,gratitude,light_islamic
c_0007553,u_02284,2025-09-10,grateful,questioning,faith,universal
c_0007554,u_02284,2025-09-16,low,questioning,habits,deeper_faith
c_0007555,u_02284,2025-09-21,grateful,at_peace,anxiety,universal
c_0007556,u_02284,2025-09-24,neutral,distant,habits,universal
c_0007557,u_02284,2025-10-01,neutral,questioning,habits,light_islamic
c_0007558,u_02284,2025-10-03,good,at_peace,habits,deeper_faith
c_0007559,u_02285,2025-06-13,good,,burnout,deeper_faith
c_0007560,u_02285,2025-06-14,very_low,,relationships,deeper_faith
c_0007561,u_02285,2025-06-17,good,at_peace,confidence,deeper_faith
c_0007562,u_02285,2025-06-20,neutral,questioning,anxiety,universal
c_0007563,u_02285,2025-06-21,very_low,at_peace,purpose,deeper_faith
c_0007564,u_02285,2025-06-28,good,distant,burnout,universal
c_0007565,u_02285,2025-06-29,neutral,at_peace,anxiety,universal
c_0007566,u_02285,2025-07-12,neutral,questioning,self,universal
c_0007567,u_02286,2025-08-01,good,,faith,deeper_faith
c_0007568,u_02286,2025-08-02,good,,relationships,light_islamic
c_0007569,u_02286,2025-08-06,neutral,at_peace,habits,light_islamic
c_0007570,u_02286,2025-08-12,good,distant,burnout,light_islamic
c_0007571,u_02286,2025-08-14,neutral,distant,faith,universal
c_0007572,u_02286,2025-08-16,good,at_peace,faith,universal
c_0007573,u_02286,2025-08-22,grateful,questioning,self,light_islamic
c_0007574,u_02287,2025-05-28,grateful,,self,universal
c_0007575,u_02287,2025-05-29,neutral,,burnout,universal
c_0007576,u_02287,2025-05-31,good,,habits,universal
c_0007577,u_02287,2025-06-04,good,distant,habits,light_islamic
c_0007578,u_02287,2025-06-06,good,at_peace,gratitude,universal
c_0007579,u_02287,2025-06-08,very_low,distant,purpose,universal
c_0007580,u_02287,2025-06-09,good,at_peace,confidence,light_islamic
c_0007581,u_02287,2025-06-24,good,hurting,gratitude,universal
c_0007582,u_02287,2025-06-27,neutral,at_peace,faith,deeper_faith
c_0007583,u_02288,2025-08-01,neutral,,purpose,deeper_faith
c_0007584,u_02288,2025-08-07,good,at_peace,relationships,light_islamic
c_0007585,u_02288,2025-08-16,neutral,questioning,anxiety,deeper_faith
c_0007586,u_02288,2025-08-18,good,at_peace,faith,light_islamic
c_0007587,u_02288,2025-08-31,neutral,at_peace,confidence,deeper_faith
c_0007588,u_02289,2025-03-23,grateful,,faith,deeper_faith
c_0007589,u_02289,2025-03-24,grateful,,confidence,light_islamic
c_0007590,u_02289,2025-03-25,neutral,,burnout,light_islamic
c_0007591,u_02289,2025-03-30,good,questioning,burnout,universal
c_0007592,u_02289,2025-04-03,neutral,at_peace,purpose,universal
c_0007593,u_02289,2025-04-19,grateful,distant,habits,universal
c_0007594,u_02289,2025-04-20,neutral,hurting,anxiety,deeper_faith
c_0007595,u_02290,2025-08-09,neutral,,confidence,universal
c_0007596,u_02290,2025-08-14,good,at_peace,anxiety,universal
c_0007597,u_02290,2025-08-16,low,at_peace,burnout,universal
c_0007598,u_02290,2025-08-17,neutral,questioning,habits,light_islamic
c_0007599,u_02290,2025-08-19,very_low,at_peace,relationships,universal
c_0007600,u_02290,2025-08-21,very_low,at_peace,gratitude,light_islamic
c_0007601,u_02290,2025-08-22,low,distant,gratitude,universal
c_0007602,u_02290,2025-08-23,very_low,distant,burnout,light_islamic
c_0007603,u_02290,2025-09-03,neutral,hurting,burnout,universal
c_0007604,u_02293,2025-10-05,grateful,,gratitude,universal
c_0007605,u_02293,2025-10-07,good,,gratitude,light_islamic
c_0007606,u_02293,2025-10-11,grateful,at_peace,burnout,light_islamic
c_0007607,u_02293,2025-10-14,neutral,at_peace,gratitude,universal
c_0007608,u_02293,2025-10-16,good,at_peace,confidence,universal
c_0007609,u_02293,2025-10-19,neutral,distant,anxiety,universal
c_0007610,u_02293,2025-10-22,neutral,questioning,gratitude,universal
c_0007611,u_02293,2025-10-28,good,at_peace,relationships,universal
c_0007612,u_02293,2025-11-01,low,at_peace,confidence,light_islamic
c_0007613,u_02297,2025-04-01,neutral,,burnout,light_islamic
c_0007614,u_02297,2025-04-07,good,at_peace,confidence,universal
c_0007615,u_02297,2025-04-09,low,at_peace,burnout,deeper_faith
c_0007616,u_02297,2025-04-15,good,at_peace,relationships,light_islamic
c_0007617,u_02297,2025-04-24,good,at_peace,confidence,universal
c_0007618,u_02302,2025-04-16,low,,purpose,light_islamic
c_0007619,u_02302,2025-04-17,neutral,,habits,light_islamic
c_0007620,u_02302,2025-04-27,good,at_peace,burnout,deeper_faith
c_0007621,u_02302,2025-04-30,good,at_peace,faith,deeper_faith
c_0007622,u_02302,2025-05-01,good,at_peace,faith,universal
c_0007623,u_02302,2025-05-07,very_low,questioning,faith,universal
c_0007624,u_02304,2025-09-29,neutral,,faith,universal
c_0007625,u_02304,2025-10-03,low,questioning,anxiety,light_islamic
c_0007626,u_02304,2025-10-04,neutral,at_peace,work,light_islamic
c_0007627,u_02304,2025-10-06,good,distant,confidence,light_islamic
c_0007628,u_02304,2025-10-07,good,at_peace,work,light_islamic
c_0007629,u_02304,2025-10-09,low,at_peace,anxiety,light_islamic
c_0007630,u_02304,2025-10-11,good,hurting,relationships,universal
c_0007631,u_02304,2025-10-14,good,at_peace,work,universal
c_0007632,u_02304,2025-10-25,grateful,at_peace,faith,light_islamic
c_0007633,u_02305,2025-02-06,neutral,,burnout,deeper_faith
c_0007634,u_02305,2025-02-13,neutral,questioning,confidence,universal
c_0007635,u_02305,2025-02-21,low,at_peace,habits,universal
c_0007636,u_02306,2025-03-12,very_low,,burnout,light_islamic
c_0007637,u_02306,2025-03-15,low,,relationships,universal
c_0007638,u_02306,2025-03-17,good,distant,anxiety,universal
c_0007639,u_02306,2025-03-25,good,at_peace,self,universal
c_0007640,u_02306,2025-03-31,neutral,questioning,anxiety,universal
c_0007641,u_02306,2025-04-03,grateful,at_peace,gratitude,universal
c_0007642,u_02306,2025-04-07,good,questioning,relationships,light_islamic
c_0007643,u_02306,2025-04-10,grateful,at_peace,confidence,light_islamic
c_0007644,u_02307,2025-02-05,grateful,,work,light_islamic
c_0007645,u_02307,2025-02-07,neutral,,faith,universal
c_0007646,u_02307,2025-02-10,good,at_peace,gratitude,universal
c_0007647,u_02307,2025-02-20,grateful,at_peace,confidence,universal
c_0007648,u_02307,2025-02-23,good,distant,anxiety,light_islamic
c_0007649,u_02307,2025-02-28,neutral,at_peace,confidence,universal
c_0007650,u_02308,2025-02-24,good,,burnout,universal
c_0007651,u_02308,2025-03-02,grateful,distant,confidence,universal
c_0007652,u_02308,2025-03-04,neutral,at_peace,habits,light_islamic
c_0007653,u_02308,2025-03-12,neutral,distant,purpose,universal
c_0007654,u_02310,2025-11-29,neutral,,relationships,universal
c_0007655,u_02310,2025-12-03,very_low,questioning,anxiety,universal
c_0007656,u_02310,2025-12-04,good,at_peace,confidence,universal
c_0007657,u_02310,2025-12-06,grateful,at_peace,habits,light_islamic
c_0007658,u_02310,2025-12-07,neutral,hurting,confidence,universal
c_0007659,u_02310,2025-12-15,good,distant,habits,universal
c_0007660,u_02310,2025-12-16,good,at_peace,anxiety,light_islamic
c_0007661,u_02310,2025-12-20,good,at_peace,confidence,universal
c_0007662,u_02310,2025-12-22,low,questioning,purpose,light_islamic
c_0007663,u_02311,2025-12-14,grateful,,relationships,universal
c_0007664,u_02311,2025-12-18,good,at_peace,anxiety,light_islamic
c_0007665,u_02311,2025-12-19,grateful,distant,relationships,universal
c_0007666,u_02311,2025-12-24,good,at_peace,confidence,light_islamic
c_0007667,u_02311,2026-01-11,low,distant,burnout,light_islamic
c_0007668,u_02312,2025-03-02,good,,self,universal
c_0007669,u_02312,2025-03-04,grateful,,anxiety,universal
c_0007670,u_02312,2025-03-05,neutral,,work,universal
c_0007671,u_02312,2025-03-06,neutral,at_peace,relationships,universal
c_0007672,u_02312,2025-03-08,good,at_peace,purpose,universal
c_0007673,u_02312,2025-03-10,good,at_peace,burnout,light_islamic
c_0007674,u_02312,2025-03-11,good,distant,self,light_islamic
c_0007675,u_02312,2025-03-18,neutral,at_peace,anxiety,universal
c_0007676,u_02312,2025-03-25,neutral,hurting,habits,light_islamic
c_0007677,u_02312,2025-03-28,grateful,at_peace,relationships,universal
c_0007678,u_02313,2025-11-03,neutral,,self,light_islamic
c_0007679,u_02313,2025-11-04,grateful,,self,light_islamic
c_0007680,u_02313,2025-11-06,good,,faith,light_islamic
c_0007681,u_02313,2025-11-13,neutral,at_peace,relationships,universal
c_0007682,u_02313,2025-11-16,neutral,questioning,purpose,light_islamic
c_0007683,u_02313,2025-11-18,low,at_peace,purpose,universal
c_0007684,u_02313,2025-11-22,good,distant,burnout,deeper_faith
c_0007685,u_02313,2025-11-23,good,at_peace,habits,light_islamic
c_0007686,u_02313,2025-11-26,good,distant,habits,light_islamic
c_0007687,u_02313,2025-12-01,neutral,distant,burnout,deeper_faith
c_0007688,u_02317,2025-12-22,low,,relationships,light_islamic
c_0007689,u_02317,2025-12-23,very_low,,gratitude,universal
c_0007690,u_02317,2025-12-25,very_low,,anxiety,universal
c_0007691,u_02317,2025-12-30,neutral,at_peace,habits,deeper_faith
c_0007692,u_02317,2026-01-10,neutral,questioning,burnout,deeper_faith
c_0007693,u_02317,2026-01-18,grateful,distant,burnout,deeper_faith
c_0007694,u_02320,2025-10-15,neutral,,purpose,universal
c_0007695,u_02320,2025-10-19,good,questioning,confidence,deeper_faith
c_0007696,u_02320,2025-10-23,neutral,at_peace,burnout,deeper_faith
c_0007697,u_02320,2025-10-28,good,at_peace,gratitude,universal
c_0007698,u_02320,2025-11-03,grateful,distant,gratitude,deeper_faith
c_0007699,u_02320,2025-11-06,neutral,at_peace,faith,deeper_faith
c_0007700,u_02320,2025-11-08,good,at_peace,burnout,deeper_faith
c_0007701,u_02320,2025-11-14,neutral,at_peace,self,deeper_faith
c_0007702,u_02323,2025-04-04,good,,habits,light_islamic
c_0007703,u_02323,2025-04-06,grateful,,faith,deeper_faith
c_0007704,u_02323,2025-04-09,neutral,at_peace,habits,universal
c_0007705,u_02323,2025-04-10,grateful,at_peace,anxiety,universal
c_0007706,u_02323,2025-04-14,grateful,at_peace,anxiety,light_islamic
c_0007707,u_02323,2025-04-19,good,questioning,faith,universal
c_0007708,u_02323,2025-04-26,very_low,at_peace,work,light_islamic
c_0007709,u_02323,2025-04-30,neutral,distant,purpose,light_islamic
c_0007710,u_02324,2025-07-16,good,,gratitude,universal
c_0007711,u_02324,2025-07-23,good,at_peace,burnout,light_islamic
c_0007712,u_02324,2025-07-28,low,distant,purpose,universal
c_0007713,u_02324,2025-08-10,neutral,at_peace,self,light_islamic
c_0007714,u_02324,2025-08-13,good,at_peace,burnout,universal
c_0007715,u_02325,2025-07-01,good,,purpose,light_islamic
c_0007716,u_02325,2025-07-06,neutral,distant,self,universal
c_0007717,u_02325,2025-07-11,grateful,at_peace,relationships,universal
c_0007718,u_02325,2025-07-12,neutral,hurting,burnout,light_islamic
c_0007719,u_02325,2025-07-13,neutral,questioning,purpose,universal
c_0007720,u_02325,2025-07-14,good,distant,burnout,light_islamic
c_0007721,u_02329,2025-06-10,low,,relationships,universal
c_0007722,u_02329,2025-06-11,good,,faith,universal
c_0007723,u_02329,2025-06-14,low,questioning,relationships,universal
c_0007724,u_02329,2025-06-15,neutral,at_peace,confidence,light_islamic
c_0007725,u_02329,2025-06-21,very_low,at_peace,confidence,universal
c_0007726,u_02330,2025-10-03,neutral,,relationships,universal
c_0007727,u_02330,2025-10-05,grateful,,gratitude,universal
c_0007728,u_02330,2025-10-07,neutral,distant,anxiety,universal
c_0007729,u_02330,2025-10-08,good,questioning,gratitude,light_islamic
c_0007730,u_02330,2025-10-09,neutral,hurting,habits,light_islamic
c_0007731,u_02330,2025-10-29,neutral,hurting,relationships,universal
c_0007732,u_02332,2025-12-04,good,,purpose,universal
c_0007733,u_02332,2025-12-07,good,,anxiety,universal
c_0007734,u_02332,2025-12-10,neutral,at_peace,faith,universal
c_0007735,u_02332,2025-12-11,neutral,distant,work,universal
c_0007736,u_02332,2025-12-13,low,at_peace,work,universal
c_0007737,u_02332,2025-12-17,good,distant,self,light_islamic
c_0007738,u_02332,2025-12-24,grateful,at_peace,anxiety,universal
c_0007739,u_02333,2025-10-05,grateful,,self,universal
c_0007740,u_02333,2025-10-08,good,,relationships,light_islamic
c_0007741,u_02333,2025-10-10,good,distant,purpose,light_islamic
c_0007742,u_02333,2025-10-16,grateful,questioning,relationships,deeper_faith
c_0007743,u_02333,2025-10-19,grateful,distant,self,light_islamic
c_0007744,u_02333,2025-10-22,low,distant,work,universal
c_0007745,u_02333,2025-11-02,neutral,hurting,burnout,light_islamic
c_0007746,u_02334,2025-09-30,neutral,,burnout,universal
c_0007747,u_02334,2025-10-04,very_low,at_peace,purpose,universal
c_0007748,u_02334,2025-10-07,low,at_peace,work,light_islamic
c_0007749,u_02334,2025-10-08,good,at_peace,anxiety,deeper_faith
c_0007750,u_02334,2025-10-21,low,at_peace,confidence,universal
c_0007751,u_02334,2025-10-24,neutral,questioning,work,light_islamic
c_0007752,u_02334,2025-10-25,grateful,questioning,work,light_islamic
c_0007753,u_02335,2025-03-06,neutral,,gratitude,universal
c_0007754,u_02335,2025-03-07,grateful,,gratitude,universal
c_0007755,u_02335,2025-03-08,neutral,,faith,universal
c_0007756,u_02335,2025-03-11,good,at_peace,faith,light_islamic
c_0007757,u_02335,2025-03-16,low,at_peace,self,universal
c_0007758,u_02335,2025-03-18,good,distant,relationships,universal
c_0007759,u_02335,2025-03-24,low,at_peace,confidence,light_islamic
c_0007760,u_02336,2025-07-13,neutral,,habits,light_islamic
c_0007761,u_02336,2025-07-20,low,at_peace,relationships,universal
c_0007762,u_02336,2025-07-22,very_low,at_peace,relationships,universal
c_0007763,u_02336,2025-07-26,neutral,at_peace,self,light_islamic
c_0007764,u_02336,2025-07-27,neutral,distant,confidence,universal
c_0007765,u_02336,2025-07-28,low,distant,self,universal
c_0007766,u_02336,2025-07-29,neutral,at_peace,work,deeper_faith
c_0007767,u_02336,2025-07-31,neutral,questioning,work,universal
c_0007768,u_02336,2025-08-04,grateful,at_peace,work,deeper_faith
c_0007769,u_02336,2025-08-09,neutral,at_peace,habits,universal
c_0007770,u_02337,2025-02-02,very_low,,confidence,universal
c_0007771,u_02337,2025-02-05,grateful,,confidence,light_islamic
c_0007772,u_02337,2025-02-06,grateful,at_peace,anxiety,universal
c_0007773,u_02337,2025-02-09,good,at_peace,faith,universal
c_0007774,u_02337,2025-02-11,neutral,distant,burnout,light_islamic
c_0007775,u_02337,2025-02-12,good,questioning,confidence,universal
c_0007776,u_02337,2025-02-16,neutral,at_peace,purpose,universal
c_0007777,u_02337,2025-02-18,good,questioning,work,light_islamic
c_0007778,u_02337,2025-03-02,low,questioning,anxiety,universal
c_0007779,u_02339,2025-02-10,neutral,,purpose,universal
c_0007780,u_02339,2025-02-11,low,,faith,deeper_faith
c_0007781,u_02339,2025-02-17,neutral,at_peace,relationships,universal
c_0007782,u_02339,2025-02-18,low,questioning,self,deeper_faith
c_0007783,u_02339,2025-03-01,low,distant,purpose,universal
c_0007784,u_02339,2025-03-08,grateful,at_peace,relationships,light_islamic
c_0007785,u_02340,2025-10-03,grateful,,purpose,universal
c_0007786,u_02340,2025-10-05,good,,burnout,light_islamic
c_0007787,u_02340,2025-10-06,low,,habits,light_islamic
c_0007788,u_02340,2025-10-07,neutral,distant,relationships,light_islamic
c_0007789,u_02340,2025-10-14,good,at_peace,faith,universal
c_0007790,u_02340,2025-10-18,grateful,hurting,work,universal
c_0007791,u_02340,2025-10-20,low,distant,relationships,light_islamic
c_0007792,u_02340,2025-10-21,good,hurting,self,universal
c_0007793,u_02342,2025-12-14,good,,faith,universal
c_0007794,u_02342,2025-12-16,neutral,,anxiety,universal
c_0007795,u_02342,2025-12-22,neutral,at_peace,self,deeper_faith
c_0007796,u_02342,2025-12-29,low,questioning,faith,light_islamic
c_0007797,u_02342,2026-01-02,neutral,at_peace,self,universal
c_0007798,u_02345,2025-11-04,neutral,,faith,universal
c_0007799,u_02345,2025-11-05,neutral,,purpose,universal
c_0007800,u_02345,2025-11-06,neutral,,faith,deeper_faith
c_0007801,u_02345,2025-11-10,good,at_peace,gratitude,light_islamic
c_0007802,u_02345,2025-11-12,neutral,questioning,gratitude,deeper_faith
c_0007803,u_02345,2025-11-14,grateful,at_peace,anxiety,light_islamic
c_0007804,u_02345,2025-11-16,good,questioning,anxiety,universal
c_0007805,u_02345,2025-11-18,neutral,distant,anxiety,universal
c_0007806,u_02345,2025-11-30,low,at_peace,burnout,light_islamic
c_0007807,u_02347,2025-02-26,grateful,,work,deeper_faith
c_0007808,u_02347,2025-02-27,neutral,,relationships,light_islamic
c_0007809,u_02347,2025-03-05,good,at_peace,burnout,universal
c_0007810,u_02347,2025-03-10,neutral,at_peace,anxiety,deeper_faith
c_0007811,u_02347,2025-03-15,good,at_peace,confidence,universal
c_0007812,u_02347,2025-03-16,grateful,at_peace,self,universal
c_0007813,u_02347,2025-03-21,neutral,distant,burnout,deeper_faith
c_0007814,u_02349,2025-05-16,neutral,,habits,light_islamic
c_0007815,u_02349,2025-05-21,neutral,distant,burnout,light_islamic
c_0007816,u_02349,2025-05-24,low,distant,gratitude,universal
c_0007817,u_02349,2025-05-28,good,at_peace,confidence,light_islamic
c_0007818,u_02349,2025-05-30,low,questioning,purpose,universal
c_0007819,u_02349,2025-06-01,very_low,distant,work,universal
c_0007820,u_02349,2025-06-04,neutral,distant,work,universal
c_0007821,u_02349,2025-06-10,grateful,at_peace,gratitude,deeper_faith
c_0007822,u_02349,2025-06-12,neutral,distant,confidence,universal
c_0007823,u_02349,2025-06-13,low,questioning,relationships,universal
c_0007824,u_02350,2025-05-23,low,,habits,universal
c_0007825,u_02350,2025-05-24,neutral,,habits,light_islamic
c_0007826,u_02350,2025-05-26,neutral,,faith,light_islamic
c_0007827,u_02350,2025-05-30,good,at_peace,gratitude,light_islamic
c_0007828,u_02350,2025-05-31,low,at_peace,purpose,universal
c_0007829,u_02350,2025-06-02,good,at_peace,habits,light_islamic
c_0007830,u_02350,2025-06-21,good,at_peace,anxiety,light_islamic
c_0007831,u_02351,2025-11-12,grateful,,burnout,universal
c_0007832,u_02351,2025-11-14,neutral,,burnout,light_islamic
c_0007833,u_02351,2025-11-19,very_low,hurting,habits,light_islamic
c_0007834,u_02351,2025-11-22,good,questioning,self,deeper_faith
c_0007835,u_02351,2025-11-23,good,at_peace,work,universal
c_0007836,u_02351,2025-12-07,grateful,questioning,relationships,light_islamic
c_0007837,u_02352,2025-04-07,very_low,,gratitude,deeper_faith
c_0007838,u_02352,2025-04-10,good,,burnout,universal
c_0007839,u_02352,2025-04-13,good,questioning,burnout,light_islamic
c_0007840,u_02352,2025-04-16,neutral,at_peace,relationships,universal
c_0007841,u_02352,2025-04-18,good,at_peace,self,universal
c_0007842,u_02352,2025-04-21,neutral,at_peace,confidence,universal
c_0007843,u_02352,2025-04-24,very_low,questioning,self,light_islamic
c_0007844,u_02352,2025-05-07,grateful,at_peace,anxiety,universal
c_0007845,u_02353,2025-01-06,low,,work,universal
c_0007846,u_02353,2025-01-07,neutral,,purpose,universal
c_0007847,u_02353,2025-01-09,low,,habits,universal
c_0007848,u_02353,2025-01-11,grateful,distant,habits,universal
c_0007849,u_02353,2025-01-16,good,at_peace,relationships,universal
c_0007850,u_02353,2025-01-17,neutral,at_peace,self,universal
c_0007851,u_02353,2025-01-19,neutral,at_peace,burnout,universal
c_0007852,u_02353,2025-01-20,very_low,at_peace,work,light_islamic
c_0007853,u_02353,2025-01-22,neutral,at_peace,anxiety,deeper_faith
c_0007854,u_02353,2025-01-25,good,at_peace,relationships,light_islamic
c_0007855,u_02364,2025-03-11,neutral,,habits,deeper_faith
c_0007856,u_02364,2025-03-12,good,,work,light_islamic
c_0007857,u_02364,2025-03-13,low,,purpose,light_islamic
c_0007858,u_02364,2025-03-16,good,questioning,habits,light_islamic
c_0007859,u_02364,2025-03-20,neutral,at_peace,work,light_islamic
c_0007860,u_02364,2025-03-28,low,hurting,anxiety,universal
c_0007861,u_02364,2025-04-02,neutral,at_peace,confidence,light_islamic
c_0007862,u_02366,2025-10-05,neutral,,anxiety,deeper_faith
c_0007863,u_02366,2025-10-06,neutral,,gratitude,universal
c_0007864,u_02366,2025-10-07,neutral,,relationships,deeper_faith
c_0007865,u_02366,2025-10-17,good,questioning,purpose,deeper_faith
c_0007866,u_02366,2025-10-18,good,at_peace,work,light_islamic
c_0007867,u_02366,2025-10-22,neutral,hurting,gratitude,universal
c_0007868,u_02366,2025-10-25,good,at_peace,self,light_islamic
c_0007869,u_02366,2025-10-28,good,at_peace,confidence,light_islamic
c_0007870,u_02367,2025-05-20,grateful,,habits,light_islamic
c_0007871,u_02367,2025-05-23,neutral,,relationships,universal
c_0007872,u_02367,2025-05-27,good,questioning,relationships,universal
c_0007873,u_02367,2025-06-04,good,hurting,habits,light_islamic
c_0007874,u_02367,2025-06-06,neutral,distant,relationships,universal
c_0007875,u_02367,2025-06-11,very_low,hurting,anxiety,universal
c_0007876,u_02367,2025-06-13,good,at_peace,relationships,deeper_faith
c_0007877,u_02370,2025-12-15,neutral,,confidence,light_islamic
c_0007878,u_02370,2025-12-17,good,,confidence,universal
c_0007879,u_02370,2026-01-14,grateful,questioning,habits,deeper_faith
c_0007880,u_02375,2025-09-20,grateful,,self,light_islamic
c_0007881,u_02375,2025-09-25,neutral,distant,faith,light_islamic
c_0007882,u_02375,2025-10-01,good,at_peace,habits,light_islamic
c_0007883,u_02375,2025-10-02,grateful,distant,burnout,universal
c_0007884,u_02375,2025-10-04,good,questioning,purpose,light_islamic
c_0007885,u_02375,2025-10-11,neutral,at_peace,purpose,light_islamic
c_0007886,u_02375,2025-10-15,good,distant,work,light_islamic
c_0007887,u_02375,2025-10-17,neutral,at_peace,purpose,light_islamic
c_0007888,u_02375,2025-10-18,neutral,distant,burnout,light_islamic
c_0007889,u_02377,2025-06-22,grateful,,anxiety,universal
c_0007890,u_02377,2025-06-23,neutral,,relationships,universal
c_0007891,u_02377,2025-06-28,low,at_peace,burnout,universal
c_0007892,u_02377,2025-06-29,good,at_peace,relationships,deeper_faith
c_0007893,u_02377,2025-06-30,very_low,at_peace,work,universal
c_0007894,u_02377,2025-07-04,neutral,at_peace,relationships,light_islamic
c_0007895,u_02377,2025-07-07,low,hurting,self,light_islamic
c_0007896,u_02377,2025-07-10,neutral,at_peace,burnout,universal
c_0007897,u_02377,2025-07-14,good,at_peace,self,light_islamic
c_0007898,u_02377,2025-07-17,neutral,distant,relationships,light_islamic
c_0007899,u_02377,2025-07-20,neutral,distant,burnout,light_islamic
c_0007900,u_02377,2025-07-21,low,hurting,self,universal
c_0007901,u_02378,2025-07-09,neutral,,self,universal
c_0007902,u_02378,2025-07-13,low,at_peace,faith,light_islamic
c_0007903,u_02378,2025-07-14,good,at_peace,confidence,light_islamic
c_0007904,u_02378,2025-07-24,neutral,distant,anxiety,light_islamic
c_0007905,u_02378,2025-07-26,low,at_peace,self,light_islamic
c_0007906,u_02378,2025-07-31,good,at_peace,confidence,deeper_faith
c_0007907,u_02379,2025-03-22,low,,confidence,deeper_faith
c_0007908,u_02379,2025-03-25,grateful,,gratitude,deeper_faith
c_0007909,u_02379,2025-03-28,very_low,questioning,habits,light_islamic
c_0007910,u_02379,2025-03-29,very_low,at_peace,purpose,light_islamic
c_0007911,u_02379,2025-04-01,neutral,distant,faith,light_islamic
c_0007912,u_02379,2025-04-04,neutral,hurting,faith,universal
c_0007913,u_02379,2025-04-06,grateful,at_peace,work,light_islamic
c_0007914,u_02379,2025-04-07,good,at_peace,faith,deeper_faith
c_0007915,u_02379,2025-04-11,grateful,distant,gratitude,universal
c_0007916,u_02380,2025-03-26,good,,faith,universal
c_0007917,u_02380,2025-04-09,neutral,questioning,self,universal
c_0007918,u_02380,2025-04-10,neutral,at_peace,anxiety,universal
c_0007919,u_02380,2025-04-11,neutral,at_peace,habits,universal
c_0007920,u_02380,2025-04-13,low,questioning,confidence,deeper_faith
c_0007921,u_02381,2025-07-14,neutral,,self,universal
c_0007922,u_02381,2025-07-15,good,,anxiety,light_islamic
c_0007923,u_02381,2025-07-20,grateful,distant,self,universal
c_0007924,u_02381,2025-07-27,low,at_peace,burnout,universal
c_0007925,u_02381,2025-08-02,good,at_peace,confidence,light_islamic
c_0007926,u_02381,2025-08-05,grateful,at_peace,confidence,light_islamic
c_0007927,u_02381,2025-08-08,low,questioning,relationships,universal
c_0007928,u_02382,2025-12-28,neutral,,confidence,light_islamic
c_0007929,u_02382,2026-01-01,grateful,at_peace,faith,deeper_faith
c_0007930,u_02382,2026-01-02,neutral,at_peace,anxiety,universal
c_0007931,u_02382,2026-01-06,very_low,at_peace,relationships,light_islamic
c_0007932,u_02382,2026-01-07,good,at_peace,relationships,deeper_faith
c_0007933,u_02382,2026-01-08,neutral,questioning,habits,light_islamic
c_0007934,u_02382,2026-01-11,neutral,at_peace,work,universal
c_0007935,u_02382,2026-01-14,low,at_peace,relationships,universal
c_0007936,u_02387,2025-09-18,grateful,,confidence,universal
c_0007937,u_02387,2025-09-19,neutral,,faith,light_islamic
c_0007938,u_02387,2025-09-20,good,,confidence,deeper_faith
c_0007939,u_02387,2025-09-21,very_low,,purpose,light_islamic
c_0007940,u_02387,2025-10-01,grateful,at_peace,purpose,universal
c_0007941,u_02390,2025-04-11,low,,purpose,light_islamic
c_0007942,u_02390,2025-04-16,good,hurting,relationships,deeper_faith
c_0007943,u_02390,2025-04-19,neutral,questioning,anxiety,universal
c_0007944,u_02390,2025-04-23,neutral,at_peace,purpose,universal
c_0007945,u_02391,2025-11-02,low,,relationships,light_islamic
c_0007946,u_02391,2025-11-03,good,,anxiety,deeper_faith
c_0007947,u_02391,2025-11-05,good,,work,universal
c_0007948,u_02391,2025-11-07,good,hurting,purpose,light_islamic
c_0007949,u_02391,2025-11-12,good,questioning,faith,universal
c_0007950,u_02391,2025-11-16,neutral,questioning,habits,universal
c_0007951,u_02391,2025-11-24,neutral,distant,faith,light_islamic
c_0007952,u_02392,2025-10-05,low,,faith,universal
c_0007953,u_02392,2025-10-07,good,,self,light_islamic
c_0007954,u_02392,2025-10-08,low,,gratitude,universal
c_0007955,u_02392,2025-10-15,good,questioning,relationships,universal
c_0007956,u_02392,2025-10-23,good,distant,confidence,light_islamic
c_0007957,u_02392,2025-10-24,grateful,at_peace,self,universal
c_0007958,u_02392,2025-10-26,neutral,distant,faith,light_islamic
c_0007959,u_02392,2025-10-30,very_low,hurting,burnout,universal
c_0007960,u_02394,2025-07-28,low,,burnout,deeper_faith
c_0007961,u_02394,2025-07-31,low,,gratitude,light_islamic
c_0007962,u_02394,2025-08-13,good,at_peace,faith,light_islamic
c_0007963,u_02394,2025-08-18,neutral,questioning,purpose,deeper_faith
c_0007964,u_02394,2025-08-20,good,questioning,purpose,light_islamic
c_0007965,u_02394,2025-08-21,good,at_peace,anxiety,light_islamic
c_0007966,u_02394,2025-08-26,neutral,at_peace,faith,universal
c_0007967,u_02395,2025-07-02,good,,work,deeper_faith
c_0007968,u_02395,2025-07-03,low,,faith,light_islamic
c_0007969,u_02395,2025-07-05,neutral,,confidence,universal
c_0007970,u_02395,2025-07-08,good,at_peace,gratitude,light_islamic
c_0007971,u_02395,2025-07-11,low,at_peace,self,deeper_faith
c_0007972,u_02395,2025-07-13,good,at_peace,anxiety,light_islamic
c_0007973,u_02395,2025-07-14,good,at_peace,work,universal
c_0007974,u_02395,2025-07-24,good,questioning,purpose,universal
c_0007975,u_02395,2025-07-31,neutral,questioning,self,universal
c_0007976,u_02396,2025-01-26,low,,relationships,universal
c_0007977,u_02396,2025-01-29,low,,burnout,deeper_faith
c_0007978,u_02396,2025-01-30,grateful,at_peace,confidence,light_islamic
c_0007979,u_02396,2025-01-31,grateful,distant,confidence,universal
c_0007980,u_02396,2025-02-08,grateful,at_peace,confidence,universal
c_0007981,u_02396,2025-02-13,neutral,at_peace,relationships,deeper_faith
c_0007982,u_02396,2025-02-17,good,at_peace,self,universal
c_0007983,u_02398,2025-08-04,low,,burnout,light_islamic
c_0007984,u_02398,2025-08-06,grateful,,confidence,universal
c_0007985,u_02398,2025-08-14,grateful,at_peace,relationships,deeper_faith
c_0007986,u_02398,2025-08-22,good,questioning,anxiety,light_islamic
c_0007987,u_02398,2025-08-27,low,distant,self,universal
c_0007988,u_02398,2025-09-03,neutral,questioning,faith,deeper_faith
c_0007989,u_02402,2025-04-14,good,,anxiety,deeper_faith
c_0007990,u_02402,2025-04-19,good,at_peace,habits,universal
c_0007991,u_02402,2025-04-30,neutral,at_peace,confidence,deeper_faith
c_0007992,u_02402,2025-05-01,good,at_peace,gratitude,universal
c_0007993,u_02402,2025-05-05,good,questioning,anxiety,light_islamic
c_0007994,u_02402,2025-05-11,grateful,distant,anxiety,universal
c_0007995,u_02404,2025-11-29,grateful,,gratitude,light_islamic
c_0007996,u_02404,2025-12-03,neutral,questioning,confidence,light_islamic
c_0007997,u_02404,2025-12-11,neutral,at_peace,self,light_islamic
c_0007998,u_02404,2025-12-12,very_low,at_peace,work,light_islamic
c_0007999,u_02404,2025-12-14,low,hurting,gratitude,light_islamic
c_0008000,u_02404,2025-12-17,neutral,questioning,self,universal
c_0008001,u_02404,2025-12-18,low,at_peace,faith,light_islamic
c_0008002,u_02404,2025-12-19,neutral,at_peace,relationships,deeper_faith
c_0008003,u_02406,2025-04-27,neutral,,work,universal
c_0008004,u_02406,2025-04-29,grateful,,confidence,deeper_faith
c_0008005,u_02406,2025-04-30,neutral,,confidence,deeper_faith
c_0008006,u_02406,2025-05-05,good,at_peace,relationships,universal
c_0008007,u_02406,2025-05-09,low,at_peace,burnout,light_islamic
c_0008008,u_02406,2025-05-10,grateful,hurting,faith,light_islamic
c_0008009,u_02406,2025-05-20,good,distant,confidence,universal
c_0008010,u_02408,2025-12-20,grateful,,burnout,universal
c_0008011,u_02408,2025-12-25,very_low,at_peace,purpose,universal
c_0008012,u_02408,2025-12-31,good,at_peace,self,universal
c_0008013,u_02408,2026-01-04,neutral,at_peace,purpose,universal
c_0008014,u_02408,2026-01-07,grateful,questioning,confidence,deeper_faith
c_0008015,u_02408,2026-01-12,good,questioning,work,deeper_faith
c_0008016,u_02408,2026-01-13,low,questioning,relationships,universal
c_0008017,u_02410,2025-06-03,neutral,,self,deeper_faith
c_0008018,u_02410,2025-06-05,good,,purpose,light_islamic
c_0008019,u_02410,2025-06-10,low,distant,burnout,light_islamic
c_0008020,u_02410,2025-06-16,good,questioning,anxiety,light_islamic
c_0008021,u_02410,2025-06-17,good,at_peace,faith,deeper_faith
c_0008022,u_02410,2025-06-29,very_low,distant,habits,universal
c_0008023,u_02413,2025-05-17,good,,habits,light_islamic
c_0008024,u_02413,2025-05-20,neutral,,work,universal
c_0008025,u_02413,2025-05-22,neutral,at_peace,confidence,universal
c_0008026,u_02413,2025-05-23,low,at_peace,gratitude,universal
c_0008027,u_02413,2025-05-26,good,at_peace,self,universal
c_0008028,u_02413,2025-05-30,good,at_peace,habits,light_islamic
c_0008029,u_02413,2025-05-31,good,distant,confidence,universal
c_0008030,u_02419,2025-08-19,good,,burnout,universal
c_0008031,u_02419,2025-08-20,good,,work,universal
c_0008032,u_02419,2025-08-23,neutral,distant,habits,universal
c_0008033,u_02419,2025-08-25,low,distant,burnout,universal
c_0008034,u_02419,2025-08-28,low,at_peace,burnout,light_islamic
c_0008035,u_02419,2025-08-31,neutral,at_peace,confidence,universal
c_0008036,u_02419,2025-09-01,good,questioning,habits,light_islamic
c_0008037,u_02419,2025-09-02,good,at_peace,self,light_islamic
c_0008038,u_02419,2025-09-07,neutral,questioning,burnout,deeper_faith
c_0008039,u_02419,2025-09-10,neutral,distant,confidence,universal
c_0008040,u_02420,2025-12-03,good,,gratitude,universal
c_0008041,u_02420,2025-12-05,grateful,,faith,universal
c_0008042,u_02420,2025-12-07,good,at_peace,faith,universal
c_0008043,u_02420,2025-12-09,neutral,questioning,purpose,universal
c_0008044,u_02420,2025-12-15,neutral,at_peace,relationships,light_islamic
c_0008045,u_02420,2025-12-17,neutral,questioning,relationships,light_islamic
c_0008046,u_02420,2025-12-19,low,at_peace,burnout,light_islamic
c_0008047,u_02420,2025-12-25,grateful,at_peace,habits,light_islamic
c_0008048,u_02420,2025-12-26,good,questioning,faith,universal
c_0008049,u_02428,2025-06-04,low,,self,universal
c_0008050,u_02428,2025-06-08,good,at_peace,faith,universal
c_0008051,u_02428,2025-06-10,neutral,at_peace,work,universal
c_0008052,u_02428,2025-06-11,low,at_peace,self,universal
c_0008053,u_02428,2025-06-12,low,questioning,relationships,light_islamic
c_0008054,u_02428,2025-06-15,good,at_peace,relationships,light_islamic
c_0008055,u_02428,2025-06-17,neutral,at_peace,burnout,light_islamic
c_0008056,u_02428,2025-06-19,good,at_peace,confidence,light_islamic
c_0008057,u_02429,2025-05-07,neutral,,work,universal
c_0008058,u_02429,2025-05-08,neutral,,self,universal
c_0008059,u_02429,2025-05-11,good,at_peace,work,light_islamic
c_0008060,u_02429,2025-05-12,grateful,questioning,confidence,universal
c_0008061,u_02429,2025-05-13,good,questioning,anxiety,universal
c_0008062,u_02429,2025-05-14,low,distant,burnout,universal
c_0008063,u_02429,2025-05-16,low,distant,purpose,universal
c_0008064,u_02429,2025-05-18,neutral,at_peace,anxiety,universal
c_0008065,u_02429,2025-05-28,good,questioning,faith,universal
c_0008066,u_02429,2025-06-03,good,at_peace,burnout,universal
c_0008067,u_02429,2025-06-05,good,at_peace,confidence,universal
c_0008068,u_02430,2025-07-15,grateful,,faith,universal
c_0008069,u_02430,2025-07-17,grateful,,habits,light_islamic
c_0008070,u_02430,2025-07-25,good,at_peace,work,deeper_faith
c_0008071,u_02430,2025-07-27,good,at_peace,habits,deeper_faith
c_0008072,u_02430,2025-07-31,very_low,at_peace,confidence,universal
c_0008073,u_02430,2025-08-04,low,questioning,work,universal
c_0008074,u_02430,2025-08-05,good,at_peace,burnout,deeper_faith
c_0008075,u_02430,2025-08-07,neutral,at_peace,relationships,light_islamic
c_0008076,u_02434,2025-07-19,good,,burnout,universal
c_0008077,u_02434,2025-07-22,good,,gratitude,universal
c_0008078,u_02434,2025-07-28,neutral,questioning,self,deeper_faith
c_0008079,u_02434,2025-08-01,neutral,at_peace,purpose,universal
c_0008080,u_02434,2025-08-02,good,at_peace,burnout,universal
c_0008081,u_02434,2025-08-03,neutral,at_peace,burnout,light_islamic
c_0008082,u_02436,2025-02-13,good,,work,light_islamic
c_0008083,u_02436,2025-02-17,grateful,questioning,work,universal
c_0008084,u_02436,2025-02-26,grateful,distant,relationships,universal
c_0008085,u_02436,2025-02-27,good,at_peace,work,deeper_faith
c_0008086,u_02436,2025-02-28,good,at_peace,purpose,universal
c_0008087,u_02436,2025-03-02,very_low,distant,burnout,universal
c_0008088,u_02438,2025-03-09,neutral,,habits,universal
c_0008089,u_02438,2025-03-10,neutral,,self,deeper_faith
c_0008090,u_02438,2025-03-13,low,at_peace,anxiety,deeper_faith
c_0008091,u_02438,2025-03-18,grateful,at_peace,gratitude,light_islamic
c_0008092,u_02438,2025-03-19,good,at_peace,confidence,universal
c_0008093,u_02438,2025-03-27,good,at_peace,confidence,light_islamic
c_0008094,u_02438,2025-03-28,grateful,distant,confidence,deeper_faith
c_0008095,u_02438,2025-03-30,grateful,distant,faith,light_islamic
c_0008096,u_02438,2025-04-04,low,hurting,self,deeper_faith
c_0008097,u_02438,2025-04-06,neutral,at_peace,confidence,light_islamic
c_0008098,u_02439,2025-08-31,good,,burnout,universal
c_0008099,u_02439,2025-09-05,very_low,at_peace,burnout,universal
c_0008100,u_02439,2025-09-06,low,distant,gratitude,universal
c_0008101,u_02439,2025-09-12,grateful,questioning,burnout,light_islamic
c_0008102,u_02439,2025-09-13,very_low,distant,anxiety,light_islamic
c_0008103,u_02439,2025-09-20,good,at_peace,gratitude,universal
c_0008104,u_02439,2025-09-28,good,distant,work,light_islamic
c_0008105,u_02439,2025-09-30,neutral,at_peace,confidence,universal
c_0008106,u_02440,2025-12-28,good,,anxiety,universal
c_0008107,u_02440,2025-12-29,neutral,,work,universal
c_0008108,u_02440,2026-01-14,grateful,distant,faith,universal
c_0008109,u_02440,2026-01-15,low,at_peace,relationships,deeper_faith
c_0008110,u_02440,2026-01-16,grateful,at_peace,gratitude,universal
c_0008111,u_02440,2026-01-18,good,distant,work,universal
c_0008112,u_02440,2026-01-19,good,at_peace,relationships,universal
c_0008113,u_02442,2025-12-13,neutral,,anxiety,deeper_faith
c_0008114,u_02442,2025-12-14,good,,gratitude,universal
c_0008115,u_02442,2025-12-17,grateful,at_peace,relationships,light_islamic
c_0008116,u_02442,2025-12-24,good,at_peace,gratitude,universal
c_0008117,u_02442,2025-12-28,very_low,at_peace,self,light_islamic
c_0008118,u_02442,2025-12-29,good,at_peace,self,light_islamic
c_0008119,u_02442,2026-01-04,good,at_peace,purpose,universal
c_0008120,u_02443,2025-05-15,low,,purpose,light_islamic
c_0008121,u_02443,2025-05-16,good,,self,universal
c_0008122,u_02443,2025-05-20,low,at_peace,anxiety,deeper_faith
c_0008123,u_02443,2025-05-22,good,distant,burnout,light_islamic
c_0008124,u_02443,2025-05-23,neutral,at_peace,habits,light_islamic
c_0008125,u_02443,2025-05-25,neutral,questioning,confidence,deeper_faith
c_0008126,u_02443,2025-06-01,neutral,at_peace,habits,universal
c_0008127,u_02443,2025-06-02,neutral,at_peace,gratitude,light_islamic
c_0008128,u_02443,2025-06-08,neutral,at_peace,confidence,deeper_faith
c_0008129,u_02443,2025-06-13,neutral,at_peace,confidence,light_islamic
c_0008130,u_02443,2025-06-14,neutral,at_peace,confidence,universal
c_0008131,u_02446,2025-06-22,good,,burnout,deeper_faith
c_0008132,u_02446,2025-06-29,good,distant,relationships,universal
c_0008133,u_02446,2025-07-05,good,at_peace,self,light_islamic
c_0008134,u_02446,2025-07-17,neutral,at_peace,gratitude,light_islamic
c_0008135,u_02449,2025-11-15,grateful,,gratitude,deeper_faith
c_0008136,u_02449,2025-11-16,good,,purpose,deeper_faith
c_0008137,u_02449,2025-11-21,low,distant,burnout,universal
c_0008138,u_02449,2025-11-25,neutral,questioning,faith,deeper_faith
c_0008139,u_02449,2025-11-27,neutral,at_peace,self,light_islamic
c_0008140,u_02449,2025-12-02,grateful,distant,relationships,universal
c_0008141,u_02450,2025-07-26,good,,burnout,universal
c_0008142,u_02450,2025-07-30,neutral,at_peace,faith,deeper_faith
c_0008143,u_02450,2025-08-02,low,at_peace,burnout,universal
c_0008144,u_02450,2025-08-18,good,at_peace,gratitude,light_islamic
c_0008145,u_02451,2025-09-14,good,,purpose,deeper_faith
c_0008146,u_02451,2025-09-15,neutral,,purpose,light_islamic
c_0008147,u_02451,2025-09-17,grateful,,purpose,universal
c_0008148,u_02451,2025-09-20,grateful,at_peace,burnout,universal
c_0008149,u_02451,2025-10-11,grateful,at_peace,self,deeper_faith
c_0008150,u_02452,2025-07-28,good,,relationships,deeper_faith
c_0008151,u_02452,2025-07-31,good,,anxiety,deeper_faith
c_0008152,u_02452,2025-08-02,grateful,at_peace,work,light_islamic
c_0008153,u_02452,2025-08-06,good,questioning,relationships,deeper_faith
c_0008154,u_02452,2025-08-15,good,at_peace,purpose,universal
c_0008155,u_02452,2025-08-17,grateful,distant,habits,light_islamic
c_0008156,u_02452,2025-08-19,good,distant,purpose,light_islamic
c_0008157,u_02456,2025-05-05,neutral,,anxiety,light_islamic
c_0008158,u_02456,2025-05-08,good,,anxiety,universal
c_0008159,u_02456,2025-05-11,low,at_peace,burnout,deeper_faith
c_0008160,u_02456,2025-05-16,grateful,at_peace,purpose,deeper_faith
c_0008161,u_02456,2025-05-17,good,distant,gratitude,universal
c_0008162,u_02456,2025-05-18,good,questioning,anxiety,universal
c_0008163,u_02456,2025-05-21,grateful,at_peace,burnout,deeper_faith
c_0008164,u_02456,2025-05-22,neutral,questioning,burnout,universal
c_0008165,u_02456,2025-05-25,grateful,at_peace,burnout,light_islamic
c_0008166,u_02456,2025-05-31,good,questioning,faith,universal
c_0008167,u_02456,2025-06-03,neutral,at_peace,confidence,universal
c_0008168,u_02457,2025-06-25,good,,work,universal
c_0008169,u_02457,2025-06-26,low,,burnout,light_islamic
c_0008170,u_02457,2025-06-27,good,,habits,light_islamic
c_0008171,u_02457,2025-06-28,good,,relationships,light_islamic
c_0008172,u_02457,2025-07-08,grateful,at_peace,faith,universal
c_0008173,u_02457,2025-07-11,very_low,questioning,faith,universal
c_0008174,u_02457,2025-07-22,low,hurting,faith,deeper_faith
c_0008175,u_02458,2025-04-25,good,,purpose,light_islamic
c_0008176,u_02458,2025-05-01,grateful,at_peace,work,light_islamic
c_0008177,u_02458,2025-05-06,good,questioning,relationships,light_islamic
c_0008178,u_02458,2025-05-15,neutral,at_peace,anxiety,universal
c_0008179,u_02458,2025-05-17,very_low,distant,purpose,universal
c_0008180,u_02458,2025-05-24,neutral,at_peace,self,universal
c_0008181,u_02462,2025-08-11,neutral,,self,light_islamic
c_0008182,u_02462,2025-08-12,good,,purpose,light_islamic
c_0008183,u_02462,2025-08-13,neutral,,habits,deeper_faith
c_0008184,u_02462,2025-08-14,low,,gratitude,light_islamic
c_0008185,u_02462,2025-08-16,good,questioning,gratitude,light_islamic
c_0008186,u_02462,2025-08-20,good,at_peace,purpose,universal
c_0008187,u_02462,2025-08-21,grateful,questioning,purpose,deeper_faith
c_0008188,u_02462,2025-08-23,good,distant,anxiety,light_islamic
c_0008189,u_02462,2025-08-30,neutral,at_peace,habits,light_islamic
c_0008190,u_02462,2025-09-02,good,questioning,work,deeper_faith
c_0008191,u_02462,2025-09-10,good,at_peace,relationships,universal
c_0008192,u_02464,2025-10-23,grateful,,gratitude,deeper_faith
c_0008193,u_02464,2025-10-24,good,,relationships,light_islamic
c_0008194,u_02464,2025-10-25,grateful,,faith,light_islamic
c_0008195,u_02464,2025-10-27,neutral,at_peace,faith,light_islamic
c_0008196,u_02464,2025-10-29,neutral,distant,purpose,deeper_faith
c_0008197,u_02464,2025-10-31,neutral,at_peace,relationships,universal
c_0008198,u_02464,2025-11-02,neutral,hurting,purpose,light_islamic
c_0008199,u_02464,2025-11-03,good,distant,anxiety,deeper_faith
c_0008200,u_02464,2025-11-04,low,at_peace,anxiety,universal
c_0008201,u_02464,2025-11-10,neutral,at_peace,purpose,universal
c_0008202,u_02464,2025-11-14,very_low,at_peace,work,light_islamic
c_0008203,u_02465,2025-08-26,neutral,,faith,light_islamic
c_0008204,u_02465,2025-08-29,low,,work,light_islamic
c_0008205,u_02465,2025-08-30,good,questioning,anxiety,light_islamic
c_0008206,u_02465,2025-09-02,very_low,hurting,confidence,universal
c_0008207,u_02465,2025-09-24,low,at_peace,self,universal
c_0008208,u_02469,2025-10-06,neutral,,faith,light_islamic
c_0008209,u_02469,2025-10-08,neutral,,burnout,light_islamic
c_0008210,u_02469,2025-10-09,low,,faith,light_islamic
c_0008211,u_02469,2025-10-10,neutral,hurting,relationships,light_islamic
c_0008212,u_02469,2025-10-11,neutral,at_peace,confidence,light_islamic
c_0008213,u_02469,2025-10-13,good,questioning,work,universal
c_0008214,u_02469,2025-11-05,neutral,distant,anxiety,deeper_faith
c_0008215,u_02472,2025-02-06,neutral,,habits,universal
c_0008216,u_02472,2025-02-07,neutral,,faith,light_islamic
c_0008217,u_02472,2025-02-08,good,,work,deeper_faith
c_0008218,u_02472,2025-02-13,good,distant,burnout,universal
c_0008219,u_02472,2025-02-19,low,distant,gratitude,light_islamic
c_0008220,u_02472,2025-02-22,very_low,at_peace,burnout,universal
c_0008221,u_02472,2025-03-01,good,at_peace,anxiety,universal
c_0008222,u_02473,2025-03-12,neutral,,anxiety,light_islamic
c_0008223,u_02473,2025-03-14,good,,work,light_islamic
c_0008224,u_02473,2025-03-15,grateful,,burnout,deeper_faith
c_0008225,u_02473,2025-03-16,grateful,at_peace,self,light_islamic
c_0008226,u_02473,2025-03-18,neutral,at_peace,anxiety,light_islamic
c_0008227,u_02473,2025-03-24,good,hurting,gratitude,universal
c_0008228,u_02473,2025-03-27,grateful,distant,self,universal
c_0008229,u_02473,2025-03-28,good,distant,self,universal
c_0008230,u_02473,2025-03-29,good,distant,purpose,universal
c_0008231,u_02473,2025-03-30,neutral,at_peace,confidence,universal
c_0008232,u_02473,2025-04-03,low,at_peace,confidence,deeper_faith
c_0008233,u_02473,2025-04-05,good,hurting,confidence,universal
c_0008234,u_02473,2025-04-06,low,at_peace,relationships,universal
c_0008235,u_02473,2025-04-07,very_low,at_peace,anxiety,deeper_faith
c_0008236,u_02473,2025-04-09,good,distant,gratitude,universal
c_0008237,u_02475,2025-08-06,good,,habits,light_islamic
c_0008238,u_02475,2025-08-08,good,,work,universal
c_0008239,u_02475,2025-08-16,good,hurting,purpose,universal
c_0008240,u_02475,2025-08-18,grateful,questioning,burnout,deeper_faith
c_0008241,u_02475,2025-08-20,grateful,distant,self,deeper_faith
c_0008242,u_02475,2025-08-21,good,at_peace,purpose,deeper_faith
c_0008243,u_02475,2025-08-26,neutral,distant,faith,light_islamic
c_0008244,u_02475,2025-08-27,good,questioning,anxiety,light_islamic
c_0008245,u_02477,2025-10-04,grateful,,purpose,light_islamic
c_0008246,u_02477,2025-10-05,good,,work,universal
c_0008247,u_02477,2025-10-09,good,distant,faith,deeper_faith
c_0008248,u_02477,2025-10-13,grateful,distant,burnout,light_islamic
c_0008249,u_02477,2025-10-15,neutral,questioning,confidence,universal
c_0008250,u_02477,2025-10-21,good,at_peace,self,universal
c_0008251,u_02477,2025-10-31,neutral,at_peace,self,light_islamic
c_0008252,u_02477,2025-11-01,low,at_peace,purpose,deeper_faith
c_0008253,u_02484,2025-11-04,good,,work,universal
c_0008254,u_02484,2025-11-13,good,distant,self,light_islamic
c_0008255,u_02484,2025-11-15,neutral,distant,work,light_islamic
c_0008256,u_02484,2025-12-01,good,questioning,habits,light_islamic
c_0008257,u_02484,2025-12-02,grateful,questioning,habits,light_islamic
c_0008258,u_02484,2025-12-03,grateful,hurting,anxiety,universal
c_0008259,u_02487,2025-04-27,low,,faith,universal
c_0008260,u_02487,2025-05-03,good,at_peace,self,light_islamic
c_0008261,u_02487,2025-05-09,grateful,at_peace,habits,universal
c_0008262,u_02487,2025-05-11,good,at_peace,faith,universal
c_0008263,u_02487,2025-05-13,very_low,questioning,relationships,light_islamic
c_0008264,u_02487,2025-05-20,neutral,at_peace,self,light_islamic
c_0008265,u_02489,2025-11-28,good,,burnout,light_islamic
c_0008266,u_02489,2025-11-30,good,,habits,universal
c_0008267,u_02489,2025-12-03,good,at_peace,relationships,deeper_faith
c_0008268,u_02489,2025-12-04,neutral,at_peace,habits,light_islamic
c_0008269,u_02489,2025-12-05,good,at_peace,habits,universal
c_0008270,u_02489,2025-12-06,neutral,questioning,self,light_islamic
c_0008271,u_02489,2025-12-07,grateful,questioning,purpose,light_islamic
c_0008272,u_02489,2025-12-10,good,at_peace,habits,universal
c_0008273,u_02489,2025-12-18,good,questioning,gratitude,universal
c_0008274,u_02489,2025-12-20,good,at_peace,self,deeper_faith
c_0008275,u_02489,2025-12-28,good,hurting,burnout,universal
c_0008276,u_02491,2025-11-26,grateful,,habits,universal
c_0008277,u_02491,2025-11-29,neutral,,anxiety,light_islamic
c_0008278,u_02491,2025-12-03,good,distant,habits,deeper_faith
c_0008279,u_02491,2025-12-06,low,at_peace,purpose,universal
c_0008280,u_02491,2025-12-08,low,hurting,confidence,universal
c_0008281,u_02491,2025-12-10,low,distant,work,light_islamic
c_0008282,u_02491,2025-12-15,low,questioning,relationships,universal
c_0008283,u_02491,2025-12-19,good,at_peace,relationships,light_islamic
c_0008284,u_02492,2025-10-30,grateful,,faith,universal
c_0008285,u_02492,2025-11-03,low,at_peace,gratitude,universal
c_0008286,u_02492,2025-11-05,good,questioning,self,light_islamic
c_0008287,u_02492,2025-11-07,good,questioning,relationships,universal
c_0008288,u_02492,2025-11-12,grateful,questioning,habits,light_islamic
c_0008289,u_02492,2025-11-14,good,at_peace,burnout,universal
c_0008290,u_02492,2025-11-26,low,at_peace,relationships,light_islamic
c_0008291,u_02492,2025-11-27,good,at_peace,relationships,universal
c_0008292,u_02499,2025-05-12,neutral,,gratitude,light_islamic
c_0008293,u_02499,2025-05-13,low,,confidence,light_islamic
c_0008294,u_02499,2025-05-14,grateful,,anxiety,deeper_faith
c_0008295,u_02499,2025-05-20,neutral,at_peace,faith,universal
c_0008296,u_02499,2025-05-25,neutral,at_peace,habits,universal
c_0008297,u_02499,2025-06-05,good,distant,self,light_islamic
c_0008298,u_02499,2025-06-10,very_low,distant,gratitude,universal
c_0008299,u_02503,2025-12-31,good,,confidence,universal
c_0008300,u_02503,2026-01-01,very_low,,purpose,light_islamic
c_0008301,u_02503,2026-01-02,very_low,,anxiety,light_islamic
c_0008302,u_02503,2026-01-06,good,at_peace,self,universal
c_0008303,u_02503,2026-01-09,low,at_peace,habits,universal
c_0008304,u_02508,2025-12-05,grateful,,relationships,light_islamic
c_0008305,u_02508,2025-12-14,low,at_peace,purpose,universal
c_0008306,u_02508,2025-12-15,good,questioning,relationships,universal
c_0008307,u_02508,2025-12-18,neutral,questioning,gratitude,universal
c_0008308,u_02508,2025-12-19,very_low,at_peace,confidence,light_islamic
c_0008309,u_02508,2025-12-20,good,at_peace,purpose,universal
c_0008310,u_02508,2025-12-31,grateful,at_peace,gratitude,universal
c_0008311,u_02509,2025-10-28,neutral,,burnout,light_islamic
c_0008312,u_02509,2025-10-30,neutral,,work,universal
c_0008313,u_02509,2025-11-01,good,distant,purpose,light_islamic
c_0008314,u_02509,2025-11-04,good,distant,self,light_islamic
c_0008315,u_02509,2025-11-13,good,at_peace,purpose,light_islamic
c_0008316,u_02509,2025-11-17,low,distant,gratitude,universal
c_0008317,u_02509,2025-11-24,grateful,questioning,self,universal
c_0008318,u_02511,2025-07-19,grateful,,burnout,light_islamic
c_0008319,u_02511,2025-07-21,good,,purpose,light_islamic
c_0008320,u_02511,2025-07-26,very_low,questioning,anxiety,universal
c_0008321,u_02511,2025-07-28,good,at_peace,relationships,light_islamic
c_0008322,u_02511,2025-08-03,good,distant,purpose,light_islamic
c_0008323,u_02511,2025-08-04,neutral,at_peace,relationships,light_islamic
c_0008324,u_02511,2025-08-06,very_low,questioning,gratitude,light_islamic
c_0008325,u_02511,2025-08-08,neutral,at_peace,gratitude,universal
c_0008326,u_02511,2025-08-15,neutral,distant,habits,deeper_faith
c_0008327,u_02511,2025-08-18,good,distant,confidence,light_islamic
c_0008328,u_02512,2025-09-08,low,,self,deeper_faith
c_0008329,u_02512,2025-09-10,good,,burnout,light_islamic
c_0008330,u_02512,2025-09-13,neutral,questioning,burnout,deeper_faith
c_0008331,u_02512,2025-09-14,very_low,at_peace,purpose,universal
c_0008332,u_02512,2025-09-15,neutral,questioning,gratitude,deeper_faith
c_0008333,u_02512,2025-09-23,grateful,at_peace,purpose,deeper_faith
c_0008334,u_02512,2025-10-04,good,distant,relationships,light_islamic
c_0008335,u_02512,2025-10-06,very_low,at_peace,burnout,light_islamic
c_0008336,u_02512,2025-10-07,good,at_peace,purpose,light_islamic
c_0008337,u_02514,2025-03-06,good,,relationships,universal
c_0008338,u_02514,2025-03-07,good,,confidence,light_islamic
c_0008339,u_02514,2025-03-10,low,at_peace,work,light_islamic
c_0008340,u_02514,2025-03-14,neutral,questioning,habits,light_islamic
c_0008341,u_02514,2025-03-20,neutral,questioning,gratitude,deeper_faith
c_0008342,u_02514,2025-03-27,good,distant,faith,universal
c_0008343,u_02514,2025-04-01,good,at_peace,confidence,light_islamic
c_0008344,u_02514,2025-04-05,low,questioning,burnout,light_islamic
c_0008345,u_02515,2025-04-12,very_low,,purpose,universal
c_0008346,u_02515,2025-04-16,neutral,at_peace,anxiety,universal
c_0008347,u_02515,2025-04-17,very_low,hurting,anxiety,light_islamic
c_0008348,u_02515,2025-04-19,good,distant,faith,universal
c_0008349,u_02515,2025-04-23,very_low,at_peace,burnout,deeper_faith
c_0008350,u_02515,2025-04-25,grateful,at_peace,burnout,universal
c_0008351,u_02515,2025-04-27,grateful,at_peace,burnout,universal
c_0008352,u_02515,2025-05-03,good,questioning,burnout,universal
c_0008353,u_02515,2025-05-06,neutral,at_peace,work,universal
c_0008354,u_02515,2025-05-07,grateful,distant,self,universal
c_0008355,u_02515,2025-05-08,good,at_peace,purpose,light_islamic
c_0008356,u_02515,2025-05-12,good,at_peace,gratitude,universal
c_0008357,u_02518,2025-12-17,grateful,,self,light_islamic
c_0008358,u_02518,2025-12-18,grateful,,anxiety,universal
c_0008359,u_02518,2025-12-21,low,hurting,faith,light_islamic
c_0008360,u_02518,2025-12-22,good,hurting,habits,universal
c_0008361,u_02518,2025-12-23,grateful,at_peace,work,universal
c_0008362,u_02518,2026-01-10,neutral,questioning,burnout,light_islamic
c_0008363,u_02522,2025-11-26,good,,self,light_islamic
c_0008364,u_02522,2025-11-27,low,,purpose,light_islamic
c_0008365,u_02522,2025-12-07,good,at_peace,purpose,light_islamic
c_0008366,u_02522,2025-12-08,low,at_peace,purpose,light_islamic
c_0008367,u_02522,2025-12-13,neutral,at_peace,self,deeper_faith
c_0008368,u_02522,2025-12-17,neutral,distant,habits,universal
c_0008369,u_02522,2025-12-22,neutral,questioning,burnout,light_islamic
c_0008370,u_02524,2025-08-02,neutral,,confidence,light_islamic
c_0008371,u_02524,2025-08-08,low,at_peace,burnout,light_islamic
c_0008372,u_02524,2025-08-11,neutral,at_peace,confidence,universal
c_0008373,u_02524,2025-08-17,good,distant,burnout,universal
c_0008374,u_02524,2025-08-18,very_low,distant,purpose,light_islamic
c_0008375,u_02524,2025-08-20,good,questioning,faith,light_islamic
c_0008376,u_02524,2025-08-24,grateful,at_peace,habits,universal
c_0008377,u_02524,2025-08-30,good,at_peace,confidence,light_islamic
c_0008378,u_02525,2025-01-28,neutral,,work,light_islamic
c_0008379,u_02525,2025-02-01,low,questioning,burnout,universal
c_0008380,u_02525,2025-02-02,neutral,hurting,faith,universal
c_0008381,u_02525,2025-02-05,low,distant,work,light_islamic
c_0008382,u_02525,2025-02-06,very_low,distant,faith,universal
c_0008383,u_02525,2025-02-07,low,at_peace,work,light_islamic
c_0008384,u_02525,2025-02-11,neutral,at_peace,anxiety,universal
c_0008385,u_02525,2025-02-12,low,at_peace,burnout,light_islamic
c_0008386,u_02525,2025-02-13,neutral,questioning,confidence,deeper_faith
c_0008387,u_02525,2025-02-17,good,questioning,confidence,universal
c_0008388,u_02525,2025-02-24,good,at_peace,burnout,deeper_faith
c_0008389,u_02526,2025-02-04,grateful,,anxiety,light_islamic
c_0008390,u_02526,2025-02-10,low,at_peace,relationships,universal
c_0008391,u_02526,2025-02-16,good,at_peace,confidence,light_islamic
c_0008392,u_02526,2025-02-20,good,at_peace,habits,light_islamic
c_0008393,u_02526,2025-02-23,good,distant,relationships,universal
c_0008394,u_02526,2025-02-27,good,at_peace,relationships,universal
c_0008395,u_02528,2025-09-01,good,,relationships,universal
c_0008396,u_02528,2025-09-03,low,,purpose,universal
c_0008397,u_02528,2025-09-09,low,distant,burnout,universal
c_0008398,u_02528,2025-09-10,good,at_peace,relationships,universal
c_0008399,u_02528,2025-09-17,grateful,questioning,gratitude,universal
c_0008400,u_02528,2025-09-28,low,at_peace,burnout,light_islamic
c_0008401,u_02530,2025-10-08,very_low,,habits,light_islamic
c_0008402,u_02530,2025-10-10,low,,habits,universal
c_0008403,u_02530,2025-10-12,neutral,at_peace,anxiety,light_islamic
c_0008404,u_02530,2025-10-23,good,at_peace,gratitude,light_islamic
c_0008405,u_02530,2025-11-05,good,questioning,burnout,universal
c_0008406,u_02531,2025-10-16,very_low,,confidence,light_islamic
c_0008407,u_02531,2025-11-03,low,at_peace,purpose,universal
c_0008408,u_02531,2025-11-06,good,at_peace,faith,deeper_faith
c_0008409,u_02532,2025-04-03,good,,burnout,light_islamic
c_0008410,u_02532,2025-04-07,neutral,distant,purpose,deeper_faith
c_0008411,u_02532,2025-04-09,neutral,at_peace,anxiety,light_islamic
c_0008412,u_02532,2025-04-10,neutral,at_peace,faith,light_islamic
c_0008413,u_02532,2025-04-11,low,questioning,work,deeper_faith
c_0008414,u_02532,2025-04-19,grateful,at_peace,burnout,light_islamic
c_0008415,u_02532,2025-04-28,good,questioning,anxiety,light_islamic
c_0008416,u_02534,2025-03-26,grateful,,faith,deeper_faith
c_0008417,u_02534,2025-03-27,neutral,,anxiety,universal
c_0008418,u_02534,2025-03-29,grateful,,self,universal
c_0008419,u_02534,2025-04-01,good,at_peace,self,light_islamic
c_0008420,u_02534,2025-04-02,low,questioning,purpose,universal
c_0008421,u_02534,2025-04-05,neutral,distant,habits,universal
c_0008422,u_02534,2025-04-10,neutral,questioning,gratitude,deeper_faith
c_0008423,u_02534,2025-04-12,grateful,at_peace,work,universal
c_0008424,u_02534,2025-04-14,good,at_peace,purpose,deeper_faith
c_0008425,u_02534,2025-04-22,good,distant,relationships,universal
c_0008426,u_02534,2025-04-24,good,distant,work,universal
c_0008427,u_02535,2025-07-24,low,,self,universal
c_0008428,u_02535,2025-07-25,low,,self,universal
c_0008429,u_02535,2025-07-26,neutral,,anxiety,universal
c_0008430,u_02535,2025-07-30,grateful,distant,self,universal
c_0008431,u_02535,2025-08-03,grateful,questioning,habits,light_islamic
c_0008432,u_02535,2025-08-05,low,hurting,self,universal
c_0008433,u_02535,2025-08-08,neutral,at_peace,purpose,universal
c_0008434,u_02535,2025-08-20,neutral,hurting,habits,light_islamic
c_0008435,u_02538,2025-09-30,grateful,,work,light_islamic
c_0008436,u_02538,2025-10-05,very_low,at_peace,purpose,universal
c_0008437,u_02538,2025-10-06,good,distant,anxiety,universal
c_0008438,u_02538,2025-10-07,good,questioning,purpose,universal
c_0008439,u_02538,2025-10-14,neutral,at_peace,relationships,universal
c_0008440,u_02538,2025-10-16,good,distant,purpose,deeper_faith
c_0008441,u_02538,2025-10-25,good,at_peace,gratitude,light_islamic
c_0008442,u_02538,2025-10-27,low,questioning,relationships,light_islamic
c_0008443,u_02542,2025-05-27,neutral,,burnout,light_islamic
c_0008444,u_02542,2025-05-29,neutral,,habits,universal
c_0008445,u_02542,2025-06-04,good,distant,relationships,deeper_faith
c_0008446,u_02542,2025-06-05,neutral,at_peace,faith,light_islamic
c_0008447,u_02542,2025-06-08,good,questioning,purpose,universal
c_0008448,u_02542,2025-06-14,good,questioning,faith,universal
c_0008449,u_02542,2025-06-22,neutral,at_peace,relationships,light_islamic
c_0008450,u_02545,2025-12-27,neutral,,burnout,universal
c_0008451,u_02545,2025-12-29,grateful,,gratitude,universal
c_0008452,u_02545,2026-01-01,grateful,distant,anxiety,universal
c_0008453,u_02545,2026-01-03,grateful,at_peace,anxiety,universal
c_0008454,u_02545,2026-01-11,neutral,questioning,self,light_islamic
c_0008455,u_02545,2026-01-15,neutral,at_peace,work,light_islamic
c_0008456,u_02545,2026-01-23,grateful,questioning,burnout,light_islamic
c_0008457,u_02545,2026-01-25,neutral,distant,faith,universal
c_0008458,u_02547,2025-12-19,neutral,,self,universal
c_0008459,u_02547,2025-12-20,low,,habits,universal
c_0008460,u_02547,2025-12-24,good,at_peace,confidence,universal
c_0008461,u_02547,2025-12-28,neutral,at_peace,purpose,universal
c_0008462,u_02547,2025-12-30,grateful,distant,burnout,universal
c_0008463,u_02547,2026-01-01,neutral,at_peace,gratitude,universal
c_0008464,u_02548,2025-11-23,low,,burnout,light_islamic
c_0008465,u_02548,2025-11-27,low,at_peace,faith,universal
c_0008466,u_02548,2025-11-29,good,distant,burnout,universal
c_0008467,u_02548,2025-12-02,very_low,at_peace,gratitude,light_islamic
c_0008468,u_02548,2025-12-03,good,questioning,faith,universal
c_0008469,u_02548,2025-12-05,grateful,questioning,work,light_islamic
c_0008470,u_02548,2025-12-08,low,at_peace,gratitude,light_islamic
c_0008471,u_02548,2025-12-11,good,at_peace,burnout,universal
c_0008472,u_02548,2025-12-13,neutral,questioning,faith,light_islamic
c_0008473,u_02548,2025-12-14,grateful,distant,purpose,light_islamic
c_0008474,u_02548,2025-12-15,neutral,distant,burnout,universal
c_0008475,u_02548,2025-12-16,very_low,at_peace,habits,universal
c_0008476,u_02548,2025-12-23,good,distant,gratitude,light_islamic
c_0008477,u_02549,2025-01-16,good,,relationships,light_islamic
c_0008478,u_02549,2025-01-17,good,,habits,universal
c_0008479,u_02549,2025-01-19,very_low,,purpose,light_islamic
c_0008480,u_02549,2025-01-23,good,questioning,anxiety,light_islamic
c_0008481,u_02549,2025-01-28,grateful,questioning,purpose,universal
c_0008482,u_02549,2025-02-02,low,at_peace,purpose,universal
c_0008483,u_02549,2025-02-04,grateful,distant,gratitude,deeper_faith
c_0008484,u_02549,2025-02-07,grateful,questioning,work,universal
c_0008485,u_02549,2025-02-09,good,distant,confidence,light_islamic
c_0008486,u_02550,2025-12-22,neutral,,habits,light_islamic
c_0008487,u_02550,2025-12-28,good,at_peace,confidence,light_islamic
c_0008488,u_02550,2026-01-02,good,hurting,gratitude,light_islamic
c_0008489,u_02550,2026-01-08,good,at_peace,purpose,light_islamic
c_0008490,u_02550,2026-01-09,neutral,questioning,faith,light_islamic
c_0008491,u_02550,2026-01-11,good,at_peace,anxiety,light_islamic
c_0008492,u_02550,2026-01-15,neutral,at_peace,purpose,universal
c_0008493,u_02550,2026-01-21,good,at_peace,purpose,universal
c_0008494,u_02551,2025-09-19,neutral,,confidence,universal
c_0008495,u_02551,2025-09-27,good,hurting,burnout,universal
c_0008496,u_02551,2025-10-01,low,distant,relationships,universal
c_0008497,u_02551,2025-10-02,neutral,at_peace,relationships,universal
c_0008498,u_02551,2025-10-13,good,at_peace,habits,universal
c_0008499,u_02556,2025-04-29,very_low,,anxiety,light_islamic
c_0008500,u_02556,2025-04-30,good,,purpose,deeper_faith
c_0008501,u_02556,2025-05-02,low,,faith,universal
c_0008502,u_02556,2025-05-04,very_low,at_peace,relationships,universal
c_0008503,u_02556,2025-05-06,good,at_peace,self,light_islamic
c_0008504,u_02556,2025-05-13,good,at_peace,self,light_islamic
c_0008505,u_02556,2025-05-15,grateful,questioning,gratitude,light_islamic
c_0008506,u_02556,2025-05-17,neutral,questioning,confidence,universal
c_0008507,u_02556,2025-05-18,grateful,at_peace,confidence,light_islamic
c_0008508,u_02556,2025-05-23,grateful,questioning,burnout,light_islamic
c_0008509,u_02557,2025-04-04,good,,faith,deeper_faith
c_0008510,u_02557,2025-04-07,neutral,,habits,light_islamic
c_0008511,u_02557,2025-04-11,grateful,distant,faith,universal
c_0008512,u_02557,2025-04-18,low,questioning,confidence,light_islamic
c_0008513,u_02557,2025-04-20,good,at_peace,work,light_islamic
c_0008514,u_02557,2025-04-23,good,at_peace,relationships,universal
c_0008515,u_02559,2025-09-16,very_low,,faith,universal
c_0008516,u_02559,2025-09-17,neutral,,faith,light_islamic
c_0008517,u_02559,2025-09-18,good,,gratitude,deeper_faith
c_0008518,u_02559,2025-09-21,neutral,distant,work,universal
c_0008519,u_02559,2025-09-23,neutral,questioning,purpose,universal
c_0008520,u_02559,2025-09-27,neutral,at_peace,burnout,deeper_faith
c_0008521,u_02559,2025-09-29,neutral,at_peace,work,universal
c_0008522,u_02559,2025-10-06,neutral,distant,habits,universal
c_0008523,u_02559,2025-10-12,very_low,questioning,habits,universal
c_0008524,u_02560,2025-08-02,neutral,,anxiety,light_islamic
c_0008525,u_02560,2025-08-03,neutral,,anxiety,light_islamic
c_0008526,u_02560,2025-08-10,good,distant,anxiety,universal
c_0008527,u_02560,2025-08-11,good,distant,faith,deeper_faith
c_0008528,u_02560,2025-08-24,good,at_peace,relationships,light_islamic
c_0008529,u_02561,2025-12-17,neutral,,anxiety,universal
c_0008530,u_02561,2025-12-19,good,,work,deeper_faith
c_0008531,u_02561,2025-12-20,good,,anxiety,light_islamic
c_0008532,u_02561,2025-12-23,neutral,at_peace,anxiety,deeper_faith
c_0008533,u_02561,2025-12-27,good,at_peace,confidence,light_islamic
c_0008534,u_02561,2025-12-29,very_low,at_peace,purpose,universal
c_0008535,u_02561,2026-01-03,good,at_peace,relationships,light_islamic
c_0008536,u_02563,2025-07-21,low,,confidence,universal
c_0008537,u_02563,2025-07-22,good,,faith,universal
c_0008538,u_02563,2025-07-28,neutral,at_peace,burnout,universal
c_0008539,u_02563,2025-08-01,grateful,at_peace,habits,deeper_faith
c_0008540,u_02563,2025-08-15,grateful,at_peace,work,light_islamic
c_0008541,u_02563,2025-08-19,good,distant,purpose,light_islamic
c_0008542,u_02565,2025-09-30,good,,work,light_islamic
c_0008543,u_02565,2025-10-01,low,,burnout,universal
c_0008544,u_02565,2025-10-03,very_low,,anxiety,light_islamic
c_0008545,u_02565,2025-10-04,good,at_peace,confidence,universal
c_0008546,u_02565,2025-10-07,good,questioning,gratitude,light_islamic
c_0008547,u_02565,2025-10-11,very_low,distant,self,universal
c_0008548,u_02565,2025-10-12,neutral,distant,gratitude,light_islamic
c_0008549,u_02565,2025-10-13,neutral,at_peace,gratitude,universal
c_0008550,u_02565,2025-10-22,low,at_peace,confidence,deeper_faith
c_0008551,u_02565,2025-10-26,good,at_peace,faith,light_islamic
c_0008552,u_02565,2025-10-28,good,at_peace,gratitude,deeper_faith
c_0008553,u_02567,2025-03-29,neutral,,faith,universal
c_0008554,u_02567,2025-03-30,good,,purpose,light_islamic
c_0008555,u_02567,2025-04-02,good,distant,relationships,universal
c_0008556,u_02567,2025-04-04,neutral,hurting,habits,universal
c_0008557,u_02567,2025-04-07,grateful,questioning,confidence,universal
c_0008558,u_02567,2025-04-26,neutral,distant,work,universal
c_0008559,u_02572,2025-11-06,neutral,,anxiety,light_islamic
c_0008560,u_02572,2025-11-07,neutral,,relationships,universal
c_0008561,u_02572,2025-11-08,neutral,,gratitude,light_islamic
c_0008562,u_02572,2025-11-09,good,,relationships,light_islamic
c_0008563,u_02572,2025-11-11,good,questioning,burnout,universal
c_0008564,u_02572,2025-11-28,good,questioning,anxiety,light_islamic
c_0008565,u_02572,2025-12-02,neutral,questioning,confidence,universal
c_0008566,u_02573,2025-03-13,neutral,,anxiety,light_islamic
c_0008567,u_02573,2025-03-19,neutral,distant,gratitude,deeper_faith
c_0008568,u_02573,2025-03-20,neutral,at_peace,purpose,light_islamic
c_0008569,u_02573,2025-03-21,grateful,at_peace,confidence,light_islamic
c_0008570,u_02577,2025-04-10,good,,burnout,deeper_faith
c_0008571,u_02577,2025-04-25,neutral,at_peace,work,light_islamic
c_0008572,u_02577,2025-04-28,neutral,at_peace,self,light_islamic
c_0008573,u_02577,2025-04-30,neutral,hurting,work,universal
c_0008574,u_02580,2025-08-18,good,,confidence,deeper_faith
c_0008575,u_02580,2025-08-21,neutral,,relationships,deeper_faith
c_0008576,u_02580,2025-08-22,very_low,at_peace,anxiety,universal
c_0008577,u_02580,2025-08-26,neutral,at_peace,burnout,universal
c_0008578,u_02580,2025-08-29,neutral,questioning,confidence,deeper_faith
c_0008579,u_02580,2025-09-01,neutral,questioning,work,universal
c_0008580,u_02580,2025-09-04,neutral,at_peace,work,light_islamic
c_0008581,u_02580,2025-09-17,low,hurting,habits,universal
c_0008582,u_02583,2025-10-05,neutral,,purpose,light_islamic
c_0008583,u_02583,2025-10-08,low,,gratitude,light_islamic
c_0008584,u_02583,2025-10-09,neutral,questioning,burnout,light_islamic
c_0008585,u_02583,2025-10-11,low,distant,faith,universal
c_0008586,u_02583,2025-10-13,neutral,questioning,burnout,universal
c_0008587,u_02583,2025-10-14,grateful,hurting,habits,light_islamic
c_0008588,u_02583,2025-10-17,low,questioning,confidence,light_islamic
c_0008589,u_02583,2025-10-31,good,distant,gratitude,light_islamic
c_0008590,u_02586,2025-01-21,grateful,,relationships,universal
c_0008591,u_02586,2025-01-26,very_low,at_peace,faith,light_islamic
c_0008592,u_02586,2025-01-27,neutral,questioning,anxiety,light_islamic
c_0008593,u_02586,2025-01-30,good,at_peace,confidence,universal
c_0008594,u_02586,2025-02-05,good,questioning,habits,deeper_faith
c_0008595,u_02586,2025-02-18,neutral,at_peace,burnout,universal
c_0008596,u_02589,2025-08-21,neutral,,self,light_islamic
c_0008597,u_02589,2025-08-22,good,,anxiety,universal
c_0008598,u_02589,2025-08-27,good,at_peace,burnout,universal
c_0008599,u_02589,2025-09-01,grateful,questioning,habits,light_islamic
c_0008600,u_02589,2025-09-03,neutral,at_peace,work,deeper_faith
c_0008601,u_02589,2025-09-08,good,questioning,self,light_islamic
c_0008602,u_02589,2025-09-11,low,at_peace,habits,universal
c_0008603,u_02589,2025-09-12,low,questioning,gratitude,universal
c_0008604,u_02592,2025-09-21,good,,purpose,deeper_faith
c_0008605,u_02592,2025-09-22,good,,gratitude,universal
c_0008606,u_02592,2025-09-24,grateful,,faith,light_islamic
c_0008607,u_02592,2025-09-28,good,hurting,habits,universal
c_0008608,u_02592,2025-09-29,neutral,distant,gratitude,light_islamic
c_0008609,u_02592,2025-09-30,good,at_peace,relationships,universal
c_0008610,u_02592,2025-10-02,low,distant,confidence,deeper_faith
c_0008611,u_02592,2025-10-08,good,distant,confidence,universal
c_0008612,u_02592,2025-10-11,good,at_peace,habits,deeper_faith
c_0008613,u_02592,2025-10-13,grateful,at_peace,burnout,light_islamic
c_0008614,u_02592,2025-10-16,neutral,questioning,self,universal
c_0008615,u_02592,2025-10-21,low,at_peace,habits,light_islamic
c_0008616,u_02594,2025-04-07,good,,work,light_islamic
c_0008617,u_02594,2025-04-08,good,,gratitude,light_islamic
c_0008618,u_02594,2025-04-10,grateful,,work,universal
c_0008619,u_02594,2025-04-11,good,at_peace,anxiety,universal
c_0008620,u_02594,2025-04-13,low,hurting,habits,light_islamic
c_0008621,u_02594,2025-04-18,neutral,at_peace,habits,deeper_faith
c_0008622,u_02594,2025-04-19,good,hurting,work,light_islamic
c_0008623,u_02594,2025-04-22,grateful,at_peace,burnout,universal
c_0008624,u_02594,2025-04-24,neutral,hurting,faith,universal
c_0008625,u_02594,2025-04-26,neutral,questioning,confidence,light_islamic
c_0008626,u_02594,2025-05-04,neutral,questioning,work,universal
c_0008627,u_02596,2025-07-12,low,,anxiety,universal
c_0008628,u_02596,2025-07-14,neutral,,burnout,universal
c_0008629,u_02596,2025-07-20,very_low,questioning,confidence,universal
c_0008630,u_02596,2025-07-21,good,at_peace,habits,universal
c_0008631,u_02596,2025-07-23,low,questioning,faith,universal
c_0008632,u_02596,2025-07-29,good,hurting,burnout,light_islamic
c_0008633,u_02596,2025-08-05,neutral,at_peace,burnout,universal
c_0008634,u_02596,2025-08-09,neutral,at_peace,burnout,universal
c_0008635,u_02598,2025-12-26,very_low,,burnout,deeper_faith
c_0008636,u_02598,2026-01-08,low,distant,faith,light_islamic
c_0008637,u_02598,2026-01-24,neutral,at_peace,purpose,universal
c_0008638,u_02598,2026-01-25,grateful,at_peace,purpose,universal
c_0008639,u_02599,2025-07-30,grateful,,gratitude,universal
c_0008640,u_02599,2025-08-01,neutral,,purpose,universal
c_0008641,u_02599,2025-08-02,good,,purpose,universal
c_0008642,u_02599,2025-08-06,good,hurting,anxiety,deeper_faith
c_0008643,u_02599,2025-08-18,low,hurting,self,light_islamic
c_0008644,u_02599,2025-08-27,good,at_peace,gratitude,light_islamic
c_0008645,u_02599,2025-08-29,neutral,hurting,faith,light_islamic
c_0008646,u_02601,2025-12-05,neutral,,burnout,universal
c_0008647,u_02601,2025-12-06,low,,faith,universal
c_0008648,u_02601,2025-12-08,good,,habits,universal
c_0008649,u_02601,2025-12-09,low,at_peace,habits,universal
c_0008650,u_02601,2025-12-11,neutral,questioning,relationships,universal
c_0008651,u_02601,2025-12-13,good,at_peace,gratitude,universal
c_0008652,u_02601,2025-12-15,good,questioning,habits,universal
c_0008653,u_02601,2025-12-17,neutral,at_peace,gratitude,universal
c_0008654,u_02601,2025-12-23,very_low,at_peace,work,universal
c_0008655,u_02601,2025-12-25,grateful,distant,gratitude,universal
c_0008656,u_02601,2025-12-26,grateful,questioning,self,light_islamic
c_0008657,u_02601,2026-01-03,good,at_peace,purpose,deeper_faith
c_0008658,u_02603,2025-06-08,good,,faith,universal
c_0008659,u_02603,2025-06-09,good,,purpose,universal
c_0008660,u_02603,2025-06-11,very_low,,self,deeper_faith
c_0008661,u_02603,2025-06-13,very_low,at_peace,faith,light_islamic
c_0008662,u_02603,2025-06-19,neutral,questioning,self,universal
c_0008663,u_02603,2025-06-20,grateful,questioning,faith,light_islamic
c_0008664,u_02603,2025-06-27,good,at_peace,purpose,light_islamic
c_0008665,u_02603,2025-06-29,low,at_peace,confidence,light_islamic
c_0008666,u_02609,2025-09-21,good,,habits,light_islamic
c_0008667,u_02609,2025-09-24,good,,purpose,light_islamic
c_0008668,u_02609,2025-10-02,good,questioning,confidence,light_islamic
c_0008669,u_02609,2025-10-06,good,at_peace,purpose,universal
c_0008670,u_02609,2025-10-13,good,at_peace,purpose,light_islamic
c_0008671,u_02610,2025-04-24,low,,burnout,light_islamic
c_0008672,u_02610,2025-04-26,grateful,,anxiety,universal
c_0008673,u_02610,2025-04-27,grateful,,confidence,deeper_faith
c_0008674,u_02610,2025-04-28,neutral,at_peace,relationships,deeper_faith
c_0008675,u_02610,2025-05-06,low,at_peace,gratitude,light_islamic
c_0008676,u_02610,2025-05-07,good,distant,confidence,light_islamic
c_0008677,u_02610,2025-05-23,low,at_peace,anxiety,universal
c_0008678,u_02613,2025-12-03,good,,work,universal
c_0008679,u_02613,2025-12-05,good,,anxiety,light_islamic
c_0008680,u_02613,2025-12-31,good,at_peace,purpose,universal
c_0008681,u_02614,2025-12-14,grateful,,gratitude,light_islamic
c_0008682,u_02614,2025-12-16,low,,purpose,universal
c_0008683,u_02614,2025-12-17,neutral,,anxiety,universal
c_0008684,u_02614,2025-12-22,good,distant,anxiety,universal
c_0008685,u_02614,2025-12-29,neutral,at_peace,anxiety,universal
c_0008686,u_02616,2025-12-23,good,,confidence,light_islamic
c_0008687,u_02616,2025-12-28,neutral,questioning,self,light_islamic
c_0008688,u_02616,2025-12-30,neutral,at_peace,faith,universal
c_0008689,u_02616,2026-01-09,grateful,distant,confidence,universal
c_0008690,u_02616,2026-01-12,good,at_peace,anxiety,universal
c_0008691,u_02616,2026-01-19,low,at_peace,confidence,universal
c_0008692,u_02617,2025-01-25,good,,work,universal
c_0008693,u_02617,2025-01-26,neutral,,faith,universal
c_0008694,u_02617,2025-01-28,neutral,,anxiety,light_islamic
c_0008695,u_02617,2025-01-30,good,at_peace,purpose,universal
c_0008696,u_02617,2025-02-02,good,distant,self,light_islamic
c_0008697,u_02617,2025-02-03,low,at_peace,work,light_islamic
c_0008698,u_02617,2025-02-04,low,questioning,faith,universal
c_0008699,u_02617,2025-02-05,good,at_peace,relationships,light_islamic
c_0008700,u_02617,2025-02-07,good,hurting,purpose,light_islamic
c_0008701,u_02617,2025-02-15,neutral,at_peace,faith,light_islamic
c_0008702,u_02618,2025-08-29,neutral,,faith,universal
c_0008703,u_02618,2025-08-30,very_low,,gratitude,light_islamic
c_0008704,u_02618,2025-09-08,neutral,distant,relationships,universal
c_0008705,u_02618,2025-09-13,grateful,hurting,purpose,universal
c_0008706,u_02618,2025-09-14,good,at_peace,gratitude,universal
c_0008707,u_02618,2025-09-16,neutral,questioning,burnout,light_islamic
c_0008708,u_02618,2025-09-28,good,questioning,self,universal
c_0008709,u_02620,2025-06-24,good,,confidence,light_islamic
c_0008710,u_02620,2025-06-27,low,,faith,universal
c_0008711,u_02620,2025-06-30,very_low,questioning,relationships,light_islamic
c_0008712,u_02620,2025-07-11,very_low,distant,faith,universal
c_0008713,u_02620,2025-07-19,neutral,distant,gratitude,light_islamic
c_0008714,u_02620,2025-07-22,neutral,at_peace,work,universal
c_0008715,u_02626,2025-02-24,grateful,,anxiety,light_islamic
c_0008716,u_02626,2025-02-26,good,,work,light_islamic
c_0008717,u_02626,2025-02-27,good,,self,universal
c_0008718,u_02626,2025-03-02,neutral,distant,gratitude,universal
c_0008719,u_02626,2025-03-05,neutral,questioning,purpose,universal
c_0008720,u_02626,2025-03-10,good,at_peace,work,light_islamic
c_0008721,u_02626,2025-03-12,neutral,distant,burnout,light_islamic
c_0008722,u_02626,2025-03-15,low,at_peace,confidence,light_islamic
c_0008723,u_02626,2025-03-16,grateful,at_peace,faith,light_islamic
c_0008724,u_02626,2025-03-24,neutral,at_peace,work,light_islamic
c_0008725,u_02628,2025-07-28,neutral,,confidence,universal
c_0008726,u_02628,2025-08-02,good,at_peace,work,deeper_faith
c_0008727,u_02628,2025-08-03,grateful,hurting,anxiety,light_islamic
c_0008728,u_02628,2025-08-04,grateful,at_peace,purpose,light_islamic
c_0008729,u_02628,2025-08-08,neutral,at_peace,burnout,light_islamic
c_0008730,u_02628,2025-08-18,very_low,at_peace,anxiety,universal
c_0008731,u_02629,2025-12-24,good,,purpose,light_islamic
c_0008732,u_02629,2025-12-25,good,,relationships,deeper_faith
c_0008733,u_02629,2025-12-26,good,,work,universal
c_0008734,u_02629,2025-12-27,neutral,,faith,light_islamic
c_0008735,u_02629,2025-12-31,good,at_peace,work,light_islamic
c_0008736,u_02629,2026-01-02,grateful,at_peace,confidence,universal
c_0008737,u_02629,2026-01-04,grateful,at_peace,burnout,universal
c_0008738,u_02629,2026-01-07,low,distant,relationships,light_islamic
c_0008739,u_02630,2025-10-31,good,,self,universal
c_0008740,u_02630,2025-11-02,very_low,,self,light_islamic
c_0008741,u_02630,2025-11-05,good,at_peace,faith,light_islamic
c_0008742,u_02630,2025-11-06,neutral,at_peace,self,universal
c_0008743,u_02630,2025-11-11,good,questioning,gratitude,light_islamic
c_0008744,u_02630,2025-11-12,neutral,at_peace,faith,universal
c_0008745,u_02630,2025-11-13,good,at_peace,confidence,light_islamic
c_0008746,u_02630,2025-11-14,good,distant,work,light_islamic
c_0008747,u_02630,2025-11-18,good,at_peace,relationships,light_islamic
c_0008748,u_02630,2025-11-25,neutral,questioning,habits,universal
c_0008749,u_02630,2025-11-30,good,questioning,habits,light_islamic
c_0008750,u_02632,2025-10-01,neutral,,burnout,deeper_faith
c_0008751,u_02632,2025-10-03,neutral,,relationships,universal
c_0008752,u_02632,2025-10-05,good,questioning,faith,universal
c_0008753,u_02632,2025-10-07,grateful,at_peace,self,universal
c_0008754,u_02632,2025-10-08,good,at_peace,faith,universal
c_0008755,u_02632,2025-10-09,good,at_peace,confidence,universal
c_0008756,u_02632,2025-10-10,low,at_peace,confidence,light_islamic
c_0008757,u_02632,2025-10-16,very_low,at_peace,burnout,universal
c_0008758,u_02632,2025-10-24,grateful,distant,work,light_islamic
c_0008759,u_02632,2025-10-25,low,at_peace,work,universal
c_0008760,u_02634,2025-06-17,good,,anxiety,light_islamic
c_0008761,u_02634,2025-06-18,grateful,,self,universal
c_0008762,u_02634,2025-06-19,grateful,,confidence,light_islamic
c_0008763,u_02634,2025-06-20,good,,anxiety,universal
c_0008764,u_02634,2025-06-28,good,distant,self,universal
c_0008765,u_02634,2025-06-29,good,distant,faith,light_islamic
c_0008766,u_02634,2025-07-11,good,questioning,gratitude,deeper_faith
c_0008767,u_02637,2025-04-29,neutral,,gratitude,deeper_faith
c_0008768,u_02637,2025-05-04,low,distant,purpose,universal
c_0008769,u_02637,2025-05-05,neutral,at_peace,confidence,universal
c_0008770,u_02637,2025-05-06,grateful,questioning,anxiety,light_islamic
c_0008771,u_02637,2025-05-13,grateful,questioning,work,light_islamic
c_0008772,u_02637,2025-05-14,low,at_peace,self,universal
c_0008773,u_02637,2025-05-15,good,at_peace,relationships,deeper_faith
c_0008774,u_02637,2025-05-23,good,at_peace,relationships,deeper_faith
c_0008775,u_02639,2025-01-27,neutral,,burnout,universal
c_0008776,u_02639,2025-01-28,neutral,,burnout,universal
c_0008777,u_02639,2025-01-29,grateful,,gratitude,universal
c_0008778,u_02639,2025-01-30,good,,relationships,universal
c_0008779,u_02639,2025-02-04,very_low,questioning,gratitude,deeper_faith
c_0008780,u_02639,2025-02-12,good,at_peace,habits,universal
c_0008781,u_02639,2025-02-23,good,at_peace,burnout,universal
c_0008782,u_02640,2025-01-15,grateful,,faith,light_islamic
c_0008783,u_02640,2025-01-16,neutral,,anxiety,deeper_faith
c_0008784,u_02640,2025-01-17,grateful,,gratitude,deeper_faith
c_0008785,u_02640,2025-01-25,good,distant,purpose,universal
c_0008786,u_02641,2025-01-13,neutral,,self,universal
c_0008787,u_02641,2025-01-20,good,at_peace,purpose,universal
c_0008788,u_02641,2025-01-22,low,at_peace,habits,universal
c_0008789,u_02641,2025-01-31,grateful,at_peace,purpose,universal
c_0008790,u_02641,2025-02-05,neutral,at_peace,burnout,universal
c_0008791,u_02641,2025-02-06,good,at_peace,habits,light_islamic
c_0008792,u_02642,2025-10-08,good,,confidence,universal
c_0008793,u_02642,2025-10-12,good,at_peace,burnout,universal
c_0008794,u_02642,2025-10-13,low,questioning,purpose,universal
c_0008795,u_02642,2025-10-26,neutral,at_peace,faith,universal
c_0008796,u_02642,2025-10-27,good,at_peace,burnout,light_islamic
c_0008797,u_02643,2025-11-24,grateful,,relationships,universal
c_0008798,u_02643,2025-11-26,good,,burnout,light_islamic
c_0008799,u_02643,2025-12-02,good,at_peace,faith,light_islamic
c_0008800,u_02643,2025-12-05,good,at_peace,work,universal
c_0008801,u_02643,2025-12-06,good,distant,relationships,light_islamic
c_0008802,u_02643,2025-12-09,neutral,questioning,confidence,universal
c_0008803,u_02643,2025-12-10,very_low,questioning,habits,light_islamic
c_0008804,u_02644,2025-09-11,good,,relationships,universal
c_0008805,u_02644,2025-09-13,good,,habits,universal
c_0008806,u_02644,2025-09-15,very_low,at_peace,habits,universal
c_0008807,u_02644,2025-09-16,neutral,at_peace,gratitude,deeper_faith
c_0008808,u_02644,2025-09-22,good,at_peace,anxiety,universal
c_0008809,u_02644,2025-09-24,good,questioning,relationships,universal
c_0008810,u_02644,2025-09-26,low,at_peace,confidence,deeper_faith
c_0008811,u_02644,2025-10-04,good,at_peace,burnout,light_islamic
c_0008812,u_02644,2025-10-10,good,at_peace,habits,universal
c_0008813,u_02649,2025-04-16,good,,faith,universal
c_0008814,u_02649,2025-04-22,very_low,questioning,purpose,universal
c_0008815,u_02649,2025-04-25,good,distant,faith,universal
c_0008816,u_02649,2025-04-27,neutral,at_peace,self,universal
c_0008817,u_02649,2025-05-08,good,at_peace,self,light_islamic
c_0008818,u_02653,2025-04-08,neutral,,faith,universal
c_0008819,u_02653,2025-04-15,good,at_peace,faith,universal
c_0008820,u_02653,2025-04-17,neutral,questioning,relationships,universal
c_0008821,u_02653,2025-04-20,neutral,questioning,gratitude,universal
c_0008822,u_02653,2025-04-25,grateful,at_peace,burnout,light_islamic
c_0008823,u_02654,2025-03-31,good,,confidence,light_islamic
c_0008824,u_02654,2025-04-06,very_low,hurting,self,universal
c_0008825,u_02654,2025-04-07,good,questioning,work,universal
c_0008826,u_02654,2025-04-10,low,hurting,confidence,deeper_faith
c_0008827,u_02654,2025-04-11,low,at_peace,burnout,deeper_faith
c_0008828,u_02654,2025-04-13,good,at_peace,anxiety,universal
c_0008829,u_02654,2025-04-21,good,distant,confidence,universal
c_0008830,u_02654,2025-04-22,good,at_peace,relationships,light_islamic
c_0008831,u_02654,2025-04-24,good,questioning,purpose,universal
c_0008832,u_02656,2025-09-18,low,,faith,deeper_faith
c_0008833,u_02656,2025-09-21,low,,relationships,universal
c_0008834,u_02656,2025-09-23,grateful,at_peace,gratitude,universal
c_0008835,u_02656,2025-09-25,good,distant,gratitude,universal
c_0008836,u_02656,2025-09-28,good,at_peace,confidence,universal
c_0008837,u_02656,2025-09-30,good,at_peace,purpose,light_islamic
c_0008838,u_02656,2025-10-02,good,questioning,gratitude,light_islamic
c_0008839,u_02656,2025-10-04,very_low,at_peace,confidence,deeper_faith
c_0008840,u_02656,2025-10-05,good,questioning,relationships,light_islamic
c_0008841,u_02656,2025-10-15,neutral,at_peace,gratitude,universal
c_0008842,u_02657,2025-05-13,very_low,,gratitude,light_islamic
c_0008843,u_02657,2025-05-14,neutral,,relationships,universal
c_0008844,u_02657,2025-05-15,good,,anxiety,light_islamic
c_0008845,u_02657,2025-05-19,good,at_peace,work,universal
c_0008846,u_02657,2025-05-21,good,hurting,anxiety,light_islamic
c_0008847,u_02657,2025-05-24,low,at_peace,faith,universal
c_0008848,u_02657,2025-05-26,low,distant,purpose,light_islamic
c_0008849,u_02657,2025-06-01,low,questioning,self,light_islamic
c_0008850,u_02658,2025-10-31,grateful,,anxiety,deeper_faith
c_0008851,u_02658,2025-11-03,neutral,,purpose,light_islamic
c_0008852,u_02658,2025-11-04,neutral,at_peace,self,light_islamic
c_0008853,u_02658,2025-11-09,low,questioning,relationships,universal
c_0008854,u_02658,2025-11-11,neutral,hurting,relationships,light_islamic
c_0008855,u_02658,2025-11-16,neutral,hurting,burnout,universal
c_0008856,u_02658,2025-11-20,good,at_peace,work,universal
c_0008857,u_02658,2025-11-21,neutral,at_peace,faith,universal
c_0008858,u_02658,2025-11-25,good,questioning,purpose,universal
c_0008859,u_02658,2025-11-29,neutral,questioning,burnout,universal
c_0008860,u_02660,2025-12-02,good,,relationships,light_islamic
c_0008861,u_02660,2025-12-03,very_low,,purpose,universal
c_0008862,u_02660,2025-12-04,good,,confidence,light_islamic
c_0008863,u_02660,2025-12-09,neutral,distant,relationships,universal
c_0008864,u_02660,2025-12-12,good,distant,habits,light_islamic
c_0008865,u_02660,2025-12-22,grateful,distant,relationships,light_islamic
c_0008866,u_02660,2025-12-27,good,at_peace,purpose,universal
c_0008867,u_02660,2025-12-28,low,at_peace,relationships,deeper_faith
c_0008868,u_02662,2025-02-28,low,,faith,deeper_faith
c_0008869,u_02662,2025-03-03,good,,purpose,universal
c_0008870,u_02662,2025-03-07,good,at_peace,self,light_islamic
c_0008871,u_02662,2025-03-13,good,at_peace,habits,universal
c_0008872,u_02662,2025-03-14,grateful,hurting,habits,universal
c_0008873,u_02662,2025-03-15,good,questioning,work,light_islamic
c_0008874,u_02662,2025-03-18,good,at_peace,purpose,light_islamic
c_0008875,u_02662,2025-03-21,neutral,at_peace,relationships,universal
c_0008876,u_02664,2025-01-30,low,,relationships,light_islamic
c_0008877,u_02664,2025-02-08,good,at_peace,habits,universal
c_0008878,u_02664,2025-02-14,good,distant,purpose,universal
c_0008879,u_02664,2025-02-15,good,at_peace,purpose,universal
c_0008880,u_02664,2025-02-22,neutral,hurting,habits,light_islamic
c_0008881,u_02664,2025-02-27,good,at_peace,self,light_islamic
c_0008882,u_02665,2025-01-02,neutral,,burnout,light_islamic
c_0008883,u_02665,2025-01-03,grateful,,habits,light_islamic
c_0008884,u_02665,2025-01-04,neutral,,habits,light_islamic
c_0008885,u_02665,2025-01-06,neutral,distant,confidence,light_islamic
c_0008886,u_02665,2025-01-14,neutral,at_peace,self,light_islamic
c_0008887,u_02665,2025-01-18,low,at_peace,habits,light_islamic
c_0008888,u_02665,2025-01-22,neutral,distant,self,light_islamic
c_0008889,u_02665,2025-01-25,good,distant,work,deeper_faith
c_0008890,u_02665,2025-01-26,neutral,hurting,anxiety,universal
c_0008891,u_02669,2025-05-13,good,,relationships,light_islamic
c_0008892,u_02669,2025-05-19,neutral,distant,confidence,light_islamic
c_0008893,u_02669,2025-05-22,good,at_peace,burnout,light_islamic
c_0008894,u_02669,2025-05-26,grateful,at_peace,relationships,deeper_faith
c_0008895,u_02669,2025-06-03,neutral,at_peace,burnout,light_islamic
c_0008896,u_02669,2025-06-12,grateful,questioning,gratitude,light_islamic
c_0008897,u_02673,2025-11-01,neutral,,anxiety,deeper_faith
c_0008898,u_02673,2025-11-03,good,,anxiety,universal
c_0008899,u_02673,2025-11-06,good,distant,self,universal
c_0008900,u_02673,2025-11-09,grateful,at_peace,burnout,light_islamic
c_0008901,u_02673,2025-11-10,low,questioning,anxiety,light_islamic
c_0008902,u_02673,2025-11-25,low,at_peace,purpose,light_islamic
c_0008903,u_02673,2025-11-27,neutral,hurting,self,universal
c_0008904,u_02674,2025-10-31,neutral,,purpose,universal
c_0008905,u_02674,2025-11-01,good,,anxiety,deeper_faith
c_0008906,u_02674,2025-11-02,low,,gratitude,light_islamic
c_0008907,u_02674,2025-11-04,good,at_peace,self,universal
c_0008908,u_02674,2025-11-06,neutral,hurting,relationships,deeper_faith
c_0008909,u_02674,2025-11-09,neutral,hurting,burnout,universal
c_0008910,u_02674,2025-11-10,good,at_peace,burnout,universal
c_0008911,u_02674,2025-11-11,good,distant,relationships,deeper_faith
c_0008912,u_02674,2025-11-15,grateful,at_peace,faith,light_islamic
c_0008913,u_02674,2025-11-16,neutral,at_peace,anxiety,light_islamic
c_0008914,u_02674,2025-11-18,neutral,questioning,burnout,universal
c_0008915,u_02675,2025-11-02,good,,self,universal
c_0008916,u_02675,2025-11-11,low,distant,work,light_islamic
c_0008917,u_02675,2025-11-13,neutral,at_peace,relationships,light_islamic
c_0008918,u_02675,2025-11-14,good,at_peace,relationships,light_islamic
c_0008919,u_02675,2025-11-17,good,questioning,work,light_islamic
c_0008920,u_02675,2025-11-24,neutral,at_peace,burnout,deeper_faith
c_0008921,u_02675,2025-11-30,good,at_peace,habits,universal
c_0008922,u_02676,2025-04-30,good,,relationships,light_islamic
c_0008923,u_02676,2025-05-01,neutral,,burnout,light_islamic
c_0008924,u_02676,2025-05-06,good,at_peace,self,universal
c_0008925,u_02676,2025-05-08,low,at_peace,faith,universal
c_0008926,u_02676,2025-05-09,good,at_peace,habits,light_islamic
c_0008927,u_02681,2025-04-01,neutral,,self,deeper_faith
c_0008928,u_02681,2025-04-04,neutral,,confidence,universal
c_0008929,u_02681,2025-04-06,good,questioning,anxiety,deeper_faith
c_0008930,u_02681,2025-04-10,good,at_peace,gratitude,light_islamic
c_0008931,u_02681,2025-04-11,grateful,at_peace,faith,universal
c_0008932,u_02681,2025-04-17,good,at_peace,work,light_islamic
c_0008933,u_02681,2025-04-18,neutral,distant,faith,universal
c_0008934,u_02682,2025-04-13,neutral,,relationships,universal
c_0008935,u_02682,2025-04-14,good,,habits,universal
c_0008936,u_02682,2025-04-15,very_low,,self,light_islamic
c_0008937,u_02682,2025-04-19,neutral,at_peace,anxiety,universal
c_0008938,u_02682,2025-04-20,low,at_peace,work,light_islamic
c_0008939,u_02682,2025-05-05,grateful,at_peace,confidence,universal
c_0008940,u_02682,2025-05-08,good,questioning,purpose,light_islamic
c_0008941,u_02683,2025-09-27,very_low,,burnout,light_islamic
c_0008942,u_02683,2025-09-28,good,,anxiety,light_islamic
c_0008943,u_02683,2025-10-01,grateful,questioning,relationships,universal
c_0008944,u_02683,2025-10-02,neutral,at_peace,habits,deeper_faith
c_0008945,u_02683,2025-10-03,very_low,at_peace,gratitude,light_islamic
c_0008946,u_02683,2025-10-16,good,hurting,anxiety,universal
c_0008947,u_02683,2025-10-25,neutral,questioning,faith,deeper_faith
c_0008948,u_02684,2025-11-08,very_low,,anxiety,light_islamic
c_0008949,u_02684,2025-11-10,low,,faith,universal
c_0008950,u_02684,2025-11-12,neutral,at_peace,work,light_islamic
c_0008951,u_02684,2025-11-15,good,at_peace,gratitude,universal
c_0008952,u_02684,2025-11-16,low,at_peace,anxiety,light_islamic
c_0008953,u_02684,2025-11-17,good,at_peace,confidence,light_islamic
c_0008954,u_02684,2025-11-19,grateful,questioning,work,light_islamic
c_0008955,u_02684,2025-11-20,neutral,at_peace,relationships,deeper_faith
c_0008956,u_02684,2025-11-24,neutral,distant,relationships,universal
c_0008957,u_02684,2025-11-28,neutral,hurting,work,universal
c_0008958,u_02684,2025-11-30,neutral,hurting,habits,universal
c_0008959,u_02684,2025-12-04,grateful,at_peace,confidence,universal
c_0008960,u_02684,2025-12-06,good,questioning,relationships,light_islamic
c_0008961,u_02685,2025-05-11,good,,burnout,light_islamic
c_0008962,u_02685,2025-05-14,low,,gratitude,universal
c_0008963,u_02685,2025-05-17,grateful,at_peace,work,light_islamic
c_0008964,u_02685,2025-05-18,low,at_peace,gratitude,light_islamic
c_0008965,u_02685,2025-05-27,neutral,at_peace,confidence,light_islamic
c_0008966,u_02686,2025-06-06,good,,confidence,universal
c_0008967,u_02686,2025-06-09,very_low,,faith,light_islamic
c_0008968,u_02686,2025-06-10,grateful,at_peace,anxiety,light_islamic
c_0008969,u_02686,2025-06-15,neutral,at_peace,burnout,universal
c_0008970,u_02686,2025-06-16,good,distant,habits,universal
c_0008971,u_02686,2025-06-17,low,at_peace,burnout,light_islamic
c_0008972,u_02686,2025-06-18,good,at_peace,burnout,light_islamic
c_0008973,u_02686,2025-06-23,neutral,distant,self,deeper_faith
c_0008974,u_02686,2025-07-02,neutral,distant,work,light_islamic
c_0008975,u_02687,2025-02-03,neutral,,relationships,universal
c_0008976,u_02687,2025-02-07,good,distant,relationships,universal
c_0008977,u_02687,2025-02-09,low,questioning,burnout,universal
c_0008978,u_02687,2025-02-11,good,at_peace,gratitude,universal
c_0008979,u_02687,2025-02-23,grateful,at_peace,gratitude,light_islamic
c_0008980,u_02687,2025-02-26,low,at_peace,confidence,universal
c_0008981,u_02689,2025-08-04,neutral,,self,universal
c_0008982,u_02689,2025-08-16,good,at_peace,anxiety,deeper_faith
c_0008983,u_02689,2025-08-27,neutral,hurting,anxiety,light_islamic
c_0008984,u_02690,2025-05-16,good,,burnout,universal
c_0008985,u_02690,2025-05-20,good,at_peace,purpose,universal
c_0008986,u_02690,2025-05-24,good,distant,relationships,universal
c_0008987,u_02690,2025-05-26,very_low,questioning,purpose,light_islamic
c_0008988,u_02690,2025-05-31,neutral,at_peace,burnout,light_islamic
c_0008989,u_02691,2025-12-07,grateful,,habits,light_islamic
c_0008990,u_02691,2025-12-08,neutral,,anxiety,universal
c_0008991,u_02691,2025-12-10,neutral,,burnout,universal
c_0008992,u_02691,2025-12-17,low,at_peace,work,light_islamic
c_0008993,u_02691,2025-12-25,grateful,distant,habits,universal
c_0008994,u_02693,2025-02-19,grateful,,gratitude,light_islamic
c_0008995,u_02693,2025-02-22,grateful,,work,universal
c_0008996,u_02693,2025-02-25,neutral,at_peace,faith,light_islamic
c_0008997,u_02693,2025-03-03,good,at_peace,habits,universal
c_0008998,u_02693,2025-03-07,neutral,at_peace,faith,universal
c_0008999,u_02694,2025-01-22,good,,burnout,universal
c_0009000,u_02694,2025-01-23,neutral,,self,universal
c_0009001,u_02694,2025-01-24,low,,habits,universal
c_0009002,u_02694,2025-01-25,neutral,,self,universal
c_0009003,u_02694,2025-01-29,good,at_peace,confidence,universal
c_0009004,u_02694,2025-02-04,good,distant,purpose,deeper_faith
c_0009005,u_02694,2025-02-05,low,at_peace,purpose,light_islamic
c_0009006,u_02694,2025-02-06,low,hurting,anxiety,universal
c_0009007,u_02694,2025-02-16,neutral,at_peace,purpose,universal
c_0009008,u_02698,2025-02-02,neutral,,confidence,universal
c_0009009,u_02698,2025-02-09,good,at_peace,anxiety,universal
c_0009010,u_02698,2025-02-14,neutral,distant,habits,universal
c_0009011,u_02698,2025-03-03,good,at_peace,faith,light_islamic
c_0009012,u_02699,2025-09-05,neutral,,gratitude,light_islamic
c_0009013,u_02699,2025-09-06,good,,relationships,light_islamic
c_0009014,u_02699,2025-09-10,neutral,at_peace,anxiety,light_islamic
c_0009015,u_02699,2025-09-14,good,distant,gratitude,light_islamic
c_0009016,u_02699,2025-09-15,neutral,at_peace,faith,deeper_faith
c_0009017,u_02699,2025-09-16,grateful,distant,confidence,universal
c_0009018,u_02699,2025-09-17,neutral,at_peace,habits,deeper_faith
c_0009019,u_02699,2025-09-23,low,at_peace,habits,universal
c_0009020,u_02699,2025-10-01,neutral,distant,burnout,universal
c_0009021,u_02699,2025-10-04,neutral,distant,relationships,light_islamic
c_0009022,u_02701,2025-07-04,good,,faith,universal
c_0009023,u_02701,2025-07-10,good,hurting,relationships,universal
c_0009024,u_02701,2025-07-30,low,at_peace,habits,light_islamic
c_0009025,u_02704,2025-08-15,good,,burnout,deeper_faith
c_0009026,u_02704,2025-08-16,very_low,,gratitude,light_islamic
c_0009027,u_02704,2025-08-20,low,at_peace,gratitude,light_islamic
c_0009028,u_02704,2025-08-21,good,at_peace,work,universal
c_0009029,u_02704,2025-08-23,grateful,hurting,confidence,universal
c_0009030,u_02704,2025-08-24,good,at_peace,relationships,light_islamic
c_0009031,u_02704,2025-08-25,grateful,hurting,habits,light_islamic
c_0009032,u_02704,2025-08-27,good,questioning,habits,universal
c_0009033,u_02704,2025-09-02,grateful,at_peace,relationships,light_islamic
c_0009034,u_02704,2025-09-04,neutral,questioning,habits,light_islamic
c_0009035,u_02704,2025-09-08,good,at_peace,confidence,deeper_faith
c_0009036,u_02704,2025-09-12,low,questioning,relationships,deeper_faith
c_0009037,u_02704,2025-09-14,good,at_peace,anxiety,light_islamic
c_0009038,u_02707,2025-10-11,neutral,,faith,universal
c_0009039,u_02707,2025-10-15,neutral,at_peace,work,light_islamic
c_0009040,u_02707,2025-10-17,low,distant,anxiety,light_islamic
c_0009041,u_02707,2025-10-23,good,distant,habits,universal
c_0009042,u_02707,2025-10-24,grateful,at_peace,habits,light_islamic
c_0009043,u_02707,2025-11-04,good,hurting,work,light_islamic
c_0009044,u_02707,2025-11-09,grateful,distant,relationships,deeper_faith
c_0009045,u_02709,2025-08-05,grateful,,habits,light_islamic
c_0009046,u_02709,2025-08-13,good,questioning,habits,universal
c_0009047,u_02709,2025-08-18,low,questioning,gratitude,light_islamic
c_0009048,u_02709,2025-08-19,good,at_peace,work,light_islamic
c_0009049,u_02709,2025-08-25,grateful,at_peace,self,light_islamic
c_0009050,u_02710,2025-12-02,very_low,,relationships,universal
c_0009051,u_02710,2025-12-04,grateful,,confidence,light_islamic
c_0009052,u_02710,2025-12-15,good,distant,habits,light_islamic
c_0009053,u_02710,2025-12-16,low,at_peace,anxiety,deeper_faith
c_0009054,u_02710,2025-12-19,grateful,hurting,burnout,universal
c_0009055,u_02710,2025-12-20,grateful,at_peace,habits,deeper_faith
c_0009056,u_02712,2025-07-27,good,,self,light_islamic
c_0009057,u_02712,2025-07-28,neutral,,relationships,light_islamic
c_0009058,u_02712,2025-07-31,grateful,at_peace,purpose,deeper_faith
c_0009059,u_02712,2025-08-03,good,hurting,relationships,light_islamic
c_0009060,u_02712,2025-08-04,neutral,questioning,purpose,light_islamic
c_0009061,u_02712,2025-08-08,grateful,at_peace,work,light_islamic
c_0009062,u_02712,2025-08-09,neutral,distant,relationships,universal
c_0009063,u_02712,2025-08-23,good,at_peace,relationships,universal
c_0009064,u_02712,2025-08-25,neutral,at_peace,anxiety,universal
c_0009065,u_02716,2025-11-26,good,,purpose,deeper_faith
c_0009066,u_02716,2025-11-27,good,,burnout,universal
c_0009067,u_02716,2025-11-28,very_low,,burnout,deeper_faith
c_0009068,u_02716,2025-11-29,good,,burnout,universal
c_0009069,u_02716,2025-12-01,good,questioning,purpose,universal
c_0009070,u_02716,2025-12-03,grateful,at_peace,purpose,light_islamic
c_0009071,u_02716,2025-12-04,good,distant,anxiety,light_islamic
c_0009072,u_02716,2025-12-11,neutral,at_peace,habits,universal
c_0009073,u_02716,2025-12-21,neutral,distant,self,universal
c_0009074,u_02717,2025-06-30,neutral,,faith,universal
c_0009075,u_02717,2025-07-02,good,,work,light_islamic
c_0009076,u_02717,2025-07-10,good,at_peace,habits,universal
c_0009077,u_02717,2025-07-19,good,at_peace,habits,light_islamic
c_0009078,u_02717,2025-07-21,good,questioning,purpose,light_islamic
c_0009079,u_02717,2025-07-22,neutral,at_peace,habits,light_islamic
c_0009080,u_02718,2025-05-21,grateful,,anxiety,deeper_faith
c_0009081,u_02718,2025-06-01,good,at_peace,faith,universal
c_0009082,u_02718,2025-06-03,grateful,distant,anxiety,deeper_faith
c_0009083,u_02718,2025-06-14,very_low,questioning,relationships,deeper_faith
c_0009084,u_02718,2025-06-15,very_low,questioning,self,light_islamic
c_0009085,u_02720,2025-02-17,neutral,,burnout,universal
c_0009086,u_02720,2025-02-20,good,,confidence,universal
c_0009087,u_02720,2025-02-23,good,at_peace,burnout,light_islamic
c_0009088,u_02720,2025-02-24,good,at_peace,anxiety,light_islamic
c_0009089,u_02720,2025-02-26,low,at_peace,self,light_islamic
c_0009090,u_02720,2025-03-18,low,hurting,habits,light_islamic
c_0009091,u_02721,2025-09-06,very_low,,gratitude,universal
c_0009092,u_02721,2025-09-08,grateful,,relationships,universal
c_0009093,u_02721,2025-09-10,neutral,at_peace,confidence,deeper_faith
c_0009094,u_02721,2025-09-11,good,hurting,anxiety,universal
c_0009095,u_02721,2025-09-12,very_low,at_peace,anxiety,universal
c_0009096,u_02721,2025-09-13,good,at_peace,work,light_islamic
c_0009097,u_02721,2025-09-20,good,at_peace,burnout,deeper_faith
c_0009098,u_02724,2025-11-13,neutral,,gratitude,deeper_faith
c_0009099,u_02724,2025-11-18,neutral,at_peace,habits,light_islamic
c_0009100,u_02724,2025-11-23,good,at_peace,purpose,light_islamic
c_0009101,u_02724,2025-11-24,grateful,distant,relationships,light_islamic
c_0009102,u_02724,2025-12-09,good,at_peace,confidence,universal
c_0009103,u_02724,2025-12-10,good,at_peace,confidence,deeper_faith
c_0009104,u_02725,2025-10-12,neutral,,gratitude,light_islamic
c_0009105,u_02725,2025-10-13,good,,gratitude,universal
c_0009106,u_02725,2025-10-14,neutral,,gratitude,deeper_faith
c_0009107,u_02725,2025-10-18,grateful,questioning,anxiety,light_islamic
c_0009108,u_02725,2025-10-19,low,distant,burnout,light_islamic
c_0009109,u_02725,2025-10-21,low,distant,self,light_islamic
c_0009110,u_02725,2025-10-30,neutral,questioning,work,universal
c_0009111,u_02725,2025-10-31,good,distant,anxiety,universal
c_0009112,u_02725,2025-11-08,neutral,hurting,anxiety,light_islamic
c_0009113,u_02726,2025-04-14,neutral,,self,deeper_faith
c_0009114,u_02726,2025-04-16,grateful,,habits,light_islamic
c_0009115,u_02726,2025-04-17,grateful,,purpose,universal
c_0009116,u_02726,2025-04-18,grateful,distant,relationships,light_islamic
c_0009117,u_02726,2025-04-24,neutral,questioning,habits,light_islamic
c_0009118,u_02726,2025-04-29,low,at_peace,self,light_islamic
c_0009119,u_02726,2025-04-30,low,at_peace,faith,light_islamic
c_0009120,u_02726,2025-05-10,neutral,distant,self,universal
c_0009121,u_02728,2025-07-24,grateful,,habits,universal
c_0009122,u_02728,2025-07-25,neutral,,purpose,light_islamic
c_0009123,u_02728,2025-08-06,low,at_peace,self,deeper_faith
c_0009124,u_02728,2025-08-11,neutral,at_peace,gratitude,universal
c_0009125,u_02728,2025-08-19,good,distant,burnout,deeper_faith
c_0009126,u_02729,2025-11-21,good,,gratitude,universal
c_0009127,u_02729,2025-11-22,good,,self,universal
c_0009128,u_02729,2025-11-23,grateful,,habits,universal
c_0009129,u_02729,2025-11-24,neutral,,purpose,universal
c_0009130,u_02729,2025-11-28,neutral,questioning,habits,light_islamic
c_0009131,u_02729,2025-11-30,good,questioning,work,universal
c_0009132,u_02729,2025-12-01,neutral,questioning,self,deeper_faith
c_0009133,u_02729,2025-12-02,low,at_peace,burnout,universal
c_0009134,u_02729,2025-12-07,neutral,distant,work,universal
c_0009135,u_02729,2025-12-14,good,questioning,work,deeper_faith
c_0009136,u_02729,2025-12-18,good,distant,gratitude,universal
c_0009137,u_02732,2025-09-06,low,,gratitude,light_islamic
c_0009138,u_02732,2025-09-11,neutral,at_peace,burnout,light_islamic
c_0009139,u_02732,2025-09-15,grateful,at_peace,self,light_islamic
c_0009140,u_02732,2025-09-17,grateful,at_peace,purpose,light_islamic
c_0009141,u_02732,2025-09-19,good,questioning,habits,universal
c_0009142,u_02732,2025-09-24,neutral,distant,self,light_islamic
c_0009143,u_02732,2025-09-27,good,at_peace,work,universal
c_0009144,u_02732,2025-09-29,neutral,distant,work,light_islamic
c_0009145,u_02732,2025-10-05,grateful,at_peace,burnout,light_islamic
c_0009146,u_02733,2025-07-30,good,,self,universal
c_0009147,u_02733,2025-07-31,good,,relationships,deeper_faith
c_0009148,u_02733,2025-08-03,grateful,questioning,anxiety,universal
c_0009149,u_02733,2025-08-06,good,at_peace,self,light_islamic
c_0009150,u_02733,2025-08-09,neutral,distant,work,deeper_faith
c_0009151,u_02733,2025-08-14,neutral,hurting,confidence,deeper_faith
c_0009152,u_02733,2025-08-18,neutral,questioning,work,universal
c_0009153,u_02733,2025-08-21,good,distant,faith,universal
c_0009154,u_02733,2025-08-26,good,at_peace,confidence,light_islamic
c_0009155,u_02733,2025-08-29,good,at_peace,purpose,deeper_faith
c_0009156,u_02736,2025-01-03,good,,relationships,light_islamic
c_0009157,u_02736,2025-01-07,very_low,distant,burnout,universal
c_0009158,u_02736,2025-01-11,neutral,distant,work,universal
c_0009159,u_02736,2025-01-12,very_low,questioning,anxiety,universal
c_0009160,u_02736,2025-01-15,good,at_peace,burnout,universal
c_0009161,u_02736,2025-01-18,neutral,at_peace,work,light_islamic
c_0009162,u_02736,2025-01-20,grateful,at_peace,burnout,universal
c_0009163,u_02736,2025-01-22,good,distant,anxiety,deeper_faith
c_0009164,u_02738,2025-04-06,low,,anxiety,light_islamic
c_0009165,u_02738,2025-04-07,very_low,,anxiety,deeper_faith
c_0009166,u_02738,2025-04-08,neutral,,work,light_islamic
c_0009167,u_02738,2025-04-20,good,at_peace,gratitude,universal
c_0009168,u_02738,2025-04-21,very_low,distant,anxiety,universal
c_0009169,u_02738,2025-04-23,good,questioning,gratitude,universal
c_0009170,u_02738,2025-04-25,neutral,at_peace,confidence,universal
c_0009171,u_02738,2025-05-05,very_low,at_peace,purpose,light_islamic
c_0009172,u_02742,2025-02-05,low,,purpose,universal
c_0009173,u_02742,2025-02-06,good,,relationships,universal
c_0009174,u_02742,2025-02-07,neutral,,relationships,universal
c_0009175,u_02742,2025-02-09,good,questioning,burnout,light_islamic
c_0009176,u_02742,2025-02-14,good,hurting,work,light_islamic
c_0009177,u_02742,2025-02-15,low,at_peace,confidence,light_islamic
c_0009178,u_02742,2025-02-16,good,distant,purpose,universal
c_0009179,u_02742,2025-02-19,good,at_peace,faith,light_islamic
c_0009180,u_02742,2025-02-26,low,questioning,habits,universal
c_0009181,u_02743,2025-03-27,neutral,,confidence,light_islamic
c_0009182,u_02743,2025-04-03,neutral,at_peace,purpose,light_islamic
c_0009183,u_02743,2025-04-23,neutral,distant,anxiety,universal
c_0009184,u_02749,2025-02-05,grateful,,habits,light_islamic
c_0009185,u_02749,2025-02-08,good,,habits,universal
c_0009186,u_02749,2025-02-09,good,at_peace,gratitude,light_islamic
c_0009187,u_02749,2025-02-10,neutral,at_peace,purpose,universal
c_0009188,u_02749,2025-02-11,good,questioning,anxiety,universal
c_0009189,u_02749,2025-02-15,low,at_peace,faith,light_islamic
c_0009190,u_02749,2025-02-16,neutral,hurting,purpose,universal
c_0009191,u_02750,2025-04-23,grateful,,faith,light_islamic
c_0009192,u_02750,2025-04-24,neutral,,gratitude,light_islamic
c_0009193,u_02750,2025-04-25,neutral,,relationships,light_islamic
c_0009194,u_02750,2025-04-26,neutral,,self,universal
c_0009195,u_02750,2025-05-02,good,at_peace,work,universal
c_0009196,u_02750,2025-05-11,good,at_peace,habits,universal
c_0009197,u_02750,2025-05-16,good,at_peace,burnout,universal
c_0009198,u_02752,2025-10-25,low,,habits,deeper_faith
c_0009199,u_02752,2025-10-26,good,,purpose,light_islamic
c_0009200,u_02752,2025-10-28,grateful,,habits,light_islamic
c_0009201,u_02752,2025-10-31,good,questioning,burnout,universal
c_0009202,u_02752,2025-11-03,very_low,hurting,anxiety,deeper_faith
c_0009203,u_02753,2025-06-16,very_low,,burnout,universal
c_0009204,u_02753,2025-06-17,low,,habits,universal
c_0009205,u_02753,2025-06-18,good,,gratitude,light_islamic
c_0009206,u_02753,2025-06-20,good,at_peace,anxiety,deeper_faith
c_0009207,u_02753,2025-06-23,neutral,hurting,self,light_islamic
c_0009208,u_02753,2025-06-26,neutral,questioning,self,light_islamic
c_0009209,u_02753,2025-07-03,good,questioning,burnout,universal
c_0009210,u_02753,2025-07-04,low,distant,self,light_islamic
c_0009211,u_02755,2025-08-09,grateful,,purpose,universal
c_0009212,u_02755,2025-08-11,neutral,,anxiety,universal
c_0009213,u_02755,2025-08-15,low,at_peace,purpose,light_islamic
c_0009214,u_02755,2025-08-21,low,distant,anxiety,light_islamic
c_0009215,u_02755,2025-08-23,neutral,at_peace,confidence,light_islamic
c_0009216,u_02755,2025-08-25,good,at_peace,relationships,universal
c_0009217,u_02755,2025-08-27,neutral,at_peace,work,light_islamic
c_0009218,u_02755,2025-09-02,good,at_peace,purpose,universal
c_0009219,u_02756,2025-12-29,low,,self,light_islamic
c_0009220,u_02756,2025-12-30,neutral,,relationships,universal
c_0009221,u_02756,2025-12-31,good,,purpose,light_islamic
c_0009222,u_02756,2026-01-06,neutral,at_peace,faith,universal
c_0009223,u_02756,2026-01-18,neutral,at_peace,faith,light_islamic
c_0009224,u_02757,2025-02-17,neutral,,anxiety,universal
c_0009225,u_02757,2025-02-19,good,,self,universal
c_0009226,u_02757,2025-02-20,neutral,,confidence,universal
c_0009227,u_02757,2025-02-28,good,at_peace,relationships,deeper_faith
c_0009228,u_02757,2025-03-01,neutral,at_peace,burnout,light_islamic
c_0009229,u_02757,2025-03-13,neutral,at_peace,purpose,light_islamic
c_0009230,u_02757,2025-03-14,good,questioning,burnout,deeper_faith
c_0009231,u_02759,2025-01-27,good,,habits,light_islamic
c_0009232,u_02759,2025-01-31,neutral,at_peace,purpose,light_islamic
c_0009233,u_02759,2025-02-04,low,at_peace,faith,universal
c_0009234,u_02759,2025-02-08,good,distant,confidence,light_islamic
c_0009235,u_02759,2025-02-09,good,distant,gratitude,universal
c_0009236,u_02759,2025-02-14,good,at_peace,work,light_islamic
c_0009237,u_02759,2025-02-19,grateful,hurting,purpose,deeper_faith
c_0009238,u_02759,2025-02-22,low,at_peace,work,light_islamic
c_0009239,u_02760,2025-10-01,good,,confidence,universal
c_0009240,u_02760,2025-10-04,good,,faith,light_islamic
c_0009241,u_02760,2025-10-05,grateful,distant,confidence,universal
c_0009242,u_02760,2025-10-09,good,at_peace,habits,deeper_faith
c_0009243,u_02760,2025-10-13,good,at_peace,confidence,universal
c_0009244,u_02760,2025-10-14,neutral,questioning,faith,universal
c_0009245,u_02760,2025-10-16,very_low,distant,faith,light_islamic
c_0009246,u_02760,2025-10-28,grateful,at_peace,work,universal
c_0009247,u_02760,2025-10-29,neutral,hurting,purpose,universal
c_0009248,u_02761,2025-06-30,neutral,,habits,deeper_faith
c_0009249,u_02761,2025-07-06,neutral,distant,habits,light_islamic
c_0009250,u_02761,2025-07-19,good,hurting,habits,deeper_faith
c_0009251,u_02761,2025-07-23,good,at_peace,burnout,universal
c_0009252,u_02761,2025-07-27,low,at_peace,self,universal
c_0009253,u_02763,2025-02-22,neutral,,habits,universal
c_0009254,u_02763,2025-02-28,neutral,distant,burnout,deeper_faith
c_0009255,u_02763,2025-03-02,low,hurting,relationships,universal
c_0009256,u_02763,2025-03-12,neutral,at_peace,burnout,deeper_faith
c_0009257,u_02763,2025-03-14,neutral,distant,relationships,universal
c_0009258,u_02763,2025-03-17,good,distant,work,light_islamic
c_0009259,u_02763,2025-03-19,good,questioning,work,universal
c_0009260,u_02763,2025-03-20,grateful,distant,anxiety,universal
c_0009261,u_02764,2025-05-15,neutral,,habits,universal
c_0009262,u_02764,2025-05-17,good,,work,deeper_faith
c_0009263,u_02764,2025-05-19,neutral,hurting,confidence,deeper_faith
c_0009264,u_02764,2025-05-21,neutral,distant,anxiety,deeper_faith
c_0009265,u_02764,2025-05-31,low,at_peace,purpose,light_islamic
c_0009266,u_02764,2025-06-05,low,at_peace,relationships,deeper_faith
c_0009267,u_02764,2025-06-08,neutral,questioning,relationships,universal
c_0009268,u_02764,2025-06-10,neutral,at_peace,habits,deeper_faith
c_0009269,u_02773,2025-02-01,neutral,,confidence,light_islamic
c_0009270,u_02773,2025-02-02,very_low,,self,light_islamic
c_0009271,u_02773,2025-02-04,low,,burnout,universal
c_0009272,u_02773,2025-02-08,very_low,questioning,burnout,light_islamic
c_0009273,u_02773,2025-02-19,grateful,at_peace,habits,deeper_faith
c_0009274,u_02773,2025-02-21,low,at_peace,relationships,universal
c_0009275,u_02777,2025-07-20,neutral,,anxiety,light_islamic
c_0009276,u_02777,2025-07-22,neutral,,purpose,light_islamic
c_0009277,u_02777,2025-07-29,very_low,distant,burnout,universal
c_0009278,u_02777,2025-08-03,neutral,at_peace,work,light_islamic
c_0009279,u_02777,2025-08-12,very_low,distant,self,universal
c_0009280,u_02778,2025-01-05,good,,confidence,universal
c_0009281,u_02778,2025-01-07,neutral,,purpose,universal
c_0009282,u_02778,2025-01-08,good,,purpose,universal
c_0009283,u_02778,2025-01-11,neutral,at_peace,purpose,light_islamic
c_0009284,u_02778,2025-01-12,good,distant,habits,deeper_faith
c_0009285,u_02778,2025-01-14,neutral,questioning,burnout,light_islamic
c_0009286,u_02778,2025-01-15,grateful,at_peace,self,universal
c_0009287,u_02778,2025-01-18,good,at_peace,habits,universal
c_0009288,u_02778,2025-01-20,neutral,questioning,burnout,universal
c_0009289,u_02778,2025-01-23,good,distant,confidence,light_islamic
c_0009290,u_02778,2025-01-26,neutral,at_peace,self,deeper_faith
c_0009291,u_02778,2025-01-27,low,at_peace,burnout,light_islamic
c_0009292,u_02778,2025-01-28,neutral,at_peace,work,light_islamic
c_0009293,u_02778,2025-01-31,neutral,at_peace,work,light_islamic
c_0009294,u_02781,2025-02-09,good,,confidence,universal
c_0009295,u_02781,2025-02-12,low,,gratitude,deeper_faith
c_0009296,u_02781,2025-02-16,neutral,at_peace,relationships,universal
c_0009297,u_02781,2025-02-24,good,at_peace,self,universal
c_0009298,u_02781,2025-02-25,very_low,questioning,work,universal
c_0009299,u_02781,2025-03-10,good,distant,purpose,deeper_faith
c_0009300,u_02785,2025-07-31,good,,work,universal
c_0009301,u_02785,2025-08-05,good,distant,faith,universal
c_0009302,u_02785,2025-08-09,neutral,distant,anxiety,light_islamic
c_0009303,u_02785,2025-08-10,neutral,at_peace,purpose,deeper_faith
c_0009304,u_02785,2025-08-13,low,distant,faith,light_islamic
c_0009305,u_02785,2025-08-18,good,distant,self,universal
c_0009306,u_02785,2025-08-19,neutral,at_peace,purpose,universal
c_0009307,u_02785,2025-08-24,neutral,questioning,habits,light_islamic
c_0009308,u_02785,2025-08-28,low,at_peace,burnout,universal
c_0009309,u_02786,2025-12-03,neutral,,anxiety,universal
c_0009310,u_02786,2025-12-05,grateful,,habits,deeper_faith
c_0009311,u_02786,2025-12-08,very_low,questioning,confidence,deeper_faith
c_0009312,u_02786,2025-12-13,good,at_peace,confidence,light_islamic
c_0009313,u_02786,2025-12-18,grateful,questioning,habits,light_islamic
c_0009314,u_02786,2025-12-19,grateful,questioning,anxiety,light_islamic
c_0009315,u_02786,2025-12-20,neutral,distant,confidence,deeper_faith
c_0009316,u_02786,2025-12-22,very_low,questioning,anxiety,deeper_faith
c_0009317,u_02786,2025-12-23,good,hurting,purpose,universal
c_0009318,u_02794,2025-04-28,good,,confidence,light_islamic
c_0009319,u_02794,2025-05-01,grateful,,self,universal
c_0009320,u_02794,2025-05-03,grateful,at_peace,confidence,light_islamic
c_0009321,u_02794,2025-05-04,good,distant,gratitude,light_islamic
c_0009322,u_02794,2025-05-08,neutral,at_peace,faith,deeper_faith
c_0009323,u_02794,2025-05-12,grateful,at_peace,burnout,universal
c_0009324,u_02794,2025-05-14,low,questioning,work,deeper_faith
c_0009325,u_02794,2025-05-17,neutral,distant,work,light_islamic
c_0009326,u_02794,2025-05-18,grateful,at_peace,relationships,light_islamic
c_0009327,u_02794,2025-05-19,good,at_peace,confidence,light_islamic
c_0009328,u_02794,2025-05-22,neutral,distant,self,light_islamic
c_0009329,u_02796,2025-10-26,good,,self,light_islamic
c_0009330,u_02796,2025-10-28,neutral,,habits,universal
c_0009331,u_02796,2025-10-31,neutral,at_peace,habits,universal
c_0009332,u_02796,2025-11-01,good,at_peace,anxiety,deeper_faith
c_0009333,u_02796,2025-11-06,neutral,hurting,anxiety,deeper_faith
c_0009334,u_02796,2025-11-11,neutral,distant,confidence,deeper_faith
c_0009335,u_02796,2025-11-17,grateful,at_peace,confidence,universal
c_0009336,u_02801,2025-06-25,grateful,,confidence,universal
c_0009337,u_02801,2025-06-26,good,,burnout,deeper_faith
c_0009338,u_02801,2025-06-27,neutral,,faith,light_islamic
c_0009339,u_02801,2025-06-28,low,,gratitude,universal
c_0009340,u_02801,2025-06-30,neutral,hurting,relationships,universal
c_0009341,u_02801,2025-07-15,good,at_peace,burnout,universal
c_0009342,u_02801,2025-07-19,very_low,distant,gratitude,universal
c_0009343,u_02803,2025-01-14,neutral,,confidence,deeper_faith
c_0009344,u_02803,2025-01-15,good,,habits,universal
c_0009345,u_02803,2025-01-18,good,at_peace,habits,light_islamic
c_0009346,u_02803,2025-01-19,neutral,at_peace,faith,universal
c_0009347,u_02803,2025-01-20,neutral,distant,relationships,universal
c_0009348,u_02803,2025-01-21,neutral,at_peace,relationships,light_islamic
c_0009349,u_02803,2025-01-23,low,hurting,burnout,deeper_faith
c_0009350,u_02803,2025-01-31,good,at_peace,self,universal
c_0009351,u_02803,2025-02-06,neutral,questioning,anxiety,deeper_faith
c_0009352,u_02803,2025-02-10,neutral,at_peace,gratitude,universal
c_0009353,u_02804,2025-02-22,good,,work,deeper_faith
c_0009354,u_02804,2025-02-27,neutral,at_peace,purpose,universal
c_0009355,u_02804,2025-02-28,neutral,at_peace,habits,universal
c_0009356,u_02804,2025-03-13,good,at_peace,burnout,deeper_faith
c_0009357,u_02804,2025-03-21,good,questioning,habits,universal
c_0009358,u_02812,2025-03-30,good,,purpose,light_islamic
c_0009359,u_02812,2025-04-05,very_low,questioning,burnout,light_islamic
c_0009360,u_02812,2025-04-08,neutral,hurting,gratitude,deeper_faith
c_0009361,u_02812,2025-04-11,grateful,at_peace,relationships,universal
c_0009362,u_02812,2025-04-12,good,at_peace,relationships,universal
c_0009363,u_02812,2025-04-13,grateful,at_peace,anxiety,light_islamic
c_0009364,u_02812,2025-04-26,grateful,distant,habits,deeper_faith
c_0009365,u_02815,2025-08-30,good,,work,universal
c_0009366,u_02815,2025-09-02,good,,purpose,light_islamic
c_0009367,u_02815,2025-09-05,low,hurting,habits,universal
c_0009368,u_02815,2025-09-06,good,at_peace,faith,light_islamic
c_0009369,u_02815,2025-09-18,good,at_peace,work,light_islamic
c_0009370,u_02815,2025-09-23,low,distant,work,deeper_faith
c_0009371,u_02817,2025-06-03,neutral,,self,deeper_faith
c_0009372,u_02817,2025-06-04,neutral,,burnout,deeper_faith
c_0009373,u_02817,2025-06-05,neutral,,self,universal
c_0009374,u_02817,2025-06-07,good,hurting,confidence,universal
c_0009375,u_02817,2025-06-08,neutral,questioning,anxiety,light_islamic
c_0009376,u_02817,2025-06-11,low,at_peace,confidence,deeper_faith
c_0009377,u_02817,2025-06-12,very_low,distant,gratitude,universal
c_0009378,u_02817,2025-06-14,grateful,questioning,work,universal
c_0009379,u_02817,2025-06-16,neutral,at_peace,habits,universal
c_0009380,u_02817,2025-06-17,very_low,at_peace,work,deeper_faith
c_0009381,u_02820,2025-12-31,neutral,,faith,universal
c_0009382,u_02820,2026-01-05,very_low,distant,faith,universal
c_0009383,u_02820,2026-01-08,neutral,at_peace,purpose,universal
c_0009384,u_02820,2026-01-14,good,distant,gratitude,light_islamic
c_0009385,u_02820,2026-01-15,good,at_peace,habits,universal
c_0009386,u_02820,2026-01-16,low,hurting,faith,universal
c_0009387,u_02820,2026-01-21,neutral,at_peace,anxiety,light_islamic
c_0009388,u_02820,2026-01-26,good,questioning,self,universal
c_0009389,u_02820,2026-01-27,low,at_peace,habits,deeper_faith
c_0009390,u_02820,2026-01-30,good,distant,work,universal
c_0009391,u_02822,2025-08-08,neutral,,confidence,light_islamic
c_0009392,u_02822,2025-08-11,low,,faith,universal
c_0009393,u_02822,2025-08-13,low,distant,gratitude,light_islamic
c_0009394,u_02822,2025-08-22,grateful,questioning,burnout,light_islamic
c_0009395,u_02822,2025-08-27,neutral,distant,anxiety,light_islamic
c_0009396,u_02822,2025-09-01,good,distant,burnout,universal
c_0009397,u_02822,2025-09-03,good,at_peace,self,universal
c_0009398,u_02823,2025-06-18,grateful,,self,light_islamic
c_0009399,u_02823,2025-06-19,good,,gratitude,universal
c_0009400,u_02823,2025-07-02,low,at_peace,confidence,light_islamic
c_0009401,u_02823,2025-07-18,neutral,at_peace,habits,deeper_faith
c_0009402,u_02826,2025-06-07,very_low,,work,deeper_faith
c_0009403,u_02826,2025-06-08,good,,purpose,universal
c_0009404,u_02826,2025-06-13,low,at_peace,habits,light_islamic
c_0009405,u_02826,2025-06-14,neutral,questioning,anxiety,universal
c_0009406,u_02826,2025-06-15,neutral,at_peace,burnout,universal
c_0009407,u_02826,2025-06-18,very_low,at_peace,anxiety,light_islamic
c_0009408,u_02826,2025-06-23,neutral,questioning,self,light_islamic
c_0009409,u_02826,2025-06-29,good,questioning,burnout,universal
c_0009410,u_02827,2025-05-10,grateful,,gratitude,light_islamic
c_0009411,u_02827,2025-05-11,grateful,,burnout,universal
c_0009412,u_02827,2025-05-13,neutral,,relationships,light_islamic
c_0009413,u_02827,2025-05-14,good,at_peace,anxiety,deeper_faith
c_0009414,u_02827,2025-05-15,neutral,questioning,burnout,light_islamic
c_0009415,u_02827,2025-05-17,low,at_peace,habits,light_islamic
c_0009416,u_02827,2025-05-26,low,at_peace,gratitude,deeper_faith
c_0009417,u_02827,2025-05-29,very_low,at_peace,burnout,universal
c_0009418,u_02827,2025-06-09,low,at_peace,purpose,universal
c_0009419,u_02832,2025-10-01,low,,relationships,light_islamic
c_0009420,u_02832,2025-10-03,neutral,,purpose,universal
c_0009421,u_02832,2025-10-08,good,distant,self,light_islamic
c_0009422,u_02832,2025-10-09,low,questioning,work,deeper_faith
c_0009423,u_02832,2025-10-11,good,questioning,burnout,light_islamic
c_0009424,u_02832,2025-10-12,good,at_peace,purpose,universal
c_0009425,u_02832,2025-10-13,neutral,questioning,gratitude,deeper_faith
c_0009426,u_02832,2025-10-30,neutral,at_peace,purpose,universal
c_0009427,u_02832,2025-10-31,good,hurting,anxiety,deeper_faith
c_0009428,u_02833,2025-01-16,neutral,,gratitude,universal
c_0009429,u_02833,2025-01-21,grateful,questioning,purpose,light_islamic
c_0009430,u_02833,2025-01-22,neutral,hurting,faith,universal
c_0009431,u_02833,2025-01-23,grateful,hurting,gratitude,light_islamic
c_0009432,u_02833,2025-01-29,neutral,at_peace,confidence,deeper_faith
c_0009433,u_02833,2025-02-04,good,at_peace,faith,light_islamic
c_0009434,u_02833,2025-02-06,neutral,at_peace,burnout,universal
c_0009435,u_02833,2025-02-07,neutral,at_peace,burnout,light_islamic
c_0009436,u_02833,2025-02-11,neutral,at_peace,confidence,universal
c_0009437,u_02834,2025-05-25,good,,relationships,universal
c_0009438,u_02834,2025-05-26,grateful,,purpose,deeper_faith
c_0009439,u_02834,2025-06-01,low,distant,habits,light_islamic
c_0009440,u_02834,2025-06-04,neutral,at_peace,work,deeper_faith
c_0009441,u_02834,2025-06-13,good,questioning,faith,universal
c_0009442,u_02838,2025-07-19,grateful,,gratitude,light_islamic
c_0009443,u_02838,2025-07-22,grateful,,work,light_islamic
c_0009444,u_02838,2025-07-23,good,questioning,relationships,light_islamic
c_0009445,u_02838,2025-07-25,neutral,at_peace,anxiety,deeper_faith
c_0009446,u_02838,2025-08-10,low,at_peace,anxiety,deeper_faith
c_0009447,u_02838,2025-08-14,grateful,at_peace,habits,light_islamic
c_0009448,u_02838,2025-08-15,good,at_peace,purpose,deeper_faith
c_0009449,u_02840,2025-09-24,neutral,,relationships,light_islamic
c_0009450,u_02840,2025-09-28,good,at_peace,relationships,light_islamic
c_0009451,u_02840,2025-09-29,neutral,questioning,burnout,universal
c_0009452,u_02840,2025-09-30,very_low,questioning,work,universal
c_0009453,u_02840,2025-10-07,good,at_peace,relationships,light_islamic
c_0009454,u_02840,2025-10-09,grateful,questioning,self,universal
c_0009455,u_02840,2025-10-10,good,questioning,confidence,light_islamic
c_0009456,u_02840,2025-10-21,very_low,at_peace,burnout,light_islamic
c_0009457,u_02840,2025-10-22,good,at_peace,confidence,light_islamic
c_0009458,u_02842,2025-06-18,neutral,,confidence,light_islamic
c_0009459,u_02842,2025-06-22,neutral,distant,anxiety,universal
c_0009460,u_02842,2025-06-26,neutral,at_peace,relationships,light_islamic
c_0009461,u_02842,2025-07-01,grateful,questioning,burnout,universal
c_0009462,u_02842,2025-07-04,grateful,hurting,burnout,universal
c_0009463,u_02842,2025-07-10,good,at_peace,work,light_islamic
c_0009464,u_02842,2025-07-15,good,at_peace,relationships,light_islamic
c_0009465,u_02842,2025-07-17,good,at_peace,relationships,universal
c_0009466,u_02844,2025-09-09,good,,burnout,universal
c_0009467,u_02844,2025-09-10,good,,work,universal
c_0009468,u_02844,2025-09-11,neutral,,self,universal
c_0009469,u_02844,2025-09-21,good,at_peace,purpose,light_islamic
c_0009470,u_02844,2025-10-07,good,questioning,faith,light_islamic
c_0009471,u_02845,2025-05-30,neutral,,anxiety,universal
c_0009472,u_02845,2025-06-02,neutral,,self,universal
c_0009473,u_02845,2025-06-04,neutral,distant,habits,light_islamic
c_0009474,u_02845,2025-06-05,good,at_peace,relationships,deeper_faith
c_0009475,u_02845,2025-06-06,good,at_peace,gratitude,universal
c_0009476,u_02845,2025-06-07,neutral,at_peace,anxiety,universal
c_0009477,u_02845,2025-06-27,neutral,distant,relationships,light_islamic
c_0009478,u_02854,2025-07-20,good,,confidence,deeper_faith
c_0009479,u_02854,2025-07-21,low,,gratitude,universal
c_0009480,u_02854,2025-07-22,neutral,,self,universal
c_0009481,u_02854,2025-07-26,very_low,hurting,self,light_islamic
c_0009482,u_02854,2025-08-08,low,at_peace,confidence,universal
c_0009483,u_02854,2025-08-14,neutral,distant,burnout,deeper_faith
c_0009484,u_02854,2025-08-15,low,questioning,burnout,light_islamic
c_0009485,u_02854,2025-08-16,neutral,hurting,confidence,deeper_faith
c_0009486,u_02855,2025-03-15,grateful,,confidence,universal
c_0009487,u_02855,2025-03-17,grateful,,work,universal
c_0009488,u_02855,2025-03-21,grateful,at_peace,habits,light_islamic
c_0009489,u_02855,2025-03-22,neutral,at_peace,anxiety,light_islamic
c_0009490,u_02855,2025-03-26,good,distant,work,light_islamic
c_0009491,u_02855,2025-03-31,good,at_peace,self,deeper_faith
c_0009492,u_02855,2025-04-04,low,distant,gratitude,universal
c_0009493,u_02855,2025-04-06,good,at_peace,gratitude,deeper_faith
c_0009494,u_02855,2025-04-14,very_low,at_peace,faith,universal
c_0009495,u_02856,2025-03-14,low,,confidence,light_islamic
c_0009496,u_02856,2025-03-15,low,,work,deeper_faith
c_0009497,u_02856,2025-03-17,grateful,,habits,universal
c_0009498,u_02856,2025-03-19,neutral,distant,confidence,universal
c_0009499,u_02856,2025-03-22,neutral,distant,anxiety,universal
c_0009500,u_02856,2025-03-25,neutral,questioning,habits,light_islamic
c_0009501,u_02856,2025-03-26,low,at_peace,relationships,light_islamic
c_0009502,u_02856,2025-03-29,grateful,at_peace,relationships,light_islamic
c_0009503,u_02856,2025-04-03,low,at_peace,relationships,deeper_faith
c_0009504,u_02856,2025-04-11,low,at_peace,relationships,universal
c_0009505,u_02858,2025-08-11,good,,gratitude,deeper_faith
c_0009506,u_02858,2025-08-13,good,,purpose,universal
c_0009507,u_02858,2025-08-19,neutral,at_peace,faith,universal
c_0009508,u_02858,2025-08-29,neutral,at_peace,gratitude,universal
c_0009509,u_02858,2025-08-31,good,questioning,habits,universal
c_0009510,u_02858,2025-09-10,neutral,at_peace,confidence,deeper_faith
c_0009511,u_02861,2025-08-12,neutral,,anxiety,light_islamic
c_0009512,u_02861,2025-08-18,grateful,questioning,anxiety,universal
c_0009513,u_02861,2025-09-01,neutral,at_peace,purpose,universal
c_0009514,u_02861,2025-09-05,low,at_peace,relationships,deeper_faith
c_0009515,u_02865,2025-02-03,grateful,,self,light_islamic
c_0009516,u_02865,2025-02-06,neutral,,habits,universal
c_0009517,u_02865,2025-02-07,neutral,at_peace,relationships,light_islamic
c_0009518,u_02865,2025-02-10,neutral,questioning,faith,universal
c_0009519,u_02865,2025-02-21,grateful,distant,faith,light_islamic
c_0009520,u_02865,2025-02-22,good,at_peace,faith,universal
c_0009521,u_02865,2025-02-24,good,hurting,self,universal
c_0009522,u_02865,2025-02-25,good,distant,habits,light_islamic
c_0009523,u_02865,2025-03-03,neutral,hurting,self,light_islamic
c_0009524,u_02865,2025-03-05,good,at_peace,confidence,light_islamic
c_0009525,u_02867,2025-06-22,neutral,,anxiety,light_islamic
c_0009526,u_02867,2025-06-23,neutral,,confidence,universal
c_0009527,u_02867,2025-06-28,good,at_peace,habits,light_islamic
c_0009528,u_02867,2025-07-02,good,at_peace,faith,light_islamic
c_0009529,u_02867,2025-07-10,very_low,at_peace,confidence,universal
c_0009530,u_02867,2025-07-13,grateful,questioning,anxiety,universal
c_0009531,u_02867,2025-07-18,good,at_peace,gratitude,light_islamic
c_0009532,u_02868,2025-08-31,neutral,,gratitude,universal
c_0009533,u_02868,2025-09-01,neutral,,confidence,light_islamic
c_0009534,u_02868,2025-09-05,low,questioning,burnout,light_islamic
c_0009535,u_02868,2025-09-09,good,distant,purpose,universal
c_0009536,u_02868,2025-09-15,good,at_peace,anxiety,light_islamic
c_0009537,u_02868,2025-09-24,neutral,at_peace,purpose,light_islamic
c_0009538,u_02869,2025-07-26,good,,anxiety,universal
c_0009539,u_02869,2025-07-28,low,,faith,light_islamic
c_0009540,u_02869,2025-08-03,good,at_peace,work,universal
c_0009541,u_02869,2025-08-08,good,questioning,faith,light_islamic
c_0009542,u_02869,2025-08-13,good,questioning,burnout,universal
c_0009543,u_02870,2025-03-01,good,,gratitude,universal
c_0009544,u_02870,2025-03-02,neutral,,faith,light_islamic
c_0009545,u_02870,2025-03-04,grateful,,relationships,light_islamic
c_0009546,u_02870,2025-03-15,good,at_peace,habits,light_islamic
c_0009547,u_02870,2025-03-18,neutral,at_peace,self,deeper_faith
c_0009548,u_02870,2025-03-22,neutral,hurting,self,light_islamic
c_0009549,u_02870,2025-03-28,neutral,distant,purpose,universal
c_0009550,u_02872,2025-11-27,neutral,,anxiety,deeper_faith
c_0009551,u_02872,2025-12-01,good,distant,faith,light_islamic
c_0009552,u_02872,2025-12-03,low,at_peace,self,universal
c_0009553,u_02872,2025-12-09,good,questioning,faith,deeper_faith
c_0009554,u_02872,2025-12-11,low,at_peace,work,universal
c_0009555,u_02872,2025-12-13,good,at_peace,work,universal
c_0009556,u_02872,2025-12-16,grateful,distant,purpose,universal
c_0009557,u_02872,2025-12-26,very_low,at_peace,gratitude,deeper_faith
c_0009558,u_02873,2025-12-02,good,,work,universal
c_0009559,u_02873,2025-12-03,neutral,,habits,deeper_faith
c_0009560,u_02873,2025-12-04,good,,relationships,deeper_faith
c_0009561,u_02873,2025-12-06,low,at_peace,confidence,light_islamic
c_0009562,u_02873,2025-12-09,very_low,questioning,relationships,universal
c_0009563,u_02873,2025-12-11,good,at_peace,faith,universal
c_0009564,u_02873,2025-12-13,good,at_peace,confidence,universal
c_0009565,u_02873,2025-12-23,good,distant,work,universal
c_0009566,u_02873,2025-12-30,very_low,at_peace,self,light_islamic
c_0009567,u_02875,2025-01-24,low,,confidence,deeper_faith
c_0009568,u_02875,2025-01-25,grateful,,self,deeper_faith
c_0009569,u_02875,2025-01-26,good,,work,universal
c_0009570,u_02875,2025-01-31,grateful,at_peace,self,universal
c_0009571,u_02875,2025-02-03,grateful,at_peace,anxiety,universal
c_0009572,u_02875,2025-02-09,good,hurting,anxiety,universal
c_0009573,u_02875,2025-02-12,neutral,hurting,relationships,universal
c_0009574,u_02875,2025-02-21,good,at_peace,gratitude,universal
c_0009575,u_02876,2025-08-29,good,,relationships,light_islamic
c_0009576,u_02876,2025-08-30,low,,burnout,universal
c_0009577,u_02876,2025-09-01,neutral,,confidence,universal
c_0009578,u_02876,2025-09-02,very_low,at_peace,faith,universal
c_0009579,u_02876,2025-09-03,low,questioning,relationships,light_islamic
c_0009580,u_02876,2025-09-06,very_low,at_peace,relationships,universal
c_0009581,u_02876,2025-09-10,good,questioning,anxiety,deeper_faith
c_0009582,u_02876,2025-09-12,good,at_peace,faith,light_islamic
c_0009583,u_02876,2025-09-21,neutral,questioning,burnout,universal
c_0009584,u_02876,2025-09-23,good,at_peace,faith,universal
c_0009585,u_02876,2025-09-25,good,hurting,purpose,light_islamic
c_0009586,u_02877,2025-05-21,good,,burnout,light_islamic
c_0009587,u_02877,2025-05-24,low,,confidence,light_islamic
c_0009588,u_02877,2025-05-31,grateful,questioning,purpose,light_islamic
c_0009589,u_02877,2025-06-01,neutral,questioning,gratitude,light_islamic
c_0009590,u_02878,2025-07-27,neutral,,faith,universal
c_0009591,u_02878,2025-07-29,grateful,,purpose,universal
c_0009592,u_02878,2025-07-30,neutral,,gratitude,universal
c_0009593,u_02878,2025-08-03,good,questioning,relationships,light_islamic
c_0009594,u_02878,2025-08-06,low,at_peace,habits,light_islamic
c_0009595,u_02878,2025-08-09,good,at_peace,gratitude,light_islamic
c_0009596,u_02878,2025-08-15,neutral,questioning,anxiety,light_islamic
c_0009597,u_02878,2025-08-23,good,hurting,purpose,universal
c_0009598,u_02880,2025-11-21,good,,confidence,universal
c_0009599,u_02880,2025-11-25,good,questioning,faith,light_islamic
c_0009600,u_02880,2025-11-28,good,at_peace,work,universal
c_0009601,u_02880,2025-12-03,low,at_peace,purpose,light_islamic
c_0009602,u_02880,2025-12-06,good,hurting,purpose,universal
c_0009603,u_02880,2025-12-10,neutral,at_peace,faith,universal
c_0009604,u_02880,2025-12-14,neutral,at_peace,relationships,universal
c_0009605,u_02881,2025-08-27,grateful,,confidence,universal
c_0009606,u_02881,2025-08-28,neutral,,burnout,universal
c_0009607,u_02881,2025-08-29,grateful,,faith,deeper_faith
c_0009608,u_02881,2025-08-30,good,,work,universal
c_0009609,u_02881,2025-09-02,low,questioning,confidence,light_islamic
c_0009610,u_02881,2025-09-03,good,at_peace,purpose,light_islamic
c_0009611,u_02881,2025-09-05,low,at_peace,burnout,deeper_faith
c_0009612,u_02881,2025-09-08,low,questioning,anxiety,light_islamic
c_0009613,u_02883,2025-04-02,grateful,,faith,universal
c_0009614,u_02883,2025-04-04,neutral,,purpose,universal
c_0009615,u_02883,2025-04-05,good,,confidence,light_islamic
c_0009616,u_02883,2025-04-07,neutral,at_peace,faith,light_islamic
c_0009617,u_02883,2025-04-10,low,at_peace,relationships,light_islamic
c_0009618,u_02883,2025-04-12,low,questioning,habits,light_islamic
c_0009619,u_02883,2025-04-18,very_low,questioning,confidence,light_islamic
c_0009620,u_02883,2025-04-19,good,at_peace,habits,universal
c_0009621,u_02883,2025-04-22,very_low,at_peace,faith,universal
c_0009622,u_02883,2025-04-23,good,distant,purpose,deeper_faith
c_0009623,u_02885,2025-05-18,good,,faith,universal
c_0009624,u_02885,2025-05-22,good,at_peace,confidence,universal
c_0009625,u_02885,2025-05-23,neutral,at_peace,purpose,universal
c_0009626,u_02885,2025-05-25,good,at_peace,anxiety,light_islamic
c_0009627,u_02885,2025-05-28,good,at_peace,anxiety,universal
c_0009628,u_02885,2025-05-29,good,at_peace,faith,light_islamic
c_0009629,u_02885,2025-05-30,low,at_peace,relationships,light_islamic
c_0009630,u_02885,2025-06-01,low,questioning,faith,universal
c_0009631,u_02885,2025-06-03,very_low,distant,anxiety,deeper_faith
c_0009632,u_02885,2025-06-10,good,questioning,burnout,deeper_faith
c_0009633,u_02885,2025-06-11,good,questioning,purpose,light_islamic
c_0009634,u_02885,2025-06-12,neutral,at_peace,habits,universal
c_0009635,u_02885,2025-06-15,grateful,questioning,burnout,universal
c_0009636,u_02885,2025-06-17,low,hurting,burnout,universal
c_0009637,u_02886,2025-02-26,neutral,,work,deeper_faith
c_0009638,u_02886,2025-03-03,low,at_peace,confidence,light_islamic
c_0009639,u_02886,2025-03-07,grateful,at_peace,relationships,light_islamic
c_0009640,u_02886,2025-03-08,grateful,at_peace,work,universal
c_0009641,u_02886,2025-03-16,neutral,at_peace,relationships,universal
c_0009642,u_02886,2025-03-17,good,at_peace,confidence,deeper_faith
c_0009643,u_02886,2025-03-19,neutral,questioning,purpose,universal
c_0009644,u_02886,2025-03-25,neutral,at_peace,habits,universal
c_0009645,u_02887,2025-04-23,good,,confidence,light_islamic
c_0009646,u_02887,2025-04-26,neutral,,habits,light_islamic
c_0009647,u_02887,2025-04-27,good,at_peace,purpose,light_islamic
c_0009648,u_02887,2025-05-01,neutral,at_peace,work,universal
c_0009649,u_02887,2025-05-02,neutral,at_peace,habits,universal
c_0009650,u_02887,2025-05-11,grateful,at_peace,purpose,light_islamic
c_0009651,u_02887,2025-05-13,neutral,questioning,burnout,universal
c_0009652,u_02887,2025-05-20,neutral,at_peace,faith,universal
c_0009653,u_02887,2025-05-22,good,hurting,relationships,universal
c_0009654,u_02887,2025-05-23,low,at_peace,habits,light_islamic
c_0009655,u_02888,2025-09-15,grateful,,gratitude,light_islamic
c_0009656,u_02888,2025-09-19,grateful,at_peace,purpose,universal
c_0009657,u_02888,2025-09-22,low,at_peace,relationships,light_islamic
c_0009658,u_02888,2025-09-23,grateful,distant,confidence,universal
c_0009659,u_02888,2025-09-26,good,at_peace,habits,light_islamic
c_0009660,u_02888,2025-10-03,good,hurting,confidence,light_islamic
c_0009661,u_02888,2025-10-04,neutral,questioning,relationships,universal
c_0009662,u_02888,2025-10-05,grateful,at_peace,confidence,universal
c_0009663,u_02888,2025-10-08,good,at_peace,habits,deeper_faith
c_0009664,u_02888,2025-10-09,good,distant,self,light_islamic
c_0009665,u_02891,2025-05-12,grateful,,self,deeper_faith
c_0009666,u_02891,2025-05-17,good,at_peace,faith,deeper_faith
c_0009667,u_02891,2025-05-18,good,at_peace,self,universal
c_0009668,u_02891,2025-05-21,good,distant,confidence,light_islamic
c_0009669,u_02891,2025-05-24,good,at_peace,work,deeper_faith
c_0009670,u_02891,2025-05-26,good,questioning,burnout,light_islamic
c_0009671,u_02891,2025-05-28,neutral,at_peace,burnout,deeper_faith
c_0009672,u_02891,2025-06-08,low,at_peace,gratitude,universal
c_0009673,u_02892,2025-04-26,good,,self,deeper_faith
c_0009674,u_02892,2025-04-27,low,,gratitude,deeper_faith
c_0009675,u_02892,2025-05-03,good,at_peace,purpose,light_islamic
c_0009676,u_02892,2025-05-07,good,at_peace,burnout,universal
c_0009677,u_02892,2025-05-12,neutral,at_peace,faith,light_islamic
c_0009678,u_02892,2025-05-14,good,hurting,gratitude,light_islamic
c_0009679,u_02892,2025-05-23,good,at_peace,gratitude,universal
c_0009680,u_02893,2025-04-13,grateful,,purpose,light_islamic
c_0009681,u_02893,2025-04-24,good,at_peace,work,deeper_faith
c_0009682,u_02893,2025-04-29,low,distant,gratitude,light_islamic
c_0009683,u_02893,2025-04-30,grateful,questioning,purpose,deeper_faith
c_0009684,u_02893,2025-05-02,grateful,at_peace,purpose,deeper_faith
c_0009685,u_02893,2025-05-09,good,questioning,self,universal
c_0009686,u_02893,2025-05-10,good,distant,gratitude,deeper_faith
c_0009687,u_02894,2025-10-07,good,,anxiety,light_islamic
c_0009688,u_02894,2025-10-08,neutral,,habits,universal
c_0009689,u_02894,2025-10-11,neutral,at_peace,work,light_islamic
c_0009690,u_02894,2025-10-23,good,distant,purpose,universal
c_0009691,u_02894,2025-10-24,grateful,questioning,purpose,deeper_faith
c_0009692,u_02894,2025-10-25,good,at_peace,confidence,universal
c_0009693,u_02894,2025-11-03,neutral,questioning,self,light_islamic
c_0009694,u_02895,2025-10-22,good,,work,universal
c_0009695,u_02895,2025-10-25,low,,work,deeper_faith
c_0009696,u_02895,2025-10-28,grateful,at_peace,confidence,deeper_faith
c_0009697,u_02895,2025-10-29,very_low,distant,purpose,light_islamic
c_0009698,u_02895,2025-10-30,low,distant,confidence,deeper_faith
c_0009699,u_02895,2025-11-03,neutral,at_peace,anxiety,universal
c_0009700,u_02895,2025-11-05,grateful,at_peace,habits,light_islamic
c_0009701,u_02895,2025-11-11,good,at_peace,self,light_islamic
c_0009702,u_02900,2025-12-13,good,,purpose,deeper_faith
c_0009703,u_02900,2025-12-15,neutral,,anxiety,light_islamic
c_0009704,u_02900,2025-12-20,good,at_peace,burnout,light_islamic
c_0009705,u_02900,2025-12-22,good,distant,gratitude,universal
c_0009706,u_02900,2025-12-24,good,hurting,gratitude,universal
c_0009707,u_02900,2025-12-25,very_low,at_peace,purpose,light_islamic
c_0009708,u_02900,2025-12-29,neutral,questioning,self,universal
c_0009709,u_02900,2026-01-02,good,questioning,habits,universal
c_0009710,u_02900,2026-01-05,neutral,distant,anxiety,universal
c_0009711,u_02900,2026-01-11,grateful,hurting,anxiety,deeper_faith
c_0009712,u_02903,2025-03-12,good,,anxiety,light_islamic
c_0009713,u_02903,2025-03-14,low,,burnout,light_islamic
c_0009714,u_02903,2025-03-15,neutral,,gratitude,light_islamic
c_0009715,u_02903,2025-04-01,good,distant,burnout,light_islamic
c_0009716,u_02904,2025-03-26,good,,habits,universal
c_0009717,u_02904,2025-03-27,low,,habits,light_islamic
c_0009718,u_02904,2025-03-28,good,,anxiety,light_islamic
c_0009719,u_02904,2025-03-30,low,at_peace,burnout,universal
c_0009720,u_02904,2025-04-05,low,questioning,confidence,light_islamic
c_0009721,u_02904,2025-04-15,neutral,at_peace,purpose,universal
c_0009722,u_02905,2025-08-01,neutral,,relationships,light_islamic
c_0009723,u_02905,2025-08-02,good,,burnout,universal
c_0009724,u_02905,2025-08-03,grateful,,habits,universal
c_0009725,u_02905,2025-08-06,neutral,at_peace,relationships,deeper_faith
c_0009726,u_02905,2025-08-13,neutral,at_peace,faith,universal
c_0009727,u_02905,2025-08-19,good,distant,anxiety,universal
c_0009728,u_02907,2025-02-21,neutral,,relationships,light_islamic
c_0009729,u_02907,2025-02-28,neutral,hurting,anxiety,light_islamic
c_0009730,u_02907,2025-03-06,grateful,questioning,gratitude,universal
c_0009731,u_02907,2025-03-16,neutral,at_peace,gratitude,universal
c_0009732,u_02909,2025-10-13,good,,habits,light_islamic
c_0009733,u_02909,2025-10-17,good,hurting,gratitude,universal
c_0009734,u_02909,2025-10-19,low,distant,gratitude,universal
c_0009735,u_02909,2025-10-22,neutral,questioning,gratitude,deeper_faith
c_0009736,u_02909,2025-10-24,low,questioning,confidence,light_islamic
c_0009737,u_02909,2025-10-30,good,questioning,purpose,light_islamic
c_0009738,u_02909,2025-10-31,neutral,questioning,purpose,universal
c_0009739,u_02909,2025-11-07,good,at_peace,gratitude,light_islamic
c_0009740,u_02911,2025-03-10,low,,gratitude,universal
c_0009741,u_02911,2025-03-14,low,questioning,self,universal
c_0009742,u_02911,2025-03-18,good,at_peace,gratitude,universal
c_0009743,u_02911,2025-03-20,grateful,at_peace,gratitude,light_islamic
c_0009744,u_02911,2025-03-31,low,distant,confidence,light_islamic
c_0009745,u_02911,2025-04-02,neutral,at_peace,work,deeper_faith
c_0009746,u_02911,2025-04-05,good,at_peace,confidence,deeper_faith
c_0009747,u_02916,2025-07-20,neutral,,confidence,universal
c_0009748,u_02916,2025-07-21,very_low,,habits,universal
c_0009749,u_02916,2025-07-22,low,,anxiety,light_islamic
c_0009750,u_02916,2025-08-01,neutral,questioning,anxiety,light_islamic
c_0009751,u_02916,2025-08-04,good,questioning,faith,deeper_faith
c_0009752,u_02916,2025-08-07,good,hurting,anxiety,universal
c_0009753,u_02916,2025-08-19,grateful,at_peace,habits,universal
c_0009754,u_02920,2025-06-23,neutral,,faith,universal
c_0009755,u_02920,2025-06-26,neutral,,confidence,universal
c_0009756,u_02920,2025-06-28,low,questioning,gratitude,universal
c_0009757,u_02920,2025-07-01,good,at_peace,faith,deeper_faith
c_0009758,u_02920,2025-07-07,neutral,distant,self,universal
c_0009759,u_02920,2025-07-09,very_low,at_peace,burnout,light_islamic
c_0009760,u_02920,2025-07-15,good,questioning,self,universal
c_0009761,u_02921,2025-09-08,low,,relationships,universal
c_0009762,u_02921,2025-09-14,neutral,questioning,purpose,universal
c_0009763,u_02921,2025-09-22,low,at_peace,faith,universal
c_0009764,u_02921,2025-09-23,neutral,at_peace,relationships,universal
c_0009765,u_02921,2025-09-29,low,hurting,work,universal
c_0009766,u_02921,2025-10-08,neutral,at_peace,self,light_islamic
c_0009767,u_02922,2025-02-24,grateful,,purpose,light_islamic
c_0009768,u_02922,2025-02-25,low,,faith,universal
c_0009769,u_02922,2025-02-26,neutral,,habits,universal
c_0009770,u_02922,2025-02-28,neutral,at_peace,relationships,deeper_faith
c_0009771,u_02922,2025-03-02,very_low,at_peace,self,universal
c_0009772,u_02922,2025-03-05,neutral,questioning,purpose,deeper_faith
c_0009773,u_02922,2025-03-12,neutral,at_peace,anxiety,light_islamic
c_0009774,u_02922,2025-03-14,grateful,questioning,faith,universal
c_0009775,u_02922,2025-03-15,low,hurting,gratitude,light_islamic
c_0009776,u_02922,2025-03-18,neutral,at_peace,self,universal
c_0009777,u_02922,2025-03-23,low,hurting,habits,deeper_faith
c_0009778,u_02923,2025-12-27,low,,relationships,universal
c_0009779,u_02923,2025-12-30,neutral,,purpose,light_islamic
c_0009780,u_02923,2026-01-01,good,questioning,work,universal
c_0009781,u_02923,2026-01-02,good,distant,anxiety,universal
c_0009782,u_02923,2026-01-05,good,at_peace,burnout,universal
c_0009783,u_02923,2026-01-06,good,hurting,faith,universal
c_0009784,u_02923,2026-01-24,neutral,distant,relationships,light_islamic
c_0009785,u_02925,2025-11-11,good,,self,deeper_faith
c_0009786,u_02925,2025-11-14,neutral,,work,universal
c_0009787,u_02925,2025-11-15,very_low,questioning,confidence,light_islamic
c_0009788,u_02925,2025-11-18,neutral,distant,work,light_islamic
c_0009789,u_02925,2025-11-23,neutral,distant,gratitude,universal
c_0009790,u_02925,2025-11-25,grateful,distant,anxiety,light_islamic
c_0009791,u_02925,2025-11-26,neutral,distant,habits,universal
c_0009792,u_02925,2025-12-03,low,at_peace,burnout,light_islamic
c_0009793,u_02925,2025-12-09,grateful,questioning,purpose,universal
c_0009794,u_02926,2025-06-21,good,,confidence,universal
c_0009795,u_02926,2025-06-22,good,,relationships,deeper_faith
c_0009796,u_02926,2025-06-25,grateful,at_peace,habits,light_islamic
c_0009797,u_02926,2025-06-26,good,at_peace,habits,universal
c_0009798,u_02931,2025-08-27,good,,anxiety,light_islamic
c_0009799,u_02931,2025-08-29,neutral,,habits,deeper_faith
c_0009800,u_02931,2025-09-02,neutral,questioning,anxiety,deeper_faith
c_0009801,u_02931,2025-09-03,neutral,questioning,gratitude,universal
c_0009802,u_02931,2025-09-04,good,at_peace,self,universal
c_0009803,u_02931,2025-09-09,good,at_peace,self,light_islamic
c_0009804,u_02931,2025-09-10,good,distant,burnout,light_islamic
c_0009805,u_02931,2025-09-15,low,questioning,gratitude,universal
c_0009806,u_02931,2025-09-19,neutral,at_peace,gratitude,light_islamic
c_0009807,u_02931,2025-09-22,good,at_peace,purpose,light_islamic
c_0009808,u_02934,2025-12-03,good,,burnout,universal
c_0009809,u_02934,2025-12-05,neutral,,confidence,light_islamic
c_0009810,u_02934,2025-12-06,neutral,,gratitude,light_islamic
c_0009811,u_02934,2025-12-10,neutral,at_peace,gratitude,universal
c_0009812,u_02934,2025-12-12,good,distant,burnout,universal
c_0009813,u_02934,2025-12-15,good,at_peace,habits,light_islamic
c_0009814,u_02934,2025-12-22,neutral,distant,confidence,universal
c_0009815,u_02934,2025-12-30,good,distant,faith,universal
c_0009816,u_02934,2025-12-31,good,distant,anxiety,universal
c_0009817,u_02934,2026-01-01,neutral,hurting,self,light_islamic
c_0009818,u_02934,2026-01-02,good,distant,gratitude,deeper_faith
c_0009819,u_02937,2025-11-15,good,,self,deeper_faith
c_0009820,u_02937,2025-11-21,low,questioning,burnout,light_islamic
c_0009821,u_02937,2025-11-22,very_low,at_peace,relationships,universal
c_0009822,u_02940,2025-01-25,neutral,,relationships,deeper_faith
c_0009823,u_02940,2025-01-27,low,,relationships,universal
c_0009824,u_02940,2025-01-28,neutral,,burnout,universal
c_0009825,u_02940,2025-01-29,very_low,at_peace,purpose,universal
c_0009826,u_02940,2025-01-30,neutral,at_peace,purpose,light_islamic
c_0009827,u_02940,2025-01-31,good,questioning,anxiety,universal
c_0009828,u_02940,2025-02-01,good,at_peace,confidence,universal
c_0009829,u_02940,2025-02-05,good,at_peace,relationships,light_islamic
c_0009830,u_02940,2025-02-15,neutral,questioning,faith,light_islamic
c_0009831,u_02940,2025-02-18,low,distant,anxiety,light_islamic
c_0009832,u_02941,2025-08-07,grateful,,purpose,universal
c_0009833,u_02941,2025-08-08,good,,burnout,light_islamic
c_0009834,u_02941,2025-08-11,grateful,at_peace,self,light_islamic
c_0009835,u_02941,2025-08-14,neutral,distant,purpose,light_islamic
c_0009836,u_02941,2025-08-16,good,distant,burnout,light_islamic
c_0009837,u_02945,2025-11-14,grateful,,confidence,light_islamic
c_0009838,u_02945,2025-11-15,neutral,,purpose,light_islamic
c_0009839,u_02945,2025-11-20,good,questioning,gratitude,light_islamic
c_0009840,u_02945,2025-11-21,neutral,distant,habits,light_islamic
c_0009841,u_02945,2025-11-22,good,questioning,anxiety,universal
c_0009842,u_02945,2025-11-23,good,questioning,purpose,universal
c_0009843,u_02945,2025-11-25,grateful,at_peace,relationships,universal
c_0009844,u_02945,2025-11-27,grateful,at_peace,self,deeper_faith
c_0009845,u_02945,2025-11-28,low,questioning,relationships,universal
c_0009846,u_02945,2025-12-04,neutral,at_peace,anxiety,deeper_faith
c_0009847,u_02945,2025-12-06,neutral,at_peace,purpose,light_islamic
c_0009848,u_02945,2025-12-07,good,at_peace,work,universal
c_0009849,u_02948,2025-09-12,good,,burnout,universal
c_0009850,u_02948,2025-09-15,good,,relationships,universal
c_0009851,u_02948,2025-09-18,neutral,at_peace,anxiety,light_islamic
c_0009852,u_02948,2025-09-20,neutral,at_peace,gratitude,universal
c_0009853,u_02948,2025-09-26,neutral,questioning,faith,deeper_faith
c_0009854,u_02950,2025-11-15,very_low,,confidence,light_islamic
c_0009855,u_02950,2025-11-16,good,,burnout,light_islamic
c_0009856,u_02950,2025-11-18,neutral,,faith,light_islamic
c_0009857,u_02950,2025-11-19,neutral,at_peace,self,light_islamic
c_0009858,u_02950,2025-11-24,neutral,at_peace,habits,light_islamic
c_0009859,u_02950,2025-12-06,grateful,questioning,work,universal
c_0009860,u_02950,2025-12-08,good,at_peace,work,light_islamic
c_0009861,u_02950,2025-12-09,grateful,at_peace,habits,universal
c_0009862,u_02950,2025-12-11,neutral,questioning,work,deeper_faith
c_0009863,u_02950,2025-12-14,good,at_peace,work,universal
c_0009864,u_02955,2025-05-22,neutral,,burnout,deeper_faith
c_0009865,u_02955,2025-05-25,neutral,,anxiety,deeper_faith
c_0009866,u_02955,2025-05-27,neutral,distant,habits,light_islamic
c_0009867,u_02955,2025-05-28,neutral,questioning,anxiety,light_islamic
c_0009868,u_02955,2025-06-04,neutral,at_peace,faith,deeper_faith
c_0009869,u_02955,2025-06-10,low,at_peace,gratitude,universal
c_0009870,u_02955,2025-06-13,grateful,at_peace,gratitude,universal
c_0009871,u_02955,2025-06-14,neutral,questioning,gratitude,universal
c_0009872,u_02956,2025-12-14,good,,self,universal
c_0009873,u_02956,2025-12-18,good,hurting,faith,universal
c_0009874,u_02956,2025-12-21,low,at_peace,gratitude,light_islamic
c_0009875,u_02956,2025-12-22,neutral,at_peace,confidence,universal
c_0009876,u_02956,2025-12-24,low,questioning,burnout,universal
c_0009877,u_02956,2025-12-28,neutral,at_peace,self,deeper_faith
c_0009878,u_02956,2025-12-29,good,questioning,relationships,light_islamic
c_0009879,u_02956,2025-12-30,low,at_peace,relationships,universal
c_0009880,u_02956,2026-01-04,neutral,at_peace,confidence,light_islamic
c_0009881,u_02956,2026-01-06,good,at_peace,gratitude,light_islamic
c_0009882,u_02958,2025-08-12,good,,self,universal
c_0009883,u_02958,2025-08-23,neutral,questioning,anxiety,universal
c_0009884,u_02958,2025-09-04,good,questioning,faith,universal
c_0009885,u_02959,2025-10-04,good,,relationships,light_islamic
c_0009886,u_02959,2025-10-07,low,,relationships,light_islamic
c_0009887,u_02959,2025-10-08,neutral,at_peace,faith,universal
c_0009888,u_02959,2025-10-14,neutral,at_peace,work,deeper_faith
c_0009889,u_02959,2025-10-15,neutral,distant,habits,universal
c_0009890,u_02959,2025-10-18,very_low,at_peace,gratitude,deeper_faith
c_0009891,u_02959,2025-10-26,neutral,at_peace,confidence,deeper_faith
c_0009892,u_02959,2025-10-30,good,at_peace,anxiety,light_islamic
c_0009893,u_02961,2025-07-25,grateful,,work,universal
c_0009894,u_02961,2025-07-26,good,,habits,light_islamic
c_0009895,u_02961,2025-07-29,grateful,at_peace,anxiety,deeper_faith
c_0009896,u_02961,2025-08-05,grateful,at_peace,faith,light_islamic
c_0009897,u_02963,2025-07-21,neutral,,work,deeper_faith
c_0009898,u_02963,2025-07-24,good,,relationships,universal
c_0009899,u_02963,2025-07-25,good,distant,confidence,light_islamic
c_0009900,u_02963,2025-08-18,neutral,at_peace,relationships,universal
c_0009901,u_02964,2025-05-19,low,,gratitude,universal
c_0009902,u_02964,2025-05-21,neutral,,gratitude,universal
c_0009903,u_02964,2025-05-25,good,at_peace,habits,light_islamic
c_0009904,u_02964,2025-06-10,very_low,at_peace,habits,universal
c_0009905,u_02966,2025-07-01,grateful,,confidence,light_islamic
c_0009906,u_02966,2025-07-04,good,,relationships,universal
c_0009907,u_02966,2025-07-05,grateful,distant,self,universal
c_0009908,u_02966,2025-07-08,good,at_peace,faith,light_islamic
c_0009909,u_02966,2025-07-09,grateful,at_peace,relationships,universal
c_0009910,u_02966,2025-07-16,neutral,distant,faith,universal
c_0009911,u_02966,2025-07-23,grateful,distant,purpose,universal
c_0009912,u_02966,2025-07-30,good,questioning,faith,universal
c_0009913,u_02969,2025-05-31,neutral,,anxiety,light_islamic
c_0009914,u_02969,2025-06-02,neutral,,confidence,deeper_faith
c_0009915,u_02969,2025-06-04,neutral,at_peace,habits,deeper_faith
c_0009916,u_02969,2025-06-06,low,at_peace,burnout,light_islamic
c_0009917,u_02969,2025-06-07,neutral,hurting,burnout,light_islamic
c_0009918,u_02969,2025-06-10,grateful,at_peace,gratitude,light_islamic
c_0009919,u_02969,2025-06-12,neutral,questioning,relationships,universal
c_0009920,u_02969,2025-06-24,neutral,questioning,relationships,universal
c_0009921,u_02971,2025-11-24,good,,gratitude,universal
c_0009922,u_02971,2025-11-25,good,,habits,deeper_faith
c_0009923,u_02971,2025-11-26,good,,confidence,deeper_faith
c_0009924,u_02971,2025-11-29,good,at_peace,habits,light_islamic
c_0009925,u_02971,2025-12-06,very_low,at_peace,burnout,universal
c_0009926,u_02971,2025-12-09,good,at_peace,work,deeper_faith
c_0009927,u_02971,2025-12-20,low,distant,work,light_islamic
c_0009928,u_02971,2025-12-22,neutral,questioning,work,universal
c_0009929,u_02973,2025-03-03,low,,gratitude,light_islamic
c_0009930,u_02973,2025-03-05,good,,self,universal
c_0009931,u_02973,2025-03-08,grateful,questioning,habits,universal
c_0009932,u_02973,2025-03-15,neutral,questioning,purpose,light_islamic
c_0009933,u_02973,2025-03-18,good,at_peace,anxiety,universal
c_0009934,u_02973,2025-03-20,neutral,questioning,relationships,universal
c_0009935,u_02973,2025-03-23,neutral,questioning,faith,universal
c_0009936,u_02973,2025-03-26,good,questioning,anxiety,universal
c_0009937,u_02974,2025-11-07,very_low,,habits,light_islamic
c_0009938,u_02974,2025-11-15,low,questioning,confidence,deeper_faith
c_0009939,u_02974,2025-11-20,grateful,distant,relationships,universal
c_0009940,u_02974,2025-11-23,good,questioning,burnout,deeper_faith
c_0009941,u_02974,2025-11-24,grateful,questioning,gratitude,light_islamic
c_0009942,u_02974,2025-11-25,good,questioning,gratitude,light_islamic
c_0009943,u_02976,2025-09-08,neutral,,gratitude,light_islamic
c_0009944,u_02976,2025-09-10,neutral,,gratitude,deeper_faith
c_0009945,u_02976,2025-09-11,good,,work,light_islamic
c_0009946,u_02976,2025-09-14,neutral,at_peace,relationships,deeper_faith
c_0009947,u_02976,2025-09-17,good,at_peace,gratitude,deeper_faith
c_0009948,u_02976,2025-09-18,very_low,at_peace,habits,light_islamic
c_0009949,u_02976,2025-10-03,low,at_peace,confidence,universal
c_0009950,u_02977,2025-09-02,neutral,,self,universal
c_0009951,u_02977,2025-09-03,grateful,,confidence,light_islamic
c_0009952,u_02977,2025-09-07,very_low,hurting,faith,universal
c_0009953,u_02977,2025-09-14,good,at_peace,burnout,light_islamic
c_0009954,u_02977,2025-09-17,neutral,at_peace,burnout,deeper_faith
c_0009955,u_02977,2025-09-21,low,hurting,self,light_islamic
c_0009956,u_02977,2025-09-24,good,at_peace,faith,universal
c_0009957,u_02979,2025-06-18,good,,gratitude,universal
c_0009958,u_02979,2025-07-09,good,at_peace,work,universal
c_0009959,u_02979,2025-07-15,good,at_peace,faith,light_islamic
c_0009960,u_02980,2025-06-29,low,,relationships,light_islamic
c_0009961,u_02980,2025-07-01,good,,confidence,light_islamic
c_0009962,u_02980,2025-07-06,good,at_peace,anxiety,universal
c_0009963,u_02980,2025-07-11,good,questioning,burnout,universal
c_0009964,u_02980,2025-07-13,very_low,distant,work,deeper_faith
c_0009965,u_02980,2025-07-20,neutral,at_peace,self,universal
c_0009966,u_02980,2025-07-23,good,distant,relationships,light_islamic
c_0009967,u_02982,2025-06-25,neutral,,work,universal
c_0009968,u_02982,2025-06-28,grateful,,relationships,light_islamic
c_0009969,u_02982,2025-06-30,good,distant,self,deeper_faith
c_0009970,u_02982,2025-07-01,neutral,at_peace,faith,universal
c_0009971,u_02982,2025-07-02,good,distant,confidence,light_islamic
c_0009972,u_02982,2025-07-10,very_low,at_peace,burnout,universal
c_0009973,u_02982,2025-07-13,neutral,at_peace,burnout,light_islamic
c_0009974,u_02982,2025-07-18,low,at_peace,confidence,universal
c_0009975,u_02982,2025-07-19,neutral,at_peace,work,universal
c_0009976,u_02982,2025-07-20,neutral,distant,gratitude,deeper_faith
c_0009977,u_02982,2025-07-23,very_low,distant,purpose,light_islamic
c_0009978,u_02984,2025-11-04,low,,habits,deeper_faith
c_0009979,u_02984,2025-11-06,neutral,,confidence,universal
c_0009980,u_02984,2025-11-07,neutral,,habits,light_islamic
c_0009981,u_02984,2025-11-09,good,at_peace,work,light_islamic
c_0009982,u_02984,2025-11-10,good,distant,anxiety,light_islamic
c_0009983,u_02984,2025-11-14,good,at_peace,gratitude,deeper_faith
c_0009984,u_02984,2025-11-18,low,distant,gratitude,light_islamic
c_0009985,u_02984,2025-11-19,good,hurting,confidence,light_islamic
c_0009986,u_02984,2025-12-01,very_low,at_peace,purpose,universal
c_0009987,u_02985,2025-07-11,neutral,,anxiety,light_islamic
c_0009988,u_02985,2025-07-15,good,distant,confidence,deeper_faith
c_0009989,u_02985,2025-07-17,neutral,at_peace,anxiety,universal
c_0009990,u_02985,2025-07-21,very_low,at_peace,burnout,light_islamic
c_0009991,u_02985,2025-07-22,neutral,at_peace,gratitude,universal
c_0009992,u_02985,2025-07-23,good,questioning,habits,universal
c_0009993,u_02985,2025-07-26,low,distant,self,light_islamic
c_0009994,u_02986,2025-03-22,good,,work,universal
c_0009995,u_02986,2025-03-23,good,,work,universal
c_0009996,u_02986,2025-03-24,grateful,,work,light_islamic
c_0009997,u_02986,2025-03-26,neutral,at_peace,faith,deeper_faith
c_0009998,u_02986,2025-03-27,neutral,distant,habits,universal
c_0009999,u_02986,2025-03-28,good,at_peace,burnout,light_islamic
c_0010000,u_02986,2025-03-30,neutral,questioning,gratitude,universal
c_0010001,u_02986,2025-04-01,grateful,questioning,purpose,universal
c_0010002,u_02986,2025-04-02,low,distant,relationships,light_islamic
c_0010003,u_02986,2025-04-08,low,at_peace,self,light_islamic
c_0010004,u_02986,2025-04-09,neutral,at_peace,anxiety,light_islamic
c_0010005,u_02986,2025-04-12,good,at_peace,faith,light_islamic
c_0010006,u_02986,2025-04-13,neutral,distant,burnout,universal
c_0010007,u_02986,2025-04-17,grateful,at_peace,purpose,light_islamic
c_0010008,u_02986,2025-04-21,low,at_peace,anxiety,deeper_faith
c_0010009,u_02988,2025-04-19,good,,faith,universal
c_0010010,u_02988,2025-04-28,good,at_peace,habits,light_islamic
c_0010011,u_02992,2025-09-11,neutral,,anxiety,deeper_faith
c_0010012,u_02992,2025-09-12,good,,gratitude,light_islamic
c_0010013,u_02992,2025-09-13,low,,habits,light_islamic
c_0010014,u_02992,2025-09-17,low,at_peace,purpose,deeper_faith
c_0010015,u_02992,2025-09-21,good,distant,work,deeper_faith
c_0010016,u_02992,2025-09-22,good,questioning,habits,deeper_faith
c_0010017,u_02992,2025-10-06,good,questioning,habits,deeper_faith
c_0010018,u_02999,2025-04-19,grateful,,work,light_islamic
c_0010019,u_02999,2025-04-28,neutral,questioning,burnout,light_islamic
c_0010020,u_02999,2025-05-11,good,at_peace,purpose,universal
c_0010021,u_02999,2025-05-17,neutral,at_peace,anxiety,deeper_faith
c_0010022,u_02999,2025-05-19,neutral,questioning,habits,universal
