experiment_id,user_id,variant,assigned_at
EXP_MBTI_ONBOARDING_001,u_00001,variant,2025-03-07
EXP_MBTI_ONBOARDING_001,u_00002,variant,2025-03-07
EXP_MBTI_ONBOARDING_001,u_00003,variant,2025-03-04
EXP_MBTI_ONBOARDING_001,u_00004,control,2025-12-14
EXP_MBTI_ONBOARDING_001,u_00005,variant,2025-11-25
EXP_MBTI_ONBOARDING_001,u_00006,control,2025-03-21
EXP_MBTI_ONBOARDING_001,u_00007,variant,2025-12-13
EXP_MBTI_ONBOARDING_001,u_00008,variant,2025-06-07
EXP_MBTI_ONBOARDING_001,u_00009,variant,2025-01-07
EXP_MBTI_ONBOARDING_001,u_00010,control,2025-07-06
EXP_MBTI_ONBOARDING_001,u_00011,variant,2025-08-17
EXP_MBTI_ONBOARDING_001,u_00012,variant,2025-06-13
EXP_MBTI_ONBOARDING_001,u_00013,control,2025-07-03
EXP_MBTI_ONBOARDING_001,u_00014,variant,2025-09-21
EXP_MBTI_ONBOARDING_001,u_00015,control,2025-11-14
EXP_MBTI_ONBOARDING_001,u_00016,variant,2025-02-25
EXP_MBTI_ONBOARDING_001,u_00017,control,2025-10-06
EXP_MBTI_ONBOARDING_001,u_00018,control,2025-01-25
EXP_MBTI_ONBOARDING_001,u_00019,variant,2025-05-05
EXP_MBTI_ONBOARDING_001,u_00020,control,2025-02-13
EXP_MBTI_ONBOARDING_001,u_00021,variant,2025-04-09
EXP_MBTI_ONBOARDING_001,u_00022,variant,2025-11-02
EXP_MBTI_ONBOARDING_001,u_00023,control,2025-11-05
EXP_MBTI_ONBOARDING_001,u_00024,control,2025-12-25
EXP_MBTI_ONBOARDING_001,u_00025,control,2025-06-05
EXP_MBTI_ONBOARDING_001,u_00026,variant,2025-04-07
EXP_MBTI_ONBOARDING_001,u_00027,variant,2025-12-17
EXP_MBTI_ONBOARDING_001,u_00028,control,2025-06-13
EXP_MBTI_ONBOARDING_001,u_00029,control,2025-10-22
EXP_MBTI_ONBOARDING_001,u_00030,control,2025-03-14
EXP_MBTI_ONBOARDING_001,u_00031,variant,2025-01-24
EXP_MBTI_ONBOARDING_001,u_00032,control,2025-08-23
EXP_MBTI_ONBOARDING_001,u_00033,control,2025-07-24
EXP_MBTI_ONBOARDING_001,u_00034,control,2025-03-14
EXP_MBTI_ONBOARDING_001,u_00035,control,2025-08-24
EXP_MBTI_ONBOARDING_001,u_00036,control,2025-05-23
EXP_MBTI_ONBOARDING_001,u_00037,variant,2025-08-18
EXP_MBTI_ONBOARDING_001,u_00038,variant,2025-09-24
EXP_MBTI_ONBOARDING_001,u_00039,control,2025-12-11
EXP_MBTI_ONBOARDING_001,u_00040,variant,2025-05-30
EXP_MBTI_ONBOARDING_001,u_00041,variant,2025-09-30
EXP_MBTI_ONBOARDING_001,u_00042,control,2025-09-01
EXP_MBTI_ONBOARDING_001,u_00043,variant,2025-10-02
EXP_MBTI_ONBOARDING_001,u_00044,variant,2025-03-03
EXP_MBTI_ONBOARDING_001,u_00045,control,2025-08-29
EXP_MBTI_ONBOARDING_001,u_00046,control,2025-09-03
EXP_MBTI_ONBOARDING_001,u_00047,variant,2025-03-11
EXP_MBTI_ONBOARDING_001,u_00048,control,2025-09-16
EXP_MBTI_ONBOARDING_001,u_00049,control,2025-04-13
EXP_MBTI_ONBOARDING_001,u_00050,control,2025-11-22
EXP_MBTI_ONBOARDING_001,u_00051,variant,2025-11-06
EXP_MBTI_ONBOARDING_001,u_00052,variant,2025-03-03
EXP_MBTI_ONBOARDING_001,u_00053,control,2025-12-02
EXP_MBTI_ONBOARDING_001,u_00054,control,2025-04-15
EXP_MBTI_ONBOARDING_001,u_00055,control,2025-01-07
EXP_MBTI_ONBOARDING_001,u_00056,control,2025-06-17
EXP_MBTI_ONBOARDING_001,u_00057,control,2025-10-07
EXP_MBTI_ONBOARDING_001,u_00058,variant,2025-05-09
EXP_MBTI_ONBOARDING_001,u_00059,control,2025-11-01
EXP_MBTI_ONBOARDING_001,u_00060,variant,2025-06-09
EXP_MBTI_ONBOARDING_001,u_00061,control,2025-01-19
EXP_MBTI_ONBOARDING_001,u_00062,variant,2025-01-30
EXP_MBTI_ONBOARDING_001,u_00063,control,2025-05-05
EXP_MBTI_ONBOARDING_001,u_00064,variant,2025-08-08
EXP_MBTI_ONBOARDING_001,u_00065,variant,2025-09-15
EXP_MBTI_ONBOARDING_001,u_00066,variant,2025-08-28
EXP_MBTI_ONBOARDING_001,u_00067,control,2025-03-28
EXP_MBTI_ONBOARDING_001,u_00068,control,2025-06-13
EXP_MBTI_ONBOARDING_001,u_00069,control,2025-06-16
EXP_MBTI_ONBOARDING_001,u_00070,variant,2025-12-05
EXP_MBTI_ONBOARDING_001,u_00071,control,2025-09-29
EXP_MBTI_ONBOARDING_001,u_00072,control,2025-12-12
EXP_MBTI_ONBOARDING_001,u_00073,control,2025-11-09
EXP_MBTI_ONBOARDING_001,u_00074,control,2025-10-23
EXP_MBTI_ONBOARDING_001,u_00075,control,2025-01-25
EXP_MBTI_ONBOARDING_001,u_00076,variant,2025-12-25
EXP_MBTI_ONBOARDING_001,u_00077,control,2025-02-15
EXP_MBTI_ONBOARDING_001,u_00078,control,2025-09-25
EXP_MBTI_ONBOARDING_001,u_00079,control,2025-07-05
EXP_MBTI_ONBOARDING_001,u_00080,variant,2025-08-17
EXP_MBTI_ONBOARDING_001,u_00081,variant,2025-08-11
EXP_MBTI_ONBOARDING_001,u_00082,variant,2025-01-10
EXP_MBTI_ONBOARDING_001,u_00083,variant,2025-09-02
EXP_MBTI_ONBOARDING_001,u_00084,control,2025-04-06
EXP_MBTI_ONBOARDING_001,u_00085,control,2025-03-30
EXP_MBTI_ONBOARDING_001,u_00086,variant,2025-04-22
EXP_MBTI_ONBOARDING_001,u_00087,control,2025-04-20
EXP_MBTI_ONBOARDING_001,u_00088,control,2025-12-01
EXP_MBTI_ONBOARDING_001,u_00089,variant,2025-08-13
EXP_MBTI_ONBOARDING_001,u_00090,control,2025-03-28
EXP_MBTI_ONBOARDING_001,u_00091,control,2025-09-05
EXP_MBTI_ONBOARDING_001,u_00092,variant,2025-08-22
EXP_MBTI_ONBOARDING_001,u_00093,variant,2025-12-04
EXP_MBTI_ONBOARDING_001,u_00094,variant,2025-10-01
EXP_MBTI_ONBOARDING_001,u_00095,variant,2025-04-04
EXP_MBTI_ONBOARDING_001,u_00096,variant,2025-01-17
EXP_MBTI_ONBOARDING_001,u_00097,control,2025-12-16
EXP_MBTI_ONBOARDING_001,u_00098,control,2025-09-05
EXP_MBTI_ONBOARDING_001,u_00099,control,2025-03-29
EXP_MBTI_ONBOARDING_001,u_00100,control,2025-05-30
EXP_MBTI_ONBOARDING_001,u_00101,variant,2025-02-17
EXP_MBTI_ONBOARDING_001,u_00102,control,2025-05-21
EXP_MBTI_ONBOARDING_001,u_00103,control,2025-12-23
EXP_MBTI_ONBOARDING_001,u_00104,control,2025-04-19
EXP_MBTI_ONBOARDING_001,u_00105,variant,2025-07-21
EXP_MBTI_ONBOARDING_001,u_00106,variant,2025-07-27
EXP_MBTI_ONBOARDING_001,u_00107,control,2025-09-27
EXP_MBTI_ONBOARDING_001,u_00108,variant,2025-01-24
EXP_MBTI_ONBOARDING_001,u_00109,variant,2025-04-04
EXP_MBTI_ONBOARDING_001,u_00110,variant,2025-09-20
EXP_MBTI_ONBOARDING_001,u_00111,variant,2025-10-23
EXP_MBTI_ONBOARDING_001,u_00112,control,2025-10-19
EXP_MBTI_ONBOARDING_001,u_00113,variant,2025-01-31
EXP_MBTI_ONBOARDING_001,u_00114,variant,2025-07-26
EXP_MBTI_ONBOARDING_001,u_00115,control,2025-03-31
EXP_MBTI_ONBOARDING_001,u_00116,variant,2025-09-10
EXP_MBTI_ONBOARDING_001,u_00117,control,2025-11-23
EXP_MBTI_ONBOARDING_001,u_00118,variant,2025-07-30
EXP_MBTI_ONBOARDING_001,u_00119,control,2025-06-14
EXP_MBTI_ONBOARDING_001,u_00120,control,2025-08-06
EXP_MBTI_ONBOARDING_001,u_00121,control,2025-10-18
EXP_MBTI_ONBOARDING_001,u_00122,control,2025-11-14
EXP_MBTI_ONBOARDING_001,u_00123,variant,2025-02-22
EXP_MBTI_ONBOARDING_001,u_00124,control,2025-04-09
EXP_MBTI_ONBOARDING_001,u_00125,control,2025-04-07
EXP_MBTI_ONBOARDING_001,u_00126,control,2025-09-30
EXP_MBTI_ONBOARDING_001,u_00127,variant,2025-02-03
EXP_MBTI_ONBOARDING_001,u_00128,variant,2025-10-04
EXP_MBTI_ONBOARDING_001,u_00129,variant,2025-08-29
EXP_MBTI_ONBOARDING_001,u_00130,variant,2025-03-08
EXP_MBTI_ONBOARDING_001,u_00131,variant,2025-06-02
EXP_MBTI_ONBOARDING_001,u_00132,control,2025-10-03
EXP_MBTI_ONBOARDING_001,u_00133,variant,2025-03-20
EXP_MBTI_ONBOARDING_001,u_00134,control,2025-12-14
EXP_MBTI_ONBOARDING_001,u_00135,variant,2025-06-08
EXP_MBTI_ONBOARDING_001,u_00136,variant,2025-04-04
EXP_MBTI_ONBOARDING_001,u_00137,control,2025-03-18
EXP_MBTI_ONBOARDING_001,u_00138,control,2025-02-25
EXP_MBTI_ONBOARDING_001,u_00139,control,2025-01-01
EXP_MBTI_ONBOARDING_001,u_00140,control,2025-08-07
EXP_MBTI_ONBOARDING_001,u_00141,variant,2025-05-04
EXP_MBTI_ONBOARDING_001,u_00142,variant,2025-11-03
EXP_MBTI_ONBOARDING_001,u_00143,control,2025-08-29
EXP_MBTI_ONBOARDING_001,u_00144,control,2025-05-02
EXP_MBTI_ONBOARDING_001,u_00145,variant,2025-11-05
EXP_MBTI_ONBOARDING_001,u_00146,variant,2025-05-07
EXP_MBTI_ONBOARDING_001,u_00147,variant,2025-12-12
EXP_MBTI_ONBOARDING_001,u_00148,control,2025-04-06
EXP_MBTI_ONBOARDING_001,u_00149,variant,2025-10-30
EXP_MBTI_ONBOARDING_001,u_00150,control,2025-09-26
EXP_MBTI_ONBOARDING_001,u_00151,variant,2025-04-21
EXP_MBTI_ONBOARDING_001,u_00152,variant,2025-08-29
EXP_MBTI_ONBOARDING_001,u_00153,control,2025-12-24
EXP_MBTI_ONBOARDING_001,u_00154,variant,2025-08-01
EXP_MBTI_ONBOARDING_001,u_00155,control,2025-05-18
EXP_MBTI_ONBOARDING_001,u_00156,variant,2025-11-06
EXP_MBTI_ONBOARDING_001,u_00157,variant,2025-06-26
EXP_MBTI_ONBOARDING_001,u_00158,control,2025-06-17
EXP_MBTI_ONBOARDING_001,u_00159,control,2025-11-20
EXP_MBTI_ONBOARDING_001,u_00160,variant,2025-06-22
EXP_MBTI_ONBOARDING_001,u_00161,control,2025-02-21
EXP_MBTI_ONBOARDING_001,u_00162,control,2025-11-14
EXP_MBTI_ONBOARDING_001,u_00163,variant,2025-07-31
EXP_MBTI_ONBOARDING_001,u_00164,variant,2025-12-25
EXP_MBTI_ONBOARDING_001,u_00165,control,2025-05-01
EXP_MBTI_ONBOARDING_001,u_00166,control,2025-09-19
EXP_MBTI_ONBOARDING_001,u_00167,variant,2025-05-20
EXP_MBTI_ONBOARDING_001,u_00168,control,2025-01-05
EXP_MBTI_ONBOARDING_001,u_00169,control,2025-04-08
EXP_MBTI_ONBOARDING_001,u_00170,control,2025-12-15
EXP_MBTI_ONBOARDING_001,u_00171,control,2025-09-11
EXP_MBTI_ONBOARDING_001,u_00172,control,2025-07-20
EXP_MBTI_ONBOARDING_001,u_00173,control,2025-07-10
EXP_MBTI_ONBOARDING_001,u_00174,control,2025-05-25
EXP_MBTI_ONBOARDING_001,u_00175,control,2025-05-30
EXP_MBTI_ONBOARDING_001,u_00176,variant,2025-06-26
EXP_MBTI_ONBOARDING_001,u_00177,variant,2025-08-13
EXP_MBTI_ONBOARDING_001,u_00178,variant,2025-02-26
EXP_MBTI_ONBOARDING_001,u_00179,variant,2025-10-16
EXP_MBTI_ONBOARDING_001,u_00180,control,2025-04-20
EXP_MBTI_ONBOARDING_001,u_00181,control,2025-04-12
EXP_MBTI_ONBOARDING_001,u_00182,control,2025-05-19
EXP_MBTI_ONBOARDING_001,u_00183,control,2025-09-20
EXP_MBTI_ONBOARDING_001,u_00184,control,2025-03-12
EXP_MBTI_ONBOARDING_001,u_00185,variant,2025-07-23
EXP_MBTI_ONBOARDING_001,u_00186,variant,2025-11-04
EXP_MBTI_ONBOARDING_001,u_00187,control,2025-01-15
EXP_MBTI_ONBOARDING_001,u_00188,control,2025-05-31
EXP_MBTI_ONBOARDING_001,u_00189,variant,2025-09-20
EXP_MBTI_ONBOARDING_001,u_00190,variant,2025-05-14
EXP_MBTI_ONBOARDING_001,u_00191,variant,2025-01-21
EXP_MBTI_ONBOARDING_001,u_00192,control,2025-10-22
EXP_MBTI_ONBOARDING_001,u_00193,control,2025-12-19
EXP_MBTI_ONBOARDING_001,u_00194,control,2025-04-19
EXP_MBTI_ONBOARDING_001,u_00195,variant,2025-02-09
EXP_MBTI_ONBOARDING_001,u_00196,control,2025-07-21
EXP_MBTI_ONBOARDING_001,u_00197,variant,2025-05-22
EXP_MBTI_ONBOARDING_001,u_00198,control,2025-08-13
EXP_MBTI_ONBOARDING_001,u_00199,variant,2025-09-18
EXP_MBTI_ONBOARDING_001,u_00200,control,2025-03-11
EXP_MBTI_ONBOARDING_001,u_00201,control,2025-09-05
EXP_MBTI_ONBOARDING_001,u_00202,control,2025-10-26
EXP_MBTI_ONBOARDING_001,u_00203,variant,2025-04-12
EXP_MBTI_ONBOARDING_001,u_00204,control,2025-07-13
EXP_MBTI_ONBOARDING_001,u_00205,control,2025-02-10
EXP_MBTI_ONBOARDING_001,u_00206,variant,2025-10-29
EXP_MBTI_ONBOARDING_001,u_00207,control,2025-03-27
EXP_MBTI_ONBOARDING_001,u_00208,control,2025-06-15
EXP_MBTI_ONBOARDING_001,u_00209,control,2025-12-14
EXP_MBTI_ONBOARDING_001,u_00210,control,2025-04-30
EXP_MBTI_ONBOARDING_001,u_00211,control,2025-04-26
EXP_MBTI_ONBOARDING_001,u_00212,control,2025-02-16
EXP_MBTI_ONBOARDING_001,u_00213,control,2025-08-31
EXP_MBTI_ONBOARDING_001,u_00214,variant,2025-12-11
EXP_MBTI_ONBOARDING_001,u_00215,variant,2025-05-07
EXP_MBTI_ONBOARDING_001,u_00216,variant,2025-12-23
EXP_MBTI_ONBOARDING_001,u_00217,control,2025-05-19
EXP_MBTI_ONBOARDING_001,u_00218,control,2025-09-12
EXP_MBTI_ONBOARDING_001,u_00219,control,2025-07-25
EXP_MBTI_ONBOARDING_001,u_00220,variant,2025-11-26
EXP_MBTI_ONBOARDING_001,u_00221,variant,2025-07-10
EXP_MBTI_ONBOARDING_001,u_00222,control,2025-01-30
EXP_MBTI_ONBOARDING_001,u_00223,control,2025-07-03
EXP_MBTI_ONBOARDING_001,u_00224,control,2025-05-29
EXP_MBTI_ONBOARDING_001,u_00225,variant,2025-07-13
EXP_MBTI_ONBOARDING_001,u_00226,variant,2025-05-15
EXP_MBTI_ONBOARDING_001,u_00227,control,2025-09-03
EXP_MBTI_ONBOARDING_001,u_00228,variant,2025-07-17
EXP_MBTI_ONBOARDING_001,u_00229,variant,2025-09-06
EXP_MBTI_ONBOARDING_001,u_00230,variant,2025-01-18
EXP_MBTI_ONBOARDING_001,u_00231,variant,2025-12-10
EXP_MBTI_ONBOARDING_001,u_00232,variant,2025-01-01
EXP_MBTI_ONBOARDING_001,u_00233,variant,2025-06-16
EXP_MBTI_ONBOARDING_001,u_00234,control,2025-04-15
EXP_MBTI_ONBOARDING_001,u_00235,variant,2025-02-04
EXP_MBTI_ONBOARDING_001,u_00236,control,2025-01-13
EXP_MBTI_ONBOARDING_001,u_00237,control,2025-09-19
EXP_MBTI_ONBOARDING_001,u_00238,variant,2025-03-26
EXP_MBTI_ONBOARDING_001,u_00239,control,2025-05-29
EXP_MBTI_ONBOARDING_001,u_00240,control,2025-11-15
EXP_MBTI_ONBOARDING_001,u_00241,control,2025-07-05
EXP_MBTI_ONBOARDING_001,u_00242,variant,2025-08-15
EXP_MBTI_ONBOARDING_001,u_00243,control,2025-01-14
EXP_MBTI_ONBOARDING_001,u_00244,control,2025-05-15
EXP_MBTI_ONBOARDING_001,u_00245,control,2025-06-25
EXP_MBTI_ONBOARDING_001,u_00246,control,2025-06-01
EXP_MBTI_ONBOARDING_001,u_00247,variant,2025-01-06
EXP_MBTI_ONBOARDING_001,u_00248,control,2025-07-03
EXP_MBTI_ONBOARDING_001,u_00249,control,2025-09-01
EXP_MBTI_ONBOARDING_001,u_00250,control,2025-11-04
EXP_MBTI_ONBOARDING_001,u_00251,control,2025-12-02
EXP_MBTI_ONBOARDING_001,u_00252,control,2025-06-06
EXP_MBTI_ONBOARDING_001,u_00253,variant,2025-06-09
EXP_MBTI_ONBOARDING_001,u_00254,control,2025-11-30
EXP_MBTI_ONBOARDING_001,u_00255,variant,2025-05-13
EXP_MBTI_ONBOARDING_001,u_00256,control,2025-03-26
EXP_MBTI_ONBOARDING_001,u_00257,variant,2025-02-05
EXP_MBTI_ONBOARDING_001,u_00258,variant,2025-12-16
EXP_MBTI_ONBOARDING_001,u_00259,control,2025-06-11
EXP_MBTI_ONBOARDING_001,u_00260,control,2025-10-14
EXP_MBTI_ONBOARDING_001,u_00261,variant,2025-06-22
EXP_MBTI_ONBOARDING_001,u_00262,variant,2025-12-15
EXP_MBTI_ONBOARDING_001,u_00263,variant,2025-09-21
EXP_MBTI_ONBOARDING_001,u_00264,variant,2025-02-12
EXP_MBTI_ONBOARDING_001,u_00265,control,2025-01-18
EXP_MBTI_ONBOARDING_001,u_00266,variant,2025-11-06
EXP_MBTI_ONBOARDING_001,u_00267,control,2025-09-20
EXP_MBTI_ONBOARDING_001,u_00268,control,2025-03-23
EXP_MBTI_ONBOARDING_001,u_00269,control,2025-01-25
EXP_MBTI_ONBOARDING_001,u_00270,variant,2025-08-30
EXP_MBTI_ONBOARDING_001,u_00271,variant,2025-11-13
EXP_MBTI_ONBOARDING_001,u_00272,variant,2025-05-30
EXP_MBTI_ONBOARDING_001,u_00273,variant,2025-01-25
EXP_MBTI_ONBOARDING_001,u_00274,variant,2025-12-16
EXP_MBTI_ONBOARDING_001,u_00275,variant,2025-10-20
EXP_MBTI_ONBOARDING_001,u_00276,control,2025-05-25
EXP_MBTI_ONBOARDING_001,u_00277,control,2025-04-02
EXP_MBTI_ONBOARDING_001,u_00278,control,2025-09-02
EXP_MBTI_ONBOARDING_001,u_00279,control,2025-01-27
EXP_MBTI_ONBOARDING_001,u_00280,control,2025-10-13
EXP_MBTI_ONBOARDING_001,u_00281,variant,2025-01-13
EXP_MBTI_ONBOARDING_001,u_00282,control,2025-09-11
EXP_MBTI_ONBOARDING_001,u_00283,variant,2025-12-17
EXP_MBTI_ONBOARDING_001,u_00284,variant,2025-06-01
EXP_MBTI_ONBOARDING_001,u_00285,variant,2025-02-08
EXP_MBTI_ONBOARDING_001,u_00286,variant,2025-02-28
EXP_MBTI_ONBOARDING_001,u_00287,variant,2025-11-25
EXP_MBTI_ONBOARDING_001,u_00288,control,2025-02-10
EXP_MBTI_ONBOARDING_001,u_00289,variant,2025-07-23
EXP_MBTI_ONBOARDING_001,u_00290,control,2025-03-24
EXP_MBTI_ONBOARDING_001,u_00291,variant,2025-10-17
EXP_MBTI_ONBOARDING_001,u_00292,control,2025-08-26
EXP_MBTI_ONBOARDING_001,u_00293,variant,2025-08-02
EXP_MBTI_ONBOARDING_001,u_00294,control,2025-09-27
EXP_MBTI_ONBOARDING_001,u_00295,control,2025-02-26
EXP_MBTI_ONBOARDING_001,u_00296,control,2025-06-03
EXP_MBTI_ONBOARDING_001,u_00297,variant,2025-01-22
EXP_MBTI_ONBOARDING_001,u_00298,control,2025-06-27
EXP_MBTI_ONBOARDING_001,u_00299,variant,2025-10-23
EXP_MBTI_ONBOARDING_001,u_00300,variant,2025-05-12
EXP_MBTI_ONBOARDING_001,u_00301,control,2025-10-17
EXP_MBTI_ONBOARDING_001,u_00302,control,2025-01-10
EXP_MBTI_ONBOARDING_001,u_00303,control,2025-09-20
EXP_MBTI_ONBOARDING_001,u_00304,variant,2025-12-01
EXP_MBTI_ONBOARDING_001,u_00305,variant,2025-06-06
EXP_MBTI_ONBOARDING_001,u_00306,control,2025-07-07
EXP_MBTI_ONBOARDING_001,u_00307,variant,2025-06-03
EXP_MBTI_ONBOARDING_001,u_00308,variant,2025-03-13
EXP_MBTI_ONBOARDING_001,u_00309,variant,2025-12-07
EXP_MBTI_ONBOARDING_001,u_00310,control,2025-01-07
EXP_MBTI_ONBOARDING_001,u_00311,control,2025-10-18
EXP_MBTI_ONBOARDING_001,u_00312,variant,2025-09-11
EXP_MBTI_ONBOARDING_001,u_00313,control,2025-01-05
EXP_MBTI_ONBOARDING_001,u_00314,variant,2025-06-07
EXP_MBTI_ONBOARDING_001,u_00315,control,2025-10-16
EXP_MBTI_ONBOARDING_001,u_00316,control,2025-03-13
EXP_MBTI_ONBOARDING_001,u_00317,variant,2025-08-24
EXP_MBTI_ONBOARDING_001,u_00318,control,2025-09-10
EXP_MBTI_ONBOARDING_001,u_00319,variant,2025-11-02
EXP_MBTI_ONBOARDING_001,u_00320,variant,2025-07-23
EXP_MBTI_ONBOARDING_001,u_00321,control,2025-04-05
EXP_MBTI_ONBOARDING_001,u_00322,variant,2025-05-07
EXP_MBTI_ONBOARDING_001,u_00323,control,2025-07-10
EXP_MBTI_ONBOARDING_001,u_00324,control,2025-06-11
EXP_MBTI_ONBOARDING_001,u_00325,control,2025-06-26
EXP_MBTI_ONBOARDING_001,u_00326,control,2025-08-15
EXP_MBTI_ONBOARDING_001,u_00327,variant,2025-03-03
EXP_MBTI_ONBOARDING_001,u_00328,control,2025-09-28
EXP_MBTI_ONBOARDING_001,u_00329,variant,2025-04-18
EXP_MBTI_ONBOARDING_001,u_00330,variant,2025-10-18
EXP_MBTI_ONBOARDING_001,u_00331,control,2025-01-19
EXP_MBTI_ONBOARDING_001,u_00332,variant,2025-02-04
EXP_MBTI_ONBOARDING_001,u_00333,variant,2025-03-30
EXP_MBTI_ONBOARDING_001,u_00334,variant,2025-10-19
EXP_MBTI_ONBOARDING_001,u_00335,control,2025-05-08
EXP_MBTI_ONBOARDING_001,u_00336,variant,2025-05-10
EXP_MBTI_ONBOARDING_001,u_00337,control,2025-08-01
EXP_MBTI_ONBOARDING_001,u_00338,control,2025-08-25
EXP_MBTI_ONBOARDING_001,u_00339,control,2025-07-03
EXP_MBTI_ONBOARDING_001,u_00340,control,2025-09-05
EXP_MBTI_ONBOARDING_001,u_00341,variant,2025-09-29
EXP_MBTI_ONBOARDING_001,u_00342,control,2025-10-27
EXP_MBTI_ONBOARDING_001,u_00343,control,2025-01-20
EXP_MBTI_ONBOARDING_001,u_00344,variant,2025-02-06
EXP_MBTI_ONBOARDING_001,u_00345,control,2025-04-26
EXP_MBTI_ONBOARDING_001,u_00346,control,2025-08-09
EXP_MBTI_ONBOARDING_001,u_00347,variant,2025-04-15
EXP_MBTI_ONBOARDING_001,u_00348,variant,2025-07-07
EXP_MBTI_ONBOARDING_001,u_00349,control,2025-02-07
EXP_MBTI_ONBOARDING_001,u_00350,variant,2025-03-31
EXP_MBTI_ONBOARDING_001,u_00351,control,2025-04-02
EXP_MBTI_ONBOARDING_001,u_00352,control,2025-06-14
EXP_MBTI_ONBOARDING_001,u_00353,variant,2025-08-08
EXP_MBTI_ONBOARDING_001,u_00354,variant,2025-12-27
EXP_MBTI_ONBOARDING_001,u_00355,control,2025-01-09
EXP_MBTI_ONBOARDING_001,u_00356,control,2025-10-21
EXP_MBTI_ONBOARDING_001,u_00357,control,2025-09-22
EXP_MBTI_ONBOARDING_001,u_00358,control,2025-06-21
EXP_MBTI_ONBOARDING_001,u_00359,control,2025-01-27
EXP_MBTI_ONBOARDING_001,u_00360,control,2025-06-29
EXP_MBTI_ONBOARDING_001,u_00361,variant,2025-05-18
EXP_MBTI_ONBOARDING_001,u_00362,control,2025-12-23
EXP_MBTI_ONBOARDING_001,u_00363,variant,2025-01-04
EXP_MBTI_ONBOARDING_001,u_00364,variant,2025-01-23
EXP_MBTI_ONBOARDING_001,u_00365,control,2025-04-20
EXP_MBTI_ONBOARDING_001,u_00366,control,2025-04-01
EXP_MBTI_ONBOARDING_001,u_00367,control,2025-01-23
EXP_MBTI_ONBOARDING_001,u_00368,variant,2025-06-09
EXP_MBTI_ONBOARDING_001,u_00369,variant,2025-07-11
EXP_MBTI_ONBOARDING_001,u_00370,control,2025-08-13
EXP_MBTI_ONBOARDING_001,u_00371,variant,2025-08-07
EXP_MBTI_ONBOARDING_001,u_00372,control,2025-10-30
EXP_MBTI_ONBOARDING_001,u_00373,variant,2025-11-08
EXP_MBTI_ONBOARDING_001,u_00374,control,2025-05-26
EXP_MBTI_ONBOARDING_001,u_00375,control,2025-05-13
EXP_MBTI_ONBOARDING_001,u_00376,variant,2025-10-29
EXP_MBTI_ONBOARDING_001,u_00377,control,2025-11-28
EXP_MBTI_ONBOARDING_001,u_00378,variant,2025-08-16
EXP_MBTI_ONBOARDING_001,u_00379,variant,2025-12-20
EXP_MBTI_ONBOARDING_001,u_00380,control,2025-11-05
EXP_MBTI_ONBOARDING_001,u_00381,control,2025-08-21
EXP_MBTI_ONBOARDING_001,u_00382,control,2025-02-28
EXP_MBTI_ONBOARDING_001,u_00383,variant,2025-08-11
EXP_MBTI_ONBOARDING_001,u_00384,variant,2025-04-04
EXP_MBTI_ONBOARDING_001,u_00385,variant,2025-06-12
EXP_MBTI_ONBOARDING_001,u_00386,control,2025-04-07
EXP_MBTI_ONBOARDING_001,u_00387,variant,2025-10-15
EXP_MBTI_ONBOARDING_001,u_00388,variant,2025-07-25
EXP_MBTI_ONBOARDING_001,u_00389,control,2025-01-20
EXP_MBTI_ONBOARDING_001,u_00390,control,2025-01-14
EXP_MBTI_ONBOARDING_001,u_00391,variant,2025-05-17
EXP_MBTI_ONBOARDING_001,u_00392,variant,2025-11-21
EXP_MBTI_ONBOARDING_001,u_00393,control,2025-10-18
EXP_MBTI_ONBOARDING_001,u_00394,control,2025-05-16
EXP_MBTI_ONBOARDING_001,u_00395,control,2025-03-09
EXP_MBTI_ONBOARDING_001,u_00396,variant,2025-11-03
EXP_MBTI_ONBOARDING_001,u_00397,control,2025-11-02
EXP_MBTI_ONBOARDING_001,u_00398,control,2025-08-09
EXP_MBTI_ONBOARDING_001,u_00399,variant,2025-04-06
EXP_MBTI_ONBOARDING_001,u_00400,control,2025-07-28
EXP_MBTI_ONBOARDING_001,u_00401,variant,2025-05-03
EXP_MBTI_ONBOARDING_001,u_00402,variant,2025-05-06
EXP_MBTI_ONBOARDING_001,u_00403,control,2025-07-20
EXP_MBTI_ONBOARDING_001,u_00404,control,2025-05-10
EXP_MBTI_ONBOARDING_001,u_00405,control,2025-08-28
EXP_MBTI_ONBOARDING_001,u_00406,variant,2025-11-12
EXP_MBTI_ONBOARDING_001,u_00407,variant,2025-06-21
EXP_MBTI_ONBOARDING_001,u_00408,variant,2025-10-21
EXP_MBTI_ONBOARDING_001,u_00409,variant,2025-10-06
EXP_MBTI_ONBOARDING_001,u_00410,variant,2025-08-17
EXP_MBTI_ONBOARDING_001,u_00411,variant,2025-04-21
EXP_MBTI_ONBOARDING_001,u_00412,variant,2025-06-26
EXP_MBTI_ONBOARDING_001,u_00413,control,2025-04-07
EXP_MBTI_ONBOARDING_001,u_00414,control,2025-06-19
EXP_MBTI_ONBOARDING_001,u_00415,control,2025-04-05
EXP_MBTI_ONBOARDING_001,u_00416,variant,2025-06-06
EXP_MBTI_ONBOARDING_001,u_00417,control,2025-11-29
EXP_MBTI_ONBOARDING_001,u_00418,control,2025-05-20
EXP_MBTI_ONBOARDING_001,u_00419,variant,2025-08-26
EXP_MBTI_ONBOARDING_001,u_00420,variant,2025-11-13
EXP_MBTI_ONBOARDING_001,u_00421,variant,2025-08-15
EXP_MBTI_ONBOARDING_001,u_00422,variant,2025-06-25
EXP_MBTI_ONBOARDING_001,u_00423,control,2025-07-23
EXP_MBTI_ONBOARDING_001,u_00424,control,2025-05-31
EXP_MBTI_ONBOARDING_001,u_00425,control,2025-10-16
EXP_MBTI_ONBOARDING_001,u_00426,variant,2025-02-06
EXP_MBTI_ONBOARDING_001,u_00427,variant,2025-10-10
EXP_MBTI_ONBOARDING_001,u_00428,control,2025-07-02
EXP_MBTI_ONBOARDING_001,u_00429,control,2025-03-03
EXP_MBTI_ONBOARDING_001,u_00430,variant,2025-02-04
EXP_MBTI_ONBOARDING_001,u_00431,variant,2025-12-30
EXP_MBTI_ONBOARDING_001,u_00432,variant,2025-05-09
EXP_MBTI_ONBOARDING_001,u_00433,variant,2025-05-18
EXP_MBTI_ONBOARDING_001,u_00434,control,2025-12-24
EXP_MBTI_ONBOARDING_001,u_00435,variant,2025-05-23
EXP_MBTI_ONBOARDING_001,u_00436,variant,2025-06-03
EXP_MBTI_ONBOARDING_001,u_00437,variant,2025-04-25
EXP_MBTI_ONBOARDING_001,u_00438,control,2025-07-30
EXP_MBTI_ONBOARDING_001,u_00439,variant,2025-06-04
EXP_MBTI_ONBOARDING_001,u_00440,control,2025-05-14
EXP_MBTI_ONBOARDING_001,u_00441,variant,2025-09-13
EXP_MBTI_ONBOARDING_001,u_00442,control,2025-01-25
EXP_MBTI_ONBOARDING_001,u_00443,variant,2025-09-13
EXP_MBTI_ONBOARDING_001,u_00444,variant,2025-08-13
EXP_MBTI_ONBOARDING_001,u_00445,variant,2025-02-04
EXP_MBTI_ONBOARDING_001,u_00446,control,2025-05-15
EXP_MBTI_ONBOARDING_001,u_00447,control,2025-02-09
EXP_MBTI_ONBOARDING_001,u_00448,variant,2025-10-17
EXP_MBTI_ONBOARDING_001,u_00449,control,2025-01-05
EXP_MBTI_ONBOARDING_001,u_00450,control,2025-12-21
EXP_MBTI_ONBOARDING_001,u_00451,variant,2025-11-22
EXP_MBTI_ONBOARDING_001,u_00452,control,2025-02-07
EXP_MBTI_ONBOARDING_001,u_00453,control,2025-08-22
EXP_MBTI_ONBOARDING_001,u_00454,variant,2025-12-18
EXP_MBTI_ONBOARDING_001,u_00455,control,2025-12-11
EXP_MBTI_ONBOARDING_001,u_00456,control,2025-04-14
EXP_MBTI_ONBOARDING_001,u_00457,variant,2025-05-13
EXP_MBTI_ONBOARDING_001,u_00458,variant,2025-11-18
EXP_MBTI_ONBOARDING_001,u_00459,control,2025-07-13
EXP_MBTI_ONBOARDING_001,u_00460,control,2025-06-22
EXP_MBTI_ONBOARDING_001,u_00461,control,2025-06-04
EXP_MBTI_ONBOARDING_001,u_00462,variant,2025-11-24
EXP_MBTI_ONBOARDING_001,u_00463,control,2025-12-28
EXP_MBTI_ONBOARDING_001,u_00464,control,2025-04-14
EXP_MBTI_ONBOARDING_001,u_00465,variant,2025-12-03
EXP_MBTI_ONBOARDING_001,u_00466,control,2025-12-10
EXP_MBTI_ONBOARDING_001,u_00467,control,2025-03-17
EXP_MBTI_ONBOARDING_001,u_00468,variant,2025-11-10
EXP_MBTI_ONBOARDING_001,u_00469,variant,2025-02-25
EXP_MBTI_ONBOARDING_001,u_00470,control,2025-02-17
EXP_MBTI_ONBOARDING_001,u_00471,variant,2025-10-07
EXP_MBTI_ONBOARDING_001,u_00472,variant,2025-10-27
EXP_MBTI_ONBOARDING_001,u_00473,control,2025-05-13
EXP_MBTI_ONBOARDING_001,u_00474,variant,2025-03-23
EXP_MBTI_ONBOARDING_001,u_00475,variant,2025-10-28
EXP_MBTI_ONBOARDING_001,u_00476,control,2025-05-29
EXP_MBTI_ONBOARDING_001,u_00477,control,2025-03-20
EXP_MBTI_ONBOARDING_001,u_00478,control,2025-06-15
EXP_MBTI_ONBOARDING_001,u_00479,variant,2025-10-16
EXP_MBTI_ONBOARDING_001,u_00480,control,2025-09-12
EXP_MBTI_ONBOARDING_001,u_00481,control,2025-12-02
EXP_MBTI_ONBOARDING_001,u_00482,variant,2025-10-03
EXP_MBTI_ONBOARDING_001,u_00483,variant,2025-04-14
EXP_MBTI_ONBOARDING_001,u_00484,control,2025-08-15
EXP_MBTI_ONBOARDING_001,u_00485,control,2025-02-11
EXP_MBTI_ONBOARDING_001,u_00486,control,2025-10-06
EXP_MBTI_ONBOARDING_001,u_00487,control,2025-07-23
EXP_MBTI_ONBOARDING_001,u_00488,control,2025-06-25
EXP_MBTI_ONBOARDING_001,u_00489,control,2025-03-05
EXP_MBTI_ONBOARDING_001,u_00490,control,2025-07-01
EXP_MBTI_ONBOARDING_001,u_00491,variant,2025-02-20
EXP_MBTI_ONBOARDING_001,u_00492,variant,2025-06-18
EXP_MBTI_ONBOARDING_001,u_00493,variant,2025-04-25
EXP_MBTI_ONBOARDING_001,u_00494,variant,2025-11-28
EXP_MBTI_ONBOARDING_001,u_00495,variant,2025-08-06
EXP_MBTI_ONBOARDING_001,u_00496,control,2025-10-10
EXP_MBTI_ONBOARDING_001,u_00497,control,2025-05-08
EXP_MBTI_ONBOARDING_001,u_00498,control,2025-05-18
EXP_MBTI_ONBOARDING_001,u_00499,control,2025-06-22
EXP_MBTI_ONBOARDING_001,u_00500,variant,2025-07-20
EXP_MBTI_ONBOARDING_001,u_00501,control,2025-07-19
EXP_MBTI_ONBOARDING_001,u_00502,variant,2025-02-11
EXP_MBTI_ONBOARDING_001,u_00503,control,2025-04-27
EXP_MBTI_ONBOARDING_001,u_00504,variant,2025-04-26
EXP_MBTI_ONBOARDING_001,u_00505,variant,2025-09-16
EXP_MBTI_ONBOARDING_001,u_00506,variant,2025-03-09
EXP_MBTI_ONBOARDING_001,u_00507,variant,2025-03-25
EXP_MBTI_ONBOARDING_001,u_00508,variant,2025-08-05
EXP_MBTI_ONBOARDING_001,u_00509,variant,2025-02-22
EXP_MBTI_ONBOARDING_001,u_00510,variant,2025-08-01
EXP_MBTI_ONBOARDING_001,u_00511,control,2025-01-17
EXP_MBTI_ONBOARDING_001,u_00512,variant,2025-04-20
EXP_MBTI_ONBOARDING_001,u_00513,control,2025-04-22
EXP_MBTI_ONBOARDING_001,u_00514,control,2025-11-09
EXP_MBTI_ONBOARDING_001,u_00515,variant,2025-11-18
EXP_MBTI_ONBOARDING_001,u_00516,variant,2025-09-15
EXP_MBTI_ONBOARDING_001,u_00517,control,2025-12-08
EXP_MBTI_ONBOARDING_001,u_00518,variant,2025-10-23
EXP_MBTI_ONBOARDING_001,u_00519,control,2025-11-29
EXP_MBTI_ONBOARDING_001,u_00520,control,2025-11-03
EXP_MBTI_ONBOARDING_001,u_00521,control,2025-03-20
EXP_MBTI_ONBOARDING_001,u_00522,variant,2025-10-17
EXP_MBTI_ONBOARDING_001,u_00523,variant,2025-05-17
EXP_MBTI_ONBOARDING_001,u_00524,control,2025-09-24
EXP_MBTI_ONBOARDING_001,u_00525,control,2025-03-26
EXP_MBTI_ONBOARDING_001,u_00526,variant,2025-04-09
EXP_MBTI_ONBOARDING_001,u_00527,control,2025-07-28
EXP_MBTI_ONBOARDING_001,u_00528,variant,2025-11-09
EXP_MBTI_ONBOARDING_001,u_00529,control,2025-10-16
EXP_MBTI_ONBOARDING_001,u_00530,control,2025-10-18
EXP_MBTI_ONBOARDING_001,u_00531,control,2025-02-19
EXP_MBTI_ONBOARDING_001,u_00532,control,2025-09-18
EXP_MBTI_ONBOARDING_001,u_00533,control,2025-07-22
EXP_MBTI_ONBOARDING_001,u_00534,variant,2025-11-26
EXP_MBTI_ONBOARDING_001,u_00535,variant,2025-01-14
EXP_MBTI_ONBOARDING_001,u_00536,variant,2025-11-03
EXP_MBTI_ONBOARDING_001,u_00537,control,2025-07-08
EXP_MBTI_ONBOARDING_001,u_00538,variant,2025-09-21
EXP_MBTI_ONBOARDING_001,u_00539,variant,2025-08-10
EXP_MBTI_ONBOARDING_001,u_00540,variant,2025-06-09
EXP_MBTI_ONBOARDING_001,u_00541,control,2025-02-10
EXP_MBTI_ONBOARDING_001,u_00542,variant,2025-09-27
EXP_MBTI_ONBOARDING_001,u_00543,variant,2025-01-15
EXP_MBTI_ONBOARDING_001,u_00544,control,2025-05-24
EXP_MBTI_ONBOARDING_001,u_00545,control,2025-09-11
EXP_MBTI_ONBOARDING_001,u_00546,control,2025-04-20
EXP_MBTI_ONBOARDING_001,u_00547,control,2025-04-11
EXP_MBTI_ONBOARDING_001,u_00548,variant,2025-05-16
EXP_MBTI_ONBOARDING_001,u_00549,control,2025-06-21
EXP_MBTI_ONBOARDING_001,u_00550,control,2025-02-04
EXP_MBTI_ONBOARDING_001,u_00551,variant,2025-04-28
EXP_MBTI_ONBOARDING_001,u_00552,variant,2025-01-06
EXP_MBTI_ONBOARDING_001,u_00553,variant,2025-10-17
EXP_MBTI_ONBOARDING_001,u_00554,variant,2025-06-03
EXP_MBTI_ONBOARDING_001,u_00555,variant,2025-01-23
EXP_MBTI_ONBOARDING_001,u_00556,variant,2025-08-20
EXP_MBTI_ONBOARDING_001,u_00557,variant,2025-10-13
EXP_MBTI_ONBOARDING_001,u_00558,control,2025-11-02
EXP_MBTI_ONBOARDING_001,u_00559,variant,2025-12-14
EXP_MBTI_ONBOARDING_001,u_00560,variant,2025-08-06
EXP_MBTI_ONBOARDING_001,u_00561,variant,2025-08-29
EXP_MBTI_ONBOARDING_001,u_00562,variant,2025-09-20
EXP_MBTI_ONBOARDING_001,u_00563,control,2025-07-11
EXP_MBTI_ONBOARDING_001,u_00564,variant,2025-09-02
EXP_MBTI_ONBOARDING_001,u_00565,variant,2025-06-03
EXP_MBTI_ONBOARDING_001,u_00566,control,2025-09-23
EXP_MBTI_ONBOARDING_001,u_00567,control,2025-02-12
EXP_MBTI_ONBOARDING_001,u_00568,control,2025-01-18
EXP_MBTI_ONBOARDING_001,u_00569,variant,2025-12-10
EXP_MBTI_ONBOARDING_001,u_00570,variant,2025-06-10
EXP_MBTI_ONBOARDING_001,u_00571,variant,2025-09-05
EXP_MBTI_ONBOARDING_001,u_00572,control,2025-09-10
EXP_MBTI_ONBOARDING_001,u_00573,control,2025-04-26
EXP_MBTI_ONBOARDING_001,u_00574,variant,2025-05-27
EXP_MBTI_ONBOARDING_001,u_00575,variant,2025-07-24
EXP_MBTI_ONBOARDING_001,u_00576,control,2025-05-31
EXP_MBTI_ONBOARDING_001,u_00577,variant,2025-09-13
EXP_MBTI_ONBOARDING_001,u_00578,variant,2025-08-03
EXP_MBTI_ONBOARDING_001,u_00579,control,2025-01-15
EXP_MBTI_ONBOARDING_001,u_00580,control,2025-06-26
EXP_MBTI_ONBOARDING_001,u_00581,variant,2025-03-13
EXP_MBTI_ONBOARDING_001,u_00582,control,2025-06-14
EXP_MBTI_ONBOARDING_001,u_00583,control,2025-07-27
EXP_MBTI_ONBOARDING_001,u_00584,control,2025-11-15
EXP_MBTI_ONBOARDING_001,u_00585,variant,2025-07-26
EXP_MBTI_ONBOARDING_001,u_00586,variant,2025-06-15
EXP_MBTI_ONBOARDING_001,u_00587,control,2025-07-16
EXP_MBTI_ONBOARDING_001,u_00588,variant,2025-10-21
EXP_MBTI_ONBOARDING_001,u_00589,variant,2025-04-02
EXP_MBTI_ONBOARDING_001,u_00590,variant,2025-05-04
EXP_MBTI_ONBOARDING_001,u_00591,control,2025-06-20
EXP_MBTI_ONBOARDING_001,u_00592,control,2025-01-07
EXP_MBTI_ONBOARDING_001,u_00593,variant,2025-09-15
EXP_MBTI_ONBOARDING_001,u_00594,variant,2025-04-29
EXP_MBTI_ONBOARDING_001,u_00595,control,2025-04-11
EXP_MBTI_ONBOARDING_001,u_00596,control,2025-12-28
EXP_MBTI_ONBOARDING_001,u_00597,control,2025-12-30
EXP_MBTI_ONBOARDING_001,u_00598,variant,2025-11-07
EXP_MBTI_ONBOARDING_001,u_00599,variant,2025-03-22
EXP_MBTI_ONBOARDING_001,u_00600,variant,2025-10-20
EXP_MBTI_ONBOARDING_001,u_00601,variant,2025-01-18
EXP_MBTI_ONBOARDING_001,u_00602,control,2025-04-04
EXP_MBTI_ONBOARDING_001,u_00603,variant,2025-06-01
EXP_MBTI_ONBOARDING_001,u_00604,variant,2025-05-03
EXP_MBTI_ONBOARDING_001,u_00605,variant,2025-05-31
EXP_MBTI_ONBOARDING_001,u_00606,control,2025-10-27
EXP_MBTI_ONBOARDING_001,u_00607,control,2025-02-04
EXP_MBTI_ONBOARDING_001,u_00608,control,2025-10-10
EXP_MBTI_ONBOARDING_001,u_00609,variant,2025-10-27
EXP_MBTI_ONBOARDING_001,u_00610,variant,2025-08-26
EXP_MBTI_ONBOARDING_001,u_00611,variant,2025-07-21
EXP_MBTI_ONBOARDING_001,u_00612,variant,2025-07-07
EXP_MBTI_ONBOARDING_001,u_00613,control,2025-05-08
EXP_MBTI_ONBOARDING_001,u_00614,control,2025-02-05
EXP_MBTI_ONBOARDING_001,u_00615,control,2025-02-02
EXP_MBTI_ONBOARDING_001,u_00616,control,2025-12-11
EXP_MBTI_ONBOARDING_001,u_00617,control,2025-01-16
EXP_MBTI_ONBOARDING_001,u_00618,control,2025-04-26
EXP_MBTI_ONBOARDING_001,u_00619,variant,2025-06-01
EXP_MBTI_ONBOARDING_001,u_00620,variant,2025-11-27
EXP_MBTI_ONBOARDING_001,u_00621,variant,2025-05-02
EXP_MBTI_ONBOARDING_001,u_00622,control,2025-01-19
EXP_MBTI_ONBOARDING_001,u_00623,control,2025-06-13
EXP_MBTI_ONBOARDING_001,u_00624,control,2025-06-26
EXP_MBTI_ONBOARDING_001,u_00625,variant,2025-06-16
EXP_MBTI_ONBOARDING_001,u_00626,control,2025-08-09
EXP_MBTI_ONBOARDING_001,u_00627,control,2025-08-24
EXP_MBTI_ONBOARDING_001,u_00628,variant,2025-07-15
EXP_MBTI_ONBOARDING_001,u_00629,variant,2025-07-13
EXP_MBTI_ONBOARDING_001,u_00630,control,2025-11-07
EXP_MBTI_ONBOARDING_001,u_00631,variant,2025-05-22
EXP_MBTI_ONBOARDING_001,u_00632,variant,2025-05-14
EXP_MBTI_ONBOARDING_001,u_00633,control,2025-04-02
EXP_MBTI_ONBOARDING_001,u_00634,variant,2025-08-21
EXP_MBTI_ONBOARDING_001,u_00635,variant,2025-08-23
EXP_MBTI_ONBOARDING_001,u_00636,variant,2025-08-17
EXP_MBTI_ONBOARDING_001,u_00637,variant,2025-08-01
EXP_MBTI_ONBOARDING_001,u_00638,control,2025-07-31
EXP_MBTI_ONBOARDING_001,u_00639,variant,2025-01-09
EXP_MBTI_ONBOARDING_001,u_00640,control,2025-12-10
EXP_MBTI_ONBOARDING_001,u_00641,control,2025-01-20
EXP_MBTI_ONBOARDING_001,u_00642,control,2025-02-07
EXP_MBTI_ONBOARDING_001,u_00643,control,2025-05-27
EXP_MBTI_ONBOARDING_001,u_00644,control,2025-03-02
EXP_MBTI_ONBOARDING_001,u_00645,control,2025-05-15
EXP_MBTI_ONBOARDING_001,u_00646,variant,2025-07-22
EXP_MBTI_ONBOARDING_001,u_00647,control,2025-12-22
EXP_MBTI_ONBOARDING_001,u_00648,variant,2025-05-04
EXP_MBTI_ONBOARDING_001,u_00649,control,2025-11-15
EXP_MBTI_ONBOARDING_001,u_00650,control,2025-09-20
EXP_MBTI_ONBOARDING_001,u_00651,control,2025-12-25
EXP_MBTI_ONBOARDING_001,u_00652,variant,2025-06-11
EXP_MBTI_ONBOARDING_001,u_00653,control,2025-03-17
EXP_MBTI_ONBOARDING_001,u_00654,control,2025-08-27
EXP_MBTI_ONBOARDING_001,u_00655,variant,2025-01-05
EXP_MBTI_ONBOARDING_001,u_00656,control,2025-05-23
EXP_MBTI_ONBOARDING_001,u_00657,control,2025-06-22
EXP_MBTI_ONBOARDING_001,u_00658,control,2025-01-09
EXP_MBTI_ONBOARDING_001,u_00659,control,2025-02-02
EXP_MBTI_ONBOARDING_001,u_00660,variant,2025-07-18
EXP_MBTI_ONBOARDING_001,u_00661,control,2025-10-08
EXP_MBTI_ONBOARDING_001,u_00662,control,2025-06-11
EXP_MBTI_ONBOARDING_001,u_00663,variant,2025-01-27
EXP_MBTI_ONBOARDING_001,u_00664,control,2025-07-09
EXP_MBTI_ONBOARDING_001,u_00665,control,2025-02-01
EXP_MBTI_ONBOARDING_001,u_00666,control,2025-12-22
EXP_MBTI_ONBOARDING_001,u_00667,control,2025-01-30
EXP_MBTI_ONBOARDING_001,u_00668,control,2025-10-08
EXP_MBTI_ONBOARDING_001,u_00669,variant,2025-08-01
EXP_MBTI_ONBOARDING_001,u_00670,control,2025-01-26
EXP_MBTI_ONBOARDING_001,u_00671,variant,2025-07-19
EXP_MBTI_ONBOARDING_001,u_00672,control,2025-10-21
EXP_MBTI_ONBOARDING_001,u_00673,variant,2025-11-03
EXP_MBTI_ONBOARDING_001,u_00674,control,2025-12-01
EXP_MBTI_ONBOARDING_001,u_00675,control,2025-06-29
EXP_MBTI_ONBOARDING_001,u_00676,variant,2025-11-15
EXP_MBTI_ONBOARDING_001,u_00677,control,2025-03-24
EXP_MBTI_ONBOARDING_001,u_00678,variant,2025-10-16
EXP_MBTI_ONBOARDING_001,u_00679,variant,2025-01-03
EXP_MBTI_ONBOARDING_001,u_00680,control,2025-09-15
EXP_MBTI_ONBOARDING_001,u_00681,variant,2025-09-04
EXP_MBTI_ONBOARDING_001,u_00682,control,2025-12-17
EXP_MBTI_ONBOARDING_001,u_00683,control,2025-11-22
EXP_MBTI_ONBOARDING_001,u_00684,control,2025-04-07
EXP_MBTI_ONBOARDING_001,u_00685,variant,2025-06-13
EXP_MBTI_ONBOARDING_001,u_00686,control,2025-09-05
EXP_MBTI_ONBOARDING_001,u_00687,control,2025-10-23
EXP_MBTI_ONBOARDING_001,u_00688,variant,2025-03-25
EXP_MBTI_ONBOARDING_001,u_00689,control,2025-03-19
EXP_MBTI_ONBOARDING_001,u_00690,control,2025-04-09
EXP_MBTI_ONBOARDING_001,u_00691,control,2025-03-29
EXP_MBTI_ONBOARDING_001,u_00692,variant,2025-08-26
EXP_MBTI_ONBOARDING_001,u_00693,variant,2025-04-09
EXP_MBTI_ONBOARDING_001,u_00694,variant,2025-07-12
EXP_MBTI_ONBOARDING_001,u_00695,control,2025-12-10
EXP_MBTI_ONBOARDING_001,u_00696,control,2025-08-06
EXP_MBTI_ONBOARDING_001,u_00697,variant,2025-06-13
EXP_MBTI_ONBOARDING_001,u_00698,control,2025-05-02
EXP_MBTI_ONBOARDING_001,u_00699,control,2025-06-30
EXP_MBTI_ONBOARDING_001,u_00700,variant,2025-09-15
EXP_MBTI_ONBOARDING_001,u_00701,variant,2025-09-12
EXP_MBTI_ONBOARDING_001,u_00702,variant,2025-01-13
EXP_MBTI_ONBOARDING_001,u_00703,variant,2025-03-21
EXP_MBTI_ONBOARDING_001,u_00704,control,2025-04-11
EXP_MBTI_ONBOARDING_001,u_00705,variant,2025-02-05
EXP_MBTI_ONBOARDING_001,u_00706,variant,2025-10-07
EXP_MBTI_ONBOARDING_001,u_00707,variant,2025-06-26
EXP_MBTI_ONBOARDING_001,u_00708,control,2025-07-22
EXP_MBTI_ONBOARDING_001,u_00709,variant,2025-01-31
EXP_MBTI_ONBOARDING_001,u_00710,variant,2025-04-24
EXP_MBTI_ONBOARDING_001,u_00711,variant,2025-04-07
EXP_MBTI_ONBOARDING_001,u_00712,control,2025-01-24
EXP_MBTI_ONBOARDING_001,u_00713,control,2025-08-24
EXP_MBTI_ONBOARDING_001,u_00714,variant,2025-07-20
EXP_MBTI_ONBOARDING_001,u_00715,control,2025-07-14
EXP_MBTI_ONBOARDING_001,u_00716,variant,2025-09-08
EXP_MBTI_ONBOARDING_001,u_00717,control,2025-08-07
EXP_MBTI_ONBOARDING_001,u_00718,variant,2025-09-06
EXP_MBTI_ONBOARDING_001,u_00719,control,2025-07-26
EXP_MBTI_ONBOARDING_001,u_00720,control,2025-09-14
EXP_MBTI_ONBOARDING_001,u_00721,variant,2025-11-18
EXP_MBTI_ONBOARDING_001,u_00722,control,2025-10-16
EXP_MBTI_ONBOARDING_001,u_00723,control,2025-11-06
EXP_MBTI_ONBOARDING_001,u_00724,variant,2025-02-11
EXP_MBTI_ONBOARDING_001,u_00725,control,2025-02-18
EXP_MBTI_ONBOARDING_001,u_00726,control,2025-07-11
EXP_MBTI_ONBOARDING_001,u_00727,control,2025-09-01
EXP_MBTI_ONBOARDING_001,u_00728,control,2025-08-16
EXP_MBTI_ONBOARDING_001,u_00729,control,2025-02-05
EXP_MBTI_ONBOARDING_001,u_00730,control,2025-06-08
EXP_MBTI_ONBOARDING_001,u_00731,control,2025-06-27
EXP_MBTI_ONBOARDING_001,u_00732,variant,2025-05-29
EXP_MBTI_ONBOARDING_001,u_00733,control,2025-07-22
EXP_MBTI_ONBOARDING_001,u_00734,control,2025-01-28
EXP_MBTI_ONBOARDING_001,u_00735,control,2025-06-27
EXP_MBTI_ONBOARDING_001,u_00736,variant,2025-10-21
EXP_MBTI_ONBOARDING_001,u_00737,control,2025-02-14
EXP_MBTI_ONBOARDING_001,u_00738,variant,2025-07-02
EXP_MBTI_ONBOARDING_001,u_00739,variant,2025-09-17
EXP_MBTI_ONBOARDING_001,u_00740,variant,2025-12-29
EXP_MBTI_ONBOARDING_001,u_00741,control,2025-10-01
EXP_MBTI_ONBOARDING_001,u_00742,variant,2025-10-19
EXP_MBTI_ONBOARDING_001,u_00743,control,2025-12-25
EXP_MBTI_ONBOARDING_001,u_00744,variant,2025-04-04
EXP_MBTI_ONBOARDING_001,u_00745,control,2025-12-06
EXP_MBTI_ONBOARDING_001,u_00746,control,2025-02-28
EXP_MBTI_ONBOARDING_001,u_00747,variant,2025-06-30
EXP_MBTI_ONBOARDING_001,u_00748,control,2025-11-23
EXP_MBTI_ONBOARDING_001,u_00749,control,2025-11-20
EXP_MBTI_ONBOARDING_001,u_00750,variant,2025-07-13
EXP_MBTI_ONBOARDING_001,u_00751,variant,2025-07-12
EXP_MBTI_ONBOARDING_001,u_00752,control,2025-06-04
EXP_MBTI_ONBOARDING_001,u_00753,variant,2025-05-12
EXP_MBTI_ONBOARDING_001,u_00754,variant,2025-01-10
EXP_MBTI_ONBOARDING_001,u_00755,variant,2025-06-28
EXP_MBTI_ONBOARDING_001,u_00756,control,2025-04-11
EXP_MBTI_ONBOARDING_001,u_00757,variant,2025-11-14
EXP_MBTI_ONBOARDING_001,u_00758,variant,2025-11-15
EXP_MBTI_ONBOARDING_001,u_00759,control,2025-10-17
EXP_MBTI_ONBOARDING_001,u_00760,control,2025-09-28
EXP_MBTI_ONBOARDING_001,u_00761,variant,2025-10-08
EXP_MBTI_ONBOARDING_001,u_00762,variant,2025-02-07
EXP_MBTI_ONBOARDING_001,u_00763,variant,2025-10-23
EXP_MBTI_ONBOARDING_001,u_00764,control,2025-02-09
EXP_MBTI_ONBOARDING_001,u_00765,variant,2025-03-21
EXP_MBTI_ONBOARDING_001,u_00766,variant,2025-05-22
EXP_MBTI_ONBOARDING_001,u_00767,control,2025-03-10
EXP_MBTI_ONBOARDING_001,u_00768,variant,2025-12-16
EXP_MBTI_ONBOARDING_001,u_00769,variant,2025-06-22
EXP_MBTI_ONBOARDING_001,u_00770,variant,2025-05-27
EXP_MBTI_ONBOARDING_001,u_00771,variant,2025-07-06
EXP_MBTI_ONBOARDING_001,u_00772,control,2025-05-23
EXP_MBTI_ONBOARDING_001,u_00773,variant,2025-02-23
EXP_MBTI_ONBOARDING_001,u_00774,variant,2025-07-10
EXP_MBTI_ONBOARDING_001,u_00775,variant,2025-10-07
EXP_MBTI_ONBOARDING_001,u_00776,control,2025-06-19
EXP_MBTI_ONBOARDING_001,u_00777,variant,2025-05-01
EXP_MBTI_ONBOARDING_001,u_00778,variant,2025-01-20
EXP_MBTI_ONBOARDING_001,u_00779,variant,2025-03-24
EXP_MBTI_ONBOARDING_001,u_00780,variant,2025-05-29
EXP_MBTI_ONBOARDING_001,u_00781,control,2025-05-12
EXP_MBTI_ONBOARDING_001,u_00782,control,2025-04-22
EXP_MBTI_ONBOARDING_001,u_00783,control,2025-05-17
EXP_MBTI_ONBOARDING_001,u_00784,control,2025-08-05
EXP_MBTI_ONBOARDING_001,u_00785,variant,2025-03-31
EXP_MBTI_ONBOARDING_001,u_00786,variant,2025-02-06
EXP_MBTI_ONBOARDING_001,u_00787,variant,2025-02-10
EXP_MBTI_ONBOARDING_001,u_00788,variant,2025-02-22
EXP_MBTI_ONBOARDING_001,u_00789,control,2025-01-18
EXP_MBTI_ONBOARDING_001,u_00790,variant,2025-06-29
EXP_MBTI_ONBOARDING_001,u_00791,control,2025-01-01
EXP_MBTI_ONBOARDING_001,u_00792,variant,2025-10-25
EXP_MBTI_ONBOARDING_001,u_00793,variant,2025-08-31
EXP_MBTI_ONBOARDING_001,u_00794,control,2025-05-16
EXP_MBTI_ONBOARDING_001,u_00795,variant,2025-05-22
EXP_MBTI_ONBOARDING_001,u_00796,variant,2025-09-18
EXP_MBTI_ONBOARDING_001,u_00797,control,2025-12-17
EXP_MBTI_ONBOARDING_001,u_00798,variant,2025-09-29
EXP_MBTI_ONBOARDING_001,u_00799,variant,2025-06-05
EXP_MBTI_ONBOARDING_001,u_00800,variant,2025-10-17
EXP_MBTI_ONBOARDING_001,u_00801,variant,2025-04-30
EXP_MBTI_ONBOARDING_001,u_00802,control,2025-03-04
EXP_MBTI_ONBOARDING_001,u_00803,control,2025-12-25
EXP_MBTI_ONBOARDING_001,u_00804,control,2025-11-02
EXP_MBTI_ONBOARDING_001,u_00805,variant,2025-09-19
EXP_MBTI_ONBOARDING_001,u_00806,control,2025-11-06
EXP_MBTI_ONBOARDING_001,u_00807,variant,2025-09-29
EXP_MBTI_ONBOARDING_001,u_00808,control,2025-12-20
EXP_MBTI_ONBOARDING_001,u_00809,variant,2025-08-25
EXP_MBTI_ONBOARDING_001,u_00810,control,2025-01-27
EXP_MBTI_ONBOARDING_001,u_00811,variant,2025-06-21
EXP_MBTI_ONBOARDING_001,u_00812,variant,2025-11-06
EXP_MBTI_ONBOARDING_001,u_00813,control,2025-06-04
EXP_MBTI_ONBOARDING_001,u_00814,control,2025-09-26
EXP_MBTI_ONBOARDING_001,u_00815,variant,2025-07-03
EXP_MBTI_ONBOARDING_001,u_00816,control,2025-06-29
EXP_MBTI_ONBOARDING_001,u_00817,control,2025-08-09
EXP_MBTI_ONBOARDING_001,u_00818,variant,2025-10-18
EXP_MBTI_ONBOARDING_001,u_00819,control,2025-09-11
EXP_MBTI_ONBOARDING_001,u_00820,variant,2025-07-09
EXP_MBTI_ONBOARDING_001,u_00821,control,2025-01-26
EXP_MBTI_ONBOARDING_001,u_00822,variant,2025-06-03
EXP_MBTI_ONBOARDING_001,u_00823,control,2025-03-01
EXP_MBTI_ONBOARDING_001,u_00824,control,2025-03-12
EXP_MBTI_ONBOARDING_001,u_00825,variant,2025-01-15
EXP_MBTI_ONBOARDING_001,u_00826,control,2025-07-09
EXP_MBTI_ONBOARDING_001,u_00827,variant,2025-01-30
EXP_MBTI_ONBOARDING_001,u_00828,variant,2025-11-28
EXP_MBTI_ONBOARDING_001,u_00829,control,2025-08-09
EXP_MBTI_ONBOARDING_001,u_00830,control,2025-11-07
EXP_MBTI_ONBOARDING_001,u_00831,control,2025-01-11
EXP_MBTI_ONBOARDING_001,u_00832,variant,2025-04-28
EXP_MBTI_ONBOARDING_001,u_00833,control,2025-12-30
EXP_MBTI_ONBOARDING_001,u_00834,variant,2025-12-26
EXP_MBTI_ONBOARDING_001,u_00835,variant,2025-02-18
EXP_MBTI_ONBOARDING_001,u_00836,variant,2025-10-25
EXP_MBTI_ONBOARDING_001,u_00837,control,2025-05-08
EXP_MBTI_ONBOARDING_001,u_00838,control,2025-06-14
EXP_MBTI_ONBOARDING_001,u_00839,variant,2025-11-15
EXP_MBTI_ONBOARDING_001,u_00840,variant,2025-02-28
EXP_MBTI_ONBOARDING_001,u_00841,variant,2025-12-22
EXP_MBTI_ONBOARDING_001,u_00842,control,2025-03-23
EXP_MBTI_ONBOARDING_001,u_00843,control,2025-02-14
EXP_MBTI_ONBOARDING_001,u_00844,control,2025-01-02
EXP_MBTI_ONBOARDING_001,u_00845,control,2025-01-02
EXP_MBTI_ONBOARDING_001,u_00846,control,2025-05-23
EXP_MBTI_ONBOARDING_001,u_00847,control,2025-03-28
EXP_MBTI_ONBOARDING_001,u_00848,control,2025-08-18
EXP_MBTI_ONBOARDING_001,u_00849,control,2025-05-02
EXP_MBTI_ONBOARDING_001,u_00850,control,2025-02-02
EXP_MBTI_ONBOARDING_001,u_00851,control,2025-04-04
EXP_MBTI_ONBOARDING_001,u_00852,control,2025-06-29
EXP_MBTI_ONBOARDING_001,u_00853,control,2025-05-24
EXP_MBTI_ONBOARDING_001,u_00854,control,2025-12-07
EXP_MBTI_ONBOARDING_001,u_00855,variant,2025-12-12
EXP_MBTI_ONBOARDING_001,u_00856,control,2025-02-23
EXP_MBTI_ONBOARDING_001,u_00857,control,2025-10-17
EXP_MBTI_ONBOARDING_001,u_00858,control,2025-11-23
EXP_MBTI_ONBOARDING_001,u_00859,variant,2025-08-09
EXP_MBTI_ONBOARDING_001,u_00860,variant,2025-12-05
EXP_MBTI_ONBOARDING_001,u_00861,variant,2025-05-20
EXP_MBTI_ONBOARDING_001,u_00862,variant,2025-06-23
EXP_MBTI_ONBOARDING_001,u_00863,variant,2025-12-10
EXP_MBTI_ONBOARDING_001,u_00864,variant,2025-01-10
EXP_MBTI_ONBOARDING_001,u_00865,control,2025-01-24
EXP_MBTI_ONBOARDING_001,u_00866,variant,2025-02-24
EXP_MBTI_ONBOARDING_001,u_00867,control,2025-10-07
EXP_MBTI_ONBOARDING_001,u_00868,variant,2025-04-03
EXP_MBTI_ONBOARDING_001,u_00869,variant,2025-05-21
EXP_MBTI_ONBOARDING_001,u_00870,control,2025-09-25
EXP_MBTI_ONBOARDING_001,u_00871,variant,2025-04-30
EXP_MBTI_ONBOARDING_001,u_00872,variant,2025-10-08
EXP_MBTI_ONBOARDING_001,u_00873,variant,2025-01-24
EXP_MBTI_ONBOARDING_001,u_00874,variant,2025-01-02
EXP_MBTI_ONBOARDING_001,u_00875,variant,2025-09-29
EXP_MBTI_ONBOARDING_001,u_00876,control,2025-07-04
EXP_MBTI_ONBOARDING_001,u_00877,control,2025-04-03
EXP_MBTI_ONBOARDING_001,u_00878,variant,2025-11-10
EXP_MBTI_ONBOARDING_001,u_00879,control,2025-06-01
EXP_MBTI_ONBOARDING_001,u_00880,control,2025-10-16
EXP_MBTI_ONBOARDING_001,u_00881,variant,2025-09-08
EXP_MBTI_ONBOARDING_001,u_00882,variant,2025-05-16
EXP_MBTI_ONBOARDING_001,u_00883,variant,2025-09-13
EXP_MBTI_ONBOARDING_001,u_00884,control,2025-12-15
EXP_MBTI_ONBOARDING_001,u_00885,control,2025-11-03
EXP_MBTI_ONBOARDING_001,u_00886,variant,2025-07-13
EXP_MBTI_ONBOARDING_001,u_00887,variant,2025-11-09
EXP_MBTI_ONBOARDING_001,u_00888,variant,2025-11-28
EXP_MBTI_ONBOARDING_001,u_00889,control,2025-03-30
EXP_MBTI_ONBOARDING_001,u_00890,control,2025-08-17
EXP_MBTI_ONBOARDING_001,u_00891,variant,2025-12-26
EXP_MBTI_ONBOARDING_001,u_00892,variant,2025-03-24
EXP_MBTI_ONBOARDING_001,u_00893,control,2025-06-18
EXP_MBTI_ONBOARDING_001,u_00894,variant,2025-09-28
EXP_MBTI_ONBOARDING_001,u_00895,variant,2025-09-08
EXP_MBTI_ONBOARDING_001,u_00896,control,2025-05-15
EXP_MBTI_ONBOARDING_001,u_00897,variant,2025-11-14
EXP_MBTI_ONBOARDING_001,u_00898,variant,2025-10-21
EXP_MBTI_ONBOARDING_001,u_00899,variant,2025-03-16
EXP_MBTI_ONBOARDING_001,u_00900,control,2025-03-16
EXP_MBTI_ONBOARDING_001,u_00901,control,2025-06-28
EXP_MBTI_ONBOARDING_001,u_00902,variant,2025-05-28
EXP_MBTI_ONBOARDING_001,u_00903,control,2025-01-09
EXP_MBTI_ONBOARDING_001,u_00904,variant,2025-03-14
EXP_MBTI_ONBOARDING_001,u_00905,variant,2025-11-24
EXP_MBTI_ONBOARDING_001,u_00906,control,2025-04-27
EXP_MBTI_ONBOARDING_001,u_00907,variant,2025-03-14
EXP_MBTI_ONBOARDING_001,u_00908,variant,2025-07-25
EXP_MBTI_ONBOARDING_001,u_00909,control,2025-01-21
EXP_MBTI_ONBOARDING_001,u_00910,control,2025-01-28
EXP_MBTI_ONBOARDING_001,u_00911,variant,2025-08-19
EXP_MBTI_ONBOARDING_001,u_00912,variant,2025-06-20
EXP_MBTI_ONBOARDING_001,u_00913,variant,2025-12-22
EXP_MBTI_ONBOARDING_001,u_00914,control,2025-12-02
EXP_MBTI_ONBOARDING_001,u_00915,variant,2025-02-14
EXP_MBTI_ONBOARDING_001,u_00916,control,2025-03-05
EXP_MBTI_ONBOARDING_001,u_00917,variant,2025-10-30
EXP_MBTI_ONBOARDING_001,u_00918,variant,2025-09-13
EXP_MBTI_ONBOARDING_001,u_00919,control,2025-01-14
EXP_MBTI_ONBOARDING_001,u_00920,variant,2025-11-25
EXP_MBTI_ONBOARDING_001,u_00921,control,2025-03-24
EXP_MBTI_ONBOARDING_001,u_00922,variant,2025-02-26
EXP_MBTI_ONBOARDING_001,u_00923,variant,2025-03-08
EXP_MBTI_ONBOARDING_001,u_00924,variant,2025-04-17
EXP_MBTI_ONBOARDING_001,u_00925,variant,2025-05-28
EXP_MBTI_ONBOARDING_001,u_00926,variant,2025-02-10
EXP_MBTI_ONBOARDING_001,u_00927,control,2025-09-24
EXP_MBTI_ONBOARDING_001,u_00928,control,2025-12-18
EXP_MBTI_ONBOARDING_001,u_00929,control,2025-07-25
EXP_MBTI_ONBOARDING_001,u_00930,control,2025-06-06
EXP_MBTI_ONBOARDING_001,u_00931,variant,2025-07-20
EXP_MBTI_ONBOARDING_001,u_00932,variant,2025-02-22
EXP_MBTI_ONBOARDING_001,u_00933,variant,2025-03-01
EXP_MBTI_ONBOARDING_001,u_00934,control,2025-08-15
EXP_MBTI_ONBOARDING_001,u_00935,control,2025-12-30
EXP_MBTI_ONBOARDING_001,u_00936,control,2025-12-08
EXP_MBTI_ONBOARDING_001,u_00937,control,2025-09-21
EXP_MBTI_ONBOARDING_001,u_00938,control,2025-05-19
EXP_MBTI_ONBOARDING_001,u_00939,variant,2025-01-21
EXP_MBTI_ONBOARDING_001,u_00940,variant,2025-11-07
EXP_MBTI_ONBOARDING_001,u_00941,variant,2025-01-31
EXP_MBTI_ONBOARDING_001,u_00942,variant,2025-02-03
EXP_MBTI_ONBOARDING_001,u_00943,variant,2025-04-20
EXP_MBTI_ONBOARDING_001,u_00944,control,2025-01-08
EXP_MBTI_ONBOARDING_001,u_00945,variant,2025-02-09
EXP_MBTI_ONBOARDING_001,u_00946,control,2025-08-15
EXP_MBTI_ONBOARDING_001,u_00947,control,2025-07-25
EXP_MBTI_ONBOARDING_001,u_00948,variant,2025-07-03
EXP_MBTI_ONBOARDING_001,u_00949,control,2025-05-24
EXP_MBTI_ONBOARDING_001,u_00950,control,2025-01-25
EXP_MBTI_ONBOARDING_001,u_00951,variant,2025-12-01
EXP_MBTI_ONBOARDING_001,u_00952,control,2025-10-14
EXP_MBTI_ONBOARDING_001,u_00953,variant,2025-12-18
EXP_MBTI_ONBOARDING_001,u_00954,variant,2025-12-08
EXP_MBTI_ONBOARDING_001,u_00955,control,2025-08-02
EXP_MBTI_ONBOARDING_001,u_00956,variant,2025-05-31
EXP_MBTI_ONBOARDING_001,u_00957,control,2025-07-05
EXP_MBTI_ONBOARDING_001,u_00958,control,2025-08-10
EXP_MBTI_ONBOARDING_001,u_00959,variant,2025-01-13
EXP_MBTI_ONBOARDING_001,u_00960,variant,2025-02-25
EXP_MBTI_ONBOARDING_001,u_00961,control,2025-06-13
EXP_MBTI_ONBOARDING_001,u_00962,control,2025-11-05
EXP_MBTI_ONBOARDING_001,u_00963,control,2025-11-13
EXP_MBTI_ONBOARDING_001,u_00964,control,2025-09-03
EXP_MBTI_ONBOARDING_001,u_00965,variant,2025-02-02
EXP_MBTI_ONBOARDING_001,u_00966,variant,2025-04-11
EXP_MBTI_ONBOARDING_001,u_00967,control,2025-10-02
EXP_MBTI_ONBOARDING_001,u_00968,variant,2025-12-16
EXP_MBTI_ONBOARDING_001,u_00969,variant,2025-10-10
EXP_MBTI_ONBOARDING_001,u_00970,control,2025-12-21
EXP_MBTI_ONBOARDING_001,u_00971,control,2025-07-17
EXP_MBTI_ONBOARDING_001,u_00972,control,2025-11-06
EXP_MBTI_ONBOARDING_001,u_00973,control,2025-12-16
EXP_MBTI_ONBOARDING_001,u_00974,control,2025-01-07
EXP_MBTI_ONBOARDING_001,u_00975,control,2025-08-30
EXP_MBTI_ONBOARDING_001,u_00976,control,2025-12-12
EXP_MBTI_ONBOARDING_001,u_00977,variant,2025-08-18
EXP_MBTI_ONBOARDING_001,u_00978,variant,2025-09-03
EXP_MBTI_ONBOARDING_001,u_00979,variant,2025-02-23
EXP_MBTI_ONBOARDING_001,u_00980,variant,2025-01-07
EXP_MBTI_ONBOARDING_001,u_00981,control,2025-05-11
EXP_MBTI_ONBOARDING_001,u_00982,variant,2025-11-10
EXP_MBTI_ONBOARDING_001,u_00983,control,2025-07-14
EXP_MBTI_ONBOARDING_001,u_00984,variant,2025-05-21
EXP_MBTI_ONBOARDING_001,u_00985,variant,2025-04-22
EXP_MBTI_ONBOARDING_001,u_00986,control,2025-07-31
EXP_MBTI_ONBOARDING_001,u_00987,variant,2025-06-02
EXP_MBTI_ONBOARDING_001,u_00988,variant,2025-04-20
EXP_MBTI_ONBOARDING_001,u_00989,control,2025-10-11
EXP_MBTI_ONBOARDING_001,u_00990,variant,2025-08-16
EXP_MBTI_ONBOARDING_001,u_00991,control,2025-09-02
EXP_MBTI_ONBOARDING_001,u_00992,variant,2025-10-04
EXP_MBTI_ONBOARDING_001,u_00993,control,2025-06-08
EXP_MBTI_ONBOARDING_001,u_00994,control,2025-09-07
EXP_MBTI_ONBOARDING_001,u_00995,control,2025-01-03
EXP_MBTI_ONBOARDING_001,u_00996,variant,2025-04-21
EXP_MBTI_ONBOARDING_001,u_00997,variant,2025-08-22
EXP_MBTI_ONBOARDING_001,u_00998,control,2025-09-10
EXP_MBTI_ONBOARDING_001,u_00999,variant,2025-08-22
EXP_MBTI_ONBOARDING_001,u_01000,control,2025-07-14
EXP_MBTI_ONBOARDING_001,u_01001,variant,2025-09-15
EXP_MBTI_ONBOARDING_001,u_01002,variant,2025-07-26
EXP_MBTI_ONBOARDING_001,u_01003,control,2025-08-18
EXP_MBTI_ONBOARDING_001,u_01004,control,2025-11-19
EXP_MBTI_ONBOARDING_001,u_01005,variant,2025-05-03
EXP_MBTI_ONBOARDING_001,u_01006,control,2025-03-28
EXP_MBTI_ONBOARDING_001,u_01007,variant,2025-09-24
EXP_MBTI_ONBOARDING_001,u_01008,control,2025-10-03
EXP_MBTI_ONBOARDING_001,u_01009,control,2025-03-22
EXP_MBTI_ONBOARDING_001,u_01010,variant,2025-03-08
EXP_MBTI_ONBOARDING_001,u_01011,control,2025-12-16
EXP_MBTI_ONBOARDING_001,u_01012,control,2025-03-20
EXP_MBTI_ONBOARDING_001,u_01013,variant,2025-10-04
EXP_MBTI_ONBOARDING_001,u_01014,variant,2025-11-02
EXP_MBTI_ONBOARDING_001,u_01015,control,2025-01-24
EXP_MBTI_ONBOARDING_001,u_01016,variant,2025-03-31
EXP_MBTI_ONBOARDING_001,u_01017,control,2025-02-07
EXP_MBTI_ONBOARDING_001,u_01018,variant,2025-12-26
EXP_MBTI_ONBOARDING_001,u_01019,control,2025-04-17
EXP_MBTI_ONBOARDING_001,u_01020,variant,2025-03-13
EXP_MBTI_ONBOARDING_001,u_01021,variant,2025-12-01
EXP_MBTI_ONBOARDING_001,u_01022,variant,2025-07-18
EXP_MBTI_ONBOARDING_001,u_01023,variant,2025-05-04
EXP_MBTI_ONBOARDING_001,u_01024,control,2025-09-16
EXP_MBTI_ONBOARDING_001,u_01025,variant,2025-12-02
EXP_MBTI_ONBOARDING_001,u_01026,control,2025-03-20
EXP_MBTI_ONBOARDING_001,u_01027,control,2025-11-30
EXP_MBTI_ONBOARDING_001,u_01028,control,2025-03-17
EXP_MBTI_ONBOARDING_001,u_01029,variant,2025-08-20
EXP_MBTI_ONBOARDING_001,u_01030,variant,2025-12-16
EXP_MBTI_ONBOARDING_001,u_01031,variant,2025-01-12
EXP_MBTI_ONBOARDING_001,u_01032,variant,2025-10-02
EXP_MBTI_ONBOARDING_001,u_01033,control,2025-02-22
EXP_MBTI_ONBOARDING_001,u_01034,variant,2025-11-30
EXP_MBTI_ONBOARDING_001,u_01035,variant,2025-06-28
EXP_MBTI_ONBOARDING_001,u_01036,variant,2025-06-28
EXP_MBTI_ONBOARDING_001,u_01037,control,2025-08-03
EXP_MBTI_ONBOARDING_001,u_01038,control,2025-06-16
EXP_MBTI_ONBOARDING_001,u_01039,control,2025-05-24
EXP_MBTI_ONBOARDING_001,u_01040,variant,2025-11-19
EXP_MBTI_ONBOARDING_001,u_01041,control,2025-08-11
EXP_MBTI_ONBOARDING_001,u_01042,control,2025-08-08
EXP_MBTI_ONBOARDING_001,u_01043,control,2025-09-29
EXP_MBTI_ONBOARDING_001,u_01044,control,2025-06-24
EXP_MBTI_ONBOARDING_001,u_01045,variant,2025-12-19
EXP_MBTI_ONBOARDING_001,u_01046,control,2025-12-29
EXP_MBTI_ONBOARDING_001,u_01047,control,2025-04-29
EXP_MBTI_ONBOARDING_001,u_01048,variant,2025-08-14
EXP_MBTI_ONBOARDING_001,u_01049,control,2025-07-03
EXP_MBTI_ONBOARDING_001,u_01050,control,2025-02-27
EXP_MBTI_ONBOARDING_001,u_01051,control,2025-05-25
EXP_MBTI_ONBOARDING_001,u_01052,variant,2025-03-09
EXP_MBTI_ONBOARDING_001,u_01053,control,2025-06-17
EXP_MBTI_ONBOARDING_001,u_01054,variant,2025-11-08
EXP_MBTI_ONBOARDING_001,u_01055,variant,2025-04-03
EXP_MBTI_ONBOARDING_001,u_01056,control,2025-01-14
EXP_MBTI_ONBOARDING_001,u_01057,variant,2025-04-03
EXP_MBTI_ONBOARDING_001,u_01058,variant,2025-07-06
EXP_MBTI_ONBOARDING_001,u_01059,variant,2025-03-13
EXP_MBTI_ONBOARDING_001,u_01060,control,2025-07-31
EXP_MBTI_ONBOARDING_001,u_01061,variant,2025-07-01
EXP_MBTI_ONBOARDING_001,u_01062,variant,2025-11-20
EXP_MBTI_ONBOARDING_001,u_01063,control,2025-01-07
EXP_MBTI_ONBOARDING_001,u_01064,variant,2025-04-09
EXP_MBTI_ONBOARDING_001,u_01065,variant,2025-04-18
EXP_MBTI_ONBOARDING_001,u_01066,control,2025-05-13
EXP_MBTI_ONBOARDING_001,u_01067,control,2025-06-05
EXP_MBTI_ONBOARDING_001,u_01068,variant,2025-01-17
EXP_MBTI_ONBOARDING_001,u_01069,variant,2025-05-31
EXP_MBTI_ONBOARDING_001,u_01070,variant,2025-03-06
EXP_MBTI_ONBOARDING_001,u_01071,variant,2025-12-17
EXP_MBTI_ONBOARDING_001,u_01072,control,2025-05-19
EXP_MBTI_ONBOARDING_001,u_01073,variant,2025-11-18
EXP_MBTI_ONBOARDING_001,u_01074,variant,2025-04-20
EXP_MBTI_ONBOARDING_001,u_01075,control,2025-07-30
EXP_MBTI_ONBOARDING_001,u_01076,variant,2025-09-03
EXP_MBTI_ONBOARDING_001,u_01077,control,2025-08-10
EXP_MBTI_ONBOARDING_001,u_01078,control,2025-10-05
EXP_MBTI_ONBOARDING_001,u_01079,control,2025-11-07
EXP_MBTI_ONBOARDING_001,u_01080,variant,2025-07-03
EXP_MBTI_ONBOARDING_001,u_01081,control,2025-09-20
EXP_MBTI_ONBOARDING_001,u_01082,variant,2025-08-28
EXP_MBTI_ONBOARDING_001,u_01083,variant,2025-06-26
EXP_MBTI_ONBOARDING_001,u_01084,control,2025-09-22
EXP_MBTI_ONBOARDING_001,u_01085,variant,2025-06-19
EXP_MBTI_ONBOARDING_001,u_01086,variant,2025-02-09
EXP_MBTI_ONBOARDING_001,u_01087,variant,2025-06-09
EXP_MBTI_ONBOARDING_001,u_01088,variant,2025-12-17
EXP_MBTI_ONBOARDING_001,u_01089,control,2025-09-11
EXP_MBTI_ONBOARDING_001,u_01090,variant,2025-02-20
EXP_MBTI_ONBOARDING_001,u_01091,variant,2025-12-26
EXP_MBTI_ONBOARDING_001,u_01092,variant,2025-11-15
EXP_MBTI_ONBOARDING_001,u_01093,variant,2025-01-01
EXP_MBTI_ONBOARDING_001,u_01094,variant,2025-11-04
EXP_MBTI_ONBOARDING_001,u_01095,variant,2025-01-01
EXP_MBTI_ONBOARDING_001,u_01096,variant,2025-12-17
EXP_MBTI_ONBOARDING_001,u_01097,variant,2025-01-27
EXP_MBTI_ONBOARDING_001,u_01098,control,2025-11-15
EXP_MBTI_ONBOARDING_001,u_01099,variant,2025-04-27
EXP_MBTI_ONBOARDING_001,u_01100,variant,2025-10-22
EXP_MBTI_ONBOARDING_001,u_01101,variant,2025-08-23
EXP_MBTI_ONBOARDING_001,u_01102,control,2025-12-19
EXP_MBTI_ONBOARDING_001,u_01103,variant,2025-05-05
EXP_MBTI_ONBOARDING_001,u_01104,variant,2025-04-12
EXP_MBTI_ONBOARDING_001,u_01105,control,2025-11-23
EXP_MBTI_ONBOARDING_001,u_01106,control,2025-11-19
EXP_MBTI_ONBOARDING_001,u_01107,control,2025-10-27
EXP_MBTI_ONBOARDING_001,u_01108,variant,2025-08-05
EXP_MBTI_ONBOARDING_001,u_01109,variant,2025-12-08
EXP_MBTI_ONBOARDING_001,u_01110,variant,2025-01-26
EXP_MBTI_ONBOARDING_001,u_01111,variant,2025-07-23
EXP_MBTI_ONBOARDING_001,u_01112,control,2025-06-23
EXP_MBTI_ONBOARDING_001,u_01113,control,2025-02-16
EXP_MBTI_ONBOARDING_001,u_01114,variant,2025-10-05
EXP_MBTI_ONBOARDING_001,u_01115,variant,2025-11-22
EXP_MBTI_ONBOARDING_001,u_01116,control,2025-02-17
EXP_MBTI_ONBOARDING_001,u_01117,control,2025-04-30
EXP_MBTI_ONBOARDING_001,u_01118,variant,2025-01-26
EXP_MBTI_ONBOARDING_001,u_01119,variant,2025-10-18
EXP_MBTI_ONBOARDING_001,u_01120,control,2025-03-31
EXP_MBTI_ONBOARDING_001,u_01121,variant,2025-08-04
EXP_MBTI_ONBOARDING_001,u_01122,variant,2025-11-27
EXP_MBTI_ONBOARDING_001,u_01123,control,2025-02-10
EXP_MBTI_ONBOARDING_001,u_01124,control,2025-05-23
EXP_MBTI_ONBOARDING_001,u_01125,variant,2025-07-28
EXP_MBTI_ONBOARDING_001,u_01126,control,2025-12-05
EXP_MBTI_ONBOARDING_001,u_01127,control,2025-07-22
EXP_MBTI_ONBOARDING_001,u_01128,variant,2025-05-14
EXP_MBTI_ONBOARDING_001,u_01129,control,2025-01-18
EXP_MBTI_ONBOARDING_001,u_01130,control,2025-09-09
EXP_MBTI_ONBOARDING_001,u_01131,variant,2025-07-06
EXP_MBTI_ONBOARDING_001,u_01132,control,2025-02-21
EXP_MBTI_ONBOARDING_001,u_01133,variant,2025-02-19
EXP_MBTI_ONBOARDING_001,u_01134,control,2025-01-24
EXP_MBTI_ONBOARDING_001,u_01135,variant,2025-05-15
EXP_MBTI_ONBOARDING_001,u_01136,variant,2025-06-23
EXP_MBTI_ONBOARDING_001,u_01137,control,2025-01-30
EXP_MBTI_ONBOARDING_001,u_01138,control,2025-07-01
EXP_MBTI_ONBOARDING_001,u_01139,variant,2025-08-16
EXP_MBTI_ONBOARDING_001,u_01140,variant,2025-09-08
EXP_MBTI_ONBOARDING_001,u_01141,control,2025-03-03
EXP_MBTI_ONBOARDING_001,u_01142,control,2025-01-08
EXP_MBTI_ONBOARDING_001,u_01143,variant,2025-08-25
EXP_MBTI_ONBOARDING_001,u_01144,variant,2025-05-25
EXP_MBTI_ONBOARDING_001,u_01145,variant,2025-08-27
EXP_MBTI_ONBOARDING_001,u_01146,variant,2025-10-12
EXP_MBTI_ONBOARDING_001,u_01147,control,2025-02-02
EXP_MBTI_ONBOARDING_001,u_01148,control,2025-12-19
EXP_MBTI_ONBOARDING_001,u_01149,variant,2025-05-30
EXP_MBTI_ONBOARDING_001,u_01150,variant,2025-11-10
EXP_MBTI_ONBOARDING_001,u_01151,variant,2025-07-23
EXP_MBTI_ONBOARDING_001,u_01152,variant,2025-11-03
EXP_MBTI_ONBOARDING_001,u_01153,variant,2025-03-04
EXP_MBTI_ONBOARDING_001,u_01154,control,2025-03-08
EXP_MBTI_ONBOARDING_001,u_01155,variant,2025-10-03
EXP_MBTI_ONBOARDING_001,u_01156,control,2025-12-08
EXP_MBTI_ONBOARDING_001,u_01157,variant,2025-03-07
EXP_MBTI_ONBOARDING_001,u_01158,control,2025-02-18
EXP_MBTI_ONBOARDING_001,u_01159,variant,2025-07-04
EXP_MBTI_ONBOARDING_001,u_01160,control,2025-08-05
EXP_MBTI_ONBOARDING_001,u_01161,control,2025-04-08
EXP_MBTI_ONBOARDING_001,u_01162,variant,2025-12-15
EXP_MBTI_ONBOARDING_001,u_01163,variant,2025-09-15
EXP_MBTI_ONBOARDING_001,u_01164,variant,2025-01-03
EXP_MBTI_ONBOARDING_001,u_01165,variant,2025-12-13
EXP_MBTI_ONBOARDING_001,u_01166,variant,2025-08-25
EXP_MBTI_ONBOARDING_001,u_01167,control,2025-08-08
EXP_MBTI_ONBOARDING_001,u_01168,control,2025-04-15
EXP_MBTI_ONBOARDING_001,u_01169,control,2025-01-22
EXP_MBTI_ONBOARDING_001,u_01170,control,2025-07-02
EXP_MBTI_ONBOARDING_001,u_01171,control,2025-07-11
EXP_MBTI_ONBOARDING_001,u_01172,variant,2025-06-14
EXP_MBTI_ONBOARDING_001,u_01173,variant,2025-09-16
EXP_MBTI_ONBOARDING_001,u_01174,variant,2025-12-29
EXP_MBTI_ONBOARDING_001,u_01175,control,2025-11-11
EXP_MBTI_ONBOARDING_001,u_01176,control,2025-11-27
EXP_MBTI_ONBOARDING_001,u_01177,variant,2025-08-18
EXP_MBTI_ONBOARDING_001,u_01178,control,2025-05-17
EXP_MBTI_ONBOARDING_001,u_01179,variant,2025-09-08
EXP_MBTI_ONBOARDING_001,u_01180,variant,2025-05-31
EXP_MBTI_ONBOARDING_001,u_01181,control,2025-10-24
EXP_MBTI_ONBOARDING_001,u_01182,variant,2025-07-02
EXP_MBTI_ONBOARDING_001,u_01183,variant,2025-08-23
EXP_MBTI_ONBOARDING_001,u_01184,control,2025-05-17
EXP_MBTI_ONBOARDING_001,u_01185,variant,2025-01-23
EXP_MBTI_ONBOARDING_001,u_01186,control,2025-12-23
EXP_MBTI_ONBOARDING_001,u_01187,variant,2025-06-09
EXP_MBTI_ONBOARDING_001,u_01188,variant,2025-07-22
EXP_MBTI_ONBOARDING_001,u_01189,variant,2025-11-03
EXP_MBTI_ONBOARDING_001,u_01190,variant,2025-04-27
EXP_MBTI_ONBOARDING_001,u_01191,control,2025-02-23
EXP_MBTI_ONBOARDING_001,u_01192,control,2025-09-24
EXP_MBTI_ONBOARDING_001,u_01193,variant,2025-12-26
EXP_MBTI_ONBOARDING_001,u_01194,variant,2025-09-22
EXP_MBTI_ONBOARDING_001,u_01195,control,2025-07-27
EXP_MBTI_ONBOARDING_001,u_01196,control,2025-02-13
EXP_MBTI_ONBOARDING_001,u_01197,variant,2025-06-06
EXP_MBTI_ONBOARDING_001,u_01198,control,2025-03-21
EXP_MBTI_ONBOARDING_001,u_01199,control,2025-06-30
EXP_MBTI_ONBOARDING_001,u_01200,control,2025-08-11
EXP_MBTI_ONBOARDING_001,u_01201,variant,2025-04-23
EXP_MBTI_ONBOARDING_001,u_01202,control,2025-08-09
EXP_MBTI_ONBOARDING_001,u_01203,control,2025-03-08
EXP_MBTI_ONBOARDING_001,u_01204,control,2025-01-29
EXP_MBTI_ONBOARDING_001,u_01205,control,2025-05-07
EXP_MBTI_ONBOARDING_001,u_01206,control,2025-03-29
EXP_MBTI_ONBOARDING_001,u_01207,variant,2025-07-27
EXP_MBTI_ONBOARDING_001,u_01208,control,2025-01-26
EXP_MBTI_ONBOARDING_001,u_01209,control,2025-12-18
EXP_MBTI_ONBOARDING_001,u_01210,variant,2025-08-25
EXP_MBTI_ONBOARDING_001,u_01211,control,2025-01-12
EXP_MBTI_ONBOARDING_001,u_01212,variant,2025-05-16
EXP_MBTI_ONBOARDING_001,u_01213,control,2025-02-19
EXP_MBTI_ONBOARDING_001,u_01214,variant,2025-09-14
EXP_MBTI_ONBOARDING_001,u_01215,control,2025-11-25
EXP_MBTI_ONBOARDING_001,u_01216,control,2025-04-04
EXP_MBTI_ONBOARDING_001,u_01217,control,2025-05-14
EXP_MBTI_ONBOARDING_001,u_01218,variant,2025-12-07
EXP_MBTI_ONBOARDING_001,u_01219,variant,2025-08-03
EXP_MBTI_ONBOARDING_001,u_01220,control,2025-08-28
EXP_MBTI_ONBOARDING_001,u_01221,control,2025-12-12
EXP_MBTI_ONBOARDING_001,u_01222,variant,2025-07-09
EXP_MBTI_ONBOARDING_001,u_01223,variant,2025-12-08
EXP_MBTI_ONBOARDING_001,u_01224,variant,2025-09-12
EXP_MBTI_ONBOARDING_001,u_01225,variant,2025-04-27
EXP_MBTI_ONBOARDING_001,u_01226,variant,2025-01-03
EXP_MBTI_ONBOARDING_001,u_01227,control,2025-02-08
EXP_MBTI_ONBOARDING_001,u_01228,variant,2025-08-29
EXP_MBTI_ONBOARDING_001,u_01229,control,2025-09-22
EXP_MBTI_ONBOARDING_001,u_01230,variant,2025-04-04
EXP_MBTI_ONBOARDING_001,u_01231,control,2025-09-08
EXP_MBTI_ONBOARDING_001,u_01232,variant,2025-02-19
EXP_MBTI_ONBOARDING_001,u_01233,control,2025-09-17
EXP_MBTI_ONBOARDING_001,u_01234,variant,2025-09-07
EXP_MBTI_ONBOARDING_001,u_01235,variant,2025-08-06
EXP_MBTI_ONBOARDING_001,u_01236,control,2025-07-03
EXP_MBTI_ONBOARDING_001,u_01237,variant,2025-01-18
EXP_MBTI_ONBOARDING_001,u_01238,variant,2025-04-09
EXP_MBTI_ONBOARDING_001,u_01239,control,2025-09-12
EXP_MBTI_ONBOARDING_001,u_01240,variant,2025-10-23
EXP_MBTI_ONBOARDING_001,u_01241,variant,2025-10-15
EXP_MBTI_ONBOARDING_001,u_01242,variant,2025-02-25
EXP_MBTI_ONBOARDING_001,u_01243,control,2025-12-22
EXP_MBTI_ONBOARDING_001,u_01244,control,2025-08-16
EXP_MBTI_ONBOARDING_001,u_01245,control,2025-01-18
EXP_MBTI_ONBOARDING_001,u_01246,variant,2025-02-05
EXP_MBTI_ONBOARDING_001,u_01247,variant,2025-03-27
EXP_MBTI_ONBOARDING_001,u_01248,variant,2025-12-11
EXP_MBTI_ONBOARDING_001,u_01249,control,2025-01-20
EXP_MBTI_ONBOARDING_001,u_01250,variant,2025-03-09
EXP_MBTI_ONBOARDING_001,u_01251,variant,2025-06-20
EXP_MBTI_ONBOARDING_001,u_01252,control,2025-10-26
EXP_MBTI_ONBOARDING_001,u_01253,control,2025-04-29
EXP_MBTI_ONBOARDING_001,u_01254,variant,2025-05-18
EXP_MBTI_ONBOARDING_001,u_01255,control,2025-04-22
EXP_MBTI_ONBOARDING_001,u_01256,variant,2025-07-29
EXP_MBTI_ONBOARDING_001,u_01257,variant,2025-10-25
EXP_MBTI_ONBOARDING_001,u_01258,control,2025-11-02
EXP_MBTI_ONBOARDING_001,u_01259,variant,2025-07-22
EXP_MBTI_ONBOARDING_001,u_01260,variant,2025-10-07
EXP_MBTI_ONBOARDING_001,u_01261,control,2025-10-08
EXP_MBTI_ONBOARDING_001,u_01262,variant,2025-08-27
EXP_MBTI_ONBOARDING_001,u_01263,control,2025-08-31
EXP_MBTI_ONBOARDING_001,u_01264,variant,2025-04-09
EXP_MBTI_ONBOARDING_001,u_01265,control,2025-08-21
EXP_MBTI_ONBOARDING_001,u_01266,variant,2025-07-06
EXP_MBTI_ONBOARDING_001,u_01267,variant,2025-06-08
EXP_MBTI_ONBOARDING_001,u_01268,control,2025-03-07
EXP_MBTI_ONBOARDING_001,u_01269,variant,2025-09-25
EXP_MBTI_ONBOARDING_001,u_01270,control,2025-02-19
EXP_MBTI_ONBOARDING_001,u_01271,control,2025-11-05
EXP_MBTI_ONBOARDING_001,u_01272,variant,2025-09-17
EXP_MBTI_ONBOARDING_001,u_01273,control,2025-10-08
EXP_MBTI_ONBOARDING_001,u_01274,variant,2025-04-29
EXP_MBTI_ONBOARDING_001,u_01275,control,2025-01-10
EXP_MBTI_ONBOARDING_001,u_01276,variant,2025-07-25
EXP_MBTI_ONBOARDING_001,u_01277,control,2025-12-02
EXP_MBTI_ONBOARDING_001,u_01278,variant,2025-02-08
EXP_MBTI_ONBOARDING_001,u_01279,variant,2025-12-15
EXP_MBTI_ONBOARDING_001,u_01280,variant,2025-06-21
EXP_MBTI_ONBOARDING_001,u_01281,control,2025-09-04
EXP_MBTI_ONBOARDING_001,u_01282,variant,2025-04-26
EXP_MBTI_ONBOARDING_001,u_01283,control,2025-06-04
EXP_MBTI_ONBOARDING_001,u_01284,variant,2025-08-14
EXP_MBTI_ONBOARDING_001,u_01285,control,2025-11-27
EXP_MBTI_ONBOARDING_001,u_01286,variant,2025-12-30
EXP_MBTI_ONBOARDING_001,u_01287,control,2025-04-05
EXP_MBTI_ONBOARDING_001,u_01288,variant,2025-04-23
EXP_MBTI_ONBOARDING_001,u_01289,control,2025-06-30
EXP_MBTI_ONBOARDING_001,u_01290,variant,2025-09-21
EXP_MBTI_ONBOARDING_001,u_01291,variant,2025-09-16
EXP_MBTI_ONBOARDING_001,u_01292,variant,2025-06-14
EXP_MBTI_ONBOARDING_001,u_01293,variant,2025-03-16
EXP_MBTI_ONBOARDING_001,u_01294,control,2025-09-14
EXP_MBTI_ONBOARDING_001,u_01295,variant,2025-12-27
EXP_MBTI_ONBOARDING_001,u_01296,variant,2025-01-10
EXP_MBTI_ONBOARDING_001,u_01297,control,2025-05-02
EXP_MBTI_ONBOARDING_001,u_01298,control,2025-08-11
EXP_MBTI_ONBOARDING_001,u_01299,control,2025-09-11
EXP_MBTI_ONBOARDING_001,u_01300,variant,2025-10-26
EXP_MBTI_ONBOARDING_001,u_01301,control,2025-07-18
EXP_MBTI_ONBOARDING_001,u_01302,variant,2025-02-27
EXP_MBTI_ONBOARDING_001,u_01303,variant,2025-11-06
EXP_MBTI_ONBOARDING_001,u_01304,variant,2025-01-05
EXP_MBTI_ONBOARDING_001,u_01305,control,2025-03-20
EXP_MBTI_ONBOARDING_001,u_01306,variant,2025-09-15
EXP_MBTI_ONBOARDING_001,u_01307,control,2025-07-21
EXP_MBTI_ONBOARDING_001,u_01308,control,2025-01-07
EXP_MBTI_ONBOARDING_001,u_01309,control,2025-01-24
EXP_MBTI_ONBOARDING_001,u_01310,variant,2025-10-22
EXP_MBTI_ONBOARDING_001,u_01311,variant,2025-06-19
EXP_MBTI_ONBOARDING_001,u_01312,control,2025-06-30
EXP_MBTI_ONBOARDING_001,u_01313,variant,2025-12-16
EXP_MBTI_ONBOARDING_001,u_01314,variant,2025-02-23
EXP_MBTI_ONBOARDING_001,u_01315,variant,2025-12-15
EXP_MBTI_ONBOARDING_001,u_01316,variant,2025-12-28
EXP_MBTI_ONBOARDING_001,u_01317,control,2025-06-04
EXP_MBTI_ONBOARDING_001,u_01318,control,2025-01-16
EXP_MBTI_ONBOARDING_001,u_01319,control,2025-03-05
EXP_MBTI_ONBOARDING_001,u_01320,control,2025-04-01
EXP_MBTI_ONBOARDING_001,u_01321,control,2025-07-11
EXP_MBTI_ONBOARDING_001,u_01322,variant,2025-02-02
EXP_MBTI_ONBOARDING_001,u_01323,variant,2025-03-16
EXP_MBTI_ONBOARDING_001,u_01324,control,2025-01-30
EXP_MBTI_ONBOARDING_001,u_01325,variant,2025-10-07
EXP_MBTI_ONBOARDING_001,u_01326,control,2025-03-20
EXP_MBTI_ONBOARDING_001,u_01327,control,2025-08-21
EXP_MBTI_ONBOARDING_001,u_01328,variant,2025-11-10
EXP_MBTI_ONBOARDING_001,u_01329,control,2025-09-04
EXP_MBTI_ONBOARDING_001,u_01330,variant,2025-06-20
EXP_MBTI_ONBOARDING_001,u_01331,control,2025-10-01
EXP_MBTI_ONBOARDING_001,u_01332,variant,2025-03-11
EXP_MBTI_ONBOARDING_001,u_01333,variant,2025-02-05
EXP_MBTI_ONBOARDING_001,u_01334,variant,2025-11-27
EXP_MBTI_ONBOARDING_001,u_01335,control,2025-07-04
EXP_MBTI_ONBOARDING_001,u_01336,control,2025-12-14
EXP_MBTI_ONBOARDING_001,u_01337,variant,2025-04-27
EXP_MBTI_ONBOARDING_001,u_01338,variant,2025-12-04
EXP_MBTI_ONBOARDING_001,u_01339,control,2025-10-06
EXP_MBTI_ONBOARDING_001,u_01340,variant,2025-05-11
EXP_MBTI_ONBOARDING_001,u_01341,control,2025-01-21
EXP_MBTI_ONBOARDING_001,u_01342,control,2025-12-30
EXP_MBTI_ONBOARDING_001,u_01343,variant,2025-07-30
EXP_MBTI_ONBOARDING_001,u_01344,variant,2025-10-03
EXP_MBTI_ONBOARDING_001,u_01345,variant,2025-12-22
EXP_MBTI_ONBOARDING_001,u_01346,control,2025-04-07
EXP_MBTI_ONBOARDING_001,u_01347,control,2025-08-03
EXP_MBTI_ONBOARDING_001,u_01348,control,2025-04-07
EXP_MBTI_ONBOARDING_001,u_01349,variant,2025-05-13
EXP_MBTI_ONBOARDING_001,u_01350,control,2025-11-11
EXP_MBTI_ONBOARDING_001,u_01351,variant,2025-04-26
EXP_MBTI_ONBOARDING_001,u_01352,control,2025-11-01
EXP_MBTI_ONBOARDING_001,u_01353,control,2025-01-22
EXP_MBTI_ONBOARDING_001,u_01354,variant,2025-04-12
EXP_MBTI_ONBOARDING_001,u_01355,control,2025-03-01
EXP_MBTI_ONBOARDING_001,u_01356,control,2025-09-23
EXP_MBTI_ONBOARDING_001,u_01357,control,2025-09-11
EXP_MBTI_ONBOARDING_001,u_01358,variant,2025-07-13
EXP_MBTI_ONBOARDING_001,u_01359,control,2025-04-12
EXP_MBTI_ONBOARDING_001,u_01360,variant,2025-08-24
EXP_MBTI_ONBOARDING_001,u_01361,control,2025-07-15
EXP_MBTI_ONBOARDING_001,u_01362,variant,2025-02-20
EXP_MBTI_ONBOARDING_001,u_01363,variant,2025-02-18
EXP_MBTI_ONBOARDING_001,u_01364,variant,2025-09-19
EXP_MBTI_ONBOARDING_001,u_01365,variant,2025-06-04
EXP_MBTI_ONBOARDING_001,u_01366,control,2025-10-09
EXP_MBTI_ONBOARDING_001,u_01367,variant,2025-05-14
EXP_MBTI_ONBOARDING_001,u_01368,variant,2025-02-13
EXP_MBTI_ONBOARDING_001,u_01369,variant,2025-11-12
EXP_MBTI_ONBOARDING_001,u_01370,control,2025-12-20
EXP_MBTI_ONBOARDING_001,u_01371,variant,2025-04-23
EXP_MBTI_ONBOARDING_001,u_01372,variant,2025-08-06
EXP_MBTI_ONBOARDING_001,u_01373,variant,2025-08-27
EXP_MBTI_ONBOARDING_001,u_01374,control,2025-10-20
EXP_MBTI_ONBOARDING_001,u_01375,variant,2025-06-16
EXP_MBTI_ONBOARDING_001,u_01376,variant,2025-10-29
EXP_MBTI_ONBOARDING_001,u_01377,variant,2025-03-08
EXP_MBTI_ONBOARDING_001,u_01378,variant,2025-06-23
EXP_MBTI_ONBOARDING_001,u_01379,variant,2025-12-08
EXP_MBTI_ONBOARDING_001,u_01380,variant,2025-03-07
EXP_MBTI_ONBOARDING_001,u_01381,variant,2025-10-05
EXP_MBTI_ONBOARDING_001,u_01382,variant,2025-04-14
EXP_MBTI_ONBOARDING_001,u_01383,control,2025-02-09
EXP_MBTI_ONBOARDING_001,u_01384,control,2025-04-20
EXP_MBTI_ONBOARDING_001,u_01385,control,2025-07-25
EXP_MBTI_ONBOARDING_001,u_01386,control,2025-12-02
EXP_MBTI_ONBOARDING_001,u_01387,variant,2025-12-15
EXP_MBTI_ONBOARDING_001,u_01388,variant,2025-08-29
EXP_MBTI_ONBOARDING_001,u_01389,control,2025-07-06
EXP_MBTI_ONBOARDING_001,u_01390,control,2025-07-13
EXP_MBTI_ONBOARDING_001,u_01391,variant,2025-05-31
EXP_MBTI_ONBOARDING_001,u_01392,control,2025-09-20
EXP_MBTI_ONBOARDING_001,u_01393,variant,2025-11-04
EXP_MBTI_ONBOARDING_001,u_01394,control,2025-12-22
EXP_MBTI_ONBOARDING_001,u_01395,variant,2025-06-22
EXP_MBTI_ONBOARDING_001,u_01396,variant,2025-12-14
EXP_MBTI_ONBOARDING_001,u_01397,control,2025-01-09
EXP_MBTI_ONBOARDING_001,u_01398,control,2025-10-10
EXP_MBTI_ONBOARDING_001,u_01399,control,2025-07-25
EXP_MBTI_ONBOARDING_001,u_01400,control,2025-12-19
EXP_MBTI_ONBOARDING_001,u_01401,variant,2025-01-05
EXP_MBTI_ONBOARDING_001,u_01402,control,2025-03-03
EXP_MBTI_ONBOARDING_001,u_01403,variant,2025-08-16
EXP_MBTI_ONBOARDING_001,u_01404,control,2025-03-08
EXP_MBTI_ONBOARDING_001,u_01405,control,2025-03-24
EXP_MBTI_ONBOARDING_001,u_01406,variant,2025-05-18
EXP_MBTI_ONBOARDING_001,u_01407,variant,2025-07-23
EXP_MBTI_ONBOARDING_001,u_01408,control,2025-03-28
EXP_MBTI_ONBOARDING_001,u_01409,control,2025-05-05
EXP_MBTI_ONBOARDING_001,u_01410,control,2025-11-20
EXP_MBTI_ONBOARDING_001,u_01411,control,2025-06-17
EXP_MBTI_ONBOARDING_001,u_01412,control,2025-01-22
EXP_MBTI_ONBOARDING_001,u_01413,variant,2025-11-27
EXP_MBTI_ONBOARDING_001,u_01414,control,2025-01-13
EXP_MBTI_ONBOARDING_001,u_01415,control,2025-12-03
EXP_MBTI_ONBOARDING_001,u_01416,variant,2025-08-13
EXP_MBTI_ONBOARDING_001,u_01417,variant,2025-11-20
EXP_MBTI_ONBOARDING_001,u_01418,control,2025-08-04
EXP_MBTI_ONBOARDING_001,u_01419,variant,2025-05-21
EXP_MBTI_ONBOARDING_001,u_01420,control,2025-07-05
EXP_MBTI_ONBOARDING_001,u_01421,control,2025-02-13
EXP_MBTI_ONBOARDING_001,u_01422,control,2025-05-20
EXP_MBTI_ONBOARDING_001,u_01423,control,2025-09-14
EXP_MBTI_ONBOARDING_001,u_01424,control,2025-12-22
EXP_MBTI_ONBOARDING_001,u_01425,control,2025-04-04
EXP_MBTI_ONBOARDING_001,u_01426,control,2025-11-18
EXP_MBTI_ONBOARDING_001,u_01427,variant,2025-04-17
EXP_MBTI_ONBOARDING_001,u_01428,variant,2025-07-16
EXP_MBTI_ONBOARDING_001,u_01429,control,2025-03-17
EXP_MBTI_ONBOARDING_001,u_01430,control,2025-10-14
EXP_MBTI_ONBOARDING_001,u_01431,variant,2025-08-28
EXP_MBTI_ONBOARDING_001,u_01432,variant,2025-02-14
EXP_MBTI_ONBOARDING_001,u_01433,control,2025-06-10
EXP_MBTI_ONBOARDING_001,u_01434,variant,2025-10-04
EXP_MBTI_ONBOARDING_001,u_01435,control,2025-07-31
EXP_MBTI_ONBOARDING_001,u_01436,control,2025-09-15
EXP_MBTI_ONBOARDING_001,u_01437,variant,2025-08-04
EXP_MBTI_ONBOARDING_001,u_01438,control,2025-07-11
EXP_MBTI_ONBOARDING_001,u_01439,control,2025-03-24
EXP_MBTI_ONBOARDING_001,u_01440,variant,2025-05-26
EXP_MBTI_ONBOARDING_001,u_01441,control,2025-08-24
EXP_MBTI_ONBOARDING_001,u_01442,variant,2025-03-22
EXP_MBTI_ONBOARDING_001,u_01443,variant,2025-09-07
EXP_MBTI_ONBOARDING_001,u_01444,variant,2025-02-01
EXP_MBTI_ONBOARDING_001,u_01445,control,2025-11-05
EXP_MBTI_ONBOARDING_001,u_01446,variant,2025-02-21
EXP_MBTI_ONBOARDING_001,u_01447,control,2025-10-20
EXP_MBTI_ONBOARDING_001,u_01448,variant,2025-12-09
EXP_MBTI_ONBOARDING_001,u_01449,variant,2025-06-17
EXP_MBTI_ONBOARDING_001,u_01450,control,2025-08-27
EXP_MBTI_ONBOARDING_001,u_01451,variant,2025-07-12
EXP_MBTI_ONBOARDING_001,u_01452,variant,2025-01-05
EXP_MBTI_ONBOARDING_001,u_01453,control,2025-05-03
EXP_MBTI_ONBOARDING_001,u_01454,variant,2025-12-03
EXP_MBTI_ONBOARDING_001,u_01455,control,2025-08-13
EXP_MBTI_ONBOARDING_001,u_01456,control,2025-05-31
EXP_MBTI_ONBOARDING_001,u_01457,control,2025-10-31
EXP_MBTI_ONBOARDING_001,u_01458,variant,2025-07-23
EXP_MBTI_ONBOARDING_001,u_01459,control,2025-10-14
EXP_MBTI_ONBOARDING_001,u_01460,control,2025-06-04
EXP_MBTI_ONBOARDING_001,u_01461,control,2025-12-31
EXP_MBTI_ONBOARDING_001,u_01462,control,2025-10-03
EXP_MBTI_ONBOARDING_001,u_01463,variant,2025-07-29
EXP_MBTI_ONBOARDING_001,u_01464,variant,2025-07-02
EXP_MBTI_ONBOARDING_001,u_01465,variant,2025-01-28
EXP_MBTI_ONBOARDING_001,u_01466,control,2025-10-02
EXP_MBTI_ONBOARDING_001,u_01467,control,2025-05-13
EXP_MBTI_ONBOARDING_001,u_01468,control,2025-02-05
EXP_MBTI_ONBOARDING_001,u_01469,control,2025-03-19
EXP_MBTI_ONBOARDING_001,u_01470,control,2025-10-03
EXP_MBTI_ONBOARDING_001,u_01471,control,2025-12-02
EXP_MBTI_ONBOARDING_001,u_01472,variant,2025-09-12
EXP_MBTI_ONBOARDING_001,u_01473,control,2025-07-28
EXP_MBTI_ONBOARDING_001,u_01474,control,2025-07-02
EXP_MBTI_ONBOARDING_001,u_01475,control,2025-01-31
EXP_MBTI_ONBOARDING_001,u_01476,variant,2025-06-09
EXP_MBTI_ONBOARDING_001,u_01477,control,2025-10-17
EXP_MBTI_ONBOARDING_001,u_01478,variant,2025-03-21
EXP_MBTI_ONBOARDING_001,u_01479,control,2025-04-29
EXP_MBTI_ONBOARDING_001,u_01480,variant,2025-01-16
EXP_MBTI_ONBOARDING_001,u_01481,variant,2025-10-02
EXP_MBTI_ONBOARDING_001,u_01482,variant,2025-05-08
EXP_MBTI_ONBOARDING_001,u_01483,variant,2025-07-22
EXP_MBTI_ONBOARDING_001,u_01484,variant,2025-12-06
EXP_MBTI_ONBOARDING_001,u_01485,variant,2025-08-21
EXP_MBTI_ONBOARDING_001,u_01486,variant,2025-12-04
EXP_MBTI_ONBOARDING_001,u_01487,control,2025-02-09
EXP_MBTI_ONBOARDING_001,u_01488,variant,2025-11-06
EXP_MBTI_ONBOARDING_001,u_01489,variant,2025-01-19
EXP_MBTI_ONBOARDING_001,u_01490,control,2025-09-17
EXP_MBTI_ONBOARDING_001,u_01491,variant,2025-04-14
EXP_MBTI_ONBOARDING_001,u_01492,variant,2025-01-18
EXP_MBTI_ONBOARDING_001,u_01493,variant,2025-03-31
EXP_MBTI_ONBOARDING_001,u_01494,variant,2025-06-17
EXP_MBTI_ONBOARDING_001,u_01495,variant,2025-06-18
EXP_MBTI_ONBOARDING_001,u_01496,variant,2025-03-17
EXP_MBTI_ONBOARDING_001,u_01497,variant,2025-07-09
EXP_MBTI_ONBOARDING_001,u_01498,control,2025-10-15
EXP_MBTI_ONBOARDING_001,u_01499,variant,2025-05-10
EXP_MBTI_ONBOARDING_001,u_01500,variant,2025-12-20
EXP_MBTI_ONBOARDING_001,u_01501,variant,2025-09-12
EXP_MBTI_ONBOARDING_001,u_01502,control,2025-06-28
EXP_MBTI_ONBOARDING_001,u_01503,variant,2025-12-09
EXP_MBTI_ONBOARDING_001,u_01504,control,2025-08-13
EXP_MBTI_ONBOARDING_001,u_01505,variant,2025-06-11
EXP_MBTI_ONBOARDING_001,u_01506,control,2025-03-23
EXP_MBTI_ONBOARDING_001,u_01507,control,2025-11-06
EXP_MBTI_ONBOARDING_001,u_01508,variant,2025-06-04
EXP_MBTI_ONBOARDING_001,u_01509,control,2025-04-22
EXP_MBTI_ONBOARDING_001,u_01510,variant,2025-07-10
EXP_MBTI_ONBOARDING_001,u_01511,variant,2025-12-16
EXP_MBTI_ONBOARDING_001,u_01512,control,2025-09-05
EXP_MBTI_ONBOARDING_001,u_01513,control,2025-06-15
EXP_MBTI_ONBOARDING_001,u_01514,variant,2025-06-18
EXP_MBTI_ONBOARDING_001,u_01515,variant,2025-12-21
EXP_MBTI_ONBOARDING_001,u_01516,variant,2025-05-31
EXP_MBTI_ONBOARDING_001,u_01517,variant,2025-03-15
EXP_MBTI_ONBOARDING_001,u_01518,variant,2025-07-18
EXP_MBTI_ONBOARDING_001,u_01519,variant,2025-08-01
EXP_MBTI_ONBOARDING_001,u_01520,control,2025-11-23
EXP_MBTI_ONBOARDING_001,u_01521,variant,2025-02-07
EXP_MBTI_ONBOARDING_001,u_01522,variant,2025-09-08
EXP_MBTI_ONBOARDING_001,u_01523,variant,2025-12-28
EXP_MBTI_ONBOARDING_001,u_01524,variant,2025-09-17
EXP_MBTI_ONBOARDING_001,u_01525,variant,2025-08-17
EXP_MBTI_ONBOARDING_001,u_01526,variant,2025-04-05
EXP_MBTI_ONBOARDING_001,u_01527,control,2025-05-05
EXP_MBTI_ONBOARDING_001,u_01528,variant,2025-02-26
EXP_MBTI_ONBOARDING_001,u_01529,variant,2025-04-05
EXP_MBTI_ONBOARDING_001,u_01530,control,2025-07-14
EXP_MBTI_ONBOARDING_001,u_01531,variant,2025-02-19
EXP_MBTI_ONBOARDING_001,u_01532,control,2025-12-08
EXP_MBTI_ONBOARDING_001,u_01533,control,2025-01-02
EXP_MBTI_ONBOARDING_001,u_01534,variant,2025-11-17
EXP_MBTI_ONBOARDING_001,u_01535,control,2025-04-25
EXP_MBTI_ONBOARDING_001,u_01536,variant,2025-09-28
EXP_MBTI_ONBOARDING_001,u_01537,control,2025-05-10
EXP_MBTI_ONBOARDING_001,u_01538,variant,2025-12-15
EXP_MBTI_ONBOARDING_001,u_01539,variant,2025-11-21
EXP_MBTI_ONBOARDING_001,u_01540,control,2025-07-28
EXP_MBTI_ONBOARDING_001,u_01541,control,2025-08-27
EXP_MBTI_ONBOARDING_001,u_01542,variant,2025-06-11
EXP_MBTI_ONBOARDING_001,u_01543,control,2025-05-07
EXP_MBTI_ONBOARDING_001,u_01544,control,2025-11-14
EXP_MBTI_ONBOARDING_001,u_01545,control,2025-10-03
EXP_MBTI_ONBOARDING_001,u_01546,variant,2025-06-10
EXP_MBTI_ONBOARDING_001,u_01547,variant,2025-02-27
EXP_MBTI_ONBOARDING_001,u_01548,control,2025-06-30
EXP_MBTI_ONBOARDING_001,u_01549,control,2025-03-31
EXP_MBTI_ONBOARDING_001,u_01550,control,2025-06-06
EXP_MBTI_ONBOARDING_001,u_01551,control,2025-07-05
EXP_MBTI_ONBOARDING_001,u_01552,variant,2025-07-26
EXP_MBTI_ONBOARDING_001,u_01553,control,2025-10-01
EXP_MBTI_ONBOARDING_001,u_01554,control,2025-09-25
EXP_MBTI_ONBOARDING_001,u_01555,control,2025-08-08
EXP_MBTI_ONBOARDING_001,u_01556,control,2025-11-09
EXP_MBTI_ONBOARDING_001,u_01557,variant,2025-09-08
EXP_MBTI_ONBOARDING_001,u_01558,variant,2025-03-31
EXP_MBTI_ONBOARDING_001,u_01559,control,2025-10-20
EXP_MBTI_ONBOARDING_001,u_01560,control,2025-08-25
EXP_MBTI_ONBOARDING_001,u_01561,control,2025-12-24
EXP_MBTI_ONBOARDING_001,u_01562,control,2025-08-21
EXP_MBTI_ONBOARDING_001,u_01563,variant,2025-04-21
EXP_MBTI_ONBOARDING_001,u_01564,variant,2025-07-25
EXP_MBTI_ONBOARDING_001,u_01565,control,2025-03-31
EXP_MBTI_ONBOARDING_001,u_01566,control,2025-05-21
EXP_MBTI_ONBOARDING_001,u_01567,control,2025-06-23
EXP_MBTI_ONBOARDING_001,u_01568,control,2025-07-13
EXP_MBTI_ONBOARDING_001,u_01569,variant,2025-10-15
EXP_MBTI_ONBOARDING_001,u_01570,variant,2025-05-08
EXP_MBTI_ONBOARDING_001,u_01571,control,2025-10-26
EXP_MBTI_ONBOARDING_001,u_01572,control,2025-08-28
EXP_MBTI_ONBOARDING_001,u_01573,control,2025-07-09
EXP_MBTI_ONBOARDING_001,u_01574,control,2025-07-29
EXP_MBTI_ONBOARDING_001,u_01575,control,2025-09-19
EXP_MBTI_ONBOARDING_001,u_01576,control,2025-10-07
EXP_MBTI_ONBOARDING_001,u_01577,control,2025-03-26
EXP_MBTI_ONBOARDING_001,u_01578,variant,2025-05-13
EXP_MBTI_ONBOARDING_001,u_01579,control,2025-07-08
EXP_MBTI_ONBOARDING_001,u_01580,variant,2025-12-16
EXP_MBTI_ONBOARDING_001,u_01581,control,2025-01-26
EXP_MBTI_ONBOARDING_001,u_01582,control,2025-07-17
EXP_MBTI_ONBOARDING_001,u_01583,control,2025-09-18
EXP_MBTI_ONBOARDING_001,u_01584,control,2025-05-30
EXP_MBTI_ONBOARDING_001,u_01585,control,2025-11-10
EXP_MBTI_ONBOARDING_001,u_01586,variant,2025-11-07
EXP_MBTI_ONBOARDING_001,u_01587,variant,2025-12-27
EXP_MBTI_ONBOARDING_001,u_01588,variant,2025-07-02
EXP_MBTI_ONBOARDING_001,u_01589,variant,2025-05-01
EXP_MBTI_ONBOARDING_001,u_01590,control,2025-11-25
EXP_MBTI_ONBOARDING_001,u_01591,variant,2025-06-18
EXP_MBTI_ONBOARDING_001,u_01592,control,2025-02-21
EXP_MBTI_ONBOARDING_001,u_01593,variant,2025-09-25
EXP_MBTI_ONBOARDING_001,u_01594,variant,2025-02-05
EXP_MBTI_ONBOARDING_001,u_01595,variant,2025-08-13
EXP_MBTI_ONBOARDING_001,u_01596,control,2025-02-25
EXP_MBTI_ONBOARDING_001,u_01597,control,2025-11-14
EXP_MBTI_ONBOARDING_001,u_01598,variant,2025-05-20
EXP_MBTI_ONBOARDING_001,u_01599,variant,2025-11-14
EXP_MBTI_ONBOARDING_001,u_01600,variant,2025-10-22
EXP_MBTI_ONBOARDING_001,u_01601,control,2025-01-11
EXP_MBTI_ONBOARDING_001,u_01602,control,2025-07-09
EXP_MBTI_ONBOARDING_001,u_01603,control,2025-09-07
EXP_MBTI_ONBOARDING_001,u_01604,control,2025-10-01
EXP_MBTI_ONBOARDING_001,u_01605,variant,2025-03-25
EXP_MBTI_ONBOARDING_001,u_01606,variant,2025-05-18
EXP_MBTI_ONBOARDING_001,u_01607,control,2025-02-11
EXP_MBTI_ONBOARDING_001,u_01608,control,2025-08-21
EXP_MBTI_ONBOARDING_001,u_01609,variant,2025-11-01
EXP_MBTI_ONBOARDING_001,u_01610,control,2025-11-27
EXP_MBTI_ONBOARDING_001,u_01611,control,2025-09-11
EXP_MBTI_ONBOARDING_001,u_01612,variant,2025-10-11
EXP_MBTI_ONBOARDING_001,u_01613,variant,2025-05-10
EXP_MBTI_ONBOARDING_001,u_01614,variant,2025-08-20
EXP_MBTI_ONBOARDING_001,u_01615,control,2025-11-30
EXP_MBTI_ONBOARDING_001,u_01616,control,2025-08-02
EXP_MBTI_ONBOARDING_001,u_01617,control,2025-05-12
EXP_MBTI_ONBOARDING_001,u_01618,variant,2025-05-19
EXP_MBTI_ONBOARDING_001,u_01619,control,2025-03-28
EXP_MBTI_ONBOARDING_001,u_01620,control,2025-04-06
EXP_MBTI_ONBOARDING_001,u_01621,variant,2025-02-09
EXP_MBTI_ONBOARDING_001,u_01622,variant,2025-06-25
EXP_MBTI_ONBOARDING_001,u_01623,variant,2025-10-20
EXP_MBTI_ONBOARDING_001,u_01624,control,2025-03-02
EXP_MBTI_ONBOARDING_001,u_01625,control,2025-05-12
EXP_MBTI_ONBOARDING_001,u_01626,variant,2025-04-15
EXP_MBTI_ONBOARDING_001,u_01627,control,2025-07-31
EXP_MBTI_ONBOARDING_001,u_01628,control,2025-12-24
EXP_MBTI_ONBOARDING_001,u_01629,variant,2025-10-20
EXP_MBTI_ONBOARDING_001,u_01630,variant,2025-09-03
EXP_MBTI_ONBOARDING_001,u_01631,variant,2025-01-15
EXP_MBTI_ONBOARDING_001,u_01632,control,2025-01-19
EXP_MBTI_ONBOARDING_001,u_01633,variant,2025-02-07
EXP_MBTI_ONBOARDING_001,u_01634,control,2025-07-29
EXP_MBTI_ONBOARDING_001,u_01635,control,2025-01-03
EXP_MBTI_ONBOARDING_001,u_01636,variant,2025-10-11
EXP_MBTI_ONBOARDING_001,u_01637,variant,2025-04-30
EXP_MBTI_ONBOARDING_001,u_01638,variant,2025-01-20
EXP_MBTI_ONBOARDING_001,u_01639,control,2025-06-11
EXP_MBTI_ONBOARDING_001,u_01640,control,2025-10-24
EXP_MBTI_ONBOARDING_001,u_01641,variant,2025-02-10
EXP_MBTI_ONBOARDING_001,u_01642,variant,2025-08-26
EXP_MBTI_ONBOARDING_001,u_01643,variant,2025-03-08
EXP_MBTI_ONBOARDING_001,u_01644,variant,2025-09-26
EXP_MBTI_ONBOARDING_001,u_01645,variant,2025-02-25
EXP_MBTI_ONBOARDING_001,u_01646,control,2025-06-23
EXP_MBTI_ONBOARDING_001,u_01647,control,2025-08-12
EXP_MBTI_ONBOARDING_001,u_01648,control,2025-02-05
EXP_MBTI_ONBOARDING_001,u_01649,variant,2025-06-24
EXP_MBTI_ONBOARDING_001,u_01650,control,2025-08-02
EXP_MBTI_ONBOARDING_001,u_01651,control,2025-03-24
EXP_MBTI_ONBOARDING_001,u_01652,variant,2025-01-21
EXP_MBTI_ONBOARDING_001,u_01653,control,2025-10-09
EXP_MBTI_ONBOARDING_001,u_01654,control,2025-11-18
EXP_MBTI_ONBOARDING_001,u_01655,variant,2025-01-20
EXP_MBTI_ONBOARDING_001,u_01656,variant,2025-12-27
EXP_MBTI_ONBOARDING_001,u_01657,control,2025-09-30
EXP_MBTI_ONBOARDING_001,u_01658,variant,2025-12-22
EXP_MBTI_ONBOARDING_001,u_01659,variant,2025-05-20
EXP_MBTI_ONBOARDING_001,u_01660,control,2025-01-23
EXP_MBTI_ONBOARDING_001,u_01661,control,2025-02-06
EXP_MBTI_ONBOARDING_001,u_01662,control,2025-11-27
EXP_MBTI_ONBOARDING_001,u_01663,control,2025-11-25
EXP_MBTI_ONBOARDING_001,u_01664,control,2025-06-10
EXP_MBTI_ONBOARDING_001,u_01665,variant,2025-06-10
EXP_MBTI_ONBOARDING_001,u_01666,control,2025-10-07
EXP_MBTI_ONBOARDING_001,u_01667,control,2025-09-10
EXP_MBTI_ONBOARDING_001,u_01668,control,2025-01-05
EXP_MBTI_ONBOARDING_001,u_01669,variant,2025-12-08
EXP_MBTI_ONBOARDING_001,u_01670,control,2025-05-04
EXP_MBTI_ONBOARDING_001,u_01671,variant,2025-11-08
EXP_MBTI_ONBOARDING_001,u_01672,variant,2025-11-30
EXP_MBTI_ONBOARDING_001,u_01673,variant,2025-08-20
EXP_MBTI_ONBOARDING_001,u_01674,variant,2025-04-27
EXP_MBTI_ONBOARDING_001,u_01675,control,2025-02-08
EXP_MBTI_ONBOARDING_001,u_01676,control,2025-02-25
EXP_MBTI_ONBOARDING_001,u_01677,control,2025-09-25
EXP_MBTI_ONBOARDING_001,u_01678,variant,2025-05-31
EXP_MBTI_ONBOARDING_001,u_01679,variant,2025-02-08
EXP_MBTI_ONBOARDING_001,u_01680,control,2025-06-09
EXP_MBTI_ONBOARDING_001,u_01681,control,2025-03-02
EXP_MBTI_ONBOARDING_001,u_01682,control,2025-07-25
EXP_MBTI_ONBOARDING_001,u_01683,variant,2025-11-18
EXP_MBTI_ONBOARDING_001,u_01684,control,2025-03-04
EXP_MBTI_ONBOARDING_001,u_01685,variant,2025-09-16
EXP_MBTI_ONBOARDING_001,u_01686,variant,2025-02-07
EXP_MBTI_ONBOARDING_001,u_01687,control,2025-08-04
EXP_MBTI_ONBOARDING_001,u_01688,variant,2025-04-29
EXP_MBTI_ONBOARDING_001,u_01689,control,2025-01-09
EXP_MBTI_ONBOARDING_001,u_01690,variant,2025-06-30
EXP_MBTI_ONBOARDING_001,u_01691,variant,2025-02-05
EXP_MBTI_ONBOARDING_001,u_01692,control,2025-01-26
EXP_MBTI_ONBOARDING_001,u_01693,variant,2025-01-02
EXP_MBTI_ONBOARDING_001,u_01694,control,2025-01-06
EXP_MBTI_ONBOARDING_001,u_01695,variant,2025-07-01
EXP_MBTI_ONBOARDING_001,u_01696,variant,2025-03-02
EXP_MBTI_ONBOARDING_001,u_01697,control,2025-07-01
EXP_MBTI_ONBOARDING_001,u_01698,variant,2025-08-04
EXP_MBTI_ONBOARDING_001,u_01699,control,2025-04-25
EXP_MBTI_ONBOARDING_001,u_01700,variant,2025-02-17
EXP_MBTI_ONBOARDING_001,u_01701,control,2025-05-15
EXP_MBTI_ONBOARDING_001,u_01702,variant,2025-09-13
EXP_MBTI_ONBOARDING_001,u_01703,control,2025-02-04
EXP_MBTI_ONBOARDING_001,u_01704,variant,2025-09-03
EXP_MBTI_ONBOARDING_001,u_01705,variant,2025-10-03
EXP_MBTI_ONBOARDING_001,u_01706,variant,2025-09-02
EXP_MBTI_ONBOARDING_001,u_01707,control,2025-10-29
EXP_MBTI_ONBOARDING_001,u_01708,control,2025-03-27
EXP_MBTI_ONBOARDING_001,u_01709,control,2025-01-11
EXP_MBTI_ONBOARDING_001,u_01710,control,2025-05-17
EXP_MBTI_ONBOARDING_001,u_01711,variant,2025-07-01
EXP_MBTI_ONBOARDING_001,u_01712,variant,2025-01-26
EXP_MBTI_ONBOARDING_001,u_01713,variant,2025-02-15
EXP_MBTI_ONBOARDING_001,u_01714,control,2025-06-28
EXP_MBTI_ONBOARDING_001,u_01715,control,2025-12-10
EXP_MBTI_ONBOARDING_001,u_01716,variant,2025-07-17
EXP_MBTI_ONBOARDING_001,u_01717,control,2025-06-23
EXP_MBTI_ONBOARDING_001,u_01718,variant,2025-04-24
EXP_MBTI_ONBOARDING_001,u_01719,variant,2025-03-25
EXP_MBTI_ONBOARDING_001,u_01720,variant,2025-08-11
EXP_MBTI_ONBOARDING_001,u_01721,control,2025-11-09
EXP_MBTI_ONBOARDING_001,u_01722,variant,2025-02-19
EXP_MBTI_ONBOARDING_001,u_01723,variant,2025-10-01
EXP_MBTI_ONBOARDING_001,u_01724,control,2025-02-26
EXP_MBTI_ONBOARDING_001,u_01725,variant,2025-03-31
EXP_MBTI_ONBOARDING_001,u_01726,control,2025-03-22
EXP_MBTI_ONBOARDING_001,u_01727,variant,2025-08-24
EXP_MBTI_ONBOARDING_001,u_01728,variant,2025-12-12
EXP_MBTI_ONBOARDING_001,u_01729,control,2025-11-17
EXP_MBTI_ONBOARDING_001,u_01730,variant,2025-05-16
EXP_MBTI_ONBOARDING_001,u_01731,variant,2025-06-09
EXP_MBTI_ONBOARDING_001,u_01732,variant,2025-11-30
EXP_MBTI_ONBOARDING_001,u_01733,control,2025-04-05
EXP_MBTI_ONBOARDING_001,u_01734,control,2025-03-08
EXP_MBTI_ONBOARDING_001,u_01735,control,2025-01-26
EXP_MBTI_ONBOARDING_001,u_01736,variant,2025-03-01
EXP_MBTI_ONBOARDING_001,u_01737,variant,2025-05-25
EXP_MBTI_ONBOARDING_001,u_01738,variant,2025-09-07
EXP_MBTI_ONBOARDING_001,u_01739,control,2025-09-25
EXP_MBTI_ONBOARDING_001,u_01740,variant,2025-07-07
EXP_MBTI_ONBOARDING_001,u_01741,control,2025-10-03
EXP_MBTI_ONBOARDING_001,u_01742,control,2025-05-11
EXP_MBTI_ONBOARDING_001,u_01743,control,2025-08-11
EXP_MBTI_ONBOARDING_001,u_01744,control,2025-05-23
EXP_MBTI_ONBOARDING_001,u_01745,variant,2025-08-16
EXP_MBTI_ONBOARDING_001,u_01746,variant,2025-09-12
EXP_MBTI_ONBOARDING_001,u_01747,control,2025-01-21
EXP_MBTI_ONBOARDING_001,u_01748,control,2025-06-08
EXP_MBTI_ONBOARDING_001,u_01749,variant,2025-03-11
EXP_MBTI_ONBOARDING_001,u_01750,variant,2025-02-08
EXP_MBTI_ONBOARDING_001,u_01751,variant,2025-05-23
EXP_MBTI_ONBOARDING_001,u_01752,variant,2025-01-08
EXP_MBTI_ONBOARDING_001,u_01753,variant,2025-10-28
EXP_MBTI_ONBOARDING_001,u_01754,variant,2025-02-09
EXP_MBTI_ONBOARDING_001,u_01755,variant,2025-07-24
EXP_MBTI_ONBOARDING_001,u_01756,variant,2025-07-22
EXP_MBTI_ONBOARDING_001,u_01757,control,2025-02-02
EXP_MBTI_ONBOARDING_001,u_01758,variant,2025-12-26
EXP_MBTI_ONBOARDING_001,u_01759,variant,2025-10-23
EXP_MBTI_ONBOARDING_001,u_01760,control,2025-03-10
EXP_MBTI_ONBOARDING_001,u_01761,variant,2025-08-16
EXP_MBTI_ONBOARDING_001,u_01762,variant,2025-07-16
EXP_MBTI_ONBOARDING_001,u_01763,control,2025-07-31
EXP_MBTI_ONBOARDING_001,u_01764,control,2025-11-25
EXP_MBTI_ONBOARDING_001,u_01765,variant,2025-07-09
EXP_MBTI_ONBOARDING_001,u_01766,control,2025-02-16
EXP_MBTI_ONBOARDING_001,u_01767,control,2025-06-11
EXP_MBTI_ONBOARDING_001,u_01768,control,2025-08-21
EXP_MBTI_ONBOARDING_001,u_01769,control,2025-04-01
EXP_MBTI_ONBOARDING_001,u_01770,control,2025-06-20
EXP_MBTI_ONBOARDING_001,u_01771,variant,2025-08-01
EXP_MBTI_ONBOARDING_001,u_01772,variant,2025-08-06
EXP_MBTI_ONBOARDING_001,u_01773,control,2025-02-03
EXP_MBTI_ONBOARDING_001,u_01774,variant,2025-12-01
EXP_MBTI_ONBOARDING_001,u_01775,control,2025-09-30
EXP_MBTI_ONBOARDING_001,u_01776,variant,2025-12-20
EXP_MBTI_ONBOARDING_001,u_01777,control,2025-07-30
EXP_MBTI_ONBOARDING_001,u_01778,variant,2025-04-21
EXP_MBTI_ONBOARDING_001,u_01779,control,2025-09-12
EXP_MBTI_ONBOARDING_001,u_01780,control,2025-06-20
EXP_MBTI_ONBOARDING_001,u_01781,control,2025-11-29
EXP_MBTI_ONBOARDING_001,u_01782,control,2025-01-13
EXP_MBTI_ONBOARDING_001,u_01783,variant,2025-06-12
EXP_MBTI_ONBOARDING_001,u_01784,variant,2025-11-16
EXP_MBTI_ONBOARDING_001,u_01785,variant,2025-05-21
EXP_MBTI_ONBOARDING_001,u_01786,variant,2025-07-12
EXP_MBTI_ONBOARDING_001,u_01787,variant,2025-04-11
EXP_MBTI_ONBOARDING_001,u_01788,variant,2025-01-29
EXP_MBTI_ONBOARDING_001,u_01789,control,2025-02-14
EXP_MBTI_ONBOARDING_001,u_01790,control,2025-08-04
EXP_MBTI_ONBOARDING_001,u_01791,variant,2025-05-26
EXP_MBTI_ONBOARDING_001,u_01792,variant,2025-06-04
EXP_MBTI_ONBOARDING_001,u_01793,control,2025-04-17
EXP_MBTI_ONBOARDING_001,u_01794,control,2025-01-03
EXP_MBTI_ONBOARDING_001,u_01795,control,2025-04-30
EXP_MBTI_ONBOARDING_001,u_01796,control,2025-10-26
EXP_MBTI_ONBOARDING_001,u_01797,variant,2025-05-27
EXP_MBTI_ONBOARDING_001,u_01798,variant,2025-04-04
EXP_MBTI_ONBOARDING_001,u_01799,variant,2025-05-18
EXP_MBTI_ONBOARDING_001,u_01800,variant,2025-10-28
EXP_MBTI_ONBOARDING_001,u_01801,control,2025-10-23
EXP_MBTI_ONBOARDING_001,u_01802,control,2025-08-18
EXP_MBTI_ONBOARDING_001,u_01803,variant,2025-02-16
EXP_MBTI_ONBOARDING_001,u_01804,variant,2025-04-02
EXP_MBTI_ONBOARDING_001,u_01805,variant,2025-02-11
EXP_MBTI_ONBOARDING_001,u_01806,control,2025-02-02
EXP_MBTI_ONBOARDING_001,u_01807,control,2025-10-16
EXP_MBTI_ONBOARDING_001,u_01808,variant,2025-08-13
EXP_MBTI_ONBOARDING_001,u_01809,variant,2025-02-10
EXP_MBTI_ONBOARDING_001,u_01810,variant,2025-03-02
EXP_MBTI_ONBOARDING_001,u_01811,variant,2025-03-27
EXP_MBTI_ONBOARDING_001,u_01812,control,2025-10-08
EXP_MBTI_ONBOARDING_001,u_01813,variant,2025-02-11
EXP_MBTI_ONBOARDING_001,u_01814,variant,2025-08-27
EXP_MBTI_ONBOARDING_001,u_01815,control,2025-06-03
EXP_MBTI_ONBOARDING_001,u_01816,variant,2025-07-17
EXP_MBTI_ONBOARDING_001,u_01817,variant,2025-04-03
EXP_MBTI_ONBOARDING_001,u_01818,variant,2025-09-12
EXP_MBTI_ONBOARDING_001,u_01819,control,2025-03-31
EXP_MBTI_ONBOARDING_001,u_01820,control,2025-02-06
EXP_MBTI_ONBOARDING_001,u_01821,variant,2025-12-17
EXP_MBTI_ONBOARDING_001,u_01822,control,2025-05-22
EXP_MBTI_ONBOARDING_001,u_01823,control,2025-04-21
EXP_MBTI_ONBOARDING_001,u_01824,variant,2025-03-10
EXP_MBTI_ONBOARDING_001,u_01825,control,2025-05-06
EXP_MBTI_ONBOARDING_001,u_01826,control,2025-04-28
EXP_MBTI_ONBOARDING_001,u_01827,variant,2025-07-08
EXP_MBTI_ONBOARDING_001,u_01828,variant,2025-08-19
EXP_MBTI_ONBOARDING_001,u_01829,control,2025-10-30
EXP_MBTI_ONBOARDING_001,u_01830,variant,2025-09-24
EXP_MBTI_ONBOARDING_001,u_01831,control,2025-04-19
EXP_MBTI_ONBOARDING_001,u_01832,control,2025-08-23
EXP_MBTI_ONBOARDING_001,u_01833,control,2025-12-04
EXP_MBTI_ONBOARDING_001,u_01834,control,2025-09-30
EXP_MBTI_ONBOARDING_001,u_01835,variant,2025-08-17
EXP_MBTI_ONBOARDING_001,u_01836,control,2025-08-30
EXP_MBTI_ONBOARDING_001,u_01837,control,2025-03-18
EXP_MBTI_ONBOARDING_001,u_01838,control,2025-04-30
EXP_MBTI_ONBOARDING_001,u_01839,control,2025-03-22
EXP_MBTI_ONBOARDING_001,u_01840,variant,2025-10-06
EXP_MBTI_ONBOARDING_001,u_01841,control,2025-12-18
EXP_MBTI_ONBOARDING_001,u_01842,control,2025-01-09
EXP_MBTI_ONBOARDING_001,u_01843,variant,2025-07-17
EXP_MBTI_ONBOARDING_001,u_01844,control,2025-02-01
EXP_MBTI_ONBOARDING_001,u_01845,control,2025-09-04
EXP_MBTI_ONBOARDING_001,u_01846,control,2025-08-21
EXP_MBTI_ONBOARDING_001,u_01847,variant,2025-08-18
EXP_MBTI_ONBOARDING_001,u_01848,variant,2025-04-27
EXP_MBTI_ONBOARDING_001,u_01849,variant,2025-09-23
EXP_MBTI_ONBOARDING_001,u_01850,variant,2025-02-15
EXP_MBTI_ONBOARDING_001,u_01851,control,2025-08-12
EXP_MBTI_ONBOARDING_001,u_01852,control,2025-03-28
EXP_MBTI_ONBOARDING_001,u_01853,control,2025-04-17
EXP_MBTI_ONBOARDING_001,u_01854,control,2025-05-10
EXP_MBTI_ONBOARDING_001,u_01855,control,2025-03-22
EXP_MBTI_ONBOARDING_001,u_01856,variant,2025-01-10
EXP_MBTI_ONBOARDING_001,u_01857,variant,2025-08-14
EXP_MBTI_ONBOARDING_001,u_01858,control,2025-11-01
EXP_MBTI_ONBOARDING_001,u_01859,control,2025-04-10
EXP_MBTI_ONBOARDING_001,u_01860,variant,2025-05-26
EXP_MBTI_ONBOARDING_001,u_01861,control,2025-05-14
EXP_MBTI_ONBOARDING_001,u_01862,control,2025-04-29
EXP_MBTI_ONBOARDING_001,u_01863,control,2025-11-05
EXP_MBTI_ONBOARDING_001,u_01864,control,2025-06-28
EXP_MBTI_ONBOARDING_001,u_01865,variant,2025-08-08
EXP_MBTI_ONBOARDING_001,u_01866,control,2025-05-13
EXP_MBTI_ONBOARDING_001,u_01867,variant,2025-11-20
EXP_MBTI_ONBOARDING_001,u_01868,variant,2025-09-20
EXP_MBTI_ONBOARDING_001,u_01869,control,2025-12-03
EXP_MBTI_ONBOARDING_001,u_01870,variant,2025-06-01
EXP_MBTI_ONBOARDING_001,u_01871,variant,2025-11-30
EXP_MBTI_ONBOARDING_001,u_01872,variant,2025-03-02
EXP_MBTI_ONBOARDING_001,u_01873,control,2025-03-09
EXP_MBTI_ONBOARDING_001,u_01874,control,2025-11-05
EXP_MBTI_ONBOARDING_001,u_01875,variant,2025-12-08
EXP_MBTI_ONBOARDING_001,u_01876,control,2025-09-16
EXP_MBTI_ONBOARDING_001,u_01877,control,2025-01-12
EXP_MBTI_ONBOARDING_001,u_01878,variant,2025-04-18
EXP_MBTI_ONBOARDING_001,u_01879,control,2025-04-06
EXP_MBTI_ONBOARDING_001,u_01880,control,2025-05-03
EXP_MBTI_ONBOARDING_001,u_01881,control,2025-10-04
EXP_MBTI_ONBOARDING_001,u_01882,control,2025-08-13
EXP_MBTI_ONBOARDING_001,u_01883,variant,2025-08-14
EXP_MBTI_ONBOARDING_001,u_01884,control,2025-10-03
EXP_MBTI_ONBOARDING_001,u_01885,variant,2025-09-17
EXP_MBTI_ONBOARDING_001,u_01886,variant,2025-07-07
EXP_MBTI_ONBOARDING_001,u_01887,control,2025-07-10
EXP_MBTI_ONBOARDING_001,u_01888,control,2025-10-26
EXP_MBTI_ONBOARDING_001,u_01889,control,2025-06-01
EXP_MBTI_ONBOARDING_001,u_01890,variant,2025-03-24
EXP_MBTI_ONBOARDING_001,u_01891,variant,2025-01-07
EXP_MBTI_ONBOARDING_001,u_01892,control,2025-06-22
EXP_MBTI_ONBOARDING_001,u_01893,variant,2025-04-09
EXP_MBTI_ONBOARDING_001,u_01894,variant,2025-05-01
EXP_MBTI_ONBOARDING_001,u_01895,variant,2025-09-03
EXP_MBTI_ONBOARDING_001,u_01896,control,2025-11-23
EXP_MBTI_ONBOARDING_001,u_01897,variant,2025-01-26
EXP_MBTI_ONBOARDING_001,u_01898,control,2025-02-09
EXP_MBTI_ONBOARDING_001,u_01899,control,2025-01-05
EXP_MBTI_ONBOARDING_001,u_01900,variant,2025-07-02
EXP_MBTI_ONBOARDING_001,u_01901,control,2025-04-17
EXP_MBTI_ONBOARDING_001,u_01902,control,2025-07-29
EXP_MBTI_ONBOARDING_001,u_01903,control,2025-10-12
EXP_MBTI_ONBOARDING_001,u_01904,control,2025-05-17
EXP_MBTI_ONBOARDING_001,u_01905,control,2025-02-05
EXP_MBTI_ONBOARDING_001,u_01906,variant,2025-11-07
EXP_MBTI_ONBOARDING_001,u_01907,control,2025-08-28
EXP_MBTI_ONBOARDING_001,u_01908,control,2025-03-14
EXP_MBTI_ONBOARDING_001,u_01909,variant,2025-03-11
EXP_MBTI_ONBOARDING_001,u_01910,control,2025-08-26
EXP_MBTI_ONBOARDING_001,u_01911,variant,2025-11-05
EXP_MBTI_ONBOARDING_001,u_01912,control,2025-12-18
EXP_MBTI_ONBOARDING_001,u_01913,control,2025-06-02
EXP_MBTI_ONBOARDING_001,u_01914,control,2025-04-12
EXP_MBTI_ONBOARDING_001,u_01915,control,2025-11-02
EXP_MBTI_ONBOARDING_001,u_01916,variant,2025-08-27
EXP_MBTI_ONBOARDING_001,u_01917,variant,2025-08-27
EXP_MBTI_ONBOARDING_001,u_01918,variant,2025-02-12
EXP_MBTI_ONBOARDING_001,u_01919,control,2025-01-18
EXP_MBTI_ONBOARDING_001,u_01920,control,2025-08-14
EXP_MBTI_ONBOARDING_001,u_01921,control,2025-12-16
EXP_MBTI_ONBOARDING_001,u_01922,variant,2025-04-16
EXP_MBTI_ONBOARDING_001,u_01923,variant,2025-12-06
EXP_MBTI_ONBOARDING_001,u_01924,variant,2025-04-29
EXP_MBTI_ONBOARDING_001,u_01925,control,2025-06-16
EXP_MBTI_ONBOARDING_001,u_01926,variant,2025-04-18
EXP_MBTI_ONBOARDING_001,u_01927,control,2025-04-20
EXP_MBTI_ONBOARDING_001,u_01928,control,2025-03-11
EXP_MBTI_ONBOARDING_001,u_01929,variant,2025-01-28
EXP_MBTI_ONBOARDING_001,u_01930,control,2025-03-18
EXP_MBTI_ONBOARDING_001,u_01931,variant,2025-06-01
EXP_MBTI_ONBOARDING_001,u_01932,control,2025-11-17
EXP_MBTI_ONBOARDING_001,u_01933,variant,2025-05-18
EXP_MBTI_ONBOARDING_001,u_01934,variant,2025-04-18
EXP_MBTI_ONBOARDING_001,u_01935,variant,2025-04-09
EXP_MBTI_ONBOARDING_001,u_01936,variant,2025-10-08
EXP_MBTI_ONBOARDING_001,u_01937,control,2025-11-20
EXP_MBTI_ONBOARDING_001,u_01938,control,2025-12-28
EXP_MBTI_ONBOARDING_001,u_01939,variant,2025-12-21
EXP_MBTI_ONBOARDING_001,u_01940,variant,2025-06-13
EXP_MBTI_ONBOARDING_001,u_01941,control,2025-02-01
EXP_MBTI_ONBOARDING_001,u_01942,control,2025-08-09
EXP_MBTI_ONBOARDING_001,u_01943,variant,2025-11-29
EXP_MBTI_ONBOARDING_001,u_01944,variant,2025-06-20
EXP_MBTI_ONBOARDING_001,u_01945,variant,2025-12-18
EXP_MBTI_ONBOARDING_001,u_01946,control,2025-04-20
EXP_MBTI_ONBOARDING_001,u_01947,control,2025-12-25
EXP_MBTI_ONBOARDING_001,u_01948,control,2025-10-03
EXP_MBTI_ONBOARDING_001,u_01949,control,2025-12-27
EXP_MBTI_ONBOARDING_001,u_01950,variant,2025-09-28
EXP_MBTI_ONBOARDING_001,u_01951,control,2025-08-27
EXP_MBTI_ONBOARDING_001,u_01952,variant,2025-04-21
EXP_MBTI_ONBOARDING_001,u_01953,variant,2025-10-22
EXP_MBTI_ONBOARDING_001,u_01954,control,2025-01-11
EXP_MBTI_ONBOARDING_001,u_01955,variant,2025-01-09
EXP_MBTI_ONBOARDING_001,u_01956,variant,2025-01-30
EXP_MBTI_ONBOARDING_001,u_01957,control,2025-09-13
EXP_MBTI_ONBOARDING_001,u_01958,control,2025-11-18
EXP_MBTI_ONBOARDING_001,u_01959,control,2025-01-08
EXP_MBTI_ONBOARDING_001,u_01960,control,2025-05-28
EXP_MBTI_ONBOARDING_001,u_01961,control,2025-08-30
EXP_MBTI_ONBOARDING_001,u_01962,variant,2025-08-18
EXP_MBTI_ONBOARDING_001,u_01963,variant,2025-05-03
EXP_MBTI_ONBOARDING_001,u_01964,variant,2025-10-05
EXP_MBTI_ONBOARDING_001,u_01965,control,2025-10-03
EXP_MBTI_ONBOARDING_001,u_01966,variant,2025-10-14
EXP_MBTI_ONBOARDING_001,u_01967,control,2025-09-06
EXP_MBTI_ONBOARDING_001,u_01968,control,2025-11-27
EXP_MBTI_ONBOARDING_001,u_01969,control,2025-12-22
EXP_MBTI_ONBOARDING_001,u_01970,variant,2025-03-11
EXP_MBTI_ONBOARDING_001,u_01971,variant,2025-01-18
EXP_MBTI_ONBOARDING_001,u_01972,variant,2025-05-14
EXP_MBTI_ONBOARDING_001,u_01973,control,2025-10-20
EXP_MBTI_ONBOARDING_001,u_01974,variant,2025-12-30
EXP_MBTI_ONBOARDING_001,u_01975,variant,2025-07-12
EXP_MBTI_ONBOARDING_001,u_01976,variant,2025-12-29
EXP_MBTI_ONBOARDING_001,u_01977,variant,2025-04-29
EXP_MBTI_ONBOARDING_001,u_01978,control,2025-10-05
EXP_MBTI_ONBOARDING_001,u_01979,control,2025-05-05
EXP_MBTI_ONBOARDING_001,u_01980,variant,2025-09-27
EXP_MBTI_ONBOARDING_001,u_01981,control,2025-07-22
EXP_MBTI_ONBOARDING_001,u_01982,control,2025-11-11
EXP_MBTI_ONBOARDING_001,u_01983,variant,2025-10-06
EXP_MBTI_ONBOARDING_001,u_01984,control,2025-04-25
EXP_MBTI_ONBOARDING_001,u_01985,control,2025-09-15
EXP_MBTI_ONBOARDING_001,u_01986,variant,2025-07-13
EXP_MBTI_ONBOARDING_001,u_01987,control,2025-09-02
EXP_MBTI_ONBOARDING_001,u_01988,control,2025-05-30
EXP_MBTI_ONBOARDING_001,u_01989,control,2025-05-08
EXP_MBTI_ONBOARDING_001,u_01990,control,2025-04-25
EXP_MBTI_ONBOARDING_001,u_01991,control,2025-11-01
EXP_MBTI_ONBOARDING_001,u_01992,control,2025-05-10
EXP_MBTI_ONBOARDING_001,u_01993,variant,2025-06-21
EXP_MBTI_ONBOARDING_001,u_01994,control,2025-12-02
EXP_MBTI_ONBOARDING_001,u_01995,variant,2025-08-11
EXP_MBTI_ONBOARDING_001,u_01996,control,2025-05-06
EXP_MBTI_ONBOARDING_001,u_01997,variant,2025-12-01
EXP_MBTI_ONBOARDING_001,u_01998,control,2025-03-17
EXP_MBTI_ONBOARDING_001,u_01999,control,2025-05-07
EXP_MBTI_ONBOARDING_001,u_02000,control,2025-07-10
EXP_MBTI_ONBOARDING_001,u_02001,control,2025-03-27
EXP_MBTI_ONBOARDING_001,u_02002,control,2025-06-07
EXP_MBTI_ONBOARDING_001,u_02003,control,2025-06-27
EXP_MBTI_ONBOARDING_001,u_02004,control,2025-01-14
EXP_MBTI_ONBOARDING_001,u_02005,variant,2025-07-29
EXP_MBTI_ONBOARDING_001,u_02006,variant,2025-12-18
EXP_MBTI_ONBOARDING_001,u_02007,control,2025-07-08
EXP_MBTI_ONBOARDING_001,u_02008,variant,2025-02-03
EXP_MBTI_ONBOARDING_001,u_02009,control,2025-05-14
EXP_MBTI_ONBOARDING_001,u_02010,variant,2025-03-11
EXP_MBTI_ONBOARDING_001,u_02011,variant,2025-12-03
EXP_MBTI_ONBOARDING_001,u_02012,variant,2025-03-31
EXP_MBTI_ONBOARDING_001,u_02013,variant,2025-01-07
EXP_MBTI_ONBOARDING_001,u_02014,control,2025-01-25
EXP_MBTI_ONBOARDING_001,u_02015,variant,2025-08-30
EXP_MBTI_ONBOARDING_001,u_02016,control,2025-11-15
EXP_MBTI_ONBOARDING_001,u_02017,variant,2025-03-02
EXP_MBTI_ONBOARDING_001,u_02018,control,2025-06-14
EXP_MBTI_ONBOARDING_001,u_02019,variant,2025-03-09
EXP_MBTI_ONBOARDING_001,u_02020,variant,2025-03-20
EXP_MBTI_ONBOARDING_001,u_02021,control,2025-11-17
EXP_MBTI_ONBOARDING_001,u_02022,variant,2025-05-12
EXP_MBTI_ONBOARDING_001,u_02023,control,2025-07-19
EXP_MBTI_ONBOARDING_001,u_02024,control,2025-10-30
EXP_MBTI_ONBOARDING_001,u_02025,control,2025-01-04
EXP_MBTI_ONBOARDING_001,u_02026,control,2025-03-23
EXP_MBTI_ONBOARDING_001,u_02027,control,2025-05-10
EXP_MBTI_ONBOARDING_001,u_02028,control,2025-11-30
EXP_MBTI_ONBOARDING_001,u_02029,control,2025-08-27
EXP_MBTI_ONBOARDING_001,u_02030,variant,2025-02-17
EXP_MBTI_ONBOARDING_001,u_02031,control,2025-04-26
EXP_MBTI_ONBOARDING_001,u_02032,control,2025-01-10
EXP_MBTI_ONBOARDING_001,u_02033,control,2025-03-24
EXP_MBTI_ONBOARDING_001,u_02034,control,2025-08-25
EXP_MBTI_ONBOARDING_001,u_02035,variant,2025-11-22
EXP_MBTI_ONBOARDING_001,u_02036,control,2025-08-23
EXP_MBTI_ONBOARDING_001,u_02037,control,2025-05-27
EXP_MBTI_ONBOARDING_001,u_02038,control,2025-09-20
EXP_MBTI_ONBOARDING_001,u_02039,variant,2025-06-05
EXP_MBTI_ONBOARDING_001,u_02040,control,2025-03-28
EXP_MBTI_ONBOARDING_001,u_02041,variant,2025-09-23
EXP_MBTI_ONBOARDING_001,u_02042,variant,2025-04-23
EXP_MBTI_ONBOARDING_001,u_02043,control,2025-04-29
EXP_MBTI_ONBOARDING_001,u_02044,variant,2025-07-01
EXP_MBTI_ONBOARDING_001,u_02045,control,2025-03-30
EXP_MBTI_ONBOARDING_001,u_02046,control,2025-06-18
EXP_MBTI_ONBOARDING_001,u_02047,control,2025-05-01
EXP_MBTI_ONBOARDING_001,u_02048,control,2025-04-10
EXP_MBTI_ONBOARDING_001,u_02049,control,2025-08-28
EXP_MBTI_ONBOARDING_001,u_02050,control,2025-04-06
EXP_MBTI_ONBOARDING_001,u_02051,variant,2025-06-09
EXP_MBTI_ONBOARDING_001,u_02052,control,2025-08-13
EXP_MBTI_ONBOARDING_001,u_02053,control,2025-08-17
EXP_MBTI_ONBOARDING_001,u_02054,control,2025-09-12
EXP_MBTI_ONBOARDING_001,u_02055,variant,2025-06-20
EXP_MBTI_ONBOARDING_001,u_02056,variant,2025-05-15
EXP_MBTI_ONBOARDING_001,u_02057,variant,2025-12-09
EXP_MBTI_ONBOARDING_001,u_02058,variant,2025-11-28
EXP_MBTI_ONBOARDING_001,u_02059,variant,2025-03-22
EXP_MBTI_ONBOARDING_001,u_02060,variant,2025-05-09
EXP_MBTI_ONBOARDING_001,u_02061,control,2025-12-30
EXP_MBTI_ONBOARDING_001,u_02062,variant,2025-12-03
EXP_MBTI_ONBOARDING_001,u_02063,variant,2025-08-30
EXP_MBTI_ONBOARDING_001,u_02064,variant,2025-03-24
EXP_MBTI_ONBOARDING_001,u_02065,control,2025-10-04
EXP_MBTI_ONBOARDING_001,u_02066,variant,2025-09-12
EXP_MBTI_ONBOARDING_001,u_02067,control,2025-07-08
EXP_MBTI_ONBOARDING_001,u_02068,control,2025-10-27
EXP_MBTI_ONBOARDING_001,u_02069,variant,2025-10-01
EXP_MBTI_ONBOARDING_001,u_02070,variant,2025-11-24
EXP_MBTI_ONBOARDING_001,u_02071,control,2025-04-15
EXP_MBTI_ONBOARDING_001,u_02072,variant,2025-02-23
EXP_MBTI_ONBOARDING_001,u_02073,control,2025-02-20
EXP_MBTI_ONBOARDING_001,u_02074,control,2025-04-09
EXP_MBTI_ONBOARDING_001,u_02075,variant,2025-12-24
EXP_MBTI_ONBOARDING_001,u_02076,variant,2025-11-03
EXP_MBTI_ONBOARDING_001,u_02077,control,2025-09-13
EXP_MBTI_ONBOARDING_001,u_02078,variant,2025-02-08
EXP_MBTI_ONBOARDING_001,u_02079,control,2025-12-06
EXP_MBTI_ONBOARDING_001,u_02080,control,2025-04-02
EXP_MBTI_ONBOARDING_001,u_02081,variant,2025-03-25
EXP_MBTI_ONBOARDING_001,u_02082,variant,2025-07-31
EXP_MBTI_ONBOARDING_001,u_02083,variant,2025-10-12
EXP_MBTI_ONBOARDING_001,u_02084,variant,2025-10-08
EXP_MBTI_ONBOARDING_001,u_02085,variant,2025-01-12
EXP_MBTI_ONBOARDING_001,u_02086,control,2025-08-27
EXP_MBTI_ONBOARDING_001,u_02087,control,2025-06-12
EXP_MBTI_ONBOARDING_001,u_02088,variant,2025-05-18
EXP_MBTI_ONBOARDING_001,u_02089,variant,2025-05-03
EXP_MBTI_ONBOARDING_001,u_02090,control,2025-07-10
EXP_MBTI_ONBOARDING_001,u_02091,control,2025-02-05
EXP_MBTI_ONBOARDING_001,u_02092,variant,2025-10-06
EXP_MBTI_ONBOARDING_001,u_02093,control,2025-02-18
EXP_MBTI_ONBOARDING_001,u_02094,variant,2025-02-26
EXP_MBTI_ONBOARDING_001,u_02095,control,2025-01-23
EXP_MBTI_ONBOARDING_001,u_02096,control,2025-10-16
EXP_MBTI_ONBOARDING_001,u_02097,control,2025-11-05
EXP_MBTI_ONBOARDING_001,u_02098,variant,2025-09-18
EXP_MBTI_ONBOARDING_001,u_02099,control,2025-08-20
EXP_MBTI_ONBOARDING_001,u_02100,control,2025-08-01
EXP_MBTI_ONBOARDING_001,u_02101,control,2025-03-27
EXP_MBTI_ONBOARDING_001,u_02102,variant,2025-06-05
EXP_MBTI_ONBOARDING_001,u_02103,variant,2025-08-22
EXP_MBTI_ONBOARDING_001,u_02104,variant,2025-12-28
EXP_MBTI_ONBOARDING_001,u_02105,control,2025-08-17
EXP_MBTI_ONBOARDING_001,u_02106,control,2025-04-28
EXP_MBTI_ONBOARDING_001,u_02107,control,2025-03-05
EXP_MBTI_ONBOARDING_001,u_02108,variant,2025-03-21
EXP_MBTI_ONBOARDING_001,u_02109,variant,2025-10-22
EXP_MBTI_ONBOARDING_001,u_02110,control,2025-04-07
EXP_MBTI_ONBOARDING_001,u_02111,variant,2025-07-02
EXP_MBTI_ONBOARDING_001,u_02112,variant,2025-10-23
EXP_MBTI_ONBOARDING_001,u_02113,variant,2025-02-12
EXP_MBTI_ONBOARDING_001,u_02114,variant,2025-01-04
EXP_MBTI_ONBOARDING_001,u_02115,variant,2025-04-22
EXP_MBTI_ONBOARDING_001,u_02116,variant,2025-04-10
EXP_MBTI_ONBOARDING_001,u_02117,control,2025-01-08
EXP_MBTI_ONBOARDING_001,u_02118,variant,2025-05-07
EXP_MBTI_ONBOARDING_001,u_02119,control,2025-07-14
EXP_MBTI_ONBOARDING_001,u_02120,variant,2025-10-22
EXP_MBTI_ONBOARDING_001,u_02121,variant,2025-06-16
EXP_MBTI_ONBOARDING_001,u_02122,control,2025-08-06
EXP_MBTI_ONBOARDING_001,u_02123,control,2025-04-29
EXP_MBTI_ONBOARDING_001,u_02124,control,2025-11-11
EXP_MBTI_ONBOARDING_001,u_02125,variant,2025-12-25
EXP_MBTI_ONBOARDING_001,u_02126,control,2025-12-12
EXP_MBTI_ONBOARDING_001,u_02127,control,2025-08-23
EXP_MBTI_ONBOARDING_001,u_02128,control,2025-01-16
EXP_MBTI_ONBOARDING_001,u_02129,variant,2025-08-16
EXP_MBTI_ONBOARDING_001,u_02130,variant,2025-02-13
EXP_MBTI_ONBOARDING_001,u_02131,variant,2025-07-08
EXP_MBTI_ONBOARDING_001,u_02132,control,2025-04-27
EXP_MBTI_ONBOARDING_001,u_02133,control,2025-02-17
EXP_MBTI_ONBOARDING_001,u_02134,control,2025-03-29
EXP_MBTI_ONBOARDING_001,u_02135,variant,2025-05-01
EXP_MBTI_ONBOARDING_001,u_02136,control,2025-09-17
EXP_MBTI_ONBOARDING_001,u_02137,variant,2025-01-07
EXP_MBTI_ONBOARDING_001,u_02138,variant,2025-07-26
EXP_MBTI_ONBOARDING_001,u_02139,control,2025-06-12
EXP_MBTI_ONBOARDING_001,u_02140,control,2025-10-08
EXP_MBTI_ONBOARDING_001,u_02141,variant,2025-06-21
EXP_MBTI_ONBOARDING_001,u_02142,control,2025-10-28
EXP_MBTI_ONBOARDING_001,u_02143,variant,2025-03-27
EXP_MBTI_ONBOARDING_001,u_02144,variant,2025-04-02
EXP_MBTI_ONBOARDING_001,u_02145,variant,2025-11-09
EXP_MBTI_ONBOARDING_001,u_02146,control,2025-04-09
EXP_MBTI_ONBOARDING_001,u_02147,control,2025-12-27
EXP_MBTI_ONBOARDING_001,u_02148,variant,2025-04-01
EXP_MBTI_ONBOARDING_001,u_02149,variant,2025-11-24
EXP_MBTI_ONBOARDING_001,u_02150,control,2025-05-18
EXP_MBTI_ONBOARDING_001,u_02151,control,2025-02-28
EXP_MBTI_ONBOARDING_001,u_02152,variant,2025-08-17
EXP_MBTI_ONBOARDING_001,u_02153,variant,2025-07-17
EXP_MBTI_ONBOARDING_001,u_02154,variant,2025-08-06
EXP_MBTI_ONBOARDING_001,u_02155,control,2025-10-06
EXP_MBTI_ONBOARDING_001,u_02156,control,2025-02-08
EXP_MBTI_ONBOARDING_001,u_02157,control,2025-01-22
EXP_MBTI_ONBOARDING_001,u_02158,control,2025-03-07
EXP_MBTI_ONBOARDING_001,u_02159,variant,2025-12-13
EXP_MBTI_ONBOARDING_001,u_02160,control,2025-06-08
EXP_MBTI_ONBOARDING_001,u_02161,control,2025-08-17
EXP_MBTI_ONBOARDING_001,u_02162,control,2025-05-16
EXP_MBTI_ONBOARDING_001,u_02163,control,2025-06-06
EXP_MBTI_ONBOARDING_001,u_02164,control,2025-11-12
EXP_MBTI_ONBOARDING_001,u_02165,variant,2025-06-26
EXP_MBTI_ONBOARDING_001,u_02166,control,2025-09-07
EXP_MBTI_ONBOARDING_001,u_02167,variant,2025-09-25
EXP_MBTI_ONBOARDING_001,u_02168,variant,2025-06-26
EXP_MBTI_ONBOARDING_001,u_02169,control,2025-09-10
EXP_MBTI_ONBOARDING_001,u_02170,control,2025-07-11
EXP_MBTI_ONBOARDING_001,u_02171,variant,2025-02-15
EXP_MBTI_ONBOARDING_001,u_02172,variant,2025-01-28
EXP_MBTI_ONBOARDING_001,u_02173,variant,2025-11-28
EXP_MBTI_ONBOARDING_001,u_02174,variant,2025-01-17
EXP_MBTI_ONBOARDING_001,u_02175,variant,2025-04-30
EXP_MBTI_ONBOARDING_001,u_02176,variant,2025-12-07
EXP_MBTI_ONBOARDING_001,u_02177,control,2025-06-21
EXP_MBTI_ONBOARDING_001,u_02178,variant,2025-03-31
EXP_MBTI_ONBOARDING_001,u_02179,control,2025-11-29
EXP_MBTI_ONBOARDING_001,u_02180,control,2025-08-19
EXP_MBTI_ONBOARDING_001,u_02181,variant,2025-11-10
EXP_MBTI_ONBOARDING_001,u_02182,variant,2025-04-15
EXP_MBTI_ONBOARDING_001,u_02183,variant,2025-03-30
EXP_MBTI_ONBOARDING_001,u_02184,variant,2025-01-13
EXP_MBTI_ONBOARDING_001,u_02185,variant,2025-04-15
EXP_MBTI_ONBOARDING_001,u_02186,control,2025-01-20
EXP_MBTI_ONBOARDING_001,u_02187,control,2025-10-24
EXP_MBTI_ONBOARDING_001,u_02188,variant,2025-04-07
EXP_MBTI_ONBOARDING_001,u_02189,variant,2025-04-29
EXP_MBTI_ONBOARDING_001,u_02190,variant,2025-12-10
EXP_MBTI_ONBOARDING_001,u_02191,variant,2025-08-09
EXP_MBTI_ONBOARDING_001,u_02192,control,2025-08-13
EXP_MBTI_ONBOARDING_001,u_02193,control,2025-04-05
EXP_MBTI_ONBOARDING_001,u_02194,variant,2025-03-26
EXP_MBTI_ONBOARDING_001,u_02195,variant,2025-01-15
EXP_MBTI_ONBOARDING_001,u_02196,variant,2025-01-19
EXP_MBTI_ONBOARDING_001,u_02197,control,2025-03-05
EXP_MBTI_ONBOARDING_001,u_02198,variant,2025-09-06
EXP_MBTI_ONBOARDING_001,u_02199,control,2025-03-04
EXP_MBTI_ONBOARDING_001,u_02200,control,2025-10-21
EXP_MBTI_ONBOARDING_001,u_02201,control,2025-05-25
EXP_MBTI_ONBOARDING_001,u_02202,variant,2025-09-23
EXP_MBTI_ONBOARDING_001,u_02203,control,2025-05-28
EXP_MBTI_ONBOARDING_001,u_02204,variant,2025-11-20
EXP_MBTI_ONBOARDING_001,u_02205,control,2025-03-31
EXP_MBTI_ONBOARDING_001,u_02206,variant,2025-01-27
EXP_MBTI_ONBOARDING_001,u_02207,variant,2025-09-02
EXP_MBTI_ONBOARDING_001,u_02208,variant,2025-05-18
EXP_MBTI_ONBOARDING_001,u_02209,control,2025-12-22
EXP_MBTI_ONBOARDING_001,u_02210,variant,2025-02-23
EXP_MBTI_ONBOARDING_001,u_02211,control,2025-12-20
EXP_MBTI_ONBOARDING_001,u_02212,variant,2025-06-02
EXP_MBTI_ONBOARDING_001,u_02213,variant,2025-10-07
EXP_MBTI_ONBOARDING_001,u_02214,control,2025-08-01
EXP_MBTI_ONBOARDING_001,u_02215,variant,2025-10-14
EXP_MBTI_ONBOARDING_001,u_02216,variant,2025-05-10
EXP_MBTI_ONBOARDING_001,u_02217,variant,2025-03-15
EXP_MBTI_ONBOARDING_001,u_02218,variant,2025-11-19
EXP_MBTI_ONBOARDING_001,u_02219,variant,2025-10-31
EXP_MBTI_ONBOARDING_001,u_02220,control,2025-03-14
EXP_MBTI_ONBOARDING_001,u_02221,control,2025-01-29
EXP_MBTI_ONBOARDING_001,u_02222,variant,2025-05-24
EXP_MBTI_ONBOARDING_001,u_02223,control,2025-11-01
EXP_MBTI_ONBOARDING_001,u_02224,control,2025-04-02
EXP_MBTI_ONBOARDING_001,u_02225,control,2025-09-08
EXP_MBTI_ONBOARDING_001,u_02226,variant,2025-05-17
EXP_MBTI_ONBOARDING_001,u_02227,variant,2025-08-17
EXP_MBTI_ONBOARDING_001,u_02228,control,2025-11-22
EXP_MBTI_ONBOARDING_001,u_02229,control,2025-06-02
EXP_MBTI_ONBOARDING_001,u_02230,variant,2025-07-08
EXP_MBTI_ONBOARDING_001,u_02231,variant,2025-08-09
EXP_MBTI_ONBOARDING_001,u_02232,control,2025-05-24
EXP_MBTI_ONBOARDING_001,u_02233,variant,2025-01-04
EXP_MBTI_ONBOARDING_001,u_02234,variant,2025-02-27
EXP_MBTI_ONBOARDING_001,u_02235,variant,2025-01-17
EXP_MBTI_ONBOARDING_001,u_02236,control,2025-05-20
EXP_MBTI_ONBOARDING_001,u_02237,control,2025-06-09
EXP_MBTI_ONBOARDING_001,u_02238,variant,2025-05-23
EXP_MBTI_ONBOARDING_001,u_02239,control,2025-10-30
EXP_MBTI_ONBOARDING_001,u_02240,variant,2025-09-05
EXP_MBTI_ONBOARDING_001,u_02241,control,2025-01-09
EXP_MBTI_ONBOARDING_001,u_02242,control,2025-11-27
EXP_MBTI_ONBOARDING_001,u_02243,variant,2025-09-11
EXP_MBTI_ONBOARDING_001,u_02244,control,2025-02-13
EXP_MBTI_ONBOARDING_001,u_02245,control,2025-10-25
EXP_MBTI_ONBOARDING_001,u_02246,control,2025-02-12
EXP_MBTI_ONBOARDING_001,u_02247,control,2025-10-01
EXP_MBTI_ONBOARDING_001,u_02248,control,2025-08-02
EXP_MBTI_ONBOARDING_001,u_02249,variant,2025-10-12
EXP_MBTI_ONBOARDING_001,u_02250,control,2025-08-13
EXP_MBTI_ONBOARDING_001,u_02251,control,2025-12-10
EXP_MBTI_ONBOARDING_001,u_02252,control,2025-10-08
EXP_MBTI_ONBOARDING_001,u_02253,variant,2025-09-27
EXP_MBTI_ONBOARDING_001,u_02254,control,2025-07-17
EXP_MBTI_ONBOARDING_001,u_02255,control,2025-12-24
EXP_MBTI_ONBOARDING_001,u_02256,control,2025-06-05
EXP_MBTI_ONBOARDING_001,u_02257,variant,2025-03-14
EXP_MBTI_ONBOARDING_001,u_02258,variant,2025-06-11
EXP_MBTI_ONBOARDING_001,u_02259,control,2025-08-31
EXP_MBTI_ONBOARDING_001,u_02260,control,2025-10-23
EXP_MBTI_ONBOARDING_001,u_02261,control,2025-08-06
EXP_MBTI_ONBOARDING_001,u_02262,variant,2025-02-03
EXP_MBTI_ONBOARDING_001,u_02263,variant,2025-11-07
EXP_MBTI_ONBOARDING_001,u_02264,control,2025-07-17
EXP_MBTI_ONBOARDING_001,u_02265,control,2025-09-28
EXP_MBTI_ONBOARDING_001,u_02266,variant,2025-02-08
EXP_MBTI_ONBOARDING_001,u_02267,control,2025-10-21
EXP_MBTI_ONBOARDING_001,u_02268,variant,2025-08-26
EXP_MBTI_ONBOARDING_001,u_02269,control,2025-10-25
EXP_MBTI_ONBOARDING_001,u_02270,variant,2025-10-26
EXP_MBTI_ONBOARDING_001,u_02271,control,2025-06-13
EXP_MBTI_ONBOARDING_001,u_02272,variant,2025-12-31
EXP_MBTI_ONBOARDING_001,u_02273,control,2025-06-09
EXP_MBTI_ONBOARDING_001,u_02274,control,2025-03-01
EXP_MBTI_ONBOARDING_001,u_02275,control,2025-09-01
EXP_MBTI_ONBOARDING_001,u_02276,variant,2025-08-02
EXP_MBTI_ONBOARDING_001,u_02277,control,2025-09-15
EXP_MBTI_ONBOARDING_001,u_02278,variant,2025-12-28
EXP_MBTI_ONBOARDING_001,u_02279,control,2025-11-01
EXP_MBTI_ONBOARDING_001,u_02280,control,2025-03-07
EXP_MBTI_ONBOARDING_001,u_02281,control,2025-01-02
EXP_MBTI_ONBOARDING_001,u_02282,variant,2025-08-16
EXP_MBTI_ONBOARDING_001,u_02283,variant,2025-11-07
EXP_MBTI_ONBOARDING_001,u_02284,control,2025-09-06
EXP_MBTI_ONBOARDING_001,u_02285,variant,2025-06-13
EXP_MBTI_ONBOARDING_001,u_02286,variant,2025-08-01
EXP_MBTI_ONBOARDING_001,u_02287,control,2025-05-28
EXP_MBTI_ONBOARDING_001,u_02288,control,2025-08-01
EXP_MBTI_ONBOARDING_001,u_02289,variant,2025-03-23
EXP_MBTI_ONBOARDING_001,u_02290,variant,2025-08-09
EXP_MBTI_ONBOARDING_001,u_02291,control,2025-03-19
EXP_MBTI_ONBOARDING_001,u_02292,variant,2025-09-09
EXP_MBTI_ONBOARDING_001,u_02293,control,2025-10-05
EXP_MBTI_ONBOARDING_001,u_02294,control,2025-04-03
EXP_MBTI_ONBOARDING_001,u_02295,variant,2025-10-26
EXP_MBTI_ONBOARDING_001,u_02296,variant,2025-10-08
EXP_MBTI_ONBOARDING_001,u_02297,control,2025-04-01
EXP_MBTI_ONBOARDING_001,u_02298,control,2025-11-11
EXP_MBTI_ONBOARDING_001,u_02299,control,2025-04-03
EXP_MBTI_ONBOARDING_001,u_02300,variant,2025-05-04
EXP_MBTI_ONBOARDING_001,u_02301,control,2025-02-05
EXP_MBTI_ONBOARDING_001,u_02302,variant,2025-04-16
EXP_MBTI_ONBOARDING_001,u_02303,variant,2025-09-29
EXP_MBTI_ONBOARDING_001,u_02304,variant,2025-09-29
EXP_MBTI_ONBOARDING_001,u_02305,control,2025-02-06
EXP_MBTI_ONBOARDING_001,u_02306,control,2025-03-12
EXP_MBTI_ONBOARDING_001,u_02307,control,2025-02-05
EXP_MBTI_ONBOARDING_001,u_02308,variant,2025-02-24
EXP_MBTI_ONBOARDING_001,u_02309,control,2025-10-12
EXP_MBTI_ONBOARDING_001,u_02310,control,2025-11-29
EXP_MBTI_ONBOARDING_001,u_02311,control,2025-12-14
EXP_MBTI_ONBOARDING_001,u_02312,control,2025-03-02
EXP_MBTI_ONBOARDING_001,u_02313,control,2025-11-03
EXP_MBTI_ONBOARDING_001,u_02314,control,2025-07-16
EXP_MBTI_ONBOARDING_001,u_02315,variant,2025-09-21
EXP_MBTI_ONBOARDING_001,u_02316,variant,2025-01-19
EXP_MBTI_ONBOARDING_001,u_02317,variant,2025-12-22
EXP_MBTI_ONBOARDING_001,u_02318,control,2025-02-12
EXP_MBTI_ONBOARDING_001,u_02319,control,2025-07-16
EXP_MBTI_ONBOARDING_001,u_02320,control,2025-10-15
EXP_MBTI_ONBOARDING_001,u_02321,variant,2025-04-16
EXP_MBTI_ONBOARDING_001,u_02322,control,2025-07-29
EXP_MBTI_ONBOARDING_001,u_02323,variant,2025-04-04
EXP_MBTI_ONBOARDING_001,u_02324,variant,2025-07-16
EXP_MBTI_ONBOARDING_001,u_02325,control,2025-07-01
EXP_MBTI_ONBOARDING_001,u_02326,variant,2025-10-08
EXP_MBTI_ONBOARDING_001,u_02327,variant,2025-05-15
EXP_MBTI_ONBOARDING_001,u_02328,variant,2025-07-26
EXP_MBTI_ONBOARDING_001,u_02329,control,2025-06-10
EXP_MBTI_ONBOARDING_001,u_02330,variant,2025-10-03
EXP_MBTI_ONBOARDING_001,u_02331,control,2025-01-20
EXP_MBTI_ONBOARDING_001,u_02332,variant,2025-12-04
EXP_MBTI_ONBOARDING_001,u_02333,variant,2025-10-05
EXP_MBTI_ONBOARDING_001,u_02334,control,2025-09-30
EXP_MBTI_ONBOARDING_001,u_02335,control,2025-03-06
EXP_MBTI_ONBOARDING_001,u_02336,variant,2025-07-13
EXP_MBTI_ONBOARDING_001,u_02337,variant,2025-02-02
EXP_MBTI_ONBOARDING_001,u_02338,variant,2025-06-29
EXP_MBTI_ONBOARDING_001,u_02339,control,2025-02-10
EXP_MBTI_ONBOARDING_001,u_02340,variant,2025-10-03
EXP_MBTI_ONBOARDING_001,u_02341,variant,2025-03-14
EXP_MBTI_ONBOARDING_001,u_02342,control,2025-12-14
EXP_MBTI_ONBOARDING_001,u_02343,variant,2025-12-10
EXP_MBTI_ONBOARDING_001,u_02344,variant,2025-06-28
EXP_MBTI_ONBOARDING_001,u_02345,control,2025-11-04
EXP_MBTI_ONBOARDING_001,u_02346,control,2025-03-27
EXP_MBTI_ONBOARDING_001,u_02347,variant,2025-02-26
EXP_MBTI_ONBOARDING_001,u_02348,control,2025-05-21
EXP_MBTI_ONBOARDING_001,u_02349,variant,2025-05-16
EXP_MBTI_ONBOARDING_001,u_02350,control,2025-05-23
EXP_MBTI_ONBOARDING_001,u_02351,variant,2025-11-12
EXP_MBTI_ONBOARDING_001,u_02352,variant,2025-04-07
EXP_MBTI_ONBOARDING_001,u_02353,variant,2025-01-06
EXP_MBTI_ONBOARDING_001,u_02354,variant,2025-07-12
EXP_MBTI_ONBOARDING_001,u_02355,variant,2025-08-03
EXP_MBTI_ONBOARDING_001,u_02356,variant,2025-04-18
EXP_MBTI_ONBOARDING_001,u_02357,control,2025-04-30
EXP_MBTI_ONBOARDING_001,u_02358,variant,2025-04-25
EXP_MBTI_ONBOARDING_001,u_02359,control,2025-08-29
EXP_MBTI_ONBOARDING_001,u_02360,control,2025-12-29
EXP_MBTI_ONBOARDING_001,u_02361,control,2025-06-22
EXP_MBTI_ONBOARDING_001,u_02362,control,2025-10-17
EXP_MBTI_ONBOARDING_001,u_02363,variant,2025-12-04
EXP_MBTI_ONBOARDING_001,u_02364,control,2025-03-11
EXP_MBTI_ONBOARDING_001,u_02365,variant,2025-12-06
EXP_MBTI_ONBOARDING_001,u_02366,variant,2025-10-05
EXP_MBTI_ONBOARDING_001,u_02367,variant,2025-05-20
EXP_MBTI_ONBOARDING_001,u_02368,control,2025-04-18
EXP_MBTI_ONBOARDING_001,u_02369,variant,2025-07-05
EXP_MBTI_ONBOARDING_001,u_02370,control,2025-12-15
EXP_MBTI_ONBOARDING_001,u_02371,variant,2025-01-19
EXP_MBTI_ONBOARDING_001,u_02372,control,2025-05-16
EXP_MBTI_ONBOARDING_001,u_02373,control,2025-05-17
EXP_MBTI_ONBOARDING_001,u_02374,control,2025-02-23
EXP_MBTI_ONBOARDING_001,u_02375,variant,2025-09-20
EXP_MBTI_ONBOARDING_001,u_02376,variant,2025-04-01
EXP_MBTI_ONBOARDING_001,u_02377,control,2025-06-22
EXP_MBTI_ONBOARDING_001,u_02378,variant,2025-07-09
EXP_MBTI_ONBOARDING_001,u_02379,control,2025-03-22
EXP_MBTI_ONBOARDING_001,u_02380,variant,2025-03-26
EXP_MBTI_ONBOARDING_001,u_02381,variant,2025-07-14
EXP_MBTI_ONBOARDING_001,u_02382,control,2025-12-28
EXP_MBTI_ONBOARDING_001,u_02383,variant,2025-04-07
EXP_MBTI_ONBOARDING_001,u_02384,variant,2025-10-11
EXP_MBTI_ONBOARDING_001,u_02385,variant,2025-09-08
EXP_MBTI_ONBOARDING_001,u_02386,control,2025-02-23
EXP_MBTI_ONBOARDING_001,u_02387,variant,2025-09-18
EXP_MBTI_ONBOARDING_001,u_02388,variant,2025-04-11
EXP_MBTI_ONBOARDING_001,u_02389,control,2025-08-07
EXP_MBTI_ONBOARDING_001,u_02390,control,2025-04-11
EXP_MBTI_ONBOARDING_001,u_02391,variant,2025-11-02
EXP_MBTI_ONBOARDING_001,u_02392,control,2025-10-05
EXP_MBTI_ONBOARDING_001,u_02393,control,2025-10-11
EXP_MBTI_ONBOARDING_001,u_02394,variant,2025-07-28
EXP_MBTI_ONBOARDING_001,u_02395,variant,2025-07-02
EXP_MBTI_ONBOARDING_001,u_02396,variant,2025-01-26
EXP_MBTI_ONBOARDING_001,u_02397,control,2025-12-31
EXP_MBTI_ONBOARDING_001,u_02398,control,2025-08-04
EXP_MBTI_ONBOARDING_001,u_02399,control,2025-06-25
EXP_MBTI_ONBOARDING_001,u_02400,control,2025-03-03
EXP_MBTI_ONBOARDING_001,u_02401,control,2025-11-15
EXP_MBTI_ONBOARDING_001,u_02402,control,2025-04-14
EXP_MBTI_ONBOARDING_001,u_02403,control,2025-01-19
EXP_MBTI_ONBOARDING_001,u_02404,control,2025-11-29
EXP_MBTI_ONBOARDING_001,u_02405,variant,2025-02-09
EXP_MBTI_ONBOARDING_001,u_02406,control,2025-04-27
EXP_MBTI_ONBOARDING_001,u_02407,control,2025-10-06
EXP_MBTI_ONBOARDING_001,u_02408,control,2025-12-20
EXP_MBTI_ONBOARDING_001,u_02409,variant,2025-07-27
EXP_MBTI_ONBOARDING_001,u_02410,control,2025-06-03
EXP_MBTI_ONBOARDING_001,u_02411,control,2025-12-29
EXP_MBTI_ONBOARDING_001,u_02412,variant,2025-09-12
EXP_MBTI_ONBOARDING_001,u_02413,control,2025-05-17
EXP_MBTI_ONBOARDING_001,u_02414,control,2025-04-30
EXP_MBTI_ONBOARDING_001,u_02415,variant,2025-09-22
EXP_MBTI_ONBOARDING_001,u_02416,control,2025-07-08
EXP_MBTI_ONBOARDING_001,u_02417,control,2025-01-02
EXP_MBTI_ONBOARDING_001,u_02418,variant,2025-01-27
EXP_MBTI_ONBOARDING_001,u_02419,control,2025-08-19
EXP_MBTI_ONBOARDING_001,u_02420,variant,2025-12-03
EXP_MBTI_ONBOARDING_001,u_02421,variant,2025-10-01
EXP_MBTI_ONBOARDING_001,u_02422,control,2025-12-10
EXP_MBTI_ONBOARDING_001,u_02423,control,2025-02-05
EXP_MBTI_ONBOARDING_001,u_02424,control,2025-02-18
EXP_MBTI_ONBOARDING_001,u_02425,control,2025-02-14
EXP_MBTI_ONBOARDING_001,u_02426,variant,2025-01-03
EXP_MBTI_ONBOARDING_001,u_02427,variant,2025-02-15
EXP_MBTI_ONBOARDING_001,u_02428,control,2025-06-04
EXP_MBTI_ONBOARDING_001,u_02429,variant,2025-05-07
EXP_MBTI_ONBOARDING_001,u_02430,control,2025-07-15
EXP_MBTI_ONBOARDING_001,u_02431,variant,2025-07-07
EXP_MBTI_ONBOARDING_001,u_02432,control,2025-09-16
EXP_MBTI_ONBOARDING_001,u_02433,control,2025-01-10
EXP_MBTI_ONBOARDING_001,u_02434,control,2025-07-19
EXP_MBTI_ONBOARDING_001,u_02435,variant,2025-08-18
EXP_MBTI_ONBOARDING_001,u_02436,variant,2025-02-13
EXP_MBTI_ONBOARDING_001,u_02437,variant,2025-05-08
EXP_MBTI_ONBOARDING_001,u_02438,control,2025-03-09
EXP_MBTI_ONBOARDING_001,u_02439,control,2025-08-31
EXP_MBTI_ONBOARDING_001,u_02440,variant,2025-12-28
EXP_MBTI_ONBOARDING_001,u_02441,control,2025-12-29
EXP_MBTI_ONBOARDING_001,u_02442,control,2025-12-13
EXP_MBTI_ONBOARDING_001,u_02443,control,2025-05-15
EXP_MBTI_ONBOARDING_001,u_02444,variant,2025-12-14
EXP_MBTI_ONBOARDING_001,u_02445,variant,2025-01-12
EXP_MBTI_ONBOARDING_001,u_02446,variant,2025-06-22
EXP_MBTI_ONBOARDING_001,u_02447,control,2025-08-29
EXP_MBTI_ONBOARDING_001,u_02448,variant,2025-02-17
EXP_MBTI_ONBOARDING_001,u_02449,variant,2025-11-15
EXP_MBTI_ONBOARDING_001,u_02450,control,2025-07-26
EXP_MBTI_ONBOARDING_001,u_02451,variant,2025-09-14
EXP_MBTI_ONBOARDING_001,u_02452,variant,2025-07-28
EXP_MBTI_ONBOARDING_001,u_02453,control,2025-06-20
EXP_MBTI_ONBOARDING_001,u_02454,variant,2025-08-15
EXP_MBTI_ONBOARDING_001,u_02455,control,2025-02-28
EXP_MBTI_ONBOARDING_001,u_02456,control,2025-05-05
EXP_MBTI_ONBOARDING_001,u_02457,variant,2025-06-25
EXP_MBTI_ONBOARDING_001,u_02458,variant,2025-04-25
EXP_MBTI_ONBOARDING_001,u_02459,variant,2025-09-24
EXP_MBTI_ONBOARDING_001,u_02460,control,2025-08-15
EXP_MBTI_ONBOARDING_001,u_02461,variant,2025-02-04
EXP_MBTI_ONBOARDING_001,u_02462,control,2025-08-11
EXP_MBTI_ONBOARDING_001,u_02463,variant,2025-05-15
EXP_MBTI_ONBOARDING_001,u_02464,control,2025-10-23
EXP_MBTI_ONBOARDING_001,u_02465,variant,2025-08-26
EXP_MBTI_ONBOARDING_001,u_02466,control,2025-10-04
EXP_MBTI_ONBOARDING_001,u_02467,control,2025-07-08
EXP_MBTI_ONBOARDING_001,u_02468,control,2025-10-07
EXP_MBTI_ONBOARDING_001,u_02469,variant,2025-10-06
EXP_MBTI_ONBOARDING_001,u_02470,control,2025-08-23
EXP_MBTI_ONBOARDING_001,u_02471,variant,2025-06-20
EXP_MBTI_ONBOARDING_001,u_02472,control,2025-02-06
EXP_MBTI_ONBOARDING_001,u_02473,variant,2025-03-12
EXP_MBTI_ONBOARDING_001,u_02474,control,2025-09-27
EXP_MBTI_ONBOARDING_001,u_02475,variant,2025-08-06
EXP_MBTI_ONBOARDING_001,u_02476,variant,2025-11-01
EXP_MBTI_ONBOARDING_001,u_02477,variant,2025-10-04
EXP_MBTI_ONBOARDING_001,u_02478,control,2025-01-26
EXP_MBTI_ONBOARDING_001,u_02479,variant,2025-08-03
EXP_MBTI_ONBOARDING_001,u_02480,control,2025-03-01
EXP_MBTI_ONBOARDING_001,u_02481,control,2025-06-21
EXP_MBTI_ONBOARDING_001,u_02482,control,2025-12-07
EXP_MBTI_ONBOARDING_001,u_02483,control,2025-11-12
EXP_MBTI_ONBOARDING_001,u_02484,control,2025-11-04
EXP_MBTI_ONBOARDING_001,u_02485,control,2025-01-24
EXP_MBTI_ONBOARDING_001,u_02486,variant,2025-08-14
EXP_MBTI_ONBOARDING_001,u_02487,control,2025-04-27
EXP_MBTI_ONBOARDING_001,u_02488,variant,2025-06-11
EXP_MBTI_ONBOARDING_001,u_02489,control,2025-11-28
EXP_MBTI_ONBOARDING_001,u_02490,variant,2025-10-15
EXP_MBTI_ONBOARDING_001,u_02491,control,2025-11-26
EXP_MBTI_ONBOARDING_001,u_02492,variant,2025-10-30
EXP_MBTI_ONBOARDING_001,u_02493,control,2025-04-08
EXP_MBTI_ONBOARDING_001,u_02494,control,2025-07-07
EXP_MBTI_ONBOARDING_001,u_02495,variant,2025-04-19
EXP_MBTI_ONBOARDING_001,u_02496,variant,2025-11-25
EXP_MBTI_ONBOARDING_001,u_02497,variant,2025-06-11
EXP_MBTI_ONBOARDING_001,u_02498,control,2025-12-07
EXP_MBTI_ONBOARDING_001,u_02499,control,2025-05-12
EXP_MBTI_ONBOARDING_001,u_02500,control,2025-01-12
EXP_MBTI_ONBOARDING_001,u_02501,variant,2025-03-06
EXP_MBTI_ONBOARDING_001,u_02502,control,2025-09-22
EXP_MBTI_ONBOARDING_001,u_02503,control,2025-12-31
EXP_MBTI_ONBOARDING_001,u_02504,variant,2025-01-12
EXP_MBTI_ONBOARDING_001,u_02505,control,2025-08-21
EXP_MBTI_ONBOARDING_001,u_02506,control,2025-10-12
EXP_MBTI_ONBOARDING_001,u_02507,variant,2025-03-04
EXP_MBTI_ONBOARDING_001,u_02508,control,2025-12-05
EXP_MBTI_ONBOARDING_001,u_02509,control,2025-10-28
EXP_MBTI_ONBOARDING_001,u_02510,variant,2025-11-25
EXP_MBTI_ONBOARDING_001,u_02511,variant,2025-07-19
EXP_MBTI_ONBOARDING_001,u_02512,variant,2025-09-08
EXP_MBTI_ONBOARDING_001,u_02513,control,2025-08-24
EXP_MBTI_ONBOARDING_001,u_02514,control,2025-03-06
EXP_MBTI_ONBOARDING_001,u_02515,variant,2025-04-12
EXP_MBTI_ONBOARDING_001,u_02516,variant,2025-02-28
EXP_MBTI_ONBOARDING_001,u_02517,control,2025-07-09
EXP_MBTI_ONBOARDING_001,u_02518,control,2025-12-17
EXP_MBTI_ONBOARDING_001,u_02519,variant,2025-11-14
EXP_MBTI_ONBOARDING_001,u_02520,control,2025-05-25
EXP_MBTI_ONBOARDING_001,u_02521,control,2025-09-08
EXP_MBTI_ONBOARDING_001,u_02522,variant,2025-11-26
EXP_MBTI_ONBOARDING_001,u_02523,variant,2025-11-09
EXP_MBTI_ONBOARDING_001,u_02524,variant,2025-08-02
EXP_MBTI_ONBOARDING_001,u_02525,control,2025-01-28
EXP_MBTI_ONBOARDING_001,u_02526,variant,2025-02-04
EXP_MBTI_ONBOARDING_001,u_02527,control,2025-08-20
EXP_MBTI_ONBOARDING_001,u_02528,control,2025-09-01
EXP_MBTI_ONBOARDING_001,u_02529,control,2025-06-05
EXP_MBTI_ONBOARDING_001,u_02530,variant,2025-10-08
EXP_MBTI_ONBOARDING_001,u_02531,variant,2025-10-16
EXP_MBTI_ONBOARDING_001,u_02532,variant,2025-04-03
EXP_MBTI_ONBOARDING_001,u_02533,variant,2025-04-06
EXP_MBTI_ONBOARDING_001,u_02534,variant,2025-03-26
EXP_MBTI_ONBOARDING_001,u_02535,control,2025-07-24
EXP_MBTI_ONBOARDING_001,u_02536,variant,2025-12-30
EXP_MBTI_ONBOARDING_001,u_02537,control,2025-08-24
EXP_MBTI_ONBOARDING_001,u_02538,variant,2025-09-30
EXP_MBTI_ONBOARDING_001,u_02539,variant,2025-10-11
EXP_MBTI_ONBOARDING_001,u_02540,variant,2025-10-10
EXP_MBTI_ONBOARDING_001,u_02541,variant,2025-06-14
EXP_MBTI_ONBOARDING_001,u_02542,control,2025-05-27
EXP_MBTI_ONBOARDING_001,u_02543,control,2025-04-29
EXP_MBTI_ONBOARDING_001,u_02544,control,2025-07-20
EXP_MBTI_ONBOARDING_001,u_02545,variant,2025-12-27
EXP_MBTI_ONBOARDING_001,u_02546,variant,2025-10-10
EXP_MBTI_ONBOARDING_001,u_02547,control,2025-12-19
EXP_MBTI_ONBOARDING_001,u_02548,variant,2025-11-23
EXP_MBTI_ONBOARDING_001,u_02549,control,2025-01-16
EXP_MBTI_ONBOARDING_001,u_02550,control,2025-12-22
EXP_MBTI_ONBOARDING_001,u_02551,control,2025-09-19
EXP_MBTI_ONBOARDING_001,u_02552,control,2025-06-25
EXP_MBTI_ONBOARDING_001,u_02553,control,2025-10-29
EXP_MBTI_ONBOARDING_001,u_02554,variant,2025-02-14
EXP_MBTI_ONBOARDING_001,u_02555,control,2025-01-19
EXP_MBTI_ONBOARDING_001,u_02556,variant,2025-04-29
EXP_MBTI_ONBOARDING_001,u_02557,control,2025-04-04
EXP_MBTI_ONBOARDING_001,u_02558,variant,2025-05-19
EXP_MBTI_ONBOARDING_001,u_02559,variant,2025-09-16
EXP_MBTI_ONBOARDING_001,u_02560,control,2025-08-02
EXP_MBTI_ONBOARDING_001,u_02561,control,2025-12-17
EXP_MBTI_ONBOARDING_001,u_02562,control,2025-01-03
EXP_MBTI_ONBOARDING_001,u_02563,control,2025-07-21
EXP_MBTI_ONBOARDING_001,u_02564,control,2025-03-07
EXP_MBTI_ONBOARDING_001,u_02565,variant,2025-09-30
EXP_MBTI_ONBOARDING_001,u_02566,variant,2025-12-13
EXP_MBTI_ONBOARDING_001,u_02567,control,2025-03-29
EXP_MBTI_ONBOARDING_001,u_02568,variant,2025-05-05
EXP_MBTI_ONBOARDING_001,u_02569,control,2025-10-30
EXP_MBTI_ONBOARDING_001,u_02570,control,2025-06-01
EXP_MBTI_ONBOARDING_001,u_02571,control,2025-08-10
EXP_MBTI_ONBOARDING_001,u_02572,control,2025-11-06
EXP_MBTI_ONBOARDING_001,u_02573,variant,2025-03-13
EXP_MBTI_ONBOARDING_001,u_02574,variant,2025-11-07
EXP_MBTI_ONBOARDING_001,u_02575,variant,2025-06-16
EXP_MBTI_ONBOARDING_001,u_02576,control,2025-05-20
EXP_MBTI_ONBOARDING_001,u_02577,variant,2025-04-10
EXP_MBTI_ONBOARDING_001,u_02578,control,2025-04-06
EXP_MBTI_ONBOARDING_001,u_02579,control,2025-10-20
EXP_MBTI_ONBOARDING_001,u_02580,variant,2025-08-18
EXP_MBTI_ONBOARDING_001,u_02581,variant,2025-04-20
EXP_MBTI_ONBOARDING_001,u_02582,control,2025-05-04
EXP_MBTI_ONBOARDING_001,u_02583,variant,2025-10-05
EXP_MBTI_ONBOARDING_001,u_02584,variant,2025-06-23
EXP_MBTI_ONBOARDING_001,u_02585,control,2025-01-31
EXP_MBTI_ONBOARDING_001,u_02586,control,2025-01-21
EXP_MBTI_ONBOARDING_001,u_02587,control,2025-10-01
EXP_MBTI_ONBOARDING_001,u_02588,variant,2025-05-31
EXP_MBTI_ONBOARDING_001,u_02589,variant,2025-08-21
EXP_MBTI_ONBOARDING_001,u_02590,control,2025-02-24
EXP_MBTI_ONBOARDING_001,u_02591,variant,2025-09-14
EXP_MBTI_ONBOARDING_001,u_02592,variant,2025-09-21
EXP_MBTI_ONBOARDING_001,u_02593,variant,2025-11-19
EXP_MBTI_ONBOARDING_001,u_02594,control,2025-04-07
EXP_MBTI_ONBOARDING_001,u_02595,control,2025-09-30
EXP_MBTI_ONBOARDING_001,u_02596,control,2025-07-12
EXP_MBTI_ONBOARDING_001,u_02597,control,2025-01-26
EXP_MBTI_ONBOARDING_001,u_02598,control,2025-12-26
EXP_MBTI_ONBOARDING_001,u_02599,control,2025-07-30
EXP_MBTI_ONBOARDING_001,u_02600,control,2025-10-30
EXP_MBTI_ONBOARDING_001,u_02601,variant,2025-12-05
EXP_MBTI_ONBOARDING_001,u_02602,variant,2025-10-22
EXP_MBTI_ONBOARDING_001,u_02603,control,2025-06-08
EXP_MBTI_ONBOARDING_001,u_02604,variant,2025-12-27
EXP_MBTI_ONBOARDING_001,u_02605,variant,2025-11-22
EXP_MBTI_ONBOARDING_001,u_02606,control,2025-10-13
EXP_MBTI_ONBOARDING_001,u_02607,control,2025-07-04
EXP_MBTI_ONBOARDING_001,u_02608,variant,2025-11-18
EXP_MBTI_ONBOARDING_001,u_02609,variant,2025-09-21
EXP_MBTI_ONBOARDING_001,u_02610,variant,2025-04-24
EXP_MBTI_ONBOARDING_001,u_02611,variant,2025-08-10
EXP_MBTI_ONBOARDING_001,u_02612,variant,2025-02-03
EXP_MBTI_ONBOARDING_001,u_02613,control,2025-12-03
EXP_MBTI_ONBOARDING_001,u_02614,variant,2025-12-14
EXP_MBTI_ONBOARDING_001,u_02615,variant,2025-12-05
EXP_MBTI_ONBOARDING_001,u_02616,variant,2025-12-23
EXP_MBTI_ONBOARDING_001,u_02617,variant,2025-01-25
EXP_MBTI_ONBOARDING_001,u_02618,control,2025-08-29
EXP_MBTI_ONBOARDING_001,u_02619,variant,2025-07-19
EXP_MBTI_ONBOARDING_001,u_02620,variant,2025-06-24
EXP_MBTI_ONBOARDING_001,u_02621,control,2025-09-22
EXP_MBTI_ONBOARDING_001,u_02622,variant,2025-04-27
EXP_MBTI_ONBOARDING_001,u_02623,variant,2025-10-29
EXP_MBTI_ONBOARDING_001,u_02624,variant,2025-01-26
EXP_MBTI_ONBOARDING_001,u_02625,variant,2025-09-10
EXP_MBTI_ONBOARDING_001,u_02626,variant,2025-02-24
EXP_MBTI_ONBOARDING_001,u_02627,variant,2025-10-29
EXP_MBTI_ONBOARDING_001,u_02628,variant,2025-07-28
EXP_MBTI_ONBOARDING_001,u_02629,variant,2025-12-24
EXP_MBTI_ONBOARDING_001,u_02630,variant,2025-10-31
EXP_MBTI_ONBOARDING_001,u_02631,variant,2025-11-06
EXP_MBTI_ONBOARDING_001,u_02632,control,2025-10-01
EXP_MBTI_ONBOARDING_001,u_02633,control,2025-09-01
EXP_MBTI_ONBOARDING_001,u_02634,variant,2025-06-17
EXP_MBTI_ONBOARDING_001,u_02635,control,2025-11-09
EXP_MBTI_ONBOARDING_001,u_02636,variant,2025-01-05
EXP_MBTI_ONBOARDING_001,u_02637,variant,2025-04-29
EXP_MBTI_ONBOARDING_001,u_02638,control,2025-06-08
EXP_MBTI_ONBOARDING_001,u_02639,variant,2025-01-27
EXP_MBTI_ONBOARDING_001,u_02640,variant,2025-01-15
EXP_MBTI_ONBOARDING_001,u_02641,variant,2025-01-13
EXP_MBTI_ONBOARDING_001,u_02642,variant,2025-10-08
EXP_MBTI_ONBOARDING_001,u_02643,control,2025-11-24
EXP_MBTI_ONBOARDING_001,u_02644,control,2025-09-11
EXP_MBTI_ONBOARDING_001,u_02645,variant,2025-08-12
EXP_MBTI_ONBOARDING_001,u_02646,variant,2025-05-21
EXP_MBTI_ONBOARDING_001,u_02647,control,2025-11-12
EXP_MBTI_ONBOARDING_001,u_02648,control,2025-10-11
EXP_MBTI_ONBOARDING_001,u_02649,control,2025-04-16
EXP_MBTI_ONBOARDING_001,u_02650,variant,2025-04-15
EXP_MBTI_ONBOARDING_001,u_02651,control,2025-09-01
EXP_MBTI_ONBOARDING_001,u_02652,control,2025-12-29
EXP_MBTI_ONBOARDING_001,u_02653,control,2025-04-08
EXP_MBTI_ONBOARDING_001,u_02654,variant,2025-03-31
EXP_MBTI_ONBOARDING_001,u_02655,control,2025-05-06
EXP_MBTI_ONBOARDING_001,u_02656,control,2025-09-18
EXP_MBTI_ONBOARDING_001,u_02657,variant,2025-05-13
EXP_MBTI_ONBOARDING_001,u_02658,variant,2025-10-31
EXP_MBTI_ONBOARDING_001,u_02659,control,2025-08-10
EXP_MBTI_ONBOARDING_001,u_02660,variant,2025-12-02
EXP_MBTI_ONBOARDING_001,u_02661,control,2025-09-21
EXP_MBTI_ONBOARDING_001,u_02662,control,2025-02-28
EXP_MBTI_ONBOARDING_001,u_02663,control,2025-02-09
EXP_MBTI_ONBOARDING_001,u_02664,control,2025-01-30
EXP_MBTI_ONBOARDING_001,u_02665,variant,2025-01-02
EXP_MBTI_ONBOARDING_001,u_02666,control,2025-04-07
EXP_MBTI_ONBOARDING_001,u_02667,control,2025-12-20
EXP_MBTI_ONBOARDING_001,u_02668,variant,2025-12-01
EXP_MBTI_ONBOARDING_001,u_02669,control,2025-05-13
EXP_MBTI_ONBOARDING_001,u_02670,control,2025-07-07
EXP_MBTI_ONBOARDING_001,u_02671,control,2025-06-30
EXP_MBTI_ONBOARDING_001,u_02672,variant,2025-02-27
EXP_MBTI_ONBOARDING_001,u_02673,control,2025-11-01
EXP_MBTI_ONBOARDING_001,u_02674,control,2025-10-31
EXP_MBTI_ONBOARDING_001,u_02675,variant,2025-11-02
EXP_MBTI_ONBOARDING_001,u_02676,control,2025-04-30
EXP_MBTI_ONBOARDING_001,u_02677,control,2025-03-04
EXP_MBTI_ONBOARDING_001,u_02678,control,2025-10-14
EXP_MBTI_ONBOARDING_001,u_02679,variant,2025-05-05
EXP_MBTI_ONBOARDING_001,u_02680,variant,2025-03-03
EXP_MBTI_ONBOARDING_001,u_02681,control,2025-04-01
EXP_MBTI_ONBOARDING_001,u_02682,variant,2025-04-13
EXP_MBTI_ONBOARDING_001,u_02683,control,2025-09-27
EXP_MBTI_ONBOARDING_001,u_02684,control,2025-11-08
EXP_MBTI_ONBOARDING_001,u_02685,variant,2025-05-11
EXP_MBTI_ONBOARDING_001,u_02686,variant,2025-06-06
EXP_MBTI_ONBOARDING_001,u_02687,variant,2025-02-03
EXP_MBTI_ONBOARDING_001,u_02688,control,2025-07-21
EXP_MBTI_ONBOARDING_001,u_02689,variant,2025-08-04
EXP_MBTI_ONBOARDING_001,u_02690,variant,2025-05-16
EXP_MBTI_ONBOARDING_001,u_02691,variant,2025-12-07
EXP_MBTI_ONBOARDING_001,u_02692,control,2025-07-29
EXP_MBTI_ONBOARDING_001,u_02693,variant,2025-02-19
EXP_MBTI_ONBOARDING_001,u_02694,variant,2025-01-22
EXP_MBTI_ONBOARDING_001,u_02695,control,2025-07-23
EXP_MBTI_ONBOARDING_001,u_02696,control,2025-05-10
EXP_MBTI_ONBOARDING_001,u_02697,variant,2025-09-23
EXP_MBTI_ONBOARDING_001,u_02698,variant,2025-02-02
EXP_MBTI_ONBOARDING_001,u_02699,variant,2025-09-05
EXP_MBTI_ONBOARDING_001,u_02700,control,2025-11-06
EXP_MBTI_ONBOARDING_001,u_02701,control,2025-07-04
EXP_MBTI_ONBOARDING_001,u_02702,control,2025-12-14
EXP_MBTI_ONBOARDING_001,u_02703,control,2025-04-28
EXP_MBTI_ONBOARDING_001,u_02704,variant,2025-08-15
EXP_MBTI_ONBOARDING_001,u_02705,variant,2025-09-06
EXP_MBTI_ONBOARDING_001,u_02706,variant,2025-10-09
EXP_MBTI_ONBOARDING_001,u_02707,variant,2025-10-11
EXP_MBTI_ONBOARDING_001,u_02708,variant,2025-04-08
EXP_MBTI_ONBOARDING_001,u_02709,variant,2025-08-05
EXP_MBTI_ONBOARDING_001,u_02710,control,2025-12-02
EXP_MBTI_ONBOARDING_001,u_02711,variant,2025-06-08
EXP_MBTI_ONBOARDING_001,u_02712,control,2025-07-27
EXP_MBTI_ONBOARDING_001,u_02713,control,2025-12-11
EXP_MBTI_ONBOARDING_001,u_02714,control,2025-12-27
EXP_MBTI_ONBOARDING_001,u_02715,control,2025-01-27
EXP_MBTI_ONBOARDING_001,u_02716,variant,2025-11-26
EXP_MBTI_ONBOARDING_001,u_02717,control,2025-06-30
EXP_MBTI_ONBOARDING_001,u_02718,variant,2025-05-21
EXP_MBTI_ONBOARDING_001,u_02719,variant,2025-06-07
EXP_MBTI_ONBOARDING_001,u_02720,variant,2025-02-17
EXP_MBTI_ONBOARDING_001,u_02721,control,2025-09-06
EXP_MBTI_ONBOARDING_001,u_02722,variant,2025-02-14
EXP_MBTI_ONBOARDING_001,u_02723,variant,2025-11-15
EXP_MBTI_ONBOARDING_001,u_02724,variant,2025-11-13
EXP_MBTI_ONBOARDING_001,u_02725,variant,2025-10-12
EXP_MBTI_ONBOARDING_001,u_02726,control,2025-04-14
EXP_MBTI_ONBOARDING_001,u_02727,variant,2025-11-14
EXP_MBTI_ONBOARDING_001,u_02728,control,2025-07-24
EXP_MBTI_ONBOARDING_001,u_02729,variant,2025-11-21
EXP_MBTI_ONBOARDING_001,u_02730,control,2025-09-20
EXP_MBTI_ONBOARDING_001,u_02731,control,2025-12-14
EXP_MBTI_ONBOARDING_001,u_02732,control,2025-09-06
EXP_MBTI_ONBOARDING_001,u_02733,variant,2025-07-30
EXP_MBTI_ONBOARDING_001,u_02734,control,2025-10-16
EXP_MBTI_ONBOARDING_001,u_02735,control,2025-01-03
EXP_MBTI_ONBOARDING_001,u_02736,variant,2025-01-03
EXP_MBTI_ONBOARDING_001,u_02737,control,2025-06-06
EXP_MBTI_ONBOARDING_001,u_02738,variant,2025-04-06
EXP_MBTI_ONBOARDING_001,u_02739,variant,2025-09-01
EXP_MBTI_ONBOARDING_001,u_02740,variant,2025-06-13
EXP_MBTI_ONBOARDING_001,u_02741,control,2025-04-19
EXP_MBTI_ONBOARDING_001,u_02742,control,2025-02-05
EXP_MBTI_ONBOARDING_001,u_02743,variant,2025-03-27
EXP_MBTI_ONBOARDING_001,u_02744,control,2025-09-15
EXP_MBTI_ONBOARDING_001,u_02745,variant,2025-11-30
EXP_MBTI_ONBOARDING_001,u_02746,control,2025-06-06
EXP_MBTI_ONBOARDING_001,u_02747,control,2025-09-05
EXP_MBTI_ONBOARDING_001,u_02748,variant,2025-11-23
EXP_MBTI_ONBOARDING_001,u_02749,control,2025-02-05
EXP_MBTI_ONBOARDING_001,u_02750,control,2025-04-23
EXP_MBTI_ONBOARDING_001,u_02751,control,2025-09-13
EXP_MBTI_ONBOARDING_001,u_02752,control,2025-10-25
EXP_MBTI_ONBOARDING_001,u_02753,variant,2025-06-16
EXP_MBTI_ONBOARDING_001,u_02754,control,2025-04-13
EXP_MBTI_ONBOARDING_001,u_02755,variant,2025-08-09
EXP_MBTI_ONBOARDING_001,u_02756,variant,2025-12-29
EXP_MBTI_ONBOARDING_001,u_02757,control,2025-02-17
EXP_MBTI_ONBOARDING_001,u_02758,variant,2025-10-01
EXP_MBTI_ONBOARDING_001,u_02759,variant,2025-01-27
EXP_MBTI_ONBOARDING_001,u_02760,control,2025-10-01
EXP_MBTI_ONBOARDING_001,u_02761,variant,2025-06-30
EXP_MBTI_ONBOARDING_001,u_02762,variant,2025-08-25
EXP_MBTI_ONBOARDING_001,u_02763,variant,2025-02-22
EXP_MBTI_ONBOARDING_001,u_02764,variant,2025-05-15
EXP_MBTI_ONBOARDING_001,u_02765,variant,2025-01-08
EXP_MBTI_ONBOARDING_001,u_02766,variant,2025-04-08
EXP_MBTI_ONBOARDING_001,u_02767,variant,2025-04-26
EXP_MBTI_ONBOARDING_001,u_02768,variant,2025-05-11
EXP_MBTI_ONBOARDING_001,u_02769,variant,2025-06-25
EXP_MBTI_ONBOARDING_001,u_02770,variant,2025-07-27
EXP_MBTI_ONBOARDING_001,u_02771,control,2025-08-25
EXP_MBTI_ONBOARDING_001,u_02772,variant,2025-04-22
EXP_MBTI_ONBOARDING_001,u_02773,control,2025-02-01
EXP_MBTI_ONBOARDING_001,u_02774,variant,2025-02-11
EXP_MBTI_ONBOARDING_001,u_02775,variant,2025-12-10
EXP_MBTI_ONBOARDING_001,u_02776,variant,2025-05-24
EXP_MBTI_ONBOARDING_001,u_02777,control,2025-07-20
EXP_MBTI_ONBOARDING_001,u_02778,variant,2025-01-05
EXP_MBTI_ONBOARDING_001,u_02779,variant,2025-08-24
EXP_MBTI_ONBOARDING_001,u_02780,control,2025-01-17
EXP_MBTI_ONBOARDING_001,u_02781,variant,2025-02-09
EXP_MBTI_ONBOARDING_001,u_02782,variant,2025-01-06
EXP_MBTI_ONBOARDING_001,u_02783,variant,2025-01-21
EXP_MBTI_ONBOARDING_001,u_02784,variant,2025-02-19
EXP_MBTI_ONBOARDING_001,u_02785,variant,2025-07-31
EXP_MBTI_ONBOARDING_001,u_02786,variant,2025-12-03
EXP_MBTI_ONBOARDING_001,u_02787,control,2025-04-27
EXP_MBTI_ONBOARDING_001,u_02788,control,2025-12-21
EXP_MBTI_ONBOARDING_001,u_02789,variant,2025-04-18
EXP_MBTI_ONBOARDING_001,u_02790,control,2025-11-17
EXP_MBTI_ONBOARDING_001,u_02791,control,2025-10-21
EXP_MBTI_ONBOARDING_001,u_02792,control,2025-09-26
EXP_MBTI_ONBOARDING_001,u_02793,control,2025-08-14
EXP_MBTI_ONBOARDING_001,u_02794,variant,2025-04-28
EXP_MBTI_ONBOARDING_001,u_02795,control,2025-05-24
EXP_MBTI_ONBOARDING_001,u_02796,control,2025-10-26
EXP_MBTI_ONBOARDING_001,u_02797,variant,2025-11-05
EXP_MBTI_ONBOARDING_001,u_02798,variant,2025-03-30
EXP_MBTI_ONBOARDING_001,u_02799,control,2025-09-25
EXP_MBTI_ONBOARDING_001,u_02800,control,2025-07-09
EXP_MBTI_ONBOARDING_001,u_02801,variant,2025-06-25
EXP_MBTI_ONBOARDING_001,u_02802,variant,2025-02-21
EXP_MBTI_ONBOARDING_001,u_02803,control,2025-01-14
EXP_MBTI_ONBOARDING_001,u_02804,variant,2025-02-22
EXP_MBTI_ONBOARDING_001,u_02805,control,2025-01-29
EXP_MBTI_ONBOARDING_001,u_02806,control,2025-11-22
EXP_MBTI_ONBOARDING_001,u_02807,control,2025-02-12
EXP_MBTI_ONBOARDING_001,u_02808,control,2025-09-20
EXP_MBTI_ONBOARDING_001,u_02809,control,2025-08-15
EXP_MBTI_ONBOARDING_001,u_02810,control,2025-05-29
EXP_MBTI_ONBOARDING_001,u_02811,control,2025-07-09
EXP_MBTI_ONBOARDING_001,u_02812,variant,2025-03-30
EXP_MBTI_ONBOARDING_001,u_02813,control,2025-05-11
EXP_MBTI_ONBOARDING_001,u_02814,control,2025-07-05
EXP_MBTI_ONBOARDING_001,u_02815,control,2025-08-30
EXP_MBTI_ONBOARDING_001,u_02816,variant,2025-09-13
EXP_MBTI_ONBOARDING_001,u_02817,variant,2025-06-03
EXP_MBTI_ONBOARDING_001,u_02818,variant,2025-09-15
EXP_MBTI_ONBOARDING_001,u_02819,variant,2025-07-20
EXP_MBTI_ONBOARDING_001,u_02820,variant,2025-12-31
EXP_MBTI_ONBOARDING_001,u_02821,control,2025-09-03
EXP_MBTI_ONBOARDING_001,u_02822,variant,2025-08-08
EXP_MBTI_ONBOARDING_001,u_02823,control,2025-06-18
EXP_MBTI_ONBOARDING_001,u_02824,variant,2025-11-20
EXP_MBTI_ONBOARDING_001,u_02825,control,2025-08-23
EXP_MBTI_ONBOARDING_001,u_02826,variant,2025-06-07
EXP_MBTI_ONBOARDING_001,u_02827,variant,2025-05-10
EXP_MBTI_ONBOARDING_001,u_02828,variant,2025-12-15
EXP_MBTI_ONBOARDING_001,u_02829,variant,2025-11-10
EXP_MBTI_ONBOARDING_001,u_02830,control,2025-11-05
EXP_MBTI_ONBOARDING_001,u_02831,control,2025-09-24
EXP_MBTI_ONBOARDING_001,u_02832,variant,2025-10-01
EXP_MBTI_ONBOARDING_001,u_02833,variant,2025-01-16
EXP_MBTI_ONBOARDING_001,u_02834,control,2025-05-25
EXP_MBTI_ONBOARDING_001,u_02835,control,2025-01-03
EXP_MBTI_ONBOARDING_001,u_02836,variant,2025-06-04
EXP_MBTI_ONBOARDING_001,u_02837,control,2025-01-22
EXP_MBTI_ONBOARDING_001,u_02838,control,2025-07-19
EXP_MBTI_ONBOARDING_001,u_02839,variant,2025-06-25
EXP_MBTI_ONBOARDING_001,u_02840,variant,2025-09-24
EXP_MBTI_ONBOARDING_001,u_02841,control,2025-03-06
EXP_MBTI_ONBOARDING_001,u_02842,control,2025-06-18
EXP_MBTI_ONBOARDING_001,u_02843,control,2025-04-23
EXP_MBTI_ONBOARDING_001,u_02844,variant,2025-09-09
EXP_MBTI_ONBOARDING_001,u_02845,control,2025-05-30
EXP_MBTI_ONBOARDING_001,u_02846,control,2025-01-13
EXP_MBTI_ONBOARDING_001,u_02847,control,2025-06-30
EXP_MBTI_ONBOARDING_001,u_02848,control,2025-06-23
EXP_MBTI_ONBOARDING_001,u_02849,control,2025-09-03
EXP_MBTI_ONBOARDING_001,u_02850,variant,2025-03-07
EXP_MBTI_ONBOARDING_001,u_02851,control,2025-12-07
EXP_MBTI_ONBOARDING_001,u_02852,variant,2025-06-19
EXP_MBTI_ONBOARDING_001,u_02853,variant,2025-09-23
EXP_MBTI_ONBOARDING_001,u_02854,variant,2025-07-20
EXP_MBTI_ONBOARDING_001,u_02855,control,2025-03-15
EXP_MBTI_ONBOARDING_001,u_02856,control,2025-03-14
EXP_MBTI_ONBOARDING_001,u_02857,control,2025-01-17
EXP_MBTI_ONBOARDING_001,u_02858,variant,2025-08-11
EXP_MBTI_ONBOARDING_001,u_02859,variant,2025-07-01
EXP_MBTI_ONBOARDING_001,u_02860,variant,2025-08-29
EXP_MBTI_ONBOARDING_001,u_02861,control,2025-08-12
EXP_MBTI_ONBOARDING_001,u_02862,variant,2025-05-13
EXP_MBTI_ONBOARDING_001,u_02863,variant,2025-10-25
EXP_MBTI_ONBOARDING_001,u_02864,control,2025-12-11
EXP_MBTI_ONBOARDING_001,u_02865,control,2025-02-03
EXP_MBTI_ONBOARDING_001,u_02866,control,2025-03-25
EXP_MBTI_ONBOARDING_001,u_02867,control,2025-06-22
EXP_MBTI_ONBOARDING_001,u_02868,control,2025-08-31
EXP_MBTI_ONBOARDING_001,u_02869,control,2025-07-26
EXP_MBTI_ONBOARDING_001,u_02870,variant,2025-03-01
EXP_MBTI_ONBOARDING_001,u_02871,control,2025-06-14
EXP_MBTI_ONBOARDING_001,u_02872,variant,2025-11-27
EXP_MBTI_ONBOARDING_001,u_02873,variant,2025-12-02
EXP_MBTI_ONBOARDING_001,u_02874,variant,2025-12-13
EXP_MBTI_ONBOARDING_001,u_02875,variant,2025-01-24
EXP_MBTI_ONBOARDING_001,u_02876,control,2025-08-29
EXP_MBTI_ONBOARDING_001,u_02877,variant,2025-05-21
EXP_MBTI_ONBOARDING_001,u_02878,variant,2025-07-27
EXP_MBTI_ONBOARDING_001,u_02879,control,2025-02-12
EXP_MBTI_ONBOARDING_001,u_02880,control,2025-11-21
EXP_MBTI_ONBOARDING_001,u_02881,variant,2025-08-27
EXP_MBTI_ONBOARDING_001,u_02882,control,2025-08-06
EXP_MBTI_ONBOARDING_001,u_02883,variant,2025-04-02
EXP_MBTI_ONBOARDING_001,u_02884,control,2025-01-25
EXP_MBTI_ONBOARDING_001,u_02885,control,2025-05-18
EXP_MBTI_ONBOARDING_001,u_02886,control,2025-02-26
EXP_MBTI_ONBOARDING_001,u_02887,variant,2025-04-23
EXP_MBTI_ONBOARDING_001,u_02888,control,2025-09-15
EXP_MBTI_ONBOARDING_001,u_02889,control,2025-04-19
EXP_MBTI_ONBOARDING_001,u_02890,variant,2025-12-10
EXP_MBTI_ONBOARDING_001,u_02891,control,2025-05-12
EXP_MBTI_ONBOARDING_001,u_02892,control,2025-04-26
EXP_MBTI_ONBOARDING_001,u_02893,control,2025-04-13
EXP_MBTI_ONBOARDING_001,u_02894,variant,2025-10-07
EXP_MBTI_ONBOARDING_001,u_02895,control,2025-10-22
EXP_MBTI_ONBOARDING_001,u_02896,control,2025-08-12
EXP_MBTI_ONBOARDING_001,u_02897,control,2025-11-03
EXP_MBTI_ONBOARDING_001,u_02898,variant,2025-01-25
EXP_MBTI_ONBOARDING_001,u_02899,control,2025-08-27
EXP_MBTI_ONBOARDING_001,u_02900,variant,2025-12-13
EXP_MBTI_ONBOARDING_001,u_02901,control,2025-10-07
EXP_MBTI_ONBOARDING_001,u_02902,variant,2025-06-17
EXP_MBTI_ONBOARDING_001,u_02903,control,2025-03-12
EXP_MBTI_ONBOARDING_001,u_02904,control,2025-03-26
EXP_MBTI_ONBOARDING_001,u_02905,variant,2025-08-01
EXP_MBTI_ONBOARDING_001,u_02906,variant,2025-08-15
EXP_MBTI_ONBOARDING_001,u_02907,variant,2025-02-21
EXP_MBTI_ONBOARDING_001,u_02908,variant,2025-01-28
EXP_MBTI_ONBOARDING_001,u_02909,control,2025-10-13
EXP_MBTI_ONBOARDING_001,u_02910,control,2025-09-17
EXP_MBTI_ONBOARDING_001,u_02911,variant,2025-03-10
EXP_MBTI_ONBOARDING_001,u_02912,variant,2025-05-15
EXP_MBTI_ONBOARDING_001,u_02913,variant,2025-02-05
EXP_MBTI_ONBOARDING_001,u_02914,control,2025-04-05
EXP_MBTI_ONBOARDING_001,u_02915,variant,2025-03-19
EXP_MBTI_ONBOARDING_001,u_02916,control,2025-07-20
EXP_MBTI_ONBOARDING_001,u_02917,variant,2025-11-08
EXP_MBTI_ONBOARDING_001,u_02918,control,2025-02-02
EXP_MBTI_ONBOARDING_001,u_02919,control,2025-06-04
EXP_MBTI_ONBOARDING_001,u_02920,variant,2025-06-23
EXP_MBTI_ONBOARDING_001,u_02921,variant,2025-09-08
EXP_MBTI_ONBOARDING_001,u_02922,variant,2025-02-24
EXP_MBTI_ONBOARDING_001,u_02923,control,2025-12-27
EXP_MBTI_ONBOARDING_001,u_02924,control,2025-07-18
EXP_MBTI_ONBOARDING_001,u_02925,control,2025-11-11
EXP_MBTI_ONBOARDING_001,u_02926,variant,2025-06-21
EXP_MBTI_ONBOARDING_001,u_02927,variant,2025-03-11
EXP_MBTI_ONBOARDING_001,u_02928,variant,2025-10-18
EXP_MBTI_ONBOARDING_001,u_02929,variant,2025-10-08
EXP_MBTI_ONBOARDING_001,u_02930,control,2025-11-17
EXP_MBTI_ONBOARDING_001,u_02931,control,2025-08-27
EXP_MBTI_ONBOARDING_001,u_02932,variant,2025-02-05
EXP_MBTI_ONBOARDING_001,u_02933,variant,2025-08-24
EXP_MBTI_ONBOARDING_001,u_02934,variant,2025-12-03
EXP_MBTI_ONBOARDING_001,u_02935,control,2025-02-17
EXP_MBTI_ONBOARDING_001,u_02936,control,2025-02-27
EXP_MBTI_ONBOARDING_001,u_02937,control,2025-11-15
EXP_MBTI_ONBOARDING_001,u_02938,variant,2025-09-24
EXP_MBTI_ONBOARDING_001,u_02939,control,2025-05-21
EXP_MBTI_ONBOARDING_001,u_02940,variant,2025-01-25
EXP_MBTI_ONBOARDING_001,u_02941,variant,2025-08-07
EXP_MBTI_ONBOARDING_001,u_02942,control,2025-06-09
EXP_MBTI_ONBOARDING_001,u_02943,variant,2025-11-22
EXP_MBTI_ONBOARDING_001,u_02944,control,2025-04-10
EXP_MBTI_ONBOARDING_001,u_02945,variant,2025-11-14
EXP_MBTI_ONBOARDING_001,u_02946,variant,2025-06-24
EXP_MBTI_ONBOARDING_001,u_02947,variant,2025-11-05
EXP_MBTI_ONBOARDING_001,u_02948,variant,2025-09-12
EXP_MBTI_ONBOARDING_001,u_02949,control,2025-04-12
EXP_MBTI_ONBOARDING_001,u_02950,variant,2025-11-15
EXP_MBTI_ONBOARDING_001,u_02951,variant,2025-03-05
EXP_MBTI_ONBOARDING_001,u_02952,control,2025-09-05
EXP_MBTI_ONBOARDING_001,u_02953,variant,2025-12-21
EXP_MBTI_ONBOARDING_001,u_02954,control,2025-02-19
EXP_MBTI_ONBOARDING_001,u_02955,control,2025-05-22
EXP_MBTI_ONBOARDING_001,u_02956,control,2025-12-14
EXP_MBTI_ONBOARDING_001,u_02957,variant,2025-09-01
EXP_MBTI_ONBOARDING_001,u_02958,control,2025-08-12
EXP_MBTI_ONBOARDING_001,u_02959,variant,2025-10-04
EXP_MBTI_ONBOARDING_001,u_02960,control,2025-06-26
EXP_MBTI_ONBOARDING_001,u_02961,variant,2025-07-25
EXP_MBTI_ONBOARDING_001,u_02962,control,2025-04-27
EXP_MBTI_ONBOARDING_001,u_02963,variant,2025-07-21
EXP_MBTI_ONBOARDING_001,u_02964,control,2025-05-19
EXP_MBTI_ONBOARDING_001,u_02965,variant,2025-02-24
EXP_MBTI_ONBOARDING_001,u_02966,variant,2025-07-01
EXP_MBTI_ONBOARDING_001,u_02967,variant,2025-11-08
EXP_MBTI_ONBOARDING_001,u_02968,variant,2025-08-08
EXP_MBTI_ONBOARDING_001,u_02969,control,2025-05-31
EXP_MBTI_ONBOARDING_001,u_02970,variant,2025-01-16
EXP_MBTI_ONBOARDING_001,u_02971,variant,2025-11-24
EXP_MBTI_ONBOARDING_001,u_02972,variant,2025-11-10
EXP_MBTI_ONBOARDING_001,u_02973,variant,2025-03-03
EXP_MBTI_ONBOARDING_001,u_02974,variant,2025-11-07
EXP_MBTI_ONBOARDING_001,u_02975,variant,2025-11-10
EXP_MBTI_ONBOARDING_001,u_02976,variant,2025-09-08
EXP_MBTI_ONBOARDING_001,u_02977,variant,2025-09-02
EXP_MBTI_ONBOARDING_001,u_02978,variant,2025-08-02
EXP_MBTI_ONBOARDING_001,u_02979,variant,2025-06-18
EXP_MBTI_ONBOARDING_001,u_02980,variant,2025-06-29
EXP_MBTI_ONBOARDING_001,u_02981,control,2025-04-24
EXP_MBTI_ONBOARDING_001,u_02982,control,2025-06-25
EXP_MBTI_ONBOARDING_001,u_02983,control,2025-02-02
EXP_MBTI_ONBOARDING_001,u_02984,variant,2025-11-04
EXP_MBTI_ONBOARDING_001,u_02985,control,2025-07-11
EXP_MBTI_ONBOARDING_001,u_02986,variant,2025-03-22
EXP_MBTI_ONBOARDING_001,u_02987,variant,2025-02-08
EXP_MBTI_ONBOARDING_001,u_02988,control,2025-04-19
EXP_MBTI_ONBOARDING_001,u_02989,variant,2025-11-22
EXP_MBTI_ONBOARDING_001,u_02990,control,2025-12-22
EXP_MBTI_ONBOARDING_001,u_02991,variant,2025-09-08
EXP_MBTI_ONBOARDING_001,u_02992,variant,2025-09-11
EXP_MBTI_ONBOARDING_001,u_02993,control,2025-10-06
EXP_MBTI_ONBOARDING_001,u_02994,control,2025-11-01
EXP_MBTI_ONBOARDING_001,u_02995,control,2025-08-01
EXP_MBTI_ONBOARDING_001,u_02996,control,2025-06-08
EXP_MBTI_ONBOARDING_001,u_02997,control,2025-06-05
EXP_MBTI_ONBOARDING_001,u_02998,variant,2025-03-15
EXP_MBTI_ONBOARDING_001,u_02999,variant,2025-04-19
EXP_MBTI_ONBOARDING_001,u_03000,variant,2025-03-04
