entry_id,user_id,created_at,mood,topic,tone,faith_state,word_count,sentiment_score,sentiment_label,sentiment_analyzed
j_0000001,u_00002,2025-03-07 09:02:00,good,work,light_islamic,,132,0.347,positive,True
j_0000002,u_00002,2025-03-11 16:18:00,good,burnout,light_islamic,questioning,28,0.435,positive,True
j_0000003,u_00002,2025-03-22 12:57:00,good,faith,universal,at_peace,61,0.091,neutral,True
j_0000004,u_00002,2025-03-25 15:33:00,neutral,habits,universal,distant,30,-0.153,negative,True
j_0000005,u_00002,2025-03-26 17:45:00,low,self,universal,at_peace,73,0.052,neutral,True
j_0000006,u_00003,2025-03-04 09:57:00,good,confidence,universal,,536,0.538,positive,True
j_0000007,u_00003,2025-03-05 10:04:00,grateful,purpose,deeper_faith,,51,0.603,positive,True
j_0000008,u_00003,2025-03-06 08:29:00,good,work,universal,,186,-0.088,neutral,True
j_0000009,u_00003,2025-03-12 10:09:00,good,work,universal,at_peace,25,0.081,neutral,True
j_0000010,u_00003,2025-03-13 19:01:00,grateful,faith,light_islamic,at_peace,26,0.068,neutral,True
j_0000011,u_00003,2025-03-22 13:18:00,neutral,burnout,deeper_faith,hurting,65,0.216,positive,True
j_0000012,u_00003,2025-03-24 14:07:00,grateful,gratitude,light_islamic,at_peace,97,-0.129,neutral,True
j_0000013,u_00003,2025-03-27 18:05:00,good,confidence,universal,at_peace,29,0.279,positive,True
j_0000014,u_00003,2025-03-28 11:39:00,good,habits,deeper_faith,questioning,33,0.012,neutral,True
j_0000015,u_00003,2025-03-31 12:44:00,very_low,confidence,universal,at_peace,59,-0.567,negative,True
j_0000016,u_00004,2025-12-17 22:05:00,good,gratitude,universal,,79,-0.123,neutral,True
j_0000017,u_00004,2025-12-19 18:28:00,neutral,confidence,universal,at_peace,66,0.164,positive,True
j_0000018,u_00004,2025-12-20 07:44:00,neutral,confidence,light_islamic,questioning,78,0.218,positive,True
j_0000019,u_00004,2025-12-25 08:23:00,neutral,habits,deeper_faith,at_peace,26,0.492,positive,True
j_0000020,u_00004,2025-12-28 16:39:00,low,burnout,light_islamic,at_peace,38,-0.165,negative,True
j_0000021,u_00004,2026-01-02 12:08:00,low,habits,deeper_faith,at_peace,56,0.09,neutral,True
j_0000022,u_00005,2025-11-25 20:00:00,neutral,work,deeper_faith,,199,0.199,positive,True
j_0000023,u_00005,2025-12-05 14:05:00,neutral,relationships,universal,at_peace,21,-0.044,neutral,True
j_0000024,u_00005,2025-12-10 15:10:00,good,work,universal,questioning,67,0.661,positive,True
j_0000025,u_00009,2025-01-07 20:00:00,neutral,self,deeper_faith,,143,-0.333,negative,True
j_0000026,u_00009,2025-01-09 17:26:00,good,purpose,deeper_faith,,84,0.154,positive,True
j_0000027,u_00009,2025-01-15 14:28:00,low,anxiety,deeper_faith,at_peace,175,-0.801,negative,True
j_0000028,u_00009,2025-01-16 14:04:00,neutral,confidence,universal,distant,82,-0.215,negative,True
j_0000029,u_00009,2025-01-20 09:31:00,grateful,anxiety,light_islamic,at_peace,59,0.567,positive,True
j_0000030,u_00009,2025-01-25 19:02:00,neutral,gratitude,universal,at_peace,165,-0.381,negative,True
j_0000031,u_00009,2025-01-27 09:54:00,good,self,light_islamic,at_peace,68,0.662,positive,True
j_0000032,u_00009,2025-01-30 09:59:00,neutral,self,universal,at_peace,65,0.296,positive,True
j_0000033,u_00010,2025-07-06 14:12:00,neutral,faith,light_islamic,,40,-0.283,negative,True
j_0000034,u_00010,2025-07-11 19:09:00,good,work,universal,at_peace,48,0.042,neutral,True
j_0000035,u_00010,2025-07-13 10:01:00,grateful,burnout,light_islamic,distant,67,0.379,positive,True
j_0000036,u_00010,2025-07-14 11:04:00,very_low,faith,light_islamic,at_peace,133,-0.917,negative,True
j_0000037,u_00010,2025-07-15 11:28:00,low,work,light_islamic,distant,22,-0.409,negative,True
j_0000038,u_00010,2025-07-17 17:27:00,good,burnout,deeper_faith,distant,52,0.561,positive,True
j_0000039,u_00010,2025-07-19 22:05:00,very_low,burnout,universal,at_peace,84,-0.53,negative,True
j_0000040,u_00010,2025-07-29 21:39:00,good,purpose,universal,at_peace,68,0.013,neutral,True
j_0000041,u_00011,2025-08-17 20:30:00,neutral,faith,light_islamic,,66,0.283,positive,True
j_0000042,u_00011,2025-08-24 21:30:00,very_low,work,light_islamic,questioning,226,-0.848,negative,True
j_0000043,u_00011,2025-09-02 10:03:00,low,self,deeper_faith,hurting,46,0.164,positive,True
j_0000044,u_00011,2025-09-08 11:29:00,neutral,faith,universal,distant,46,0.282,positive,True
j_0000045,u_00016,2025-02-25 20:34:00,neutral,work,light_islamic,,101,-0.26,negative,True
j_0000046,u_00016,2025-02-28 10:57:00,neutral,purpose,light_islamic,,109,0.305,positive,True
j_0000047,u_00016,2025-03-01 21:06:00,very_low,self,deeper_faith,questioning,54,-0.503,negative,True
j_0000048,u_00016,2025-03-02 11:53:00,good,work,light_islamic,at_peace,80,0.309,positive,True
j_0000049,u_00016,2025-03-13 14:13:00,neutral,anxiety,light_islamic,at_peace,73,-0.502,negative,True
j_0000050,u_00018,2025-01-25 19:39:00,good,burnout,universal,,103,0.471,positive,True
j_0000051,u_00018,2025-01-31 18:21:00,very_low,purpose,light_islamic,at_peace,180,-0.091,neutral,True
j_0000052,u_00018,2025-02-02 11:15:00,neutral,confidence,deeper_faith,questioning,92,-0.143,neutral,True
j_0000053,u_00018,2025-02-05 09:00:00,low,work,deeper_faith,hurting,24,0.223,positive,True
j_0000054,u_00018,2025-02-06 08:33:00,good,confidence,universal,questioning,25,0.865,positive,True
j_0000055,u_00019,2025-05-05 10:19:00,good,anxiety,light_islamic,,55,0.825,positive,True
j_0000056,u_00019,2025-05-07 17:23:00,good,gratitude,light_islamic,,36,0.382,positive,True
j_0000057,u_00019,2025-05-08 07:37:00,good,anxiety,universal,,65,0.142,neutral,True
j_0000058,u_00019,2025-05-10 07:24:00,neutral,anxiety,light_islamic,hurting,34,0.045,neutral,True
j_0000059,u_00020,2025-02-17 19:59:00,good,relationships,light_islamic,distant,69,0.199,positive,True
j_0000060,u_00020,2025-03-02 08:35:00,good,burnout,universal,at_peace,34,0.232,positive,True
j_0000061,u_00022,2025-11-02 09:22:00,good,relationships,light_islamic,,12,0.195,positive,True
j_0000062,u_00022,2025-11-03 10:12:00,grateful,relationships,universal,,208,0.269,positive,True
j_0000063,u_00022,2025-11-04 18:50:00,good,anxiety,universal,,94,0.361,positive,True
j_0000064,u_00022,2025-11-11 20:56:00,low,relationships,universal,distant,87,0.155,positive,True
j_0000065,u_00022,2025-11-20 10:21:00,neutral,purpose,universal,at_peace,234,-0.225,negative,True
j_0000066,u_00022,2025-11-23 07:56:00,good,burnout,light_islamic,questioning,74,0.533,positive,True
j_0000067,u_00022,2025-12-01 13:32:00,low,purpose,universal,questioning,117,-0.136,neutral,True
j_0000068,u_00031,2025-01-24 14:18:00,grateful,confidence,light_islamic,,84,0.428,positive,True
j_0000069,u_00031,2025-02-02 15:32:00,good,anxiety,deeper_faith,questioning,64,0.293,positive,True
j_0000070,u_00031,2025-02-06 20:43:00,low,gratitude,light_islamic,at_peace,77,-0.49,negative,True
j_0000071,u_00031,2025-02-09 08:05:00,good,habits,universal,at_peace,74,0.427,positive,True
j_0000072,u_00031,2025-02-19 10:16:00,low,anxiety,universal,at_peace,70,-0.503,negative,True
j_0000073,u_00033,2025-07-27 09:58:00,low,gratitude,deeper_faith,,94,0.001,neutral,True
j_0000074,u_00033,2025-07-30 11:26:00,neutral,purpose,universal,at_peace,77,0.038,neutral,True
j_0000075,u_00033,2025-07-31 12:30:00,good,work,universal,hurting,21,0.316,positive,True
j_0000076,u_00033,2025-08-04 15:20:00,low,anxiety,deeper_faith,at_peace,81,-0.397,negative,True
j_0000077,u_00033,2025-08-06 19:43:00,good,anxiety,universal,at_peace,62,0.368,positive,True
j_0000078,u_00034,2025-03-14 16:57:00,low,habits,universal,,18,-0.029,neutral,True
j_0000079,u_00034,2025-03-16 15:54:00,neutral,work,deeper_faith,,41,-0.008,neutral,True
j_0000080,u_00034,2025-03-17 19:18:00,good,burnout,universal,,28,-0.14,neutral,True
j_0000081,u_00034,2025-03-18 13:57:00,good,habits,light_islamic,questioning,90,0.145,neutral,True
j_0000082,u_00040,2025-05-30 20:34:00,grateful,self,universal,,60,0.169,positive,True
j_0000083,u_00040,2025-06-02 10:48:00,grateful,self,light_islamic,,77,0.255,positive,True
j_0000084,u_00040,2025-06-03 17:03:00,good,burnout,universal,questioning,52,0.516,positive,True
j_0000085,u_00040,2025-06-10 20:45:00,grateful,confidence,universal,distant,337,0.542,positive,True
j_0000086,u_00040,2025-06-11 11:46:00,neutral,anxiety,universal,at_peace,188,0.092,neutral,True
j_0000087,u_00040,2025-06-14 07:54:00,neutral,anxiety,light_islamic,questioning,101,0.017,neutral,True
j_0000088,u_00040,2025-06-21 16:33:00,good,burnout,universal,at_peace,36,0.288,positive,True
j_0000089,u_00042,2025-09-01 09:49:00,grateful,work,light_islamic,,72,0.475,positive,True
j_0000090,u_00042,2025-09-03 09:35:00,good,gratitude,light_islamic,,161,0.196,positive,True
j_0000091,u_00042,2025-09-04 15:14:00,neutral,anxiety,deeper_faith,,57,-0.114,neutral,True
j_0000092,u_00042,2025-09-06 19:48:00,neutral,burnout,universal,questioning,73,-0.31,negative,True
j_0000093,u_00042,2025-09-10 08:02:00,neutral,relationships,universal,at_peace,75,0.327,positive,True
j_0000094,u_00042,2025-09-12 08:06:00,neutral,burnout,universal,distant,37,0.081,neutral,True
j_0000095,u_00042,2025-09-18 21:27:00,grateful,work,universal,at_peace,131,0.623,positive,True
j_0000096,u_00046,2025-09-03 21:35:00,good,gratitude,deeper_faith,,33,-0.13,neutral,True
j_0000097,u_00046,2025-09-07 09:46:00,neutral,purpose,universal,distant,66,-0.307,negative,True
j_0000098,u_00046,2025-09-08 16:10:00,neutral,faith,light_islamic,distant,24,0.22,positive,True
j_0000099,u_00046,2025-09-10 21:39:00,good,faith,deeper_faith,at_peace,41,0.518,positive,True
j_0000100,u_00046,2025-09-11 14:05:00,good,burnout,light_islamic,at_peace,45,0.432,positive,True
j_0000101,u_00046,2025-09-15 13:34:00,neutral,relationships,universal,questioning,139,-0.211,negative,True
j_0000102,u_00046,2025-09-16 14:43:00,low,gratitude,light_islamic,distant,59,-0.122,neutral,True
j_0000103,u_00047,2025-03-11 13:42:00,good,anxiety,universal,,94,0.239,positive,True
j_0000104,u_00047,2025-03-12 09:41:00,neutral,confidence,light_islamic,,371,0.007,neutral,True
j_0000105,u_00047,2025-03-16 14:32:00,good,purpose,light_islamic,at_peace,66,0.46,positive,True
j_0000106,u_00047,2025-03-24 16:46:00,low,anxiety,universal,at_peace,16,-0.575,negative,True
j_0000107,u_00047,2025-03-31 08:46:00,grateful,self,universal,questioning,91,0.403,positive,True
j_0000108,u_00051,2025-11-06 13:34:00,good,work,light_islamic,,117,0.536,positive,True
j_0000109,u_00051,2025-11-07 22:06:00,neutral,faith,deeper_faith,,36,-0.045,neutral,True
j_0000110,u_00051,2025-11-11 15:39:00,neutral,confidence,universal,at_peace,60,0.637,positive,True
j_0000111,u_00051,2025-11-13 20:20:00,neutral,faith,universal,questioning,75,-0.08,neutral,True
j_0000112,u_00051,2025-11-18 13:09:00,good,work,light_islamic,at_peace,75,0.144,neutral,True
j_0000113,u_00051,2025-11-22 11:01:00,good,gratitude,universal,at_peace,47,0.159,positive,True
j_0000114,u_00051,2025-12-05 18:01:00,neutral,burnout,universal,distant,80,-0.148,neutral,True
j_0000115,u_00052,2025-03-03 08:24:00,neutral,work,universal,,201,0.073,neutral,True
j_0000116,u_00052,2025-03-05 15:12:00,good,purpose,light_islamic,,69,-0.016,neutral,True
j_0000117,u_00052,2025-03-07 20:47:00,very_low,relationships,deeper_faith,at_peace,12,-0.822,negative,True
j_0000118,u_00052,2025-03-09 21:21:00,good,relationships,universal,at_peace,118,0.545,positive,True
j_0000119,u_00052,2025-03-22 18:45:00,grateful,anxiety,universal,at_peace,177,0.589,positive,True
j_0000120,u_00052,2025-03-31 21:11:00,grateful,gratitude,deeper_faith,hurting,193,0.531,positive,True
j_0000121,u_00054,2025-04-17 12:32:00,neutral,confidence,light_islamic,,91,-0.339,negative,True
j_0000122,u_00054,2025-04-20 13:44:00,very_low,relationships,light_islamic,at_peace,76,-0.458,negative,True
j_0000123,u_00054,2025-04-22 09:20:00,neutral,faith,deeper_faith,distant,76,-0.078,neutral,True
j_0000124,u_00054,2025-04-25 12:58:00,low,purpose,light_islamic,at_peace,46,0.251,positive,True
j_0000125,u_00055,2025-01-07 14:00:00,very_low,self,deeper_faith,,107,-0.405,negative,True
j_0000126,u_00055,2025-01-09 21:51:00,grateful,confidence,deeper_faith,,34,0.486,positive,True
j_0000127,u_00055,2025-01-11 11:37:00,neutral,faith,universal,questioning,55,-0.245,negative,True
j_0000128,u_00055,2025-01-18 10:52:00,good,work,universal,distant,70,0.67,positive,True
j_0000129,u_00056,2025-06-17 14:43:00,good,work,light_islamic,,38,-0.181,negative,True
j_0000130,u_00056,2025-06-21 18:08:00,grateful,self,deeper_faith,hurting,78,0.579,positive,True
j_0000131,u_00056,2025-07-15 17:17:00,neutral,self,universal,questioning,53,0.163,positive,True
j_0000132,u_00059,2025-11-01 14:45:00,good,gratitude,universal,,42,-0.032,neutral,True
j_0000133,u_00059,2025-11-04 12:49:00,good,confidence,light_islamic,,155,0.176,positive,True
j_0000134,u_00059,2025-11-18 21:03:00,neutral,confidence,deeper_faith,at_peace,182,0.011,neutral,True
j_0000135,u_00059,2025-11-26 08:33:00,grateful,purpose,deeper_faith,questioning,85,0.427,positive,True
j_0000136,u_00059,2025-11-27 19:34:00,neutral,burnout,universal,questioning,30,-0.181,negative,True
j_0000137,u_00060,2025-06-09 21:56:00,good,relationships,universal,,165,0.392,positive,True
j_0000138,u_00060,2025-06-10 08:58:00,good,habits,light_islamic,,32,0.149,neutral,True
j_0000139,u_00060,2025-06-18 16:08:00,low,burnout,universal,distant,90,-0.169,negative,True
j_0000140,u_00060,2025-06-19 07:17:00,good,faith,light_islamic,at_peace,29,0.216,positive,True
j_0000141,u_00060,2025-06-23 22:12:00,very_low,work,universal,at_peace,43,-0.609,negative,True
j_0000142,u_00060,2025-07-05 21:57:00,low,anxiety,light_islamic,at_peace,36,-0.238,negative,True
j_0000143,u_00061,2025-01-19 16:33:00,neutral,habits,light_islamic,,487,-0.13,neutral,True
j_0000144,u_00061,2025-01-22 21:03:00,neutral,self,deeper_faith,,114,0.242,positive,True
j_0000145,u_00061,2025-01-23 22:01:00,neutral,self,light_islamic,distant,39,-0.135,neutral,True
j_0000146,u_00061,2025-01-24 12:54:00,very_low,self,universal,at_peace,159,-0.784,negative,True
j_0000147,u_00062,2025-01-30 12:56:00,grateful,self,light_islamic,,59,0.592,positive,True
j_0000148,u_00062,2025-02-08 19:16:00,neutral,purpose,light_islamic,questioning,53,0.058,neutral,True
j_0000149,u_00062,2025-02-11 10:18:00,good,habits,deeper_faith,at_peace,62,0.097,neutral,True
j_0000150,u_00062,2025-02-14 16:30:00,good,relationships,universal,hurting,178,-0.048,neutral,True
j_0000151,u_00062,2025-02-16 16:03:00,good,faith,light_islamic,questioning,48,0.165,positive,True
j_0000152,u_00062,2025-02-25 12:42:00,good,habits,universal,distant,101,0.213,positive,True
j_0000153,u_00062,2025-02-26 19:21:00,neutral,self,light_islamic,at_peace,152,-0.013,neutral,True
j_0000154,u_00063,2025-05-05 07:30:00,neutral,faith,deeper_faith,,154,-0.297,negative,True
j_0000155,u_00063,2025-05-08 13:27:00,low,confidence,universal,,44,-0.071,neutral,True
j_0000156,u_00063,2025-05-13 21:02:00,good,self,universal,at_peace,67,0.267,positive,True
j_0000157,u_00063,2025-05-16 14:18:00,good,gratitude,deeper_faith,questioning,131,0.136,neutral,True
j_0000158,u_00063,2025-06-04 08:52:00,neutral,work,universal,hurting,100,0.066,neutral,True
j_0000159,u_00064,2025-08-09 14:38:00,good,faith,deeper_faith,,131,0.086,neutral,True
j_0000160,u_00064,2025-08-13 16:00:00,good,gratitude,universal,at_peace,37,0.256,positive,True
j_0000161,u_00064,2025-08-14 08:37:00,neutral,work,universal,distant,78,-0.277,negative,True
j_0000162,u_00064,2025-08-15 08:28:00,low,work,light_islamic,at_peace,147,-0.142,neutral,True
j_0000163,u_00064,2025-08-17 09:34:00,low,self,light_islamic,questioning,220,0.39,positive,True
j_0000164,u_00064,2025-08-27 11:48:00,very_low,purpose,deeper_faith,at_peace,41,-0.666,negative,True
j_0000165,u_00066,2025-08-28 08:07:00,low,habits,deeper_faith,,15,-0.536,negative,True
j_0000166,u_00066,2025-09-02 15:28:00,neutral,work,deeper_faith,at_peace,164,-0.265,negative,True
j_0000167,u_00066,2025-09-05 09:08:00,neutral,faith,universal,at_peace,101,0.105,neutral,True
j_0000168,u_00066,2025-09-06 20:21:00,grateful,burnout,light_islamic,questioning,71,0.209,positive,True
j_0000169,u_00066,2025-09-08 09:52:00,good,burnout,deeper_faith,questioning,230,0.098,neutral,True
j_0000170,u_00066,2025-09-09 18:30:00,grateful,work,light_islamic,at_peace,201,0.502,positive,True
j_0000171,u_00066,2025-09-17 20:18:00,grateful,confidence,universal,at_peace,59,0.854,positive,True
j_0000172,u_00066,2025-09-19 08:12:00,neutral,gratitude,universal,at_peace,79,-0.152,negative,True
j_0000173,u_00068,2025-06-13 20:24:00,good,gratitude,light_islamic,,153,0.654,positive,True
j_0000174,u_00068,2025-06-16 19:59:00,low,anxiety,universal,,180,-0.374,negative,True
j_0000175,u_00068,2025-06-17 12:27:00,grateful,anxiety,universal,at_peace,143,0.415,positive,True
j_0000176,u_00068,2025-06-18 21:56:00,low,purpose,universal,at_peace,50,-0.214,negative,True
j_0000177,u_00068,2025-06-21 14:58:00,grateful,purpose,universal,questioning,78,0.38,positive,True
j_0000178,u_00068,2025-07-01 15:46:00,neutral,faith,light_islamic,at_peace,74,0.216,positive,True
j_0000179,u_00068,2025-07-07 07:27:00,low,burnout,light_islamic,distant,83,-0.46,negative,True
j_0000180,u_00069,2025-06-16 17:42:00,neutral,anxiety,deeper_faith,,27,0.121,neutral,True
j_0000181,u_00069,2025-06-20 09:15:00,neutral,faith,light_islamic,at_peace,21,-0.222,negative,True
j_0000182,u_00069,2025-06-21 15:33:00,neutral,anxiety,deeper_faith,at_peace,37,-0.74,negative,True
j_0000183,u_00069,2025-06-23 08:57:00,good,anxiety,light_islamic,at_peace,44,-0.119,neutral,True
j_0000184,u_00069,2025-06-25 17:10:00,neutral,habits,universal,at_peace,163,-0.015,neutral,True
j_0000185,u_00069,2025-06-26 19:50:00,grateful,gratitude,light_islamic,at_peace,128,0.35,positive,True
j_0000186,u_00069,2025-07-09 12:56:00,good,anxiety,deeper_faith,at_peace,156,-0.147,neutral,True
j_0000187,u_00070,2025-12-09 11:19:00,neutral,relationships,light_islamic,at_peace,134,-0.016,neutral,True
j_0000188,u_00070,2025-12-13 09:47:00,good,faith,light_islamic,distant,156,0.497,positive,True
j_0000189,u_00070,2025-12-14 09:28:00,grateful,habits,light_islamic,questioning,100,0.812,positive,True
j_0000190,u_00070,2025-12-17 10:17:00,good,work,universal,distant,187,0.361,positive,True
j_0000191,u_00070,2025-12-24 12:39:00,neutral,work,universal,distant,139,-0.007,neutral,True
j_0000192,u_00073,2025-11-10 18:20:00,grateful,habits,light_islamic,,155,0.094,neutral,True
j_0000193,u_00073,2025-11-11 17:56:00,neutral,confidence,universal,,55,-0.011,neutral,True
j_0000194,u_00073,2025-11-14 19:12:00,neutral,burnout,light_islamic,at_peace,25,0.354,positive,True
j_0000195,u_00073,2025-11-19 19:01:00,neutral,purpose,deeper_faith,at_peace,46,0.19,positive,True
j_0000196,u_00073,2025-11-29 13:51:00,low,faith,light_islamic,questioning,78,-0.385,negative,True
j_0000197,u_00073,2025-12-01 17:51:00,neutral,gratitude,light_islamic,distant,15,-0.061,neutral,True
j_0000198,u_00074,2025-10-24 07:13:00,neutral,purpose,deeper_faith,,46,0.04,neutral,True
j_0000199,u_00074,2025-11-03 11:59:00,neutral,confidence,universal,at_peace,19,-0.01,neutral,True
j_0000200,u_00074,2025-11-09 08:16:00,neutral,purpose,universal,questioning,80,0.228,positive,True
j_0000201,u_00074,2025-11-10 18:04:00,neutral,gratitude,universal,at_peace,87,0.12,neutral,True
j_0000202,u_00077,2025-02-15 09:30:00,grateful,work,light_islamic,,92,0.668,positive,True
j_0000203,u_00077,2025-02-16 21:35:00,neutral,purpose,deeper_faith,,150,-0.134,neutral,True
j_0000204,u_00077,2025-02-18 10:04:00,low,self,deeper_faith,,39,-0.378,negative,True
j_0000205,u_00077,2025-02-19 12:07:00,grateful,burnout,universal,at_peace,152,0.632,positive,True
j_0000206,u_00077,2025-02-21 10:07:00,grateful,work,light_islamic,questioning,27,0.255,positive,True
j_0000207,u_00077,2025-02-24 15:45:00,low,relationships,universal,questioning,204,-0.283,negative,True
j_0000208,u_00077,2025-02-26 18:35:00,neutral,gratitude,universal,distant,57,0.456,positive,True
j_0000209,u_00077,2025-03-01 10:58:00,low,habits,light_islamic,hurting,75,-0.218,negative,True
j_0000210,u_00077,2025-03-02 08:17:00,neutral,work,light_islamic,hurting,38,0.254,positive,True
j_0000211,u_00077,2025-03-16 14:07:00,good,self,universal,at_peace,129,0.164,positive,True
j_0000212,u_00082,2025-01-10 19:43:00,good,gratitude,light_islamic,,182,0.395,positive,True
j_0000213,u_00082,2025-01-14 13:17:00,grateful,self,universal,distant,72,0.331,positive,True
j_0000214,u_00082,2025-01-26 07:22:00,good,self,light_islamic,at_peace,144,0.549,positive,True
j_0000215,u_00082,2025-01-29 14:41:00,grateful,faith,universal,at_peace,41,0.43,positive,True
j_0000216,u_00083,2025-09-02 07:50:00,neutral,purpose,light_islamic,,82,0.592,positive,True
j_0000217,u_00083,2025-09-10 10:03:00,good,faith,light_islamic,questioning,13,0.704,positive,True
j_0000218,u_00083,2025-09-14 20:21:00,neutral,faith,light_islamic,at_peace,66,0.127,neutral,True
j_0000219,u_00083,2025-09-21 18:31:00,good,confidence,universal,at_peace,97,0.203,positive,True
j_0000220,u_00083,2025-09-24 07:54:00,good,burnout,universal,at_peace,43,0.134,neutral,True
j_0000221,u_00084,2025-04-06 17:14:00,neutral,habits,universal,,91,0.004,neutral,True
j_0000222,u_00084,2025-04-07 19:06:00,good,self,universal,,80,0.28,positive,True
j_0000223,u_00084,2025-04-09 09:59:00,good,self,universal,,56,0.555,positive,True
j_0000224,u_00084,2025-04-15 12:34:00,good,gratitude,light_islamic,at_peace,38,0.508,positive,True
j_0000225,u_00084,2025-04-16 10:06:00,grateful,habits,light_islamic,hurting,46,0.697,positive,True
j_0000226,u_00084,2025-04-19 10:08:00,low,confidence,deeper_faith,at_peace,53,-0.177,negative,True
j_0000227,u_00084,2025-04-20 12:48:00,grateful,habits,deeper_faith,questioning,122,0.214,positive,True
j_0000228,u_00084,2025-04-28 15:23:00,neutral,faith,universal,at_peace,113,-0.155,negative,True
j_0000229,u_00084,2025-05-03 14:55:00,neutral,gratitude,deeper_faith,distant,184,-0.072,neutral,True
j_0000230,u_00089,2025-08-13 20:35:00,neutral,self,deeper_faith,,19,0.185,positive,True
j_0000231,u_00095,2025-04-04 07:52:00,neutral,purpose,deeper_faith,,234,0.032,neutral,True
j_0000232,u_00095,2025-04-10 16:16:00,low,anxiety,deeper_faith,at_peace,47,-0.267,negative,True
j_0000233,u_00095,2025-04-15 14:27:00,good,work,deeper_faith,distant,84,-0.19,negative,True
j_0000234,u_00096,2025-01-18 19:34:00,neutral,purpose,universal,,87,0.279,positive,True
j_0000235,u_00096,2025-01-20 14:10:00,low,faith,universal,,89,-0.797,negative,True
j_0000236,u_00096,2025-01-25 17:19:00,neutral,gratitude,universal,at_peace,201,0.054,neutral,True
j_0000237,u_00096,2025-01-27 14:51:00,neutral,burnout,light_islamic,at_peace,17,0.726,positive,True
j_0000238,u_00096,2025-01-29 14:49:00,good,faith,deeper_faith,at_peace,87,0.276,positive,True
j_0000239,u_00098,2025-09-05 18:35:00,neutral,faith,light_islamic,,62,0.177,positive,True
j_0000240,u_00098,2025-09-10 11:41:00,grateful,purpose,universal,at_peace,58,0.911,positive,True
j_0000241,u_00098,2025-09-13 16:28:00,neutral,confidence,universal,questioning,45,-0.261,negative,True
j_0000242,u_00098,2025-09-28 18:31:00,neutral,burnout,light_islamic,at_peace,26,-0.454,negative,True
j_0000243,u_00098,2025-10-05 18:58:00,neutral,work,universal,at_peace,239,-0.235,negative,True
j_0000244,u_00102,2025-05-21 11:13:00,neutral,self,universal,,86,0.08,neutral,True
j_0000245,u_00102,2025-05-24 09:18:00,good,habits,universal,,30,-0.079,neutral,True
j_0000246,u_00102,2025-05-25 16:22:00,very_low,faith,universal,distant,67,-0.883,negative,True
j_0000247,u_00102,2025-05-26 18:53:00,low,anxiety,light_islamic,questioning,31,-0.246,negative,True
j_0000248,u_00102,2025-05-29 20:39:00,low,work,universal,at_peace,68,-0.143,neutral,True
j_0000249,u_00102,2025-05-31 19:35:00,good,relationships,universal,distant,49,0.337,positive,True
j_0000250,u_00102,2025-06-04 20:34:00,grateful,self,deeper_faith,at_peace,52,0.633,positive,True
j_0000251,u_00103,2025-12-23 12:06:00,low,burnout,universal,,28,-0.322,negative,True
j_0000252,u_00103,2025-12-24 21:05:00,low,burnout,universal,,42,-0.137,neutral,True
j_0000253,u_00103,2025-12-25 09:21:00,neutral,burnout,light_islamic,,73,0.043,neutral,True
j_0000254,u_00103,2025-12-30 11:25:00,good,confidence,universal,at_peace,30,0.308,positive,True
j_0000255,u_00103,2026-01-09 10:28:00,low,gratitude,light_islamic,hurting,64,-0.44,negative,True
j_0000256,u_00103,2026-01-10 18:06:00,good,confidence,light_islamic,hurting,20,0.351,positive,True
j_0000257,u_00103,2026-01-14 21:01:00,low,burnout,light_islamic,distant,54,-0.547,negative,True
j_0000258,u_00103,2026-01-19 21:16:00,good,gratitude,deeper_faith,distant,82,0.222,positive,True
j_0000259,u_00104,2025-04-19 08:46:00,grateful,burnout,universal,,72,0.34,positive,True
j_0000260,u_00104,2025-04-24 09:00:00,very_low,purpose,light_islamic,at_peace,24,-0.509,negative,True
j_0000261,u_00104,2025-05-08 10:17:00,good,gratitude,universal,at_peace,52,0.081,neutral,True
j_0000262,u_00110,2025-09-20 16:24:00,good,burnout,light_islamic,,75,0.081,neutral,True
j_0000263,u_00110,2025-09-21 19:19:00,grateful,relationships,universal,,187,0.423,positive,True
j_0000264,u_00110,2025-09-24 15:20:00,neutral,work,light_islamic,distant,74,0.267,positive,True
j_0000265,u_00110,2025-09-29 12:36:00,neutral,confidence,universal,questioning,143,0.034,neutral,True
j_0000266,u_00110,2025-10-01 18:51:00,neutral,habits,deeper_faith,at_peace,75,0.053,neutral,True
j_0000267,u_00110,2025-10-02 15:33:00,neutral,self,universal,at_peace,110,0.241,positive,True
j_0000268,u_00110,2025-10-09 10:01:00,neutral,habits,universal,distant,50,-0.404,negative,True
j_0000269,u_00110,2025-10-15 09:10:00,neutral,habits,universal,hurting,16,0.089,neutral,True
j_0000270,u_00110,2025-10-20 11:50:00,low,relationships,light_islamic,at_peace,25,-0.451,negative,True
j_0000271,u_00111,2025-10-23 17:53:00,neutral,relationships,light_islamic,,30,0.167,positive,True
j_0000272,u_00111,2025-10-25 17:47:00,good,work,universal,,31,0.627,positive,True
j_0000273,u_00111,2025-10-26 08:08:00,low,confidence,deeper_faith,,120,-0.584,negative,True
j_0000274,u_00111,2025-10-28 22:15:00,neutral,habits,deeper_faith,at_peace,201,0.014,neutral,True
j_0000275,u_00111,2025-10-29 15:16:00,good,purpose,light_islamic,questioning,89,0.253,positive,True
j_0000276,u_00111,2025-10-30 14:52:00,very_low,faith,light_islamic,questioning,141,-0.15,negative,True
j_0000277,u_00111,2025-11-08 08:20:00,neutral,relationships,light_islamic,at_peace,125,-0.129,neutral,True
j_0000278,u_00111,2025-11-09 07:29:00,very_low,anxiety,universal,at_peace,73,-0.584,negative,True
j_0000279,u_00111,2025-11-11 12:19:00,good,gratitude,light_islamic,distant,41,0.005,neutral,True
j_0000280,u_00111,2025-11-18 20:25:00,very_low,work,universal,questioning,60,-0.72,negative,True
j_0000281,u_00123,2025-02-22 21:55:00,low,faith,light_islamic,,37,-0.158,negative,True
j_0000282,u_00123,2025-02-23 13:26:00,good,burnout,universal,,24,0.548,positive,True
j_0000283,u_00123,2025-02-25 12:47:00,good,faith,light_islamic,,53,-0.156,negative,True
j_0000284,u_00123,2025-02-26 11:03:00,good,relationships,universal,distant,77,0.179,positive,True
j_0000285,u_00123,2025-03-01 08:30:00,good,anxiety,light_islamic,distant,32,0.528,positive,True
j_0000286,u_00123,2025-03-10 14:38:00,low,purpose,light_islamic,questioning,138,-0.731,negative,True
j_0000287,u_00125,2025-04-07 12:04:00,grateful,faith,deeper_faith,,79,0.291,positive,True
j_0000288,u_00125,2025-04-09 12:24:00,neutral,relationships,light_islamic,,60,-0.184,negative,True
j_0000289,u_00125,2025-04-13 17:29:00,neutral,burnout,universal,at_peace,122,0.34,positive,True
j_0000290,u_00125,2025-04-15 20:41:00,low,burnout,deeper_faith,at_peace,53,-0.266,negative,True
j_0000291,u_00125,2025-04-17 09:43:00,good,habits,deeper_faith,at_peace,262,-0.083,neutral,True
j_0000292,u_00125,2025-04-25 12:16:00,neutral,relationships,universal,at_peace,101,-0.014,neutral,True
j_0000293,u_00125,2025-04-30 07:38:00,good,faith,light_islamic,at_peace,73,0.255,positive,True
j_0000294,u_00130,2025-03-12 07:24:00,neutral,faith,universal,at_peace,118,0.009,neutral,True
j_0000295,u_00130,2025-03-15 13:44:00,good,work,universal,at_peace,49,0.575,positive,True
j_0000296,u_00130,2025-03-17 10:11:00,grateful,work,universal,hurting,139,0.368,positive,True
j_0000297,u_00130,2025-03-19 07:27:00,grateful,purpose,light_islamic,at_peace,263,0.398,positive,True
j_0000298,u_00130,2025-03-24 20:25:00,neutral,gratitude,universal,at_peace,190,0.033,neutral,True
j_0000299,u_00130,2025-03-25 21:37:00,good,purpose,light_islamic,distant,43,0.429,positive,True
j_0000300,u_00130,2025-04-01 13:35:00,neutral,purpose,universal,distant,137,0.149,neutral,True
j_0000301,u_00131,2025-06-02 12:52:00,good,work,universal,,101,0.135,neutral,True
j_0000302,u_00131,2025-06-03 15:03:00,neutral,confidence,universal,,150,-0.29,negative,True
j_0000303,u_00131,2025-06-05 21:53:00,good,self,universal,,84,0.232,positive,True
j_0000304,u_00131,2025-06-09 14:14:00,neutral,anxiety,universal,distant,140,0.082,neutral,True
j_0000305,u_00131,2025-06-10 18:24:00,good,burnout,light_islamic,at_peace,20,0.164,positive,True
j_0000306,u_00131,2025-06-12 16:02:00,good,habits,universal,at_peace,114,0.208,positive,True
j_0000307,u_00131,2025-06-17 10:34:00,neutral,anxiety,light_islamic,at_peace,34,0.134,neutral,True
j_0000308,u_00131,2025-06-30 18:55:00,good,gratitude,light_islamic,questioning,42,0.303,positive,True
j_0000309,u_00133,2025-03-20 07:41:00,good,work,light_islamic,,120,0.454,positive,True
j_0000310,u_00133,2025-03-21 16:23:00,very_low,self,universal,,117,-0.581,negative,True
j_0000311,u_00133,2025-03-23 21:33:00,grateful,burnout,universal,,91,0.747,positive,True
j_0000312,u_00133,2025-03-24 09:29:00,good,anxiety,deeper_faith,at_peace,42,0.779,positive,True
j_0000313,u_00133,2025-03-31 08:40:00,good,work,universal,questioning,33,0.412,positive,True
j_0000314,u_00133,2025-04-18 19:30:00,low,anxiety,universal,at_peace,24,-0.15,negative,True
j_0000315,u_00134,2025-12-14 11:25:00,grateful,purpose,universal,,50,0.269,positive,True
j_0000316,u_00134,2025-12-22 07:24:00,neutral,gratitude,light_islamic,at_peace,50,-0.067,neutral,True
j_0000317,u_00134,2025-12-23 08:26:00,very_low,purpose,universal,at_peace,34,-0.74,negative,True
j_0000318,u_00134,2025-12-28 19:07:00,neutral,gratitude,universal,questioning,117,0.267,positive,True
j_0000319,u_00134,2026-01-12 13:19:00,good,confidence,light_islamic,at_peace,169,0.355,positive,True
j_0000320,u_00135,2025-06-09 21:03:00,grateful,relationships,light_islamic,,59,0.545,positive,True
j_0000321,u_00135,2025-07-08 20:10:00,grateful,anxiety,universal,at_peace,137,0.432,positive,True
j_0000322,u_00136,2025-04-04 14:21:00,good,work,light_islamic,,48,0.604,positive,True
j_0000323,u_00136,2025-04-08 19:46:00,good,gratitude,universal,at_peace,121,0.484,positive,True
j_0000324,u_00136,2025-04-09 11:32:00,grateful,faith,universal,at_peace,105,0.596,positive,True
j_0000325,u_00136,2025-04-11 11:28:00,grateful,work,universal,at_peace,91,0.452,positive,True
j_0000326,u_00136,2025-04-13 18:59:00,good,habits,universal,hurting,87,-0.126,neutral,True
j_0000327,u_00138,2025-02-25 17:43:00,low,gratitude,universal,,66,0.101,neutral,True
j_0000328,u_00138,2025-02-27 09:06:00,good,anxiety,universal,,34,0.006,neutral,True
j_0000329,u_00138,2025-03-02 21:56:00,neutral,gratitude,deeper_faith,at_peace,113,-0.121,neutral,True
j_0000330,u_00138,2025-03-09 12:32:00,low,faith,light_islamic,hurting,44,-0.507,negative,True
j_0000331,u_00138,2025-03-13 19:30:00,low,burnout,universal,questioning,37,-0.263,negative,True
j_0000332,u_00138,2025-03-18 15:21:00,grateful,self,deeper_faith,at_peace,20,0.259,positive,True
j_0000333,u_00139,2025-01-07 21:59:00,neutral,anxiety,universal,questioning,67,-0.007,neutral,True
j_0000334,u_00140,2025-08-07 17:24:00,good,burnout,universal,,46,0.838,positive,True
j_0000335,u_00143,2025-08-29 15:29:00,neutral,confidence,universal,,123,-0.19,negative,True
j_0000336,u_00143,2025-08-31 10:31:00,good,self,light_islamic,,262,0.664,positive,True
j_0000337,u_00143,2025-09-03 13:47:00,grateful,relationships,deeper_faith,questioning,59,0.74,positive,True
j_0000338,u_00143,2025-09-08 13:23:00,neutral,gratitude,light_islamic,at_peace,78,-0.347,negative,True
j_0000339,u_00143,2025-09-26 16:01:00,grateful,burnout,light_islamic,at_peace,127,0.055,neutral,True
j_0000340,u_00145,2025-11-05 11:25:00,neutral,habits,deeper_faith,,57,-0.017,neutral,True
j_0000341,u_00145,2025-11-07 08:47:00,good,relationships,universal,,91,-0.077,neutral,True
j_0000342,u_00145,2025-11-09 18:52:00,low,faith,deeper_faith,at_peace,83,-0.06,neutral,True
j_0000343,u_00145,2025-11-15 21:19:00,good,burnout,universal,at_peace,127,0.406,positive,True
j_0000344,u_00145,2025-11-23 15:57:00,grateful,faith,light_islamic,questioning,78,0.529,positive,True
j_0000345,u_00145,2025-11-25 12:34:00,good,work,light_islamic,at_peace,100,0.479,positive,True
j_0000346,u_00145,2025-11-26 18:35:00,good,habits,universal,hurting,90,-0.097,neutral,True
j_0000347,u_00148,2025-04-06 20:54:00,low,anxiety,universal,,30,-0.269,negative,True
j_0000348,u_00148,2025-04-23 17:18:00,neutral,relationships,universal,distant,49,-0.537,negative,True
j_0000349,u_00148,2025-04-28 17:28:00,very_low,confidence,light_islamic,questioning,50,-0.327,negative,True
j_0000350,u_00153,2025-12-24 16:42:00,good,habits,deeper_faith,,91,0.261,positive,True
j_0000351,u_00153,2025-12-28 12:46:00,good,work,light_islamic,at_peace,51,0.589,positive,True
j_0000352,u_00153,2026-01-17 18:27:00,low,work,light_islamic,at_peace,26,-0.179,negative,True
j_0000353,u_00153,2026-01-21 14:11:00,good,gratitude,universal,distant,85,0.527,positive,True
j_0000354,u_00154,2025-08-01 12:09:00,good,anxiety,universal,,43,-0.001,neutral,True
j_0000355,u_00154,2025-08-05 17:47:00,neutral,gratitude,light_islamic,at_peace,137,0.33,positive,True
j_0000356,u_00154,2025-08-23 21:10:00,good,gratitude,universal,distant,69,0.414,positive,True
j_0000357,u_00154,2025-08-27 08:05:00,grateful,work,light_islamic,at_peace,63,0.278,positive,True
j_0000358,u_00160,2025-06-22 21:14:00,grateful,faith,light_islamic,,50,0.747,positive,True
j_0000359,u_00160,2025-06-23 11:36:00,good,relationships,light_islamic,,83,0.395,positive,True
j_0000360,u_00160,2025-06-25 18:31:00,neutral,anxiety,light_islamic,,32,0.365,positive,True
j_0000361,u_00160,2025-06-27 11:08:00,low,gratitude,light_islamic,at_peace,43,0.048,neutral,True
j_0000362,u_00160,2025-07-01 12:18:00,neutral,anxiety,light_islamic,at_peace,58,0.161,positive,True
j_0000363,u_00160,2025-07-05 20:32:00,low,purpose,light_islamic,at_peace,78,-0.253,negative,True
j_0000364,u_00160,2025-07-10 16:06:00,low,work,universal,at_peace,220,-0.432,negative,True
j_0000365,u_00163,2025-07-31 08:53:00,good,anxiety,universal,,69,0.084,neutral,True
j_0000366,u_00163,2025-08-10 15:01:00,neutral,faith,light_islamic,questioning,29,-0.224,negative,True
j_0000367,u_00163,2025-08-11 08:43:00,good,anxiety,light_islamic,questioning,87,0.206,positive,True
j_0000368,u_00163,2025-08-15 22:15:00,neutral,gratitude,light_islamic,distant,28,0.017,neutral,True
j_0000369,u_00163,2025-08-24 18:13:00,grateful,habits,light_islamic,at_peace,50,0.189,positive,True
j_0000370,u_00165,2025-05-01 12:36:00,neutral,gratitude,universal,,225,0.357,positive,True
j_0000371,u_00165,2025-05-05 10:27:00,very_low,purpose,deeper_faith,at_peace,15,-0.633,negative,True
j_0000372,u_00165,2025-05-06 17:13:00,good,relationships,universal,at_peace,70,0.295,positive,True
j_0000373,u_00165,2025-05-17 17:14:00,neutral,purpose,light_islamic,distant,136,-0.306,negative,True
j_0000374,u_00167,2025-05-23 20:11:00,low,relationships,universal,,26,-0.167,negative,True
j_0000375,u_00167,2025-06-04 12:54:00,neutral,self,deeper_faith,hurting,117,0.022,neutral,True
j_0000376,u_00167,2025-06-05 15:46:00,low,purpose,light_islamic,questioning,38,-0.406,negative,True
j_0000377,u_00167,2025-06-07 15:38:00,neutral,self,deeper_faith,at_peace,61,-0.055,neutral,True
j_0000378,u_00169,2025-04-08 08:29:00,low,work,light_islamic,,86,-0.066,neutral,True
j_0000379,u_00169,2025-04-20 20:51:00,good,purpose,universal,at_peace,78,0.282,positive,True
j_0000380,u_00169,2025-04-21 14:04:00,neutral,self,deeper_faith,at_peace,24,-0.137,neutral,True
j_0000381,u_00169,2025-04-24 21:11:00,grateful,habits,universal,distant,27,0.258,positive,True
j_0000382,u_00169,2025-05-03 12:39:00,good,faith,light_islamic,questioning,54,0.304,positive,True
j_0000383,u_00170,2025-12-15 20:34:00,good,relationships,deeper_faith,,71,0.312,positive,True
j_0000384,u_00170,2026-01-01 12:30:00,good,anxiety,universal,questioning,257,0.349,positive,True
j_0000385,u_00170,2026-01-06 12:30:00,good,faith,light_islamic,at_peace,66,0.199,positive,True
j_0000386,u_00171,2025-09-11 21:53:00,grateful,confidence,universal,,77,0.939,positive,True
j_0000387,u_00171,2025-09-29 08:29:00,good,faith,light_islamic,at_peace,132,0.484,positive,True
j_0000388,u_00171,2025-10-09 18:53:00,neutral,purpose,deeper_faith,at_peace,25,0.199,positive,True
j_0000389,u_00178,2025-02-26 19:32:00,good,anxiety,universal,,41,0.123,neutral,True
j_0000390,u_00178,2025-03-01 13:40:00,neutral,relationships,light_islamic,,98,-0.177,negative,True
j_0000391,u_00178,2025-03-02 08:34:00,neutral,work,deeper_faith,at_peace,88,0.035,neutral,True
j_0000392,u_00178,2025-03-04 07:55:00,good,purpose,universal,distant,393,0.191,positive,True
j_0000393,u_00178,2025-03-28 16:50:00,grateful,confidence,light_islamic,hurting,109,0.817,positive,True
j_0000394,u_00179,2025-10-16 10:21:00,low,purpose,universal,,75,-0.485,negative,True
j_0000395,u_00179,2025-10-17 15:07:00,good,work,universal,,70,0.154,positive,True
j_0000396,u_00179,2025-10-19 07:48:00,good,gratitude,universal,,88,0.51,positive,True
j_0000397,u_00179,2025-10-24 11:06:00,grateful,work,universal,at_peace,107,0.964,positive,True
j_0000398,u_00179,2025-11-01 17:44:00,grateful,purpose,universal,at_peace,82,0.75,positive,True
j_0000399,u_00179,2025-11-04 15:16:00,neutral,purpose,light_islamic,at_peace,77,0.318,positive,True
j_0000400,u_00180,2025-04-20 13:40:00,good,purpose,light_islamic,,39,0.242,positive,True
j_0000401,u_00180,2025-04-22 19:27:00,neutral,self,universal,,70,-0.103,neutral,True
j_0000402,u_00180,2025-04-24 08:28:00,neutral,gratitude,light_islamic,at_peace,56,-0.196,negative,True
j_0000403,u_00180,2025-04-27 21:32:00,neutral,work,universal,at_peace,57,-0.124,neutral,True
j_0000404,u_00180,2025-05-14 21:08:00,good,anxiety,light_islamic,at_peace,33,0.056,neutral,True
j_0000405,u_00182,2025-05-19 19:12:00,good,relationships,universal,,40,0.211,positive,True
j_0000406,u_00182,2025-05-20 18:14:00,low,purpose,deeper_faith,,208,-0.862,negative,True
j_0000407,u_00182,2025-05-23 20:53:00,low,gratitude,light_islamic,at_peace,40,-0.02,neutral,True
j_0000408,u_00182,2025-05-24 15:47:00,low,burnout,light_islamic,at_peace,73,-0.442,negative,True
j_0000409,u_00182,2025-05-26 10:03:00,good,purpose,universal,distant,42,-0.178,negative,True
j_0000410,u_00182,2025-05-29 07:30:00,low,faith,light_islamic,at_peace,166,-0.348,negative,True
j_0000411,u_00182,2025-06-02 19:04:00,neutral,relationships,light_islamic,hurting,73,-0.049,neutral,True
j_0000412,u_00182,2025-06-18 09:07:00,neutral,relationships,universal,at_peace,96,-0.967,negative,True
j_0000413,u_00183,2025-09-20 07:32:00,good,relationships,light_islamic,,39,0.177,positive,True
j_0000414,u_00183,2025-09-25 09:13:00,good,gratitude,light_islamic,at_peace,19,0.289,positive,True
j_0000415,u_00183,2025-09-30 18:05:00,good,burnout,universal,at_peace,148,0.674,positive,True
j_0000416,u_00183,2025-10-09 08:44:00,good,anxiety,universal,questioning,42,0.14,neutral,True
j_0000417,u_00183,2025-10-11 09:46:00,good,self,light_islamic,at_peace,106,0.188,positive,True
j_0000418,u_00183,2025-10-13 13:44:00,neutral,anxiety,light_islamic,distant,139,0.423,positive,True
j_0000419,u_00188,2025-05-31 14:11:00,neutral,work,universal,,48,0.116,neutral,True
j_0000420,u_00188,2025-06-02 16:40:00,good,gratitude,light_islamic,,107,0.574,positive,True
j_0000421,u_00188,2025-06-20 18:49:00,grateful,habits,light_islamic,hurting,12,0.179,positive,True
j_0000422,u_00188,2025-06-29 19:00:00,good,purpose,light_islamic,at_peace,57,0.374,positive,True
j_0000423,u_00190,2025-05-14 11:19:00,neutral,confidence,light_islamic,,60,-0.02,neutral,True
j_0000424,u_00190,2025-05-20 19:41:00,good,anxiety,universal,at_peace,54,0.375,positive,True
j_0000425,u_00190,2025-05-24 17:18:00,grateful,gratitude,light_islamic,at_peace,63,0.293,positive,True
j_0000426,u_00190,2025-05-25 09:22:00,neutral,purpose,light_islamic,hurting,32,-0.289,negative,True
j_0000427,u_00190,2025-06-03 20:35:00,low,confidence,light_islamic,distant,63,-1.0,negative,True
j_0000428,u_00190,2025-06-10 21:24:00,low,burnout,deeper_faith,questioning,55,-0.191,negative,True
j_0000429,u_00195,2025-02-09 19:43:00,neutral,faith,deeper_faith,,45,0.1,neutral,True
j_0000430,u_00195,2025-02-14 07:27:00,neutral,faith,universal,at_peace,141,-0.229,negative,True
j_0000431,u_00195,2025-02-16 14:19:00,low,purpose,universal,hurting,94,-0.57,negative,True
j_0000432,u_00195,2025-02-18 07:16:00,neutral,work,universal,at_peace,74,-0.046,neutral,True
j_0000433,u_00195,2025-02-27 08:05:00,grateful,relationships,universal,questioning,346,0.917,positive,True
j_0000434,u_00196,2025-07-21 21:19:00,good,burnout,deeper_faith,,156,-0.063,neutral,True
j_0000435,u_00196,2025-07-22 21:21:00,neutral,faith,universal,,81,-0.111,neutral,True
j_0000436,u_00196,2025-07-23 14:31:00,very_low,confidence,universal,,69,-0.455,negative,True
j_0000437,u_00196,2025-07-30 21:32:00,neutral,relationships,light_islamic,distant,28,0.275,positive,True
j_0000438,u_00196,2025-08-06 07:32:00,low,habits,universal,at_peace,90,-0.576,negative,True
j_0000439,u_00200,2025-03-11 21:33:00,good,relationships,light_islamic,,30,0.137,neutral,True
j_0000440,u_00200,2025-03-25 15:34:00,neutral,self,universal,at_peace,97,-0.151,negative,True
j_0000441,u_00200,2025-04-05 18:05:00,good,purpose,light_islamic,distant,202,0.306,positive,True
j_0000442,u_00200,2025-04-09 13:14:00,neutral,anxiety,light_islamic,at_peace,80,0.146,neutral,True
j_0000443,u_00204,2025-07-13 11:10:00,neutral,habits,light_islamic,,34,-0.338,negative,True
j_0000444,u_00204,2025-07-15 11:58:00,neutral,faith,deeper_faith,,204,0.154,positive,True
j_0000445,u_00204,2025-07-25 09:05:00,low,relationships,light_islamic,at_peace,160,-0.405,negative,True
j_0000446,u_00204,2025-07-28 12:56:00,neutral,relationships,deeper_faith,distant,80,-0.057,neutral,True
j_0000447,u_00204,2025-08-05 17:02:00,good,gratitude,universal,at_peace,114,0.459,positive,True
j_0000448,u_00204,2025-08-06 15:14:00,good,burnout,light_islamic,distant,115,0.129,neutral,True
j_0000449,u_00205,2025-02-10 19:58:00,good,confidence,light_islamic,,27,0.282,positive,True
j_0000450,u_00205,2025-02-12 12:18:00,good,habits,universal,,88,0.519,positive,True
j_0000451,u_00205,2025-02-14 14:16:00,good,habits,universal,at_peace,194,0.49,positive,True
j_0000452,u_00205,2025-02-17 19:29:00,good,confidence,light_islamic,questioning,163,0.279,positive,True
j_0000453,u_00205,2025-03-03 14:11:00,neutral,burnout,universal,at_peace,52,0.408,positive,True
j_0000454,u_00205,2025-03-04 11:33:00,low,confidence,light_islamic,at_peace,166,-0.217,negative,True
j_0000455,u_00209,2025-12-14 20:07:00,low,self,universal,,79,-0.165,negative,True
j_0000456,u_00209,2025-12-21 21:30:00,low,anxiety,universal,at_peace,45,-0.152,negative,True
j_0000457,u_00209,2025-12-22 13:31:00,good,habits,light_islamic,at_peace,94,0.551,positive,True
j_0000458,u_00209,2025-12-24 13:40:00,good,anxiety,universal,at_peace,20,0.115,neutral,True
j_0000459,u_00209,2025-12-27 18:57:00,very_low,anxiety,universal,distant,143,-0.298,negative,True
j_0000460,u_00210,2025-05-06 15:59:00,neutral,habits,light_islamic,at_peace,55,0.077,neutral,True
j_0000461,u_00210,2025-05-19 09:52:00,neutral,burnout,light_islamic,at_peace,45,0.284,positive,True
j_0000462,u_00210,2025-05-26 18:05:00,neutral,relationships,universal,at_peace,41,0.102,neutral,True
j_0000463,u_00211,2025-04-26 20:27:00,neutral,confidence,universal,,86,-0.167,negative,True
j_0000464,u_00211,2025-05-03 11:30:00,good,gratitude,deeper_faith,at_peace,134,0.263,positive,True
j_0000465,u_00211,2025-05-05 09:45:00,grateful,confidence,universal,hurting,27,0.735,positive,True
j_0000466,u_00211,2025-05-12 09:37:00,good,confidence,universal,at_peace,247,0.406,positive,True
j_0000467,u_00211,2025-05-18 15:53:00,good,relationships,light_islamic,questioning,171,0.041,neutral,True
j_0000468,u_00211,2025-05-22 11:14:00,neutral,anxiety,light_islamic,at_peace,105,0.094,neutral,True
j_0000469,u_00213,2025-08-31 21:33:00,neutral,burnout,universal,,30,-0.353,negative,True
j_0000470,u_00213,2025-09-01 16:32:00,neutral,habits,light_islamic,,62,0.274,positive,True
j_0000471,u_00213,2025-09-15 17:42:00,good,anxiety,universal,distant,57,0.294,positive,True
j_0000472,u_00213,2025-09-25 10:48:00,grateful,habits,light_islamic,distant,44,0.349,positive,True
j_0000473,u_00215,2025-05-09 16:30:00,good,burnout,light_islamic,,108,0.25,positive,True
j_0000474,u_00215,2025-05-15 15:56:00,good,purpose,light_islamic,questioning,290,0.389,positive,True
j_0000475,u_00215,2025-06-02 12:47:00,neutral,anxiety,universal,at_peace,64,0.025,neutral,True
j_0000476,u_00216,2025-12-23 17:50:00,grateful,gratitude,universal,,76,0.461,positive,True
j_0000477,u_00216,2025-12-25 14:26:00,neutral,burnout,light_islamic,,82,-0.191,negative,True
j_0000478,u_00216,2025-12-28 08:44:00,neutral,self,universal,hurting,123,0.055,neutral,True
j_0000479,u_00216,2025-12-29 21:37:00,neutral,burnout,light_islamic,questioning,42,-0.226,negative,True
j_0000480,u_00216,2025-12-31 08:04:00,neutral,relationships,deeper_faith,at_peace,80,0.06,neutral,True
j_0000481,u_00216,2026-01-03 10:25:00,grateful,burnout,universal,questioning,137,0.667,positive,True
j_0000482,u_00216,2026-01-19 19:31:00,neutral,purpose,light_islamic,at_peace,197,-0.073,neutral,True
j_0000483,u_00218,2025-09-12 22:07:00,low,relationships,light_islamic,,22,-0.732,negative,True
j_0000484,u_00218,2025-09-29 12:36:00,low,work,light_islamic,at_peace,167,0.239,positive,True
j_0000485,u_00218,2025-10-12 19:29:00,neutral,work,light_islamic,at_peace,59,-0.049,neutral,True
j_0000486,u_00220,2025-11-26 21:52:00,grateful,burnout,light_islamic,,12,0.294,positive,True
j_0000487,u_00220,2025-11-29 20:27:00,good,work,deeper_faith,,124,0.117,neutral,True
j_0000488,u_00220,2025-11-30 13:27:00,very_low,confidence,universal,distant,65,-0.2,negative,True
j_0000489,u_00220,2025-12-10 18:21:00,grateful,anxiety,universal,at_peace,24,0.395,positive,True
j_0000490,u_00220,2025-12-13 18:14:00,neutral,faith,light_islamic,distant,45,-0.071,neutral,True
j_0000491,u_00220,2025-12-21 15:29:00,low,self,universal,questioning,39,-0.526,negative,True
j_0000492,u_00220,2025-12-26 22:08:00,good,relationships,universal,distant,89,0.017,neutral,True
j_0000493,u_00222,2025-01-30 07:29:00,good,relationships,universal,,47,0.067,neutral,True
j_0000494,u_00222,2025-02-06 10:55:00,good,habits,light_islamic,at_peace,54,0.306,positive,True
j_0000495,u_00222,2025-02-07 14:27:00,good,anxiety,light_islamic,questioning,56,0.16,positive,True
j_0000496,u_00222,2025-02-15 08:10:00,grateful,purpose,universal,hurting,39,0.253,positive,True
j_0000497,u_00222,2025-02-16 16:44:00,good,anxiety,light_islamic,questioning,50,0.582,positive,True
j_0000498,u_00224,2025-06-01 12:16:00,low,habits,universal,,119,-0.108,neutral,True
j_0000499,u_00224,2025-06-07 19:41:00,grateful,work,deeper_faith,at_peace,16,0.301,positive,True
j_0000500,u_00224,2025-06-20 10:24:00,neutral,confidence,light_islamic,distant,109,-0.006,neutral,True
j_0000501,u_00224,2025-06-24 13:28:00,good,faith,light_islamic,at_peace,46,0.525,positive,True
j_0000502,u_00227,2025-09-03 16:35:00,good,faith,deeper_faith,,183,0.194,positive,True
j_0000503,u_00227,2025-09-06 10:47:00,neutral,faith,deeper_faith,,102,0.209,positive,True
j_0000504,u_00227,2025-09-07 21:20:00,very_low,faith,universal,questioning,237,-0.603,negative,True
j_0000505,u_00227,2025-09-08 17:15:00,grateful,anxiety,universal,questioning,53,0.582,positive,True
j_0000506,u_00227,2025-09-13 15:20:00,very_low,burnout,universal,questioning,125,-0.691,negative,True
j_0000507,u_00227,2025-09-19 09:13:00,good,habits,light_islamic,hurting,28,0.179,positive,True
j_0000508,u_00228,2025-07-17 08:56:00,good,confidence,light_islamic,,25,-0.152,negative,True
j_0000509,u_00228,2025-07-22 19:14:00,grateful,habits,deeper_faith,at_peace,29,0.388,positive,True
j_0000510,u_00228,2025-07-25 13:39:00,neutral,work,deeper_faith,at_peace,70,-0.24,negative,True
j_0000511,u_00228,2025-07-27 20:32:00,neutral,habits,deeper_faith,distant,77,-0.211,negative,True
j_0000512,u_00228,2025-08-06 07:36:00,low,anxiety,deeper_faith,at_peace,188,-0.299,negative,True
j_0000513,u_00228,2025-08-11 19:22:00,neutral,habits,universal,distant,37,0.594,positive,True
j_0000514,u_00228,2025-08-13 10:58:00,good,relationships,light_islamic,hurting,42,0.251,positive,True
j_0000515,u_00231,2025-12-10 14:42:00,neutral,burnout,universal,,141,-0.167,negative,True
j_0000516,u_00231,2025-12-19 17:26:00,neutral,work,universal,distant,14,-0.107,neutral,True
j_0000517,u_00231,2025-12-21 18:01:00,very_low,work,light_islamic,at_peace,68,-0.641,negative,True
j_0000518,u_00231,2025-12-22 10:40:00,low,confidence,universal,hurting,71,-0.576,negative,True
j_0000519,u_00231,2025-12-24 16:45:00,good,relationships,universal,questioning,201,0.543,positive,True
j_0000520,u_00231,2025-12-25 18:24:00,neutral,confidence,deeper_faith,at_peace,102,0.431,positive,True
j_0000521,u_00231,2025-12-28 12:51:00,good,work,light_islamic,distant,24,0.099,neutral,True
j_0000522,u_00231,2025-12-29 16:01:00,neutral,relationships,universal,at_peace,86,0.246,positive,True
j_0000523,u_00231,2026-01-07 13:59:00,good,gratitude,universal,at_peace,101,-0.152,negative,True
j_0000524,u_00232,2025-01-01 11:41:00,grateful,self,light_islamic,,182,0.549,positive,True
j_0000525,u_00232,2025-01-06 09:44:00,low,anxiety,deeper_faith,at_peace,44,-0.275,negative,True
j_0000526,u_00232,2025-01-07 12:30:00,good,work,deeper_faith,questioning,30,0.119,neutral,True
j_0000527,u_00232,2025-01-09 20:12:00,neutral,gratitude,light_islamic,at_peace,131,-0.128,neutral,True
j_0000528,u_00232,2025-01-18 07:30:00,good,purpose,light_islamic,at_peace,73,0.629,positive,True
j_0000529,u_00232,2025-01-27 17:44:00,low,burnout,universal,distant,79,-0.171,negative,True
j_0000530,u_00234,2025-04-15 11:50:00,good,purpose,universal,,47,0.399,positive,True
j_0000531,u_00234,2025-04-18 13:35:00,good,habits,universal,,178,0.593,positive,True
j_0000532,u_00234,2025-04-19 10:13:00,good,burnout,light_islamic,distant,197,0.695,positive,True
j_0000533,u_00234,2025-04-25 18:55:00,very_low,faith,deeper_faith,at_peace,42,0.164,positive,True
j_0000534,u_00234,2025-04-26 21:09:00,low,purpose,universal,at_peace,240,-0.615,negative,True
j_0000535,u_00234,2025-04-28 12:18:00,grateful,work,universal,questioning,92,0.391,positive,True
j_0000536,u_00234,2025-05-02 14:05:00,low,gratitude,light_islamic,at_peace,48,-0.616,negative,True
j_0000537,u_00234,2025-05-05 15:47:00,grateful,relationships,deeper_faith,questioning,39,0.253,positive,True
j_0000538,u_00234,2025-05-08 14:47:00,good,burnout,light_islamic,at_peace,50,0.365,positive,True
j_0000539,u_00235,2025-02-04 15:13:00,good,work,light_islamic,,82,0.143,neutral,True
j_0000540,u_00235,2025-02-06 07:56:00,good,work,universal,,73,0.276,positive,True
j_0000541,u_00235,2025-02-07 10:39:00,good,faith,light_islamic,,38,0.304,positive,True
j_0000542,u_00235,2025-02-08 13:00:00,grateful,anxiety,universal,at_peace,50,0.368,positive,True
j_0000543,u_00235,2025-02-10 14:15:00,very_low,anxiety,light_islamic,distant,40,-0.557,negative,True
j_0000544,u_00235,2025-02-17 21:40:00,neutral,self,universal,at_peace,126,-0.225,negative,True
j_0000545,u_00235,2025-02-18 07:22:00,neutral,faith,light_islamic,distant,124,0.201,positive,True
j_0000546,u_00235,2025-03-05 08:53:00,grateful,relationships,light_islamic,at_peace,32,0.862,positive,True
j_0000547,u_00237,2025-09-24 13:12:00,good,relationships,deeper_faith,at_peace,70,-0.01,neutral,True
j_0000548,u_00237,2025-09-25 10:16:00,low,faith,universal,at_peace,40,-0.187,negative,True
j_0000549,u_00237,2025-10-05 18:16:00,good,gratitude,universal,questioning,300,0.255,positive,True
j_0000550,u_00238,2025-03-26 09:33:00,good,relationships,universal,,127,0.368,positive,True
j_0000551,u_00238,2025-04-11 07:52:00,low,habits,light_islamic,at_peace,25,-0.344,negative,True
j_0000552,u_00238,2025-04-13 07:29:00,low,confidence,light_islamic,questioning,73,-0.297,negative,True
j_0000553,u_00241,2025-07-05 09:05:00,very_low,anxiety,light_islamic,,31,-0.264,negative,True
j_0000554,u_00241,2025-07-09 08:26:00,low,gratitude,light_islamic,questioning,105,0.359,positive,True
j_0000555,u_00241,2025-07-13 18:33:00,neutral,confidence,deeper_faith,questioning,122,-0.04,neutral,True
j_0000556,u_00241,2025-07-14 13:44:00,neutral,habits,light_islamic,at_peace,88,0.105,neutral,True
j_0000557,u_00241,2025-07-15 07:17:00,grateful,confidence,universal,questioning,105,0.949,positive,True
j_0000558,u_00241,2025-07-16 10:35:00,good,work,deeper_faith,hurting,52,0.108,neutral,True
j_0000559,u_00241,2025-07-20 12:37:00,good,work,universal,questioning,67,-0.048,neutral,True
j_0000560,u_00241,2025-07-23 21:38:00,grateful,habits,universal,hurting,99,0.54,positive,True
j_0000561,u_00241,2025-08-04 21:09:00,grateful,gratitude,light_islamic,at_peace,136,0.801,positive,True
j_0000562,u_00242,2025-08-15 21:43:00,good,relationships,light_islamic,,90,0.015,neutral,True
j_0000563,u_00242,2025-08-21 19:03:00,neutral,purpose,light_islamic,at_peace,145,-0.389,negative,True
j_0000564,u_00242,2025-08-29 10:43:00,very_low,burnout,light_islamic,distant,68,-0.53,negative,True
j_0000565,u_00242,2025-08-30 12:25:00,neutral,work,universal,questioning,188,-0.032,neutral,True
j_0000566,u_00242,2025-08-31 14:21:00,good,faith,deeper_faith,at_peace,86,0.038,neutral,True
j_0000567,u_00242,2025-09-02 13:31:00,good,work,universal,distant,43,0.133,neutral,True
j_0000568,u_00242,2025-09-03 12:47:00,neutral,purpose,universal,at_peace,122,-0.178,negative,True
j_0000569,u_00242,2025-09-04 17:27:00,grateful,anxiety,light_islamic,questioning,35,0.497,positive,True
j_0000570,u_00242,2025-09-09 18:18:00,good,burnout,light_islamic,distant,50,0.314,positive,True
j_0000571,u_00246,2025-06-01 07:57:00,good,work,universal,,36,0.563,positive,True
j_0000572,u_00246,2025-06-03 09:31:00,grateful,anxiety,universal,,96,0.235,positive,True
j_0000573,u_00246,2025-06-08 15:56:00,good,habits,universal,at_peace,43,0.693,positive,True
j_0000574,u_00246,2025-06-22 09:39:00,grateful,work,light_islamic,distant,34,0.504,positive,True
j_0000575,u_00247,2025-01-06 12:10:00,good,confidence,universal,,47,-0.186,negative,True
j_0000576,u_00247,2025-01-13 16:33:00,good,confidence,deeper_faith,hurting,44,-0.103,neutral,True
j_0000577,u_00247,2025-01-18 11:21:00,good,habits,universal,distant,26,0.423,positive,True
j_0000578,u_00247,2025-01-27 07:38:00,very_low,anxiety,universal,at_peace,65,-0.101,neutral,True
j_0000579,u_00247,2025-01-28 09:00:00,low,anxiety,deeper_faith,distant,42,-0.27,negative,True
j_0000580,u_00247,2025-02-05 20:28:00,good,faith,light_islamic,questioning,40,-0.058,neutral,True
j_0000581,u_00248,2025-07-03 16:30:00,very_low,confidence,universal,,47,-0.921,negative,True
j_0000582,u_00248,2025-07-07 20:05:00,low,faith,light_islamic,at_peace,94,-0.239,negative,True
j_0000583,u_00248,2025-07-08 13:23:00,good,work,light_islamic,at_peace,86,0.499,positive,True
j_0000584,u_00248,2025-07-09 22:10:00,good,confidence,universal,at_peace,27,-0.119,neutral,True
j_0000585,u_00248,2025-07-12 07:57:00,low,relationships,universal,questioning,33,0.008,neutral,True
j_0000586,u_00248,2025-07-26 17:29:00,grateful,burnout,universal,distant,21,0.747,positive,True
j_0000587,u_00254,2025-11-30 15:37:00,good,confidence,light_islamic,,57,0.525,positive,True
j_0000588,u_00254,2025-12-04 09:08:00,very_low,habits,universal,at_peace,18,-0.367,negative,True
j_0000589,u_00254,2025-12-05 07:45:00,grateful,habits,light_islamic,distant,39,0.462,positive,True
j_0000590,u_00254,2025-12-15 16:36:00,good,work,universal,questioning,77,0.263,positive,True
j_0000591,u_00254,2025-12-20 17:39:00,low,confidence,universal,questioning,20,-0.516,negative,True
j_0000592,u_00257,2025-02-05 13:06:00,very_low,relationships,universal,,78,-0.777,negative,True
j_0000593,u_00257,2025-02-09 09:22:00,very_low,purpose,universal,at_peace,16,-0.341,negative,True
j_0000594,u_00257,2025-02-12 11:57:00,grateful,self,deeper_faith,distant,104,0.644,positive,True
j_0000595,u_00257,2025-02-13 13:53:00,good,purpose,light_islamic,at_peace,115,0.286,positive,True
j_0000596,u_00257,2025-02-18 16:12:00,good,faith,universal,at_peace,64,0.344,positive,True
j_0000597,u_00257,2025-02-27 18:44:00,good,self,universal,at_peace,59,0.223,positive,True
j_0000598,u_00257,2025-03-03 15:44:00,neutral,gratitude,deeper_faith,questioning,39,0.208,positive,True
j_0000599,u_00257,2025-03-05 14:41:00,good,faith,universal,distant,86,0.369,positive,True
j_0000600,u_00257,2025-03-06 08:58:00,good,self,universal,questioning,29,0.591,positive,True
j_0000601,u_00258,2025-12-20 08:19:00,grateful,self,universal,at_peace,76,0.561,positive,True
j_0000602,u_00258,2025-12-27 07:22:00,good,gratitude,light_islamic,distant,60,0.342,positive,True
j_0000603,u_00258,2025-12-28 09:10:00,grateful,anxiety,light_islamic,at_peace,40,0.323,positive,True
j_0000604,u_00260,2025-10-14 13:06:00,low,self,light_islamic,,78,-0.192,negative,True
j_0000605,u_00260,2025-10-25 07:43:00,low,faith,light_islamic,at_peace,123,0.088,neutral,True
j_0000606,u_00261,2025-06-26 13:35:00,neutral,work,universal,distant,124,0.117,neutral,True
j_0000607,u_00261,2025-06-28 09:55:00,good,anxiety,light_islamic,at_peace,114,0.505,positive,True
j_0000608,u_00261,2025-07-07 12:30:00,neutral,confidence,universal,distant,236,-0.198,negative,True
j_0000609,u_00261,2025-07-20 10:46:00,low,gratitude,light_islamic,at_peace,96,-0.033,neutral,True
j_0000610,u_00261,2025-07-21 12:15:00,good,faith,deeper_faith,distant,66,0.221,positive,True
j_0000611,u_00263,2025-09-21 15:10:00,very_low,self,light_islamic,,55,-0.532,negative,True
j_0000612,u_00263,2025-09-22 11:42:00,neutral,relationships,light_islamic,,72,-0.268,negative,True
j_0000613,u_00263,2025-10-15 07:32:00,grateful,gratitude,light_islamic,hurting,21,0.544,positive,True
j_0000614,u_00263,2025-10-16 11:05:00,neutral,habits,deeper_faith,hurting,96,0.075,neutral,True
j_0000615,u_00263,2025-10-17 07:39:00,low,confidence,light_islamic,at_peace,32,0.098,neutral,True
j_0000616,u_00263,2025-10-20 16:31:00,good,anxiety,universal,questioning,91,0.009,neutral,True
j_0000617,u_00266,2025-11-09 14:07:00,good,habits,universal,,130,0.002,neutral,True
j_0000618,u_00266,2025-11-25 17:01:00,neutral,relationships,universal,questioning,65,-0.078,neutral,True
j_0000619,u_00266,2025-11-29 13:41:00,good,faith,universal,questioning,187,0.164,positive,True
j_0000620,u_00266,2025-12-04 10:56:00,low,burnout,universal,distant,61,-0.32,negative,True
j_0000621,u_00270,2025-09-04 16:10:00,low,anxiety,universal,at_peace,71,-0.383,negative,True
j_0000622,u_00270,2025-09-06 14:55:00,neutral,burnout,deeper_faith,at_peace,201,-0.089,neutral,True
j_0000623,u_00270,2025-09-11 10:34:00,good,habits,universal,at_peace,63,0.182,positive,True
j_0000624,u_00270,2025-09-17 08:41:00,neutral,habits,universal,at_peace,77,0.087,neutral,True
j_0000625,u_00270,2025-09-19 14:08:00,good,purpose,universal,distant,72,0.391,positive,True
j_0000626,u_00270,2025-09-28 16:21:00,very_low,habits,universal,at_peace,98,-0.535,negative,True
j_0000627,u_00274,2025-12-16 16:38:00,low,anxiety,light_islamic,,21,-0.19,negative,True
j_0000628,u_00274,2025-12-18 07:54:00,good,relationships,universal,,58,0.057,neutral,True
j_0000629,u_00274,2025-12-21 07:42:00,grateful,self,light_islamic,questioning,48,0.253,positive,True
j_0000630,u_00274,2026-01-06 16:03:00,good,gratitude,deeper_faith,questioning,56,0.349,positive,True
j_0000631,u_00274,2026-01-11 09:19:00,good,relationships,universal,questioning,24,0.344,positive,True
j_0000632,u_00277,2025-04-02 09:39:00,grateful,relationships,universal,,37,0.798,positive,True
j_0000633,u_00277,2025-04-04 09:55:00,neutral,relationships,universal,,92,0.137,neutral,True
j_0000634,u_00277,2025-04-22 17:42:00,neutral,burnout,universal,questioning,50,-0.183,negative,True
j_0000635,u_00277,2025-04-27 09:49:00,low,anxiety,universal,questioning,76,-0.56,negative,True
j_0000636,u_00282,2025-09-11 08:40:00,grateful,habits,universal,,95,0.517,positive,True
j_0000637,u_00282,2025-09-13 20:14:00,good,confidence,universal,,103,0.005,neutral,True
j_0000638,u_00282,2025-09-17 12:16:00,neutral,faith,universal,questioning,231,-0.276,negative,True
j_0000639,u_00282,2025-10-07 09:49:00,good,anxiety,universal,distant,27,0.122,neutral,True
j_0000640,u_00282,2025-10-08 16:09:00,good,relationships,light_islamic,hurting,21,0.466,positive,True
j_0000641,u_00282,2025-10-11 10:40:00,very_low,faith,light_islamic,at_peace,62,-0.616,negative,True
j_0000642,u_00286,2025-02-28 18:41:00,grateful,burnout,deeper_faith,,38,1.0,positive,True
j_0000643,u_00286,2025-03-02 09:00:00,grateful,relationships,light_islamic,,281,-0.135,neutral,True
j_0000644,u_00286,2025-03-05 20:59:00,good,burnout,universal,distant,36,0.226,positive,True
j_0000645,u_00286,2025-03-14 15:09:00,low,self,universal,distant,43,-0.063,neutral,True
j_0000646,u_00286,2025-03-18 09:45:00,good,purpose,light_islamic,at_peace,69,0.069,neutral,True
j_0000647,u_00286,2025-03-25 13:17:00,neutral,habits,universal,hurting,137,0.357,positive,True
j_0000648,u_00288,2025-02-10 21:37:00,low,purpose,light_islamic,,40,-0.471,negative,True
j_0000649,u_00288,2025-02-20 10:10:00,low,self,light_islamic,distant,47,-0.217,negative,True
j_0000650,u_00288,2025-02-21 18:09:00,neutral,anxiety,light_islamic,distant,47,-0.079,neutral,True
j_0000651,u_00288,2025-02-24 19:20:00,good,self,light_islamic,at_peace,50,0.434,positive,True
j_0000652,u_00288,2025-02-27 20:39:00,very_low,confidence,universal,at_peace,16,-0.892,negative,True
j_0000653,u_00288,2025-03-03 08:15:00,good,relationships,light_islamic,at_peace,65,0.61,positive,True
j_0000654,u_00288,2025-03-06 19:30:00,low,work,light_islamic,distant,48,-0.154,negative,True
j_0000655,u_00289,2025-07-23 16:51:00,neutral,habits,universal,,44,0.369,positive,True
j_0000656,u_00289,2025-07-30 07:39:00,neutral,anxiety,light_islamic,questioning,82,-0.308,negative,True
j_0000657,u_00289,2025-08-08 10:45:00,good,faith,light_islamic,hurting,110,0.031,neutral,True
j_0000658,u_00289,2025-08-12 14:23:00,neutral,gratitude,light_islamic,at_peace,83,-0.05,neutral,True
j_0000659,u_00289,2025-08-22 22:15:00,low,habits,universal,hurting,120,-0.327,negative,True
j_0000660,u_00290,2025-03-24 17:40:00,good,work,universal,,26,0.249,positive,True
j_0000661,u_00290,2025-03-26 08:12:00,good,gratitude,light_islamic,,76,0.333,positive,True
j_0000662,u_00290,2025-03-28 07:55:00,very_low,purpose,deeper_faith,at_peace,43,-0.107,neutral,True
j_0000663,u_00290,2025-03-29 09:31:00,neutral,burnout,deeper_faith,at_peace,109,-0.172,negative,True
j_0000664,u_00290,2025-04-17 10:16:00,neutral,confidence,universal,at_peace,95,0.099,neutral,True
j_0000665,u_00292,2025-08-26 12:45:00,good,purpose,deeper_faith,,87,0.649,positive,True
j_0000666,u_00292,2025-08-29 20:55:00,good,burnout,universal,,77,0.43,positive,True
j_0000667,u_00292,2025-09-15 19:42:00,very_low,work,light_islamic,at_peace,197,-0.525,negative,True
j_0000668,u_00293,2025-08-02 14:34:00,good,gratitude,light_islamic,,145,0.429,positive,True
j_0000669,u_00293,2025-09-01 12:47:00,neutral,faith,universal,questioning,110,0.429,positive,True
j_0000670,u_00294,2025-09-27 14:04:00,grateful,burnout,light_islamic,,82,-0.293,negative,True
j_0000671,u_00294,2025-09-28 08:25:00,good,self,universal,,61,-0.098,neutral,True
j_0000672,u_00294,2025-09-29 19:01:00,good,burnout,universal,,65,0.212,positive,True
j_0000673,u_00294,2025-09-30 18:02:00,good,habits,universal,,25,0.028,neutral,True
j_0000674,u_00294,2025-10-07 17:42:00,good,habits,universal,distant,26,0.069,neutral,True
j_0000675,u_00294,2025-10-08 18:39:00,grateful,faith,light_islamic,at_peace,114,0.543,positive,True
j_0000676,u_00294,2025-10-09 21:15:00,good,faith,universal,distant,28,0.63,positive,True
j_0000677,u_00294,2025-10-10 13:35:00,neutral,faith,universal,questioning,79,0.048,neutral,True
j_0000678,u_00294,2025-10-13 21:06:00,neutral,purpose,universal,at_peace,99,-0.045,neutral,True
j_0000679,u_00294,2025-10-16 13:39:00,good,confidence,light_islamic,at_peace,36,0.418,positive,True
j_0000680,u_00294,2025-10-19 19:39:00,neutral,anxiety,light_islamic,at_peace,25,0.194,positive,True
j_0000681,u_00294,2025-10-21 13:21:00,low,confidence,universal,questioning,34,-0.787,negative,True
j_0000682,u_00296,2025-06-07 07:31:00,very_low,self,light_islamic,at_peace,50,-0.349,negative,True
j_0000683,u_00296,2025-06-08 20:29:00,neutral,confidence,light_islamic,at_peace,69,0.135,neutral,True
j_0000684,u_00296,2025-06-19 18:44:00,grateful,purpose,deeper_faith,at_peace,80,0.915,positive,True
j_0000685,u_00296,2025-06-21 12:35:00,neutral,work,light_islamic,at_peace,44,0.157,positive,True
j_0000686,u_00296,2025-06-28 10:45:00,grateful,confidence,light_islamic,at_peace,92,0.191,positive,True
j_0000687,u_00299,2025-10-23 08:44:00,good,work,universal,,50,0.505,positive,True
j_0000688,u_00299,2025-10-24 18:47:00,low,burnout,universal,,33,-0.473,negative,True
j_0000689,u_00299,2025-10-26 14:45:00,good,burnout,light_islamic,,109,0.106,neutral,True
j_0000690,u_00299,2025-10-28 21:37:00,grateful,burnout,universal,questioning,62,0.471,positive,True
j_0000691,u_00299,2025-10-29 14:29:00,neutral,burnout,deeper_faith,questioning,42,0.166,positive,True
j_0000692,u_00299,2025-11-03 19:51:00,good,gratitude,deeper_faith,at_peace,67,0.388,positive,True
j_0000693,u_00299,2025-11-05 18:15:00,good,purpose,deeper_faith,questioning,48,0.272,positive,True
j_0000694,u_00299,2025-11-11 19:18:00,grateful,burnout,deeper_faith,at_peace,92,0.977,positive,True
j_0000695,u_00299,2025-11-12 15:44:00,low,purpose,light_islamic,at_peace,27,-0.362,negative,True
j_0000696,u_00299,2025-11-15 14:32:00,good,self,universal,at_peace,90,0.058,neutral,True
j_0000697,u_00302,2025-01-10 07:24:00,good,work,light_islamic,,60,0.152,positive,True
j_0000698,u_00302,2025-01-22 13:17:00,good,self,universal,at_peace,202,0.244,positive,True
j_0000699,u_00302,2025-01-23 13:09:00,very_low,self,universal,at_peace,30,-0.835,negative,True
j_0000700,u_00302,2025-01-29 19:31:00,neutral,work,universal,distant,53,0.193,positive,True
j_0000701,u_00302,2025-01-30 21:30:00,grateful,relationships,universal,at_peace,28,0.704,positive,True
j_0000702,u_00303,2025-09-20 12:59:00,neutral,relationships,light_islamic,,31,0.204,positive,True
j_0000703,u_00303,2025-09-27 15:58:00,neutral,purpose,universal,at_peace,100,-0.218,negative,True
j_0000704,u_00304,2025-12-04 07:31:00,neutral,habits,light_islamic,,114,0.149,neutral,True
j_0000705,u_00304,2025-12-13 17:22:00,good,burnout,universal,distant,172,0.429,positive,True
j_0000706,u_00304,2025-12-14 17:46:00,low,confidence,universal,at_peace,77,-0.611,negative,True
j_0000707,u_00304,2025-12-15 12:26:00,neutral,gratitude,universal,at_peace,120,0.085,neutral,True
j_0000708,u_00304,2025-12-16 13:36:00,neutral,faith,universal,questioning,56,0.071,neutral,True
j_0000709,u_00305,2025-06-07 09:23:00,good,self,deeper_faith,,97,-0.321,negative,True
j_0000710,u_00305,2025-06-12 09:49:00,good,burnout,deeper_faith,at_peace,77,0.346,positive,True
j_0000711,u_00305,2025-06-13 16:11:00,good,habits,universal,at_peace,118,-0.076,neutral,True
j_0000712,u_00305,2025-06-15 19:05:00,good,relationships,universal,at_peace,172,0.422,positive,True
j_0000713,u_00305,2025-06-17 08:09:00,good,relationships,universal,questioning,162,0.502,positive,True
j_0000714,u_00305,2025-06-30 18:19:00,neutral,relationships,light_islamic,distant,45,0.06,neutral,True
j_0000715,u_00306,2025-07-07 08:43:00,neutral,work,light_islamic,,92,-0.078,neutral,True
j_0000716,u_00306,2025-07-09 20:52:00,good,habits,light_islamic,,72,0.234,positive,True
j_0000717,u_00306,2025-07-11 19:14:00,neutral,work,deeper_faith,at_peace,25,-0.194,negative,True
j_0000718,u_00306,2025-07-12 20:18:00,neutral,gratitude,universal,hurting,43,-0.013,neutral,True
j_0000719,u_00306,2025-07-23 08:11:00,low,purpose,light_islamic,at_peace,60,-0.304,negative,True
j_0000720,u_00306,2025-07-29 08:36:00,good,burnout,light_islamic,at_peace,166,0.028,neutral,True
j_0000721,u_00314,2025-06-07 14:59:00,neutral,gratitude,universal,,45,0.506,positive,True
j_0000722,u_00314,2025-06-11 11:09:00,very_low,gratitude,light_islamic,distant,93,-0.598,negative,True
j_0000723,u_00314,2025-06-16 21:21:00,grateful,confidence,universal,at_peace,26,-0.189,negative,True
j_0000724,u_00314,2025-06-30 14:12:00,good,relationships,universal,questioning,237,0.24,positive,True
j_0000725,u_00314,2025-07-06 18:30:00,neutral,purpose,universal,at_peace,162,0.303,positive,True
j_0000726,u_00317,2025-08-24 08:33:00,good,faith,light_islamic,,36,0.194,positive,True
j_0000727,u_00317,2025-08-25 10:00:00,good,burnout,deeper_faith,,29,0.264,positive,True
j_0000728,u_00317,2025-08-30 21:27:00,good,work,deeper_faith,questioning,28,-0.142,neutral,True
j_0000729,u_00317,2025-09-04 15:47:00,good,purpose,light_islamic,questioning,12,0.41,positive,True
j_0000730,u_00317,2025-09-10 17:00:00,grateful,anxiety,light_islamic,distant,71,0.763,positive,True
j_0000731,u_00317,2025-09-12 20:57:00,low,relationships,light_islamic,hurting,46,-0.413,negative,True
j_0000732,u_00318,2025-09-11 13:04:00,grateful,gratitude,universal,,123,0.324,positive,True
j_0000733,u_00318,2025-09-17 19:12:00,good,faith,universal,distant,145,0.398,positive,True
j_0000734,u_00318,2025-09-18 21:24:00,good,anxiety,light_islamic,at_peace,79,0.48,positive,True
j_0000735,u_00318,2025-09-22 17:17:00,good,habits,light_islamic,at_peace,37,0.511,positive,True
j_0000736,u_00318,2025-09-28 09:13:00,good,confidence,universal,at_peace,155,0.314,positive,True
j_0000737,u_00319,2025-11-02 21:35:00,good,work,deeper_faith,,418,0.521,positive,True
j_0000738,u_00319,2025-11-05 14:17:00,good,burnout,deeper_faith,,59,0.295,positive,True
j_0000739,u_00319,2025-11-13 21:45:00,grateful,anxiety,universal,at_peace,60,0.634,positive,True
j_0000740,u_00319,2025-11-24 21:47:00,neutral,self,universal,questioning,37,0.114,neutral,True
j_0000741,u_00319,2025-11-25 11:27:00,good,habits,deeper_faith,at_peace,75,-0.103,neutral,True
j_0000742,u_00319,2025-11-27 19:15:00,grateful,confidence,universal,at_peace,81,0.758,positive,True
j_0000743,u_00319,2025-11-29 09:40:00,very_low,confidence,light_islamic,distant,29,-0.603,negative,True
j_0000744,u_00321,2025-04-05 17:35:00,grateful,anxiety,light_islamic,,237,0.438,positive,True
j_0000745,u_00321,2025-04-07 14:28:00,good,anxiety,light_islamic,,108,0.184,positive,True
j_0000746,u_00321,2025-04-10 15:09:00,very_low,work,light_islamic,at_peace,142,-0.938,negative,True
j_0000747,u_00321,2025-04-14 09:07:00,good,anxiety,deeper_faith,questioning,49,-0.043,neutral,True
j_0000748,u_00321,2025-04-17 22:14:00,neutral,burnout,universal,hurting,25,-0.309,negative,True
j_0000749,u_00321,2025-04-27 19:15:00,good,confidence,light_islamic,distant,28,-0.041,neutral,True
j_0000750,u_00321,2025-04-30 10:58:00,good,gratitude,light_islamic,at_peace,41,0.349,positive,True
j_0000751,u_00321,2025-05-02 14:35:00,good,relationships,universal,questioning,149,0.228,positive,True
j_0000752,u_00321,2025-05-05 15:39:00,neutral,burnout,universal,at_peace,103,0.012,neutral,True
j_0000753,u_00322,2025-05-13 18:57:00,grateful,relationships,deeper_faith,hurting,73,0.926,positive,True
j_0000754,u_00322,2025-05-17 07:21:00,grateful,self,light_islamic,distant,34,0.236,positive,True
j_0000755,u_00322,2025-05-28 19:12:00,neutral,habits,light_islamic,at_peace,64,-0.07,neutral,True
j_0000756,u_00322,2025-06-01 21:02:00,low,work,light_islamic,at_peace,114,-0.221,negative,True
j_0000757,u_00322,2025-06-05 07:37:00,very_low,confidence,light_islamic,at_peace,46,-0.721,negative,True
j_0000758,u_00324,2025-06-11 13:03:00,good,relationships,deeper_faith,,76,0.113,neutral,True
j_0000759,u_00324,2025-06-16 17:07:00,low,purpose,universal,at_peace,167,-0.855,negative,True
j_0000760,u_00324,2025-06-19 14:51:00,good,anxiety,deeper_faith,at_peace,57,0.412,positive,True
j_0000761,u_00324,2025-06-26 16:46:00,neutral,burnout,universal,at_peace,123,-0.081,neutral,True
j_0000762,u_00324,2025-06-27 11:37:00,neutral,burnout,light_islamic,at_peace,100,0.255,positive,True
j_0000763,u_00324,2025-07-04 15:43:00,good,confidence,light_islamic,hurting,276,0.326,positive,True
j_0000764,u_00325,2025-06-26 16:08:00,very_low,habits,light_islamic,,58,-0.484,negative,True
j_0000765,u_00325,2025-06-27 21:38:00,very_low,purpose,deeper_faith,,101,-0.837,negative,True
j_0000766,u_00325,2025-06-29 19:06:00,neutral,gratitude,universal,,83,0.023,neutral,True
j_0000767,u_00325,2025-07-02 09:16:00,neutral,anxiety,universal,distant,101,0.61,positive,True
j_0000768,u_00325,2025-07-06 16:14:00,very_low,confidence,universal,at_peace,78,-0.591,negative,True
j_0000769,u_00325,2025-07-08 08:07:00,low,burnout,universal,distant,61,-0.353,negative,True
j_0000770,u_00325,2025-07-14 21:41:00,low,habits,universal,at_peace,59,-0.129,neutral,True
j_0000771,u_00325,2025-07-25 19:25:00,neutral,confidence,light_islamic,questioning,92,-0.073,neutral,True
j_0000772,u_00325,2025-07-26 07:29:00,neutral,gratitude,light_islamic,hurting,18,-0.316,negative,True
j_0000773,u_00329,2025-04-18 21:41:00,neutral,self,light_islamic,,61,0.239,positive,True
j_0000774,u_00329,2025-04-20 17:14:00,good,faith,light_islamic,,47,0.703,positive,True
j_0000775,u_00329,2025-04-24 14:16:00,low,burnout,universal,at_peace,27,-0.998,negative,True
j_0000776,u_00329,2025-04-29 08:41:00,good,gratitude,light_islamic,distant,80,0.119,neutral,True
j_0000777,u_00329,2025-05-01 17:36:00,low,work,light_islamic,questioning,59,-0.359,negative,True
j_0000778,u_00329,2025-05-04 11:38:00,good,faith,light_islamic,distant,285,0.14,neutral,True
j_0000779,u_00329,2025-05-07 10:14:00,good,burnout,universal,at_peace,100,0.239,positive,True
j_0000780,u_00329,2025-05-11 14:05:00,grateful,self,light_islamic,at_peace,137,0.346,positive,True
j_0000781,u_00329,2025-05-17 14:04:00,good,anxiety,light_islamic,questioning,33,0.452,positive,True
j_0000782,u_00331,2025-01-24 22:00:00,grateful,self,universal,at_peace,171,0.405,positive,True
j_0000783,u_00331,2025-01-26 09:26:00,good,confidence,universal,at_peace,73,0.162,positive,True
j_0000784,u_00331,2025-01-30 08:03:00,neutral,gratitude,universal,hurting,32,0.14,neutral,True
j_0000785,u_00331,2025-02-07 17:11:00,very_low,work,universal,questioning,38,-0.811,negative,True
j_0000786,u_00331,2025-02-15 12:13:00,good,burnout,deeper_faith,questioning,39,0.149,neutral,True
j_0000787,u_00332,2025-02-07 08:27:00,neutral,confidence,universal,,92,-0.28,negative,True
j_0000788,u_00332,2025-02-11 10:38:00,neutral,work,light_islamic,distant,20,-0.194,negative,True
j_0000789,u_00332,2025-02-13 21:03:00,good,burnout,universal,questioning,54,0.392,positive,True
j_0000790,u_00332,2025-02-18 07:33:00,grateful,burnout,deeper_faith,at_peace,46,0.21,positive,True
j_0000791,u_00332,2025-02-20 12:20:00,neutral,work,universal,at_peace,76,-0.336,negative,True
j_0000792,u_00332,2025-02-21 20:58:00,neutral,work,universal,at_peace,209,-0.207,negative,True
j_0000793,u_00332,2025-02-22 21:26:00,good,habits,deeper_faith,at_peace,39,0.3,positive,True
j_0000794,u_00332,2025-03-01 20:01:00,neutral,faith,universal,distant,42,-0.115,neutral,True
j_0000795,u_00332,2025-03-03 07:38:00,neutral,faith,light_islamic,questioning,38,-0.332,negative,True
j_0000796,u_00332,2025-03-04 10:36:00,neutral,work,deeper_faith,at_peace,52,-0.247,negative,True
j_0000797,u_00335,2025-05-09 07:58:00,very_low,faith,deeper_faith,,113,-0.255,negative,True
j_0000798,u_00335,2025-05-11 14:43:00,good,faith,universal,,171,0.128,neutral,True
j_0000799,u_00335,2025-05-12 10:07:00,low,anxiety,light_islamic,at_peace,61,-0.418,negative,True
j_0000800,u_00335,2025-05-16 07:19:00,good,habits,universal,hurting,23,0.178,positive,True
j_0000801,u_00335,2025-05-22 17:16:00,low,gratitude,universal,at_peace,81,-0.406,negative,True
j_0000802,u_00336,2025-05-10 16:40:00,good,self,universal,,55,0.346,positive,True
j_0000803,u_00336,2025-05-15 07:51:00,good,work,universal,at_peace,94,0.493,positive,True
j_0000804,u_00336,2025-05-18 11:46:00,neutral,self,light_islamic,distant,122,-0.204,negative,True
j_0000805,u_00336,2025-05-20 20:43:00,neutral,burnout,universal,at_peace,126,0.024,neutral,True
j_0000806,u_00336,2025-05-21 20:02:00,very_low,anxiety,universal,questioning,60,-0.723,negative,True
j_0000807,u_00336,2025-05-22 08:41:00,good,relationships,universal,at_peace,55,0.638,positive,True
j_0000808,u_00336,2025-05-23 18:05:00,grateful,relationships,universal,at_peace,160,0.365,positive,True
j_0000809,u_00336,2025-05-24 22:05:00,low,self,universal,distant,130,-0.132,neutral,True
j_0000810,u_00336,2025-05-26 09:39:00,grateful,confidence,universal,at_peace,155,0.445,positive,True
j_0000811,u_00336,2025-05-31 09:29:00,good,self,light_islamic,questioning,24,-0.107,neutral,True
j_0000812,u_00336,2025-06-06 22:17:00,good,burnout,light_islamic,at_peace,51,0.539,positive,True
j_0000813,u_00338,2025-08-25 16:27:00,good,gratitude,light_islamic,,126,0.577,positive,True
j_0000814,u_00338,2025-09-02 16:16:00,very_low,confidence,light_islamic,distant,215,-0.106,neutral,True
j_0000815,u_00338,2025-09-03 14:58:00,neutral,faith,deeper_faith,at_peace,40,-0.38,negative,True
j_0000816,u_00338,2025-09-06 13:57:00,grateful,purpose,deeper_faith,at_peace,48,0.817,positive,True
j_0000817,u_00338,2025-09-08 13:01:00,grateful,purpose,deeper_faith,at_peace,57,-0.068,neutral,True
j_0000818,u_00338,2025-09-15 21:01:00,grateful,confidence,universal,questioning,71,0.593,positive,True
j_0000819,u_00340,2025-09-05 15:08:00,good,faith,deeper_faith,,93,0.135,neutral,True
j_0000820,u_00340,2025-09-12 17:19:00,neutral,relationships,light_islamic,hurting,27,0.119,neutral,True
j_0000821,u_00340,2025-09-15 21:59:00,very_low,habits,deeper_faith,at_peace,137,-0.64,negative,True
j_0000822,u_00340,2025-09-21 19:42:00,good,self,universal,at_peace,79,0.057,neutral,True
j_0000823,u_00340,2025-09-26 18:53:00,neutral,purpose,universal,questioning,30,-0.162,negative,True
j_0000824,u_00340,2025-09-28 15:35:00,neutral,faith,light_islamic,questioning,88,0.043,neutral,True
j_0000825,u_00341,2025-09-29 14:33:00,low,purpose,light_islamic,,85,-0.804,negative,True
j_0000826,u_00341,2025-10-03 14:20:00,good,relationships,universal,distant,59,0.473,positive,True
j_0000827,u_00341,2025-10-04 09:40:00,very_low,faith,light_islamic,questioning,33,-0.667,negative,True
j_0000828,u_00341,2025-10-07 11:42:00,neutral,confidence,universal,at_peace,41,0.234,positive,True
j_0000829,u_00341,2025-10-11 12:23:00,good,gratitude,light_islamic,distant,101,-0.038,neutral,True
j_0000830,u_00341,2025-10-13 20:56:00,low,anxiety,light_islamic,at_peace,105,-0.012,neutral,True
j_0000831,u_00341,2025-10-29 18:14:00,good,relationships,light_islamic,distant,65,0.399,positive,True
j_0000832,u_00346,2025-08-09 18:28:00,good,gratitude,deeper_faith,,91,0.367,positive,True
j_0000833,u_00346,2025-08-17 14:37:00,grateful,work,light_islamic,at_peace,167,0.626,positive,True
j_0000834,u_00347,2025-04-15 07:43:00,good,burnout,universal,,12,0.417,positive,True
j_0000835,u_00347,2025-04-18 08:31:00,good,relationships,deeper_faith,,87,0.075,neutral,True
j_0000836,u_00347,2025-04-20 10:11:00,good,confidence,light_islamic,at_peace,51,0.165,positive,True
j_0000837,u_00347,2025-04-22 18:20:00,neutral,relationships,universal,at_peace,71,0.482,positive,True
j_0000838,u_00347,2025-04-23 20:07:00,grateful,anxiety,universal,hurting,153,0.51,positive,True
j_0000839,u_00347,2025-05-05 08:07:00,low,work,light_islamic,distant,71,-0.259,negative,True
j_0000840,u_00347,2025-05-11 18:26:00,neutral,purpose,deeper_faith,questioning,40,-0.414,negative,True
j_0000841,u_00348,2025-07-07 10:59:00,low,anxiety,deeper_faith,,111,-0.5,negative,True
j_0000842,u_00348,2025-07-12 17:02:00,good,relationships,universal,distant,29,0.309,positive,True
j_0000843,u_00348,2025-07-13 22:12:00,low,relationships,universal,questioning,66,-0.394,negative,True
j_0000844,u_00348,2025-07-15 10:43:00,good,confidence,universal,hurting,46,0.595,positive,True
j_0000845,u_00348,2025-07-18 10:40:00,low,work,light_islamic,questioning,30,-0.031,neutral,True
j_0000846,u_00348,2025-08-02 10:03:00,grateful,faith,deeper_faith,at_peace,60,0.619,positive,True
j_0000847,u_00350,2025-03-31 18:04:00,good,purpose,universal,,147,-0.124,neutral,True
j_0000848,u_00350,2025-04-02 09:20:00,neutral,self,light_islamic,,74,-0.133,neutral,True
j_0000849,u_00350,2025-04-03 10:09:00,good,relationships,universal,,50,0.082,neutral,True
j_0000850,u_00350,2025-04-08 19:54:00,good,purpose,deeper_faith,questioning,85,-0.268,negative,True
j_0000851,u_00350,2025-04-10 18:10:00,good,anxiety,light_islamic,questioning,99,-0.098,neutral,True
j_0000852,u_00352,2025-06-14 10:01:00,good,gratitude,light_islamic,,63,0.532,positive,True
j_0000853,u_00352,2025-06-16 07:20:00,neutral,purpose,universal,,75,-0.229,negative,True
j_0000854,u_00352,2025-06-22 09:43:00,neutral,gratitude,universal,at_peace,42,0.026,neutral,True
j_0000855,u_00352,2025-06-25 18:09:00,neutral,self,universal,hurting,115,0.066,neutral,True
j_0000856,u_00352,2025-07-01 14:02:00,good,confidence,light_islamic,at_peace,15,0.25,positive,True
j_0000857,u_00352,2025-07-04 16:44:00,grateful,anxiety,deeper_faith,at_peace,27,0.595,positive,True
j_0000858,u_00352,2025-07-08 15:56:00,neutral,relationships,light_islamic,distant,94,0.161,positive,True
j_0000859,u_00352,2025-07-09 12:09:00,low,anxiety,light_islamic,distant,54,-0.524,negative,True
j_0000860,u_00353,2025-08-08 21:13:00,good,work,universal,,108,0.014,neutral,True
j_0000861,u_00353,2025-08-14 09:27:00,good,anxiety,universal,distant,47,-0.137,neutral,True
j_0000862,u_00353,2025-08-15 07:48:00,low,confidence,light_islamic,at_peace,120,-0.147,neutral,True
j_0000863,u_00353,2025-08-17 09:21:00,good,self,universal,questioning,217,0.021,neutral,True
j_0000864,u_00355,2025-01-09 15:34:00,low,gratitude,light_islamic,,140,-0.094,neutral,True
j_0000865,u_00355,2025-01-12 10:46:00,good,anxiety,deeper_faith,,52,-0.062,neutral,True
j_0000866,u_00355,2025-01-13 20:25:00,low,gratitude,deeper_faith,hurting,34,-0.403,negative,True
j_0000867,u_00355,2025-01-15 16:04:00,grateful,burnout,universal,questioning,41,0.194,positive,True
j_0000868,u_00355,2025-01-18 07:50:00,low,work,light_islamic,at_peace,51,-0.436,negative,True
j_0000869,u_00355,2025-01-19 15:43:00,very_low,confidence,universal,questioning,48,-0.693,negative,True
j_0000870,u_00355,2025-01-31 07:46:00,neutral,faith,light_islamic,hurting,122,-0.197,negative,True
j_0000871,u_00359,2025-01-27 14:47:00,neutral,anxiety,light_islamic,,92,-0.412,negative,True
j_0000872,u_00359,2025-02-02 08:26:00,neutral,work,deeper_faith,distant,24,0.156,positive,True
j_0000873,u_00359,2025-02-10 18:13:00,good,faith,light_islamic,at_peace,55,-0.004,neutral,True
j_0000874,u_00360,2025-06-29 14:19:00,grateful,anxiety,universal,,43,0.652,positive,True
j_0000875,u_00360,2025-06-30 17:37:00,neutral,anxiety,universal,,64,-0.299,negative,True
j_0000876,u_00360,2025-07-06 17:03:00,neutral,faith,light_islamic,at_peace,85,-0.144,neutral,True
j_0000877,u_00360,2025-07-12 20:03:00,neutral,self,light_islamic,distant,40,0.164,positive,True
j_0000878,u_00361,2025-05-18 18:01:00,neutral,self,light_islamic,,185,-0.061,neutral,True
j_0000879,u_00361,2025-06-02 13:59:00,good,habits,light_islamic,at_peace,62,0.152,positive,True
j_0000880,u_00361,2025-06-05 14:28:00,neutral,habits,light_islamic,questioning,110,0.003,neutral,True
j_0000881,u_00362,2025-12-24 12:40:00,grateful,habits,light_islamic,,96,0.823,positive,True
j_0000882,u_00362,2025-12-27 19:54:00,grateful,relationships,universal,at_peace,31,0.549,positive,True
j_0000883,u_00362,2026-01-05 07:25:00,good,gratitude,light_islamic,at_peace,98,0.355,positive,True
j_0000884,u_00362,2026-01-09 12:20:00,good,relationships,universal,questioning,68,0.112,neutral,True
j_0000885,u_00362,2026-01-10 21:34:00,grateful,purpose,deeper_faith,at_peace,27,0.587,positive,True
j_0000886,u_00362,2026-01-16 16:22:00,low,self,universal,questioning,66,-0.813,negative,True
j_0000887,u_00364,2025-01-25 20:08:00,good,purpose,universal,,178,0.247,positive,True
j_0000888,u_00364,2025-02-02 18:51:00,neutral,gratitude,deeper_faith,distant,48,-0.135,neutral,True
j_0000889,u_00364,2025-02-07 14:13:00,neutral,gratitude,light_islamic,at_peace,102,-0.049,neutral,True
j_0000890,u_00364,2025-02-10 09:55:00,neutral,confidence,universal,at_peace,124,-0.313,negative,True
j_0000891,u_00364,2025-02-21 18:51:00,good,anxiety,deeper_faith,at_peace,109,-0.016,neutral,True
j_0000892,u_00369,2025-07-11 21:24:00,very_low,relationships,universal,,78,-0.63,negative,True
j_0000893,u_00369,2025-07-17 16:18:00,good,work,universal,at_peace,115,0.901,positive,True
j_0000894,u_00369,2025-07-18 08:52:00,very_low,habits,universal,at_peace,58,-0.539,negative,True
j_0000895,u_00369,2025-07-25 19:38:00,low,faith,light_islamic,at_peace,55,-0.134,neutral,True
j_0000896,u_00369,2025-07-28 21:36:00,good,relationships,light_islamic,at_peace,78,0.456,positive,True
j_0000897,u_00369,2025-08-06 18:42:00,neutral,burnout,deeper_faith,at_peace,281,-0.127,neutral,True
j_0000898,u_00371,2025-08-08 16:18:00,good,habits,universal,,122,0.177,positive,True
j_0000899,u_00371,2025-08-25 14:55:00,neutral,work,universal,at_peace,69,0.109,neutral,True
j_0000900,u_00371,2025-08-29 18:40:00,grateful,anxiety,universal,at_peace,55,0.176,positive,True
j_0000901,u_00371,2025-09-01 14:01:00,low,confidence,universal,distant,53,0.314,positive,True
j_0000902,u_00377,2025-11-28 21:24:00,grateful,relationships,deeper_faith,,35,0.652,positive,True
j_0000903,u_00377,2025-12-08 09:58:00,good,work,light_islamic,at_peace,165,0.358,positive,True
j_0000904,u_00377,2025-12-27 11:39:00,neutral,purpose,universal,distant,44,0.065,neutral,True
j_0000905,u_00378,2025-08-16 16:34:00,very_low,faith,light_islamic,,40,-0.192,negative,True
j_0000906,u_00378,2025-08-18 12:24:00,neutral,self,light_islamic,,73,0.407,positive,True
j_0000907,u_00378,2025-08-20 09:22:00,good,relationships,deeper_faith,at_peace,138,-0.041,neutral,True
j_0000908,u_00378,2025-08-25 15:59:00,low,confidence,universal,distant,28,-0.359,negative,True
j_0000909,u_00378,2025-09-06 13:44:00,neutral,gratitude,universal,at_peace,12,0.143,neutral,True
j_0000910,u_00378,2025-09-14 09:26:00,good,purpose,universal,distant,78,0.488,positive,True
j_0000911,u_00382,2025-02-28 12:22:00,neutral,confidence,universal,,30,-0.062,neutral,True
j_0000912,u_00382,2025-03-01 19:38:00,grateful,burnout,universal,,59,0.215,positive,True
j_0000913,u_00382,2025-03-17 11:29:00,neutral,burnout,light_islamic,questioning,38,0.094,neutral,True
j_0000914,u_00382,2025-03-26 07:34:00,good,habits,light_islamic,at_peace,41,0.4,positive,True
j_0000915,u_00383,2025-08-11 13:26:00,good,self,universal,,92,-0.03,neutral,True
j_0000916,u_00383,2025-08-17 08:57:00,neutral,purpose,universal,at_peace,46,-0.301,negative,True
j_0000917,u_00383,2025-08-19 12:47:00,neutral,habits,universal,at_peace,43,0.311,positive,True
j_0000918,u_00383,2025-08-24 19:49:00,low,gratitude,light_islamic,hurting,70,-0.048,neutral,True
j_0000919,u_00383,2025-08-29 07:47:00,grateful,self,universal,at_peace,84,0.661,positive,True
j_0000920,u_00383,2025-09-03 11:59:00,grateful,habits,universal,distant,53,0.064,neutral,True
j_0000921,u_00387,2025-10-18 11:17:00,neutral,habits,light_islamic,,86,-0.068,neutral,True
j_0000922,u_00387,2025-10-19 13:11:00,grateful,work,light_islamic,at_peace,97,0.379,positive,True
j_0000923,u_00387,2025-10-22 17:39:00,neutral,work,universal,questioning,78,0.07,neutral,True
j_0000924,u_00387,2025-10-24 16:53:00,neutral,anxiety,light_islamic,at_peace,115,0.162,positive,True
j_0000925,u_00387,2025-10-25 09:18:00,good,gratitude,deeper_faith,at_peace,113,0.378,positive,True
j_0000926,u_00387,2025-10-28 15:15:00,neutral,relationships,universal,distant,71,-0.109,neutral,True
j_0000927,u_00387,2025-11-04 07:47:00,low,self,universal,at_peace,43,-0.041,neutral,True
j_0000928,u_00387,2025-11-06 08:18:00,neutral,burnout,light_islamic,at_peace,167,-0.35,negative,True
j_0000929,u_00389,2025-01-20 21:51:00,good,faith,universal,,173,0.271,positive,True
j_0000930,u_00389,2025-01-21 09:28:00,neutral,burnout,light_islamic,,102,0.081,neutral,True
j_0000931,u_00389,2025-01-23 15:53:00,good,faith,universal,,157,0.489,positive,True
j_0000932,u_00389,2025-01-25 08:36:00,neutral,faith,deeper_faith,questioning,168,-0.172,negative,True
j_0000933,u_00389,2025-01-29 13:45:00,low,faith,light_islamic,distant,157,-0.616,negative,True
j_0000934,u_00389,2025-02-10 15:45:00,neutral,work,light_islamic,at_peace,104,0.578,positive,True
j_0000935,u_00390,2025-01-16 15:23:00,neutral,self,deeper_faith,,21,0.148,neutral,True
j_0000936,u_00390,2025-01-18 22:05:00,low,purpose,light_islamic,distant,40,-0.101,neutral,True
j_0000937,u_00390,2025-01-21 07:45:00,low,burnout,universal,at_peace,161,-0.227,negative,True
j_0000938,u_00390,2025-01-22 16:48:00,grateful,relationships,universal,at_peace,156,0.44,positive,True
j_0000939,u_00390,2025-01-31 07:47:00,grateful,habits,light_islamic,distant,59,0.188,positive,True
j_0000940,u_00390,2025-02-01 12:41:00,very_low,self,universal,questioning,127,-0.407,negative,True
j_0000941,u_00390,2025-02-07 15:44:00,very_low,work,universal,distant,31,-0.245,negative,True
j_0000942,u_00392,2025-12-01 09:59:00,neutral,gratitude,light_islamic,at_peace,69,0.235,positive,True
j_0000943,u_00392,2025-12-04 17:43:00,neutral,gratitude,deeper_faith,distant,67,-0.136,neutral,True
j_0000944,u_00392,2025-12-05 16:06:00,grateful,confidence,universal,at_peace,34,0.302,positive,True
j_0000945,u_00392,2025-12-13 08:50:00,very_low,faith,light_islamic,at_peace,46,-0.667,negative,True
j_0000946,u_00392,2025-12-21 16:41:00,neutral,burnout,light_islamic,hurting,167,-0.033,neutral,True
j_0000947,u_00394,2025-05-16 15:38:00,good,anxiety,universal,,48,0.576,positive,True
j_0000948,u_00394,2025-05-22 17:13:00,good,purpose,universal,distant,43,0.477,positive,True
j_0000949,u_00394,2025-05-26 08:52:00,neutral,relationships,light_islamic,distant,204,0.224,positive,True
j_0000950,u_00394,2025-06-07 11:37:00,grateful,gratitude,deeper_faith,questioning,101,0.106,neutral,True
j_0000951,u_00394,2025-06-13 09:18:00,good,self,deeper_faith,hurting,89,0.665,positive,True
j_0000952,u_00395,2025-03-09 20:23:00,good,relationships,universal,,58,-0.12,neutral,True
j_0000953,u_00395,2025-03-21 10:11:00,neutral,anxiety,light_islamic,at_peace,69,0.015,neutral,True
j_0000954,u_00395,2025-03-23 15:01:00,low,confidence,light_islamic,at_peace,109,-0.027,neutral,True
j_0000955,u_00395,2025-03-29 08:53:00,good,confidence,universal,distant,59,0.524,positive,True
j_0000956,u_00395,2025-03-30 07:24:00,grateful,gratitude,universal,distant,194,0.381,positive,True
j_0000957,u_00396,2025-11-05 18:09:00,neutral,confidence,light_islamic,,126,0.369,positive,True
j_0000958,u_00396,2025-11-06 16:29:00,good,purpose,deeper_faith,,36,-0.275,negative,True
j_0000959,u_00396,2025-11-15 17:21:00,low,relationships,universal,questioning,21,-0.129,neutral,True
j_0000960,u_00396,2025-11-16 14:49:00,good,confidence,universal,at_peace,59,0.328,positive,True
j_0000961,u_00396,2025-11-19 15:31:00,low,relationships,deeper_faith,at_peace,76,-0.284,negative,True
j_0000962,u_00396,2025-11-25 09:03:00,neutral,anxiety,deeper_faith,questioning,59,0.023,neutral,True
j_0000963,u_00397,2025-11-02 18:14:00,good,faith,universal,,89,0.237,positive,True
j_0000964,u_00397,2025-11-06 08:09:00,low,self,universal,at_peace,176,-0.142,neutral,True
j_0000965,u_00397,2025-11-10 17:37:00,grateful,relationships,light_islamic,at_peace,99,0.352,positive,True
j_0000966,u_00397,2025-11-14 11:11:00,neutral,anxiety,universal,at_peace,102,-0.061,neutral,True
j_0000967,u_00397,2025-11-15 12:13:00,neutral,self,deeper_faith,questioning,57,-0.075,neutral,True
j_0000968,u_00397,2025-11-18 15:29:00,neutral,faith,deeper_faith,questioning,19,-0.418,negative,True
j_0000969,u_00397,2025-11-19 20:43:00,neutral,habits,deeper_faith,distant,28,0.104,neutral,True
j_0000970,u_00399,2025-04-06 20:09:00,neutral,habits,universal,,263,-0.063,neutral,True
j_0000971,u_00399,2025-04-08 17:31:00,grateful,work,light_islamic,,135,0.359,positive,True
j_0000972,u_00399,2025-04-10 14:35:00,grateful,confidence,deeper_faith,at_peace,75,0.156,positive,True
j_0000973,u_00399,2025-04-13 12:47:00,good,confidence,universal,questioning,101,0.14,neutral,True
j_0000974,u_00399,2025-04-21 11:36:00,grateful,anxiety,light_islamic,at_peace,92,0.42,positive,True
j_0000975,u_00399,2025-04-26 08:36:00,good,self,light_islamic,questioning,53,0.638,positive,True
j_0000976,u_00399,2025-04-27 07:23:00,neutral,self,light_islamic,questioning,27,0.168,positive,True
j_0000977,u_00399,2025-05-01 12:34:00,neutral,self,universal,at_peace,131,0.177,positive,True
j_0000978,u_00399,2025-05-03 16:23:00,neutral,relationships,deeper_faith,at_peace,130,0.091,neutral,True
j_0000979,u_00399,2025-05-04 13:40:00,low,faith,universal,distant,92,-0.182,negative,True
j_0000980,u_00407,2025-06-23 16:18:00,neutral,confidence,universal,,37,0.12,neutral,True
j_0000981,u_00407,2025-06-24 14:35:00,good,anxiety,universal,,34,0.344,positive,True
j_0000982,u_00407,2025-07-02 08:44:00,neutral,confidence,light_islamic,questioning,40,-0.142,neutral,True
j_0000983,u_00407,2025-07-05 11:08:00,good,confidence,light_islamic,distant,44,0.261,positive,True
j_0000984,u_00407,2025-07-10 09:27:00,good,work,light_islamic,distant,51,0.323,positive,True
j_0000985,u_00408,2025-10-21 17:13:00,good,purpose,universal,,19,0.379,positive,True
j_0000986,u_00408,2025-10-22 20:53:00,grateful,confidence,universal,,59,0.568,positive,True
j_0000987,u_00408,2025-10-24 13:12:00,grateful,anxiety,light_islamic,,162,0.581,positive,True
j_0000988,u_00408,2025-10-27 13:28:00,neutral,gratitude,universal,at_peace,207,0.04,neutral,True
j_0000989,u_00408,2025-11-03 21:41:00,neutral,relationships,universal,at_peace,47,-0.029,neutral,True
j_0000990,u_00408,2025-11-04 15:24:00,very_low,relationships,universal,questioning,77,-0.693,negative,True
j_0000991,u_00409,2025-10-06 19:28:00,neutral,burnout,light_islamic,,53,-0.062,neutral,True
j_0000992,u_00409,2025-10-12 09:34:00,good,faith,light_islamic,distant,63,0.316,positive,True
j_0000993,u_00409,2025-10-14 08:41:00,neutral,purpose,light_islamic,distant,120,0.03,neutral,True
j_0000994,u_00409,2025-10-15 19:37:00,low,work,light_islamic,distant,129,-0.366,negative,True
j_0000995,u_00409,2025-10-19 08:16:00,neutral,self,universal,at_peace,71,-0.325,negative,True
j_0000996,u_00409,2025-10-23 09:31:00,good,self,universal,at_peace,68,-0.139,neutral,True
j_0000997,u_00409,2025-10-26 20:32:00,low,faith,universal,at_peace,134,0.006,neutral,True
j_0000998,u_00409,2025-10-30 16:18:00,neutral,gratitude,universal,hurting,37,0.023,neutral,True
j_0000999,u_00409,2025-11-01 12:47:00,neutral,faith,light_islamic,at_peace,27,0.099,neutral,True
j_0001000,u_00412,2025-06-26 08:45:00,neutral,confidence,light_islamic,,129,-0.057,neutral,True
j_0001001,u_00412,2025-06-28 21:09:00,good,gratitude,light_islamic,,166,0.383,positive,True
j_0001002,u_00412,2025-07-04 17:03:00,grateful,relationships,universal,at_peace,504,0.125,neutral,True
j_0001003,u_00413,2025-04-12 17:42:00,low,habits,deeper_faith,at_peace,52,-0.356,negative,True
j_0001004,u_00413,2025-04-19 12:35:00,low,burnout,light_islamic,at_peace,36,-0.582,negative,True
j_0001005,u_00413,2025-04-23 21:00:00,neutral,faith,universal,hurting,58,-0.305,negative,True
j_0001006,u_00413,2025-04-25 10:43:00,good,self,universal,questioning,112,0.443,positive,True
j_0001007,u_00413,2025-04-27 19:08:00,neutral,confidence,universal,at_peace,68,-0.12,neutral,True
j_0001008,u_00414,2025-06-23 09:19:00,good,relationships,light_islamic,hurting,52,0.245,positive,True
j_0001009,u_00414,2025-06-25 19:31:00,low,work,universal,questioning,61,-0.17,negative,True
j_0001010,u_00414,2025-06-29 17:27:00,neutral,gratitude,deeper_faith,at_peace,95,-0.007,neutral,True
j_0001011,u_00414,2025-07-01 12:54:00,low,burnout,universal,at_peace,313,-0.136,neutral,True
j_0001012,u_00416,2025-06-06 08:13:00,neutral,anxiety,light_islamic,,224,-0.012,neutral,True
j_0001013,u_00416,2025-06-09 17:35:00,good,gratitude,light_islamic,,100,0.34,positive,True
j_0001014,u_00416,2025-06-11 21:02:00,good,burnout,universal,questioning,26,0.076,neutral,True
j_0001015,u_00416,2025-06-12 10:37:00,low,faith,light_islamic,questioning,44,-0.09,neutral,True
j_0001016,u_00416,2025-06-14 16:08:00,grateful,gratitude,universal,hurting,186,0.752,positive,True
j_0001017,u_00416,2025-06-15 16:00:00,good,self,deeper_faith,at_peace,36,0.647,positive,True
j_0001018,u_00416,2025-06-18 14:51:00,low,purpose,deeper_faith,at_peace,55,-0.177,negative,True
j_0001019,u_00416,2025-06-19 18:29:00,neutral,purpose,universal,at_peace,197,0.04,neutral,True
j_0001020,u_00416,2025-06-24 20:34:00,good,purpose,universal,questioning,132,0.226,positive,True
j_0001021,u_00416,2025-06-27 09:20:00,neutral,self,universal,at_peace,73,0.522,positive,True
j_0001022,u_00416,2025-06-30 20:28:00,low,anxiety,universal,questioning,105,-0.342,negative,True
j_0001023,u_00416,2025-07-04 19:47:00,very_low,anxiety,light_islamic,questioning,132,-0.614,negative,True
j_0001024,u_00419,2025-08-26 09:07:00,very_low,confidence,universal,,70,-0.639,negative,True
j_0001025,u_00419,2025-09-03 17:46:00,low,anxiety,light_islamic,questioning,61,0.235,positive,True
j_0001026,u_00419,2025-09-07 18:53:00,good,gratitude,deeper_faith,distant,111,0.117,neutral,True
j_0001027,u_00419,2025-09-13 20:59:00,very_low,burnout,universal,questioning,142,-0.208,negative,True
j_0001028,u_00419,2025-09-16 20:46:00,low,anxiety,deeper_faith,at_peace,77,0.243,positive,True
j_0001029,u_00421,2025-08-15 08:38:00,neutral,confidence,light_islamic,,46,-0.307,negative,True
j_0001030,u_00421,2025-08-23 20:17:00,low,habits,light_islamic,at_peace,61,-0.283,negative,True
j_0001031,u_00421,2025-09-04 18:44:00,very_low,relationships,universal,questioning,140,-0.441,negative,True
j_0001032,u_00421,2025-09-07 15:08:00,low,self,universal,at_peace,109,-0.215,negative,True
j_0001033,u_00425,2025-10-21 08:39:00,neutral,purpose,universal,at_peace,127,0.44,positive,True
j_0001034,u_00425,2025-11-10 16:21:00,neutral,work,light_islamic,hurting,57,-0.221,negative,True
j_0001035,u_00425,2025-11-14 22:07:00,good,self,deeper_faith,questioning,35,-0.085,neutral,True
j_0001036,u_00426,2025-02-06 21:57:00,neutral,anxiety,deeper_faith,,36,0.421,positive,True
j_0001037,u_00426,2025-02-09 18:42:00,low,anxiety,universal,,23,-0.144,neutral,True
j_0001038,u_00426,2025-02-11 19:44:00,very_low,relationships,universal,at_peace,72,-0.358,negative,True
j_0001039,u_00426,2025-02-15 15:21:00,good,work,light_islamic,distant,86,0.069,neutral,True
j_0001040,u_00426,2025-02-19 13:33:00,good,work,universal,at_peace,133,0.373,positive,True
j_0001041,u_00426,2025-02-23 17:10:00,low,faith,light_islamic,distant,12,-0.026,neutral,True
j_0001042,u_00429,2025-03-03 14:11:00,good,relationships,light_islamic,,35,0.176,positive,True
j_0001043,u_00429,2025-03-06 10:03:00,neutral,anxiety,universal,,64,0.383,positive,True
j_0001044,u_00429,2025-03-10 12:49:00,neutral,purpose,universal,questioning,29,0.136,neutral,True
j_0001045,u_00429,2025-03-12 15:26:00,neutral,faith,deeper_faith,distant,119,-0.154,negative,True
j_0001046,u_00429,2025-03-15 13:49:00,good,relationships,deeper_faith,at_peace,111,0.601,positive,True
j_0001047,u_00429,2025-03-18 15:12:00,good,relationships,light_islamic,at_peace,64,0.261,positive,True
j_0001048,u_00429,2025-03-29 10:13:00,grateful,work,universal,at_peace,147,0.42,positive,True
j_0001049,u_00431,2025-12-30 13:59:00,good,faith,universal,,93,0.496,positive,True
j_0001050,u_00431,2025-12-31 20:29:00,very_low,faith,deeper_faith,,98,-0.591,negative,True
j_0001051,u_00431,2026-01-07 12:06:00,good,anxiety,light_islamic,at_peace,62,0.698,positive,True
j_0001052,u_00431,2026-01-09 17:09:00,good,purpose,light_islamic,at_peace,81,-0.244,negative,True
j_0001053,u_00431,2026-01-10 18:51:00,neutral,anxiety,universal,at_peace,207,-0.148,neutral,True
j_0001054,u_00431,2026-01-11 07:28:00,grateful,work,universal,at_peace,46,0.194,positive,True
j_0001055,u_00431,2026-01-16 15:13:00,grateful,anxiety,light_islamic,questioning,69,0.269,positive,True
j_0001056,u_00431,2026-01-27 11:43:00,very_low,anxiety,universal,questioning,86,-0.315,negative,True
j_0001057,u_00432,2025-05-10 14:10:00,neutral,confidence,universal,,108,-0.005,neutral,True
j_0001058,u_00432,2025-05-11 09:07:00,neutral,purpose,light_islamic,,34,0.103,neutral,True
j_0001059,u_00432,2025-05-12 10:05:00,very_low,purpose,universal,,135,-0.6,negative,True
j_0001060,u_00432,2025-05-17 17:24:00,good,anxiety,deeper_faith,hurting,49,0.363,positive,True
j_0001061,u_00432,2025-05-19 13:46:00,very_low,gratitude,universal,distant,34,-0.867,negative,True
j_0001062,u_00432,2025-05-26 09:37:00,grateful,purpose,universal,distant,76,0.585,positive,True
j_0001063,u_00433,2025-05-18 15:05:00,neutral,relationships,universal,,40,-0.155,negative,True
j_0001064,u_00433,2025-05-21 11:11:00,good,purpose,universal,,72,-0.033,neutral,True
j_0001065,u_00433,2025-06-09 18:07:00,good,gratitude,deeper_faith,questioning,83,-0.103,neutral,True
j_0001066,u_00433,2025-06-10 09:46:00,grateful,purpose,universal,at_peace,35,0.962,positive,True
j_0001067,u_00435,2025-05-23 09:34:00,neutral,self,light_islamic,,119,-0.244,negative,True
j_0001068,u_00435,2025-05-26 08:57:00,grateful,relationships,light_islamic,,44,0.189,positive,True
j_0001069,u_00435,2025-06-07 19:15:00,neutral,faith,universal,at_peace,58,-0.088,neutral,True
j_0001070,u_00435,2025-06-10 11:07:00,low,work,light_islamic,at_peace,314,-0.48,negative,True
j_0001071,u_00435,2025-06-12 21:28:00,good,work,universal,at_peace,56,0.112,neutral,True
j_0001072,u_00435,2025-06-15 17:12:00,very_low,self,light_islamic,questioning,58,-0.504,negative,True
j_0001073,u_00436,2025-06-03 22:08:00,good,work,universal,,142,0.203,positive,True
j_0001074,u_00436,2025-06-06 17:53:00,good,faith,universal,,155,0.171,positive,True
j_0001075,u_00436,2025-06-24 09:38:00,neutral,anxiety,universal,questioning,30,0.204,positive,True
j_0001076,u_00436,2025-07-01 12:16:00,good,confidence,light_islamic,at_peace,81,0.334,positive,True
j_0001077,u_00440,2025-05-20 17:36:00,good,relationships,universal,at_peace,15,0.07,neutral,True
j_0001078,u_00440,2025-05-21 12:10:00,neutral,self,light_islamic,hurting,69,0.056,neutral,True
j_0001079,u_00440,2025-05-22 19:41:00,neutral,burnout,universal,distant,56,0.156,positive,True
j_0001080,u_00440,2025-05-29 20:17:00,very_low,faith,universal,at_peace,41,-0.485,negative,True
j_0001081,u_00441,2025-09-13 14:07:00,neutral,purpose,universal,,91,-0.091,neutral,True
j_0001082,u_00441,2025-09-15 20:11:00,grateful,relationships,deeper_faith,,160,0.691,positive,True
j_0001083,u_00441,2025-09-17 16:38:00,good,gratitude,universal,at_peace,54,0.152,positive,True
j_0001084,u_00441,2025-09-22 12:01:00,low,confidence,universal,at_peace,26,0.204,positive,True
j_0001085,u_00446,2025-05-15 10:48:00,grateful,purpose,universal,,36,0.759,positive,True
j_0001086,u_00446,2025-05-17 07:29:00,low,anxiety,light_islamic,,83,-0.283,negative,True
j_0001087,u_00446,2025-05-23 08:35:00,good,work,universal,at_peace,149,-0.046,neutral,True
j_0001088,u_00446,2025-05-25 19:09:00,good,purpose,light_islamic,questioning,35,0.335,positive,True
j_0001089,u_00446,2025-05-31 13:48:00,good,work,deeper_faith,at_peace,63,-0.179,negative,True
j_0001090,u_00448,2025-10-17 14:13:00,neutral,purpose,deeper_faith,,43,0.019,neutral,True
j_0001091,u_00448,2025-10-22 16:47:00,good,work,light_islamic,at_peace,72,0.348,positive,True
j_0001092,u_00448,2025-10-24 15:40:00,good,work,light_islamic,at_peace,74,0.323,positive,True
j_0001093,u_00448,2025-10-29 09:55:00,low,faith,deeper_faith,distant,59,-0.584,negative,True
j_0001094,u_00448,2025-10-30 18:56:00,good,purpose,light_islamic,distant,68,0.168,positive,True
j_0001095,u_00448,2025-11-04 17:21:00,neutral,faith,light_islamic,at_peace,54,0.07,neutral,True
j_0001096,u_00451,2025-11-22 14:52:00,grateful,work,light_islamic,,65,0.195,positive,True
j_0001097,u_00451,2025-11-25 09:30:00,grateful,habits,deeper_faith,,86,0.413,positive,True
j_0001098,u_00451,2025-12-03 13:21:00,good,purpose,deeper_faith,at_peace,101,0.492,positive,True
j_0001099,u_00451,2025-12-05 12:55:00,neutral,relationships,light_islamic,hurting,157,0.03,neutral,True
j_0001100,u_00451,2025-12-12 12:44:00,low,burnout,light_islamic,questioning,191,-0.085,neutral,True
j_0001101,u_00451,2025-12-17 14:30:00,low,confidence,deeper_faith,questioning,112,-0.351,negative,True
j_0001102,u_00451,2025-12-19 13:18:00,low,self,light_islamic,at_peace,76,-0.251,negative,True
j_0001103,u_00453,2025-08-22 15:14:00,neutral,anxiety,light_islamic,,40,-0.141,neutral,True
j_0001104,u_00453,2025-08-24 08:09:00,good,purpose,light_islamic,,247,0.374,positive,True
j_0001105,u_00453,2025-08-26 18:08:00,good,relationships,light_islamic,distant,84,-0.022,neutral,True
j_0001106,u_00453,2025-08-28 08:14:00,good,self,light_islamic,hurting,96,-0.042,neutral,True
j_0001107,u_00453,2025-09-02 19:10:00,grateful,anxiety,light_islamic,at_peace,115,0.552,positive,True
j_0001108,u_00453,2025-09-19 11:55:00,good,gratitude,deeper_faith,at_peace,131,0.11,neutral,True
j_0001109,u_00454,2025-12-22 12:32:00,good,self,universal,at_peace,21,-0.001,neutral,True
j_0001110,u_00454,2025-12-30 15:32:00,neutral,purpose,deeper_faith,at_peace,54,0.6,positive,True
j_0001111,u_00454,2026-01-08 13:50:00,neutral,faith,light_islamic,at_peace,53,-0.388,negative,True
j_0001112,u_00454,2026-01-12 10:48:00,neutral,relationships,light_islamic,at_peace,48,0.117,neutral,True
j_0001113,u_00454,2026-01-16 08:36:00,good,burnout,universal,hurting,48,0.205,positive,True
j_0001114,u_00456,2025-04-14 11:09:00,low,faith,light_islamic,,203,-0.287,negative,True
j_0001115,u_00456,2025-04-24 11:47:00,neutral,self,universal,distant,156,-0.311,negative,True
j_0001116,u_00456,2025-04-27 12:45:00,good,habits,universal,at_peace,62,0.003,neutral,True
j_0001117,u_00456,2025-05-03 19:16:00,good,purpose,deeper_faith,distant,25,0.695,positive,True
j_0001118,u_00456,2025-05-13 12:32:00,neutral,confidence,light_islamic,distant,94,0.271,positive,True
j_0001119,u_00457,2025-05-18 09:32:00,grateful,anxiety,light_islamic,hurting,201,0.899,positive,True
j_0001120,u_00457,2025-05-19 12:14:00,grateful,relationships,light_islamic,distant,148,0.595,positive,True
j_0001121,u_00457,2025-05-20 14:10:00,neutral,purpose,universal,distant,42,-0.143,neutral,True
j_0001122,u_00457,2025-05-28 10:26:00,neutral,work,universal,at_peace,117,0.44,positive,True
j_0001123,u_00457,2025-06-03 21:50:00,good,anxiety,light_islamic,at_peace,52,0.195,positive,True
j_0001124,u_00459,2025-07-13 15:30:00,neutral,burnout,universal,,53,-0.251,negative,True
j_0001125,u_00459,2025-07-20 17:51:00,neutral,gratitude,deeper_faith,at_peace,12,0.001,neutral,True
j_0001126,u_00459,2025-07-30 07:29:00,neutral,burnout,light_islamic,distant,86,-0.089,neutral,True
j_0001127,u_00459,2025-08-01 18:40:00,neutral,relationships,universal,questioning,43,-0.199,negative,True
j_0001128,u_00459,2025-08-02 20:24:00,low,work,deeper_faith,questioning,32,-0.187,negative,True
j_0001129,u_00463,2025-12-28 16:46:00,neutral,gratitude,deeper_faith,,52,0.099,neutral,True
j_0001130,u_00463,2026-01-13 12:15:00,grateful,relationships,deeper_faith,at_peace,90,0.242,positive,True
j_0001131,u_00463,2026-01-21 10:56:00,grateful,faith,light_islamic,at_peace,93,0.472,positive,True
j_0001132,u_00464,2025-04-14 19:18:00,good,relationships,universal,,285,0.055,neutral,True
j_0001133,u_00464,2025-04-17 17:37:00,good,burnout,universal,,95,0.593,positive,True
j_0001134,u_00464,2025-04-25 21:38:00,low,confidence,light_islamic,at_peace,38,-0.18,negative,True
j_0001135,u_00464,2025-04-30 13:56:00,good,anxiety,light_islamic,at_peace,41,-0.031,neutral,True
j_0001136,u_00470,2025-02-17 18:07:00,good,burnout,universal,,67,0.596,positive,True
j_0001137,u_00470,2025-02-20 19:55:00,neutral,burnout,light_islamic,,32,-0.16,negative,True
j_0001138,u_00470,2025-02-23 18:13:00,low,confidence,light_islamic,distant,81,-0.258,negative,True
j_0001139,u_00470,2025-03-02 07:59:00,good,self,deeper_faith,at_peace,22,0.059,neutral,True
j_0001140,u_00470,2025-03-05 07:31:00,very_low,purpose,light_islamic,at_peace,62,-0.442,negative,True
j_0001141,u_00470,2025-03-06 20:32:00,good,anxiety,universal,at_peace,64,0.117,neutral,True
j_0001142,u_00475,2025-10-28 16:08:00,neutral,work,universal,,52,-0.304,negative,True
j_0001143,u_00475,2025-10-31 18:49:00,grateful,purpose,universal,,24,0.55,positive,True
j_0001144,u_00475,2025-11-03 16:37:00,grateful,work,light_islamic,distant,20,0.286,positive,True
j_0001145,u_00475,2025-11-05 17:23:00,low,self,deeper_faith,questioning,106,-0.204,negative,True
j_0001146,u_00475,2025-11-06 18:35:00,very_low,relationships,universal,distant,101,-0.581,negative,True
j_0001147,u_00475,2025-11-12 11:11:00,good,gratitude,light_islamic,at_peace,82,0.216,positive,True
j_0001148,u_00475,2025-11-14 10:52:00,neutral,gratitude,light_islamic,distant,187,0.075,neutral,True
j_0001149,u_00475,2025-11-15 16:50:00,good,burnout,universal,at_peace,140,0.293,positive,True
j_0001150,u_00475,2025-11-25 17:10:00,good,work,universal,distant,66,0.312,positive,True
j_0001151,u_00477,2025-04-02 16:03:00,neutral,anxiety,universal,at_peace,44,-0.049,neutral,True
j_0001152,u_00477,2025-04-09 08:46:00,low,work,universal,at_peace,153,-0.518,negative,True
j_0001153,u_00477,2025-04-10 22:12:00,grateful,relationships,universal,at_peace,42,0.449,positive,True
j_0001154,u_00478,2025-06-15 19:31:00,neutral,work,universal,,84,0.117,neutral,True
j_0001155,u_00478,2025-06-28 11:39:00,good,habits,universal,hurting,70,-0.04,neutral,True
j_0001156,u_00478,2025-07-01 10:39:00,neutral,confidence,universal,at_peace,77,0.227,positive,True
j_0001157,u_00479,2025-10-16 16:39:00,very_low,relationships,light_islamic,,187,-0.54,negative,True
j_0001158,u_00479,2025-10-17 18:05:00,neutral,burnout,universal,,104,-0.305,negative,True
j_0001159,u_00479,2025-10-18 19:25:00,grateful,gratitude,universal,,97,0.566,positive,True
j_0001160,u_00479,2025-11-06 13:03:00,good,purpose,universal,at_peace,257,0.328,positive,True
j_0001161,u_00479,2025-11-07 12:03:00,good,self,deeper_faith,at_peace,152,0.308,positive,True
j_0001162,u_00479,2025-11-13 17:15:00,grateful,gratitude,universal,at_peace,77,0.436,positive,True
j_0001163,u_00487,2025-07-23 21:48:00,grateful,burnout,universal,,98,0.31,positive,True
j_0001164,u_00487,2025-07-28 10:02:00,neutral,gratitude,universal,questioning,107,0.014,neutral,True
j_0001165,u_00487,2025-08-02 22:00:00,low,relationships,universal,at_peace,151,-0.311,negative,True
j_0001166,u_00487,2025-08-06 08:48:00,good,self,light_islamic,at_peace,82,0.038,neutral,True
j_0001167,u_00487,2025-08-11 17:43:00,grateful,work,deeper_faith,questioning,70,0.757,positive,True
j_0001168,u_00491,2025-02-20 13:32:00,neutral,burnout,light_islamic,,96,0.022,neutral,True
j_0001169,u_00491,2025-02-26 17:29:00,good,habits,universal,at_peace,46,0.445,positive,True
j_0001170,u_00491,2025-03-14 19:33:00,neutral,habits,universal,questioning,23,0.256,positive,True
j_0001171,u_00493,2025-04-25 17:41:00,low,burnout,deeper_faith,,177,-0.041,neutral,True
j_0001172,u_00493,2025-05-05 12:29:00,grateful,burnout,light_islamic,distant,36,0.199,positive,True
j_0001173,u_00493,2025-05-10 16:55:00,grateful,confidence,universal,at_peace,73,0.538,positive,True
j_0001174,u_00494,2025-11-28 18:44:00,neutral,confidence,light_islamic,,56,0.228,positive,True
j_0001175,u_00494,2025-11-30 20:30:00,neutral,faith,universal,,177,0.036,neutral,True
j_0001176,u_00494,2025-12-01 12:59:00,good,habits,universal,,58,0.251,positive,True
j_0001177,u_00494,2025-12-08 21:04:00,low,habits,universal,at_peace,35,-0.622,negative,True
j_0001178,u_00494,2025-12-17 17:45:00,neutral,confidence,light_islamic,at_peace,91,0.042,neutral,True
j_0001179,u_00497,2025-05-08 08:51:00,neutral,confidence,light_islamic,,138,0.106,neutral,True
j_0001180,u_00497,2025-05-11 10:08:00,good,gratitude,universal,,204,0.622,positive,True
j_0001181,u_00497,2025-05-16 19:24:00,very_low,relationships,light_islamic,at_peace,226,-1.0,negative,True
j_0001182,u_00497,2025-05-19 15:08:00,grateful,anxiety,universal,at_peace,72,0.172,positive,True
j_0001183,u_00497,2025-05-21 07:54:00,low,habits,light_islamic,at_peace,111,-0.349,negative,True
j_0001184,u_00497,2025-06-03 14:30:00,good,confidence,deeper_faith,at_peace,100,0.171,positive,True
j_0001185,u_00498,2025-05-18 19:35:00,good,gratitude,universal,,40,0.297,positive,True
j_0001186,u_00498,2025-05-21 08:00:00,neutral,purpose,light_islamic,,58,0.1,neutral,True
j_0001187,u_00498,2025-05-22 07:58:00,good,anxiety,light_islamic,hurting,203,0.462,positive,True
j_0001188,u_00498,2025-05-29 16:44:00,neutral,anxiety,universal,at_peace,34,0.302,positive,True
j_0001189,u_00498,2025-06-10 18:36:00,neutral,gratitude,universal,at_peace,52,-0.215,negative,True
j_0001190,u_00498,2025-06-13 16:31:00,good,work,universal,distant,33,0.305,positive,True
j_0001191,u_00500,2025-07-20 21:13:00,good,faith,light_islamic,,135,0.21,positive,True
j_0001192,u_00500,2025-07-23 21:46:00,neutral,burnout,universal,,107,0.17,positive,True
j_0001193,u_00500,2025-08-01 13:22:00,neutral,anxiety,light_islamic,at_peace,73,0.186,positive,True
j_0001194,u_00500,2025-08-04 20:47:00,grateful,relationships,universal,at_peace,34,0.357,positive,True
j_0001195,u_00500,2025-08-19 12:54:00,neutral,work,light_islamic,at_peace,83,0.018,neutral,True
j_0001196,u_00504,2025-05-04 20:38:00,good,anxiety,light_islamic,at_peace,68,0.382,positive,True
j_0001197,u_00504,2025-05-09 16:20:00,good,habits,light_islamic,distant,63,0.406,positive,True
j_0001198,u_00504,2025-05-22 21:52:00,neutral,relationships,light_islamic,hurting,37,-0.248,negative,True
j_0001199,u_00505,2025-09-19 18:30:00,grateful,confidence,light_islamic,,55,0.168,positive,True
j_0001200,u_00507,2025-03-25 12:46:00,good,purpose,light_islamic,,80,0.334,positive,True
j_0001201,u_00507,2025-03-26 11:55:00,grateful,work,deeper_faith,,44,0.49,positive,True
j_0001202,u_00507,2025-03-27 09:23:00,good,habits,light_islamic,,78,0.262,positive,True
j_0001203,u_00507,2025-04-06 12:38:00,good,work,universal,at_peace,25,0.096,neutral,True
j_0001204,u_00507,2025-04-07 08:37:00,good,gratitude,deeper_faith,at_peace,32,0.567,positive,True
j_0001205,u_00507,2025-04-12 13:25:00,good,relationships,light_islamic,at_peace,79,0.302,positive,True
j_0001206,u_00507,2025-04-13 08:35:00,good,habits,universal,distant,274,0.46,positive,True
j_0001207,u_00509,2025-02-22 21:39:00,good,burnout,light_islamic,,191,0.26,positive,True
j_0001208,u_00509,2025-02-26 14:55:00,good,anxiety,universal,distant,56,0.258,positive,True
j_0001209,u_00509,2025-03-04 11:11:00,good,purpose,light_islamic,distant,46,0.271,positive,True
j_0001210,u_00512,2025-04-20 09:44:00,grateful,burnout,universal,,25,0.501,positive,True
j_0001211,u_00512,2025-04-22 13:07:00,good,work,light_islamic,,73,0.247,positive,True
j_0001212,u_00512,2025-04-25 07:18:00,neutral,faith,light_islamic,questioning,48,-0.381,negative,True
j_0001213,u_00512,2025-04-29 18:33:00,neutral,burnout,universal,distant,190,-0.105,neutral,True
j_0001214,u_00512,2025-04-30 19:35:00,grateful,self,universal,at_peace,200,0.611,positive,True
j_0001215,u_00512,2025-05-01 22:01:00,very_low,gratitude,light_islamic,distant,202,-0.304,negative,True
j_0001216,u_00512,2025-05-07 08:35:00,grateful,gratitude,deeper_faith,at_peace,102,0.302,positive,True
j_0001217,u_00512,2025-05-12 16:01:00,grateful,faith,universal,at_peace,67,0.163,positive,True
j_0001218,u_00512,2025-05-19 14:40:00,good,anxiety,deeper_faith,questioning,140,0.247,positive,True
j_0001219,u_00513,2025-04-22 12:41:00,neutral,relationships,light_islamic,,51,0.107,neutral,True
j_0001220,u_00513,2025-04-25 08:37:00,good,faith,deeper_faith,,43,0.172,positive,True
j_0001221,u_00513,2025-05-01 18:29:00,grateful,work,light_islamic,distant,38,0.658,positive,True
j_0001222,u_00516,2025-09-15 11:49:00,very_low,burnout,universal,,33,-0.619,negative,True
j_0001223,u_00516,2025-09-19 12:10:00,low,gratitude,universal,distant,20,-0.647,negative,True
j_0001224,u_00516,2025-09-22 08:04:00,good,faith,universal,distant,21,0.26,positive,True
j_0001225,u_00516,2025-09-28 18:15:00,good,self,light_islamic,questioning,85,0.246,positive,True
j_0001226,u_00516,2025-09-30 18:24:00,low,confidence,universal,distant,23,-0.385,negative,True
j_0001227,u_00516,2025-10-13 14:28:00,low,work,light_islamic,at_peace,93,-0.057,neutral,True
j_0001228,u_00517,2025-12-08 08:42:00,neutral,self,universal,,77,0.203,positive,True
j_0001229,u_00517,2025-12-10 14:52:00,good,faith,universal,,175,0.184,positive,True
j_0001230,u_00517,2025-12-14 11:35:00,grateful,relationships,universal,at_peace,65,0.474,positive,True
j_0001231,u_00517,2025-12-17 10:04:00,neutral,relationships,light_islamic,distant,111,0.195,positive,True
j_0001232,u_00517,2025-12-20 10:48:00,good,burnout,light_islamic,at_peace,260,0.127,neutral,True
j_0001233,u_00517,2025-12-21 14:00:00,good,purpose,light_islamic,at_peace,24,0.142,neutral,True
j_0001234,u_00517,2025-12-23 11:12:00,good,burnout,deeper_faith,at_peace,205,0.527,positive,True
j_0001235,u_00519,2025-12-07 10:22:00,good,habits,universal,distant,82,0.27,positive,True
j_0001236,u_00520,2025-11-03 19:44:00,good,relationships,light_islamic,,78,-0.075,neutral,True
j_0001237,u_00520,2025-11-05 17:15:00,good,relationships,light_islamic,,63,0.221,positive,True
j_0001238,u_00520,2025-11-08 12:50:00,neutral,work,light_islamic,at_peace,62,-0.078,neutral,True
j_0001239,u_00520,2025-11-10 07:38:00,neutral,habits,light_islamic,at_peace,114,0.469,positive,True
j_0001240,u_00522,2025-10-18 08:29:00,grateful,confidence,universal,,44,0.541,positive,True
j_0001241,u_00522,2025-10-21 11:01:00,low,anxiety,light_islamic,at_peace,119,-0.438,negative,True
j_0001242,u_00522,2025-10-23 21:46:00,low,self,light_islamic,at_peace,101,-0.284,negative,True
j_0001243,u_00522,2025-10-28 08:48:00,neutral,burnout,light_islamic,questioning,42,0.078,neutral,True
j_0001244,u_00522,2025-10-29 18:03:00,good,faith,light_islamic,hurting,112,-0.085,neutral,True
j_0001245,u_00522,2025-11-03 08:52:00,grateful,anxiety,universal,questioning,29,0.521,positive,True
j_0001246,u_00522,2025-11-05 12:38:00,good,anxiety,universal,at_peace,79,0.159,positive,True
j_0001247,u_00522,2025-11-16 21:58:00,neutral,burnout,universal,at_peace,190,0.329,positive,True
j_0001248,u_00523,2025-05-17 12:16:00,very_low,work,deeper_faith,,41,-0.656,negative,True
j_0001249,u_00523,2025-05-23 09:31:00,neutral,relationships,universal,distant,47,-0.479,negative,True
j_0001250,u_00523,2025-05-25 18:21:00,neutral,work,light_islamic,questioning,26,0.187,positive,True
j_0001251,u_00523,2025-06-10 20:25:00,neutral,confidence,deeper_faith,questioning,200,-0.157,negative,True
j_0001252,u_00523,2025-06-12 20:28:00,good,relationships,light_islamic,questioning,76,0.037,neutral,True
j_0001253,u_00524,2025-09-24 20:58:00,neutral,work,light_islamic,,128,0.259,positive,True
j_0001254,u_00524,2025-10-20 20:31:00,grateful,faith,deeper_faith,at_peace,115,0.417,positive,True
j_0001255,u_00524,2025-10-21 08:29:00,low,confidence,deeper_faith,at_peace,113,-0.519,negative,True
j_0001256,u_00526,2025-04-09 12:48:00,good,work,light_islamic,,35,0.312,positive,True
j_0001257,u_00526,2025-04-21 20:31:00,neutral,anxiety,light_islamic,questioning,27,0.295,positive,True
j_0001258,u_00526,2025-05-05 16:59:00,grateful,anxiety,deeper_faith,distant,88,0.407,positive,True
j_0001259,u_00527,2025-07-28 17:50:00,good,work,light_islamic,,47,0.376,positive,True
j_0001260,u_00527,2025-07-29 15:31:00,very_low,work,light_islamic,,32,-0.702,negative,True
j_0001261,u_00527,2025-08-05 07:53:00,neutral,work,deeper_faith,at_peace,170,-0.044,neutral,True
j_0001262,u_00527,2025-08-07 09:02:00,low,purpose,universal,at_peace,96,0.049,neutral,True
j_0001263,u_00527,2025-08-14 14:30:00,good,confidence,universal,at_peace,167,0.467,positive,True
j_0001264,u_00527,2025-08-16 07:20:00,good,faith,universal,at_peace,39,0.365,positive,True
j_0001265,u_00527,2025-08-24 12:32:00,grateful,confidence,light_islamic,distant,66,0.489,positive,True
j_0001266,u_00535,2025-01-14 13:53:00,good,gratitude,light_islamic,,59,0.298,positive,True
j_0001267,u_00535,2025-01-18 15:53:00,low,relationships,deeper_faith,distant,56,-0.362,negative,True
j_0001268,u_00535,2025-01-23 19:19:00,grateful,relationships,light_islamic,questioning,43,0.477,positive,True
j_0001269,u_00535,2025-01-27 09:46:00,neutral,habits,universal,at_peace,81,-0.359,negative,True
j_0001270,u_00535,2025-01-31 19:34:00,good,anxiety,universal,at_peace,28,0.124,neutral,True
j_0001271,u_00535,2025-02-02 15:28:00,good,faith,deeper_faith,at_peace,47,0.223,positive,True
j_0001272,u_00542,2025-09-30 18:19:00,good,confidence,deeper_faith,,98,0.339,positive,True
j_0001273,u_00542,2025-10-03 12:13:00,neutral,self,light_islamic,at_peace,200,0.341,positive,True
j_0001274,u_00542,2025-10-10 10:56:00,good,work,light_islamic,distant,122,0.408,positive,True
j_0001275,u_00542,2025-10-16 07:55:00,neutral,self,light_islamic,at_peace,143,0.239,positive,True
j_0001276,u_00545,2025-09-11 14:43:00,low,faith,light_islamic,,77,-0.017,neutral,True
j_0001277,u_00545,2025-09-14 15:14:00,neutral,habits,light_islamic,,33,-0.151,negative,True
j_0001278,u_00545,2025-09-15 16:08:00,good,gratitude,light_islamic,questioning,349,-0.185,negative,True
j_0001279,u_00545,2025-09-20 20:29:00,grateful,self,light_islamic,at_peace,192,0.618,positive,True
j_0001280,u_00545,2025-09-21 12:32:00,good,faith,light_islamic,at_peace,58,0.168,positive,True
j_0001281,u_00545,2025-10-10 21:50:00,low,habits,light_islamic,at_peace,12,-0.431,negative,True
j_0001282,u_00546,2025-04-20 12:43:00,good,anxiety,light_islamic,,71,0.119,neutral,True
j_0001283,u_00546,2025-04-23 08:29:00,good,self,universal,,193,0.509,positive,True
j_0001284,u_00546,2025-04-26 16:48:00,neutral,gratitude,deeper_faith,distant,62,0.12,neutral,True
j_0001285,u_00546,2025-05-01 21:48:00,good,faith,light_islamic,hurting,132,0.354,positive,True
j_0001286,u_00546,2025-05-12 10:51:00,neutral,self,light_islamic,hurting,60,-0.35,negative,True
j_0001287,u_00549,2025-07-04 19:19:00,good,faith,universal,questioning,100,0.718,positive,True
j_0001288,u_00549,2025-07-17 08:47:00,grateful,gratitude,universal,at_peace,19,0.525,positive,True
j_0001289,u_00549,2025-07-21 07:24:00,low,faith,universal,at_peace,50,-0.323,negative,True
j_0001290,u_00552,2025-01-06 16:58:00,neutral,burnout,universal,,168,-0.034,neutral,True
j_0001291,u_00552,2025-01-18 15:47:00,grateful,relationships,universal,at_peace,20,0.18,positive,True
j_0001292,u_00552,2025-01-21 21:20:00,grateful,gratitude,light_islamic,distant,80,0.34,positive,True
j_0001293,u_00552,2025-02-01 16:27:00,good,burnout,light_islamic,at_peace,98,0.135,neutral,True
j_0001294,u_00552,2025-02-02 11:03:00,low,anxiety,universal,at_peace,138,-0.321,negative,True
j_0001295,u_00552,2025-02-04 14:08:00,neutral,anxiety,universal,at_peace,12,-0.067,neutral,True
j_0001296,u_00555,2025-01-23 14:18:00,neutral,faith,universal,,104,-0.144,neutral,True
j_0001297,u_00555,2025-01-24 15:49:00,good,anxiety,light_islamic,,90,-0.294,negative,True
j_0001298,u_00555,2025-01-25 16:12:00,good,anxiety,deeper_faith,,96,0.313,positive,True
j_0001299,u_00555,2025-01-26 15:01:00,low,relationships,light_islamic,,54,0.017,neutral,True
j_0001300,u_00555,2025-02-02 16:42:00,low,self,universal,at_peace,69,-0.31,negative,True
j_0001301,u_00555,2025-02-05 17:32:00,low,faith,light_islamic,at_peace,150,0.039,neutral,True
j_0001302,u_00555,2025-02-11 16:38:00,good,purpose,deeper_faith,at_peace,58,0.509,positive,True
j_0001303,u_00555,2025-02-13 08:02:00,low,gratitude,deeper_faith,at_peace,193,-0.176,negative,True
j_0001304,u_00555,2025-02-16 22:03:00,very_low,gratitude,universal,distant,143,-0.696,negative,True
j_0001305,u_00555,2025-02-18 08:38:00,good,faith,universal,hurting,32,0.025,neutral,True
j_0001306,u_00558,2025-11-07 18:00:00,very_low,relationships,universal,at_peace,86,-0.35,negative,True
j_0001307,u_00558,2025-11-08 20:52:00,good,anxiety,light_islamic,at_peace,125,0.295,positive,True
j_0001308,u_00558,2025-11-11 17:40:00,neutral,self,light_islamic,at_peace,112,0.006,neutral,True
j_0001309,u_00558,2025-11-13 14:45:00,good,habits,light_islamic,at_peace,122,-0.054,neutral,True
j_0001310,u_00558,2025-11-15 07:39:00,neutral,confidence,deeper_faith,at_peace,13,0.032,neutral,True
j_0001311,u_00558,2025-11-29 08:36:00,good,confidence,light_islamic,questioning,139,0.373,positive,True
j_0001312,u_00558,2025-12-02 15:46:00,good,self,deeper_faith,at_peace,35,0.711,positive,True
j_0001313,u_00565,2025-06-03 13:33:00,neutral,burnout,universal,,126,0.154,positive,True
j_0001314,u_00565,2025-06-04 20:55:00,good,habits,light_islamic,,60,0.442,positive,True
j_0001315,u_00565,2025-06-05 11:02:00,grateful,relationships,universal,,84,0.518,positive,True
j_0001316,u_00565,2025-06-06 18:16:00,neutral,work,light_islamic,,223,-0.316,negative,True
j_0001317,u_00565,2025-06-18 10:48:00,neutral,confidence,light_islamic,at_peace,96,-0.107,neutral,True
j_0001318,u_00565,2025-06-28 13:52:00,good,confidence,light_islamic,at_peace,253,0.588,positive,True
j_0001319,u_00565,2025-07-01 17:50:00,good,self,universal,distant,43,0.173,positive,True
j_0001320,u_00574,2025-05-27 13:16:00,low,gratitude,universal,,27,0.095,neutral,True
j_0001321,u_00574,2025-05-29 09:11:00,grateful,habits,universal,,94,0.077,neutral,True
j_0001322,u_00574,2025-06-03 20:07:00,neutral,burnout,universal,at_peace,138,0.009,neutral,True
j_0001323,u_00574,2025-06-07 11:34:00,very_low,purpose,light_islamic,questioning,41,-0.922,negative,True
j_0001324,u_00575,2025-07-24 17:05:00,good,habits,universal,,366,0.156,positive,True
j_0001325,u_00575,2025-07-25 17:05:00,good,confidence,universal,,37,-0.142,neutral,True
j_0001326,u_00575,2025-07-26 20:56:00,good,work,deeper_faith,,37,-0.049,neutral,True
j_0001327,u_00575,2025-07-28 15:49:00,low,relationships,light_islamic,at_peace,84,-0.523,negative,True
j_0001328,u_00575,2025-08-05 17:57:00,neutral,self,universal,at_peace,33,0.227,positive,True
j_0001329,u_00575,2025-08-06 18:19:00,grateful,purpose,universal,hurting,71,0.697,positive,True
j_0001330,u_00575,2025-08-11 16:15:00,good,work,deeper_faith,at_peace,51,0.018,neutral,True
j_0001331,u_00575,2025-08-14 08:59:00,low,confidence,light_islamic,distant,106,-0.247,negative,True
j_0001332,u_00575,2025-08-15 19:49:00,neutral,gratitude,deeper_faith,questioning,28,-0.314,negative,True
j_0001333,u_00575,2025-08-21 21:59:00,good,faith,light_islamic,at_peace,256,0.138,neutral,True
j_0001334,u_00577,2025-09-13 21:11:00,grateful,habits,universal,,26,0.657,positive,True
j_0001335,u_00577,2025-09-15 15:42:00,low,faith,deeper_faith,,26,-0.319,negative,True
j_0001336,u_00577,2025-09-21 18:02:00,low,work,deeper_faith,at_peace,33,-0.059,neutral,True
j_0001337,u_00577,2025-10-03 16:40:00,grateful,anxiety,universal,hurting,68,0.843,positive,True
j_0001338,u_00578,2025-08-03 12:09:00,good,faith,universal,,87,0.446,positive,True
j_0001339,u_00578,2025-08-11 21:51:00,neutral,self,light_islamic,at_peace,30,0.259,positive,True
j_0001340,u_00578,2025-08-14 17:41:00,neutral,faith,deeper_faith,at_peace,127,-0.21,negative,True
j_0001341,u_00578,2025-08-16 08:45:00,grateful,relationships,light_islamic,at_peace,44,0.375,positive,True
j_0001342,u_00578,2025-08-17 11:40:00,neutral,self,deeper_faith,questioning,49,-0.119,neutral,True
j_0001343,u_00578,2025-08-19 15:25:00,low,anxiety,universal,distant,102,-0.104,neutral,True
j_0001344,u_00578,2025-08-20 12:39:00,grateful,relationships,universal,at_peace,43,0.305,positive,True
j_0001345,u_00580,2025-06-26 10:21:00,neutral,anxiety,light_islamic,,129,-0.302,negative,True
j_0001346,u_00580,2025-06-27 18:05:00,neutral,work,universal,,47,0.05,neutral,True
j_0001347,u_00580,2025-06-29 07:32:00,neutral,confidence,deeper_faith,,32,-0.054,neutral,True
j_0001348,u_00580,2025-07-02 17:37:00,neutral,confidence,universal,at_peace,23,-0.014,neutral,True
j_0001349,u_00580,2025-07-04 13:06:00,grateful,purpose,universal,questioning,29,0.624,positive,True
j_0001350,u_00580,2025-07-05 15:57:00,good,purpose,light_islamic,questioning,63,0.216,positive,True
j_0001351,u_00580,2025-07-10 17:58:00,neutral,anxiety,light_islamic,questioning,24,0.013,neutral,True
j_0001352,u_00582,2025-06-14 14:22:00,low,work,universal,,52,0.37,positive,True
j_0001353,u_00582,2025-06-16 19:27:00,good,purpose,universal,,111,0.311,positive,True
j_0001354,u_00582,2025-06-17 15:54:00,good,confidence,light_islamic,,12,0.125,neutral,True
j_0001355,u_00582,2025-06-18 09:20:00,low,anxiety,light_islamic,at_peace,124,-0.41,negative,True
j_0001356,u_00582,2025-06-20 21:34:00,grateful,faith,universal,questioning,53,0.211,positive,True
j_0001357,u_00582,2025-06-22 08:08:00,neutral,relationships,universal,questioning,23,-0.07,neutral,True
j_0001358,u_00582,2025-06-27 13:20:00,neutral,purpose,universal,questioning,82,-0.118,neutral,True
j_0001359,u_00582,2025-07-01 18:15:00,very_low,self,light_islamic,at_peace,50,-1.0,negative,True
j_0001360,u_00585,2025-07-26 08:19:00,low,self,light_islamic,,108,0.288,positive,True
j_0001361,u_00585,2025-07-27 18:21:00,neutral,gratitude,light_islamic,,74,-0.265,negative,True
j_0001362,u_00585,2025-08-01 16:03:00,neutral,faith,light_islamic,questioning,17,0.083,neutral,True
j_0001363,u_00586,2025-06-15 21:39:00,low,gratitude,light_islamic,,67,-0.133,neutral,True
j_0001364,u_00586,2025-06-20 15:48:00,good,anxiety,deeper_faith,at_peace,174,0.09,neutral,True
j_0001365,u_00586,2025-06-30 17:36:00,grateful,purpose,light_islamic,questioning,78,0.447,positive,True
j_0001366,u_00586,2025-07-05 14:57:00,neutral,relationships,deeper_faith,distant,82,-0.006,neutral,True
j_0001367,u_00589,2025-04-02 20:20:00,good,confidence,universal,,89,0.533,positive,True
j_0001368,u_00589,2025-04-16 20:39:00,neutral,purpose,universal,distant,77,-0.237,negative,True
j_0001369,u_00589,2025-04-20 11:02:00,good,relationships,deeper_faith,distant,58,0.41,positive,True
j_0001370,u_00589,2025-04-21 12:38:00,good,self,universal,distant,38,0.398,positive,True
j_0001371,u_00589,2025-04-22 19:17:00,good,self,deeper_faith,at_peace,97,-0.003,neutral,True
j_0001372,u_00589,2025-04-24 10:22:00,good,habits,light_islamic,at_peace,192,0.521,positive,True
j_0001373,u_00589,2025-04-27 19:07:00,neutral,burnout,universal,distant,29,0.278,positive,True
j_0001374,u_00589,2025-05-02 19:38:00,very_low,work,universal,distant,143,-0.382,negative,True
j_0001375,u_00596,2026-01-01 08:51:00,good,purpose,light_islamic,distant,41,0.204,positive,True
j_0001376,u_00598,2025-11-12 09:02:00,grateful,anxiety,light_islamic,questioning,59,-0.258,negative,True
j_0001377,u_00598,2025-11-14 18:20:00,neutral,self,light_islamic,at_peace,40,-0.156,negative,True
j_0001378,u_00598,2025-11-16 15:36:00,good,relationships,deeper_faith,at_peace,441,0.067,neutral,True
j_0001379,u_00598,2025-11-20 16:09:00,grateful,confidence,universal,at_peace,39,0.411,positive,True
j_0001380,u_00600,2025-10-28 14:20:00,neutral,burnout,universal,at_peace,43,-0.181,negative,True
j_0001381,u_00600,2025-10-30 19:55:00,good,anxiety,universal,distant,83,0.103,neutral,True
j_0001382,u_00600,2025-11-02 17:57:00,good,faith,universal,hurting,60,0.245,positive,True
j_0001383,u_00603,2025-06-01 13:05:00,low,faith,universal,,46,0.06,neutral,True
j_0001384,u_00603,2025-06-16 10:24:00,neutral,anxiety,light_islamic,at_peace,64,0.039,neutral,True
j_0001385,u_00603,2025-06-24 09:35:00,good,anxiety,deeper_faith,distant,25,-0.41,negative,True
j_0001386,u_00607,2025-02-04 17:44:00,neutral,habits,universal,,14,0.046,neutral,True
j_0001387,u_00607,2025-02-08 15:05:00,very_low,faith,deeper_faith,questioning,80,-0.571,negative,True
j_0001388,u_00607,2025-02-27 11:45:00,neutral,work,universal,distant,34,-0.038,neutral,True
j_0001389,u_00609,2025-10-27 21:55:00,good,gratitude,light_islamic,,208,0.365,positive,True
j_0001390,u_00609,2025-10-28 08:49:00,low,self,universal,,44,-0.367,negative,True
j_0001391,u_00609,2025-11-01 14:27:00,good,burnout,light_islamic,at_peace,124,0.174,positive,True
j_0001392,u_00609,2025-11-05 14:52:00,grateful,burnout,light_islamic,distant,21,0.471,positive,True
j_0001393,u_00609,2025-11-06 19:59:00,good,purpose,universal,at_peace,56,0.785,positive,True
j_0001394,u_00609,2025-11-07 21:54:00,grateful,habits,deeper_faith,at_peace,66,1.0,positive,True
j_0001395,u_00609,2025-11-08 07:58:00,good,anxiety,light_islamic,questioning,22,0.824,positive,True
j_0001396,u_00609,2025-11-15 07:33:00,good,gratitude,light_islamic,questioning,41,0.14,neutral,True
j_0001397,u_00610,2025-08-26 16:28:00,good,anxiety,universal,,759,0.365,positive,True
j_0001398,u_00610,2025-08-27 16:31:00,neutral,self,universal,,127,0.087,neutral,True
j_0001399,u_00610,2025-09-15 15:24:00,good,confidence,light_islamic,at_peace,85,0.021,neutral,True
j_0001400,u_00612,2025-07-09 11:23:00,neutral,burnout,universal,,71,-0.163,negative,True
j_0001401,u_00612,2025-07-14 15:29:00,very_low,faith,deeper_faith,distant,185,-0.397,negative,True
j_0001402,u_00612,2025-07-29 18:32:00,good,work,light_islamic,questioning,21,0.306,positive,True
j_0001403,u_00612,2025-08-01 15:44:00,good,anxiety,deeper_faith,at_peace,51,-0.022,neutral,True
j_0001404,u_00620,2025-11-27 17:59:00,grateful,self,universal,,80,0.546,positive,True
j_0001405,u_00620,2025-12-03 19:21:00,good,relationships,light_islamic,hurting,49,0.478,positive,True
j_0001406,u_00620,2025-12-11 07:33:00,grateful,self,light_islamic,distant,111,0.964,positive,True
j_0001407,u_00620,2025-12-13 08:38:00,neutral,gratitude,universal,questioning,93,-0.025,neutral,True
j_0001408,u_00620,2025-12-21 19:51:00,neutral,faith,light_islamic,at_peace,28,-0.146,neutral,True
j_0001409,u_00621,2025-05-02 08:07:00,neutral,gratitude,universal,,56,-0.1,neutral,True
j_0001410,u_00621,2025-05-06 10:59:00,neutral,purpose,universal,distant,103,-0.206,negative,True
j_0001411,u_00621,2025-05-19 16:32:00,neutral,confidence,universal,at_peace,42,-0.087,neutral,True
j_0001412,u_00621,2025-05-20 11:17:00,neutral,burnout,deeper_faith,at_peace,39,-0.45,negative,True
j_0001413,u_00624,2025-06-26 07:55:00,neutral,faith,light_islamic,,24,0.07,neutral,True
j_0001414,u_00624,2025-06-27 13:26:00,good,burnout,deeper_faith,,20,0.555,positive,True
j_0001415,u_00624,2025-06-30 08:16:00,low,purpose,light_islamic,at_peace,54,-0.304,negative,True
j_0001416,u_00624,2025-07-02 20:26:00,grateful,habits,deeper_faith,at_peace,82,0.876,positive,True
j_0001417,u_00624,2025-07-03 09:30:00,good,relationships,universal,hurting,257,0.068,neutral,True
j_0001418,u_00624,2025-07-10 14:26:00,good,burnout,light_islamic,at_peace,35,0.116,neutral,True
j_0001419,u_00624,2025-07-13 12:19:00,very_low,gratitude,light_islamic,at_peace,24,-0.725,negative,True
j_0001420,u_00624,2025-07-18 08:30:00,neutral,purpose,light_islamic,questioning,58,0.12,neutral,True
j_0001421,u_00628,2025-07-15 22:15:00,neutral,work,deeper_faith,,102,-0.374,negative,True
j_0001422,u_00628,2025-07-17 15:00:00,good,faith,deeper_faith,,87,0.222,positive,True
j_0001423,u_00628,2025-07-20 22:07:00,low,work,deeper_faith,at_peace,124,0.085,neutral,True
j_0001424,u_00628,2025-07-24 18:04:00,good,faith,universal,at_peace,94,0.262,positive,True
j_0001425,u_00628,2025-07-25 20:29:00,neutral,self,deeper_faith,hurting,89,0.166,positive,True
j_0001426,u_00628,2025-08-01 21:14:00,good,anxiety,universal,at_peace,111,0.409,positive,True
j_0001427,u_00628,2025-08-10 14:25:00,good,habits,deeper_faith,distant,56,0.112,neutral,True
j_0001428,u_00628,2025-08-14 20:32:00,good,anxiety,universal,distant,213,0.233,positive,True
j_0001429,u_00629,2025-07-13 13:26:00,neutral,gratitude,light_islamic,,213,-0.148,neutral,True
j_0001430,u_00629,2025-07-14 15:09:00,low,burnout,light_islamic,,45,-0.307,negative,True
j_0001431,u_00629,2025-07-22 21:19:00,neutral,habits,deeper_faith,at_peace,47,0.567,positive,True
j_0001432,u_00629,2025-08-02 17:32:00,low,relationships,light_islamic,distant,64,-0.402,negative,True
j_0001433,u_00629,2025-08-04 15:55:00,grateful,relationships,universal,hurting,37,0.809,positive,True
j_0001434,u_00629,2025-08-07 11:02:00,neutral,work,deeper_faith,at_peace,65,0.202,positive,True
j_0001435,u_00630,2025-11-07 08:20:00,very_low,self,deeper_faith,,95,-0.767,negative,True
j_0001436,u_00630,2025-11-12 11:11:00,good,purpose,universal,distant,25,0.078,neutral,True
j_0001437,u_00630,2025-11-21 16:03:00,grateful,faith,light_islamic,at_peace,42,0.4,positive,True
j_0001438,u_00630,2025-11-23 09:03:00,neutral,relationships,light_islamic,at_peace,79,-0.08,neutral,True
j_0001439,u_00630,2025-11-27 18:38:00,good,burnout,light_islamic,at_peace,154,0.516,positive,True
j_0001440,u_00631,2025-05-22 07:59:00,low,work,universal,,199,-0.225,negative,True
j_0001441,u_00631,2025-05-24 09:49:00,low,self,light_islamic,,81,-0.482,negative,True
j_0001442,u_00631,2025-05-27 11:30:00,neutral,relationships,light_islamic,at_peace,46,-0.34,negative,True
j_0001443,u_00637,2025-08-01 11:05:00,good,self,light_islamic,,135,-0.125,neutral,True
j_0001444,u_00637,2025-08-08 11:56:00,low,work,universal,at_peace,78,-0.117,neutral,True
j_0001445,u_00637,2025-08-14 14:54:00,low,self,light_islamic,at_peace,156,-0.638,negative,True
j_0001446,u_00637,2025-08-17 13:52:00,good,relationships,universal,at_peace,96,0.257,positive,True
j_0001447,u_00637,2025-08-19 09:28:00,good,purpose,universal,at_peace,101,0.4,positive,True
j_0001448,u_00637,2025-08-26 09:11:00,neutral,anxiety,light_islamic,at_peace,61,-0.195,negative,True
j_0001449,u_00637,2025-08-27 19:50:00,grateful,purpose,light_islamic,at_peace,101,0.643,positive,True
j_0001450,u_00640,2025-12-12 21:38:00,good,relationships,universal,,26,0.208,positive,True
j_0001451,u_00640,2025-12-14 10:22:00,grateful,work,universal,distant,61,0.465,positive,True
j_0001452,u_00640,2025-12-22 07:28:00,good,gratitude,light_islamic,distant,33,0.472,positive,True
j_0001453,u_00640,2025-12-28 13:17:00,low,confidence,universal,at_peace,172,-0.345,negative,True
j_0001454,u_00640,2025-12-30 12:07:00,neutral,habits,universal,at_peace,115,-0.113,neutral,True
j_0001455,u_00641,2025-01-20 18:55:00,grateful,gratitude,light_islamic,,91,0.718,positive,True
j_0001456,u_00641,2025-01-27 13:25:00,neutral,faith,universal,distant,36,-0.125,neutral,True
j_0001457,u_00641,2025-01-28 19:02:00,good,relationships,universal,distant,54,0.489,positive,True
j_0001458,u_00641,2025-01-30 14:12:00,neutral,burnout,light_islamic,hurting,43,-0.099,neutral,True
j_0001459,u_00641,2025-02-06 14:20:00,low,confidence,light_islamic,at_peace,30,-0.647,negative,True
j_0001460,u_00643,2025-05-28 09:12:00,neutral,purpose,light_islamic,,61,-0.284,negative,True
j_0001461,u_00643,2025-06-02 17:51:00,good,confidence,universal,questioning,59,0.15,neutral,True
j_0001462,u_00643,2025-06-05 18:30:00,good,burnout,universal,at_peace,97,-0.121,neutral,True
j_0001463,u_00643,2025-06-10 12:51:00,grateful,purpose,deeper_faith,at_peace,17,0.467,positive,True
j_0001464,u_00643,2025-06-25 15:54:00,neutral,purpose,universal,hurting,304,-0.403,negative,True
j_0001465,u_00645,2025-05-15 16:43:00,very_low,faith,light_islamic,,99,-0.733,negative,True
j_0001466,u_00645,2025-05-17 17:56:00,good,burnout,light_islamic,,59,0.074,neutral,True
j_0001467,u_00645,2025-05-20 21:37:00,good,gratitude,universal,at_peace,76,0.386,positive,True
j_0001468,u_00645,2025-05-26 10:50:00,good,habits,deeper_faith,questioning,156,0.122,neutral,True
j_0001469,u_00645,2025-05-29 17:30:00,neutral,anxiety,light_islamic,at_peace,109,-0.113,neutral,True
j_0001470,u_00645,2025-06-04 16:53:00,grateful,faith,universal,distant,15,0.307,positive,True
j_0001471,u_00645,2025-06-06 22:06:00,low,confidence,light_islamic,questioning,168,-0.386,negative,True
j_0001472,u_00645,2025-06-12 17:52:00,good,gratitude,universal,distant,27,0.184,positive,True
j_0001473,u_00646,2025-07-22 19:17:00,neutral,self,universal,,109,0.133,neutral,True
j_0001474,u_00646,2025-08-06 16:54:00,neutral,self,light_islamic,distant,165,-0.423,negative,True
j_0001475,u_00646,2025-08-14 18:47:00,neutral,anxiety,light_islamic,at_peace,55,0.085,neutral,True
j_0001476,u_00646,2025-08-15 20:19:00,low,gratitude,deeper_faith,questioning,178,0.109,neutral,True
j_0001477,u_00646,2025-08-18 12:13:00,neutral,habits,universal,at_peace,105,-0.073,neutral,True
j_0001478,u_00647,2025-12-26 13:26:00,good,faith,deeper_faith,hurting,206,0.886,positive,True
j_0001479,u_00647,2026-01-01 19:35:00,neutral,habits,universal,at_peace,80,-0.044,neutral,True
j_0001480,u_00647,2026-01-12 22:03:00,very_low,habits,universal,at_peace,178,-0.445,negative,True
j_0001481,u_00653,2025-03-17 11:57:00,good,faith,universal,,176,0.45,positive,True
j_0001482,u_00653,2025-03-19 16:29:00,very_low,relationships,light_islamic,,75,-0.418,negative,True
j_0001483,u_00653,2025-03-21 14:37:00,low,anxiety,light_islamic,at_peace,45,-0.16,negative,True
j_0001484,u_00653,2025-03-25 10:33:00,good,faith,light_islamic,at_peace,34,0.133,neutral,True
j_0001485,u_00653,2025-04-04 21:37:00,good,habits,universal,at_peace,14,0.389,positive,True
j_0001486,u_00653,2025-04-05 21:07:00,low,gratitude,deeper_faith,at_peace,52,-0.621,negative,True
j_0001487,u_00653,2025-04-07 08:03:00,neutral,faith,universal,at_peace,63,0.167,positive,True
j_0001488,u_00653,2025-04-12 11:24:00,grateful,work,universal,at_peace,145,0.189,positive,True
j_0001489,u_00653,2025-04-14 19:06:00,low,self,universal,at_peace,106,-0.329,negative,True
j_0001490,u_00657,2025-06-23 07:57:00,good,purpose,universal,,29,0.198,positive,True
j_0001491,u_00657,2025-06-28 19:44:00,low,habits,light_islamic,at_peace,61,-0.191,negative,True
j_0001492,u_00657,2025-06-30 19:53:00,good,gratitude,light_islamic,at_peace,89,0.594,positive,True
j_0001493,u_00657,2025-07-01 11:21:00,good,confidence,universal,at_peace,53,0.134,neutral,True
j_0001494,u_00657,2025-07-03 11:51:00,good,burnout,universal,questioning,164,0.325,positive,True
j_0001495,u_00657,2025-07-13 18:49:00,good,work,universal,at_peace,25,0.418,positive,True
j_0001496,u_00657,2025-07-22 14:13:00,neutral,self,light_islamic,distant,131,-0.099,neutral,True
j_0001497,u_00660,2025-07-20 09:21:00,neutral,habits,universal,,113,0.253,positive,True
j_0001498,u_00660,2025-07-22 09:41:00,good,work,universal,at_peace,191,0.331,positive,True
j_0001499,u_00660,2025-07-25 15:42:00,good,faith,light_islamic,at_peace,37,0.684,positive,True
j_0001500,u_00660,2025-07-28 14:25:00,low,faith,light_islamic,at_peace,33,-0.699,negative,True
j_0001501,u_00660,2025-08-01 07:19:00,neutral,work,universal,distant,118,0.394,positive,True
j_0001502,u_00660,2025-08-03 15:26:00,grateful,faith,light_islamic,at_peace,243,0.319,positive,True
j_0001503,u_00660,2025-08-04 08:13:00,neutral,habits,universal,questioning,104,0.046,neutral,True
j_0001504,u_00665,2025-02-01 11:30:00,good,confidence,universal,,108,0.016,neutral,True
j_0001505,u_00665,2025-02-03 14:09:00,neutral,anxiety,universal,,257,0.331,positive,True
j_0001506,u_00665,2025-02-07 15:07:00,neutral,self,light_islamic,questioning,100,-0.02,neutral,True
j_0001507,u_00665,2025-02-12 09:06:00,good,habits,light_islamic,at_peace,72,0.267,positive,True
j_0001508,u_00667,2025-01-30 14:38:00,neutral,work,universal,,42,-0.005,neutral,True
j_0001509,u_00667,2025-02-07 22:08:00,grateful,habits,deeper_faith,hurting,159,0.619,positive,True
j_0001510,u_00667,2025-02-13 09:53:00,good,purpose,universal,distant,35,0.248,positive,True
j_0001511,u_00667,2025-02-15 16:09:00,neutral,work,light_islamic,at_peace,70,0.021,neutral,True
j_0001512,u_00671,2025-07-19 19:13:00,grateful,faith,light_islamic,,131,0.86,positive,True
j_0001513,u_00671,2025-07-24 15:45:00,good,work,deeper_faith,at_peace,46,0.529,positive,True
j_0001514,u_00671,2025-07-26 14:50:00,grateful,habits,universal,at_peace,94,0.309,positive,True
j_0001515,u_00671,2025-07-27 16:30:00,low,habits,universal,at_peace,83,0.149,neutral,True
j_0001516,u_00671,2025-07-30 15:02:00,very_low,confidence,light_islamic,questioning,76,-0.684,negative,True
j_0001517,u_00671,2025-07-31 20:53:00,good,work,deeper_faith,at_peace,26,-0.105,neutral,True
j_0001518,u_00675,2025-06-29 17:22:00,neutral,purpose,universal,,90,0.372,positive,True
j_0001519,u_00675,2025-07-01 18:30:00,neutral,purpose,universal,,62,0.101,neutral,True
j_0001520,u_00675,2025-07-02 20:16:00,good,faith,universal,,94,0.329,positive,True
j_0001521,u_00675,2025-07-14 14:38:00,good,gratitude,light_islamic,distant,24,0.37,positive,True
j_0001522,u_00675,2025-07-16 18:20:00,neutral,relationships,universal,questioning,260,0.182,positive,True
j_0001523,u_00675,2025-07-19 15:11:00,good,work,light_islamic,at_peace,148,0.21,positive,True
j_0001524,u_00679,2025-01-05 20:53:00,good,relationships,light_islamic,,90,-0.09,neutral,True
j_0001525,u_00679,2025-01-09 11:07:00,low,burnout,universal,distant,135,-0.208,negative,True
j_0001526,u_00679,2025-01-14 15:10:00,neutral,habits,light_islamic,at_peace,85,-0.019,neutral,True
j_0001527,u_00679,2025-01-16 19:33:00,neutral,confidence,universal,questioning,77,0.054,neutral,True
j_0001528,u_00679,2025-01-19 19:28:00,neutral,work,deeper_faith,at_peace,75,0.156,positive,True
j_0001529,u_00679,2025-01-26 13:43:00,good,confidence,light_islamic,at_peace,20,0.351,positive,True
j_0001530,u_00679,2025-01-28 07:16:00,grateful,relationships,light_islamic,at_peace,57,0.756,positive,True
j_0001531,u_00686,2025-09-06 18:42:00,neutral,self,light_islamic,,70,-0.35,negative,True
j_0001532,u_00686,2025-09-07 20:53:00,very_low,confidence,universal,,24,-0.625,negative,True
j_0001533,u_00686,2025-09-18 21:46:00,neutral,purpose,universal,at_peace,28,-0.06,neutral,True
j_0001534,u_00686,2025-09-19 09:42:00,good,relationships,universal,at_peace,66,-0.434,negative,True
j_0001535,u_00686,2025-09-20 19:22:00,neutral,work,light_islamic,at_peace,24,-0.003,neutral,True
j_0001536,u_00686,2025-09-25 17:42:00,good,self,universal,at_peace,217,0.377,positive,True
j_0001537,u_00686,2025-09-26 17:41:00,neutral,habits,light_islamic,distant,23,-0.108,neutral,True
j_0001538,u_00686,2025-09-28 14:02:00,low,confidence,deeper_faith,at_peace,82,-0.097,neutral,True
j_0001539,u_00686,2025-10-04 20:37:00,good,self,light_islamic,at_peace,12,0.167,positive,True
j_0001540,u_00687,2025-10-23 21:27:00,neutral,faith,light_islamic,,31,0.063,neutral,True
j_0001541,u_00687,2025-10-24 12:32:00,good,gratitude,light_islamic,,177,0.094,neutral,True
j_0001542,u_00687,2025-10-30 09:41:00,good,purpose,universal,at_peace,174,-0.298,negative,True
j_0001543,u_00687,2025-11-01 14:45:00,good,work,light_islamic,distant,104,0.146,neutral,True
j_0001544,u_00687,2025-11-03 17:31:00,grateful,relationships,universal,at_peace,68,0.597,positive,True
j_0001545,u_00687,2025-11-10 19:56:00,neutral,purpose,universal,at_peace,24,0.36,positive,True
j_0001546,u_00687,2025-11-11 14:29:00,neutral,relationships,light_islamic,hurting,22,0.256,positive,True
j_0001547,u_00688,2025-03-25 08:11:00,very_low,confidence,light_islamic,,46,-0.647,negative,True
j_0001548,u_00688,2025-03-27 17:08:00,neutral,purpose,deeper_faith,,81,-0.034,neutral,True
j_0001549,u_00688,2025-04-01 08:02:00,good,faith,universal,at_peace,30,-0.047,neutral,True
j_0001550,u_00688,2025-04-04 16:57:00,low,confidence,light_islamic,distant,91,-0.328,negative,True
j_0001551,u_00688,2025-04-05 09:04:00,neutral,self,light_islamic,distant,93,0.078,neutral,True
j_0001552,u_00688,2025-04-11 10:15:00,very_low,purpose,universal,distant,85,-0.481,negative,True
j_0001553,u_00691,2025-03-29 12:34:00,neutral,habits,universal,,369,-0.162,negative,True
j_0001554,u_00691,2025-03-31 07:20:00,neutral,gratitude,light_islamic,,40,0.399,positive,True
j_0001555,u_00691,2025-04-07 22:05:00,neutral,work,universal,questioning,128,-0.001,neutral,True
j_0001556,u_00692,2025-08-26 10:39:00,good,habits,light_islamic,,63,0.168,positive,True
j_0001557,u_00692,2025-09-01 21:25:00,low,work,universal,at_peace,89,-0.077,neutral,True
j_0001558,u_00693,2025-04-11 08:57:00,good,gratitude,universal,,112,0.427,positive,True
j_0001559,u_00693,2025-04-13 19:54:00,grateful,relationships,universal,distant,85,0.476,positive,True
j_0001560,u_00693,2025-04-15 09:35:00,neutral,habits,universal,distant,21,0.143,neutral,True
j_0001561,u_00693,2025-04-22 14:15:00,grateful,burnout,universal,at_peace,69,0.73,positive,True
j_0001562,u_00693,2025-04-24 11:11:00,good,burnout,universal,at_peace,142,0.316,positive,True
j_0001563,u_00693,2025-04-26 20:13:00,neutral,work,universal,at_peace,75,-0.148,neutral,True
j_0001564,u_00693,2025-04-29 16:30:00,grateful,faith,light_islamic,at_peace,182,0.147,neutral,True
j_0001565,u_00693,2025-05-01 18:51:00,good,faith,deeper_faith,at_peace,125,0.307,positive,True
j_0001566,u_00693,2025-05-07 17:55:00,neutral,anxiety,universal,questioning,16,-0.101,neutral,True
j_0001567,u_00694,2025-07-14 10:00:00,grateful,work,light_islamic,,79,0.931,positive,True
j_0001568,u_00694,2025-07-15 07:46:00,good,anxiety,deeper_faith,,109,0.41,positive,True
j_0001569,u_00694,2025-07-17 13:52:00,very_low,relationships,light_islamic,questioning,85,-0.599,negative,True
j_0001570,u_00694,2025-07-19 13:03:00,good,relationships,light_islamic,at_peace,92,0.149,neutral,True
j_0001571,u_00694,2025-07-21 19:28:00,grateful,purpose,light_islamic,distant,59,0.12,neutral,True
j_0001572,u_00694,2025-07-22 07:27:00,good,purpose,light_islamic,at_peace,47,0.228,positive,True
j_0001573,u_00694,2025-07-30 08:05:00,grateful,burnout,light_islamic,distant,63,0.71,positive,True
j_0001574,u_00694,2025-08-08 21:41:00,neutral,faith,universal,at_peace,32,0.104,neutral,True
j_0001575,u_00694,2025-08-11 20:58:00,neutral,habits,light_islamic,at_peace,50,-0.244,negative,True
j_0001576,u_00697,2025-06-13 16:05:00,neutral,burnout,universal,,53,0.126,neutral,True
j_0001577,u_00697,2025-06-19 11:29:00,grateful,relationships,universal,hurting,106,0.389,positive,True
j_0001578,u_00697,2025-06-25 09:16:00,good,purpose,light_islamic,at_peace,119,0.726,positive,True
j_0001579,u_00697,2025-06-28 10:51:00,good,faith,light_islamic,at_peace,170,0.343,positive,True
j_0001580,u_00697,2025-07-10 22:13:00,good,habits,universal,distant,82,0.008,neutral,True
j_0001581,u_00698,2025-05-02 10:05:00,good,relationships,universal,,20,0.385,positive,True
j_0001582,u_00698,2025-05-03 18:20:00,neutral,purpose,deeper_faith,,131,-0.271,negative,True
j_0001583,u_00698,2025-05-05 08:18:00,good,relationships,universal,,89,0.045,neutral,True
j_0001584,u_00698,2025-05-13 14:45:00,neutral,relationships,universal,at_peace,30,-0.125,neutral,True
j_0001585,u_00698,2025-05-28 19:50:00,neutral,habits,light_islamic,at_peace,13,-0.098,neutral,True
j_0001586,u_00699,2025-06-30 08:28:00,good,burnout,deeper_faith,,42,0.466,positive,True
j_0001587,u_00699,2025-07-09 07:23:00,neutral,burnout,light_islamic,at_peace,91,-0.25,negative,True
j_0001588,u_00699,2025-07-15 13:34:00,neutral,anxiety,universal,distant,163,-0.215,negative,True
j_0001589,u_00699,2025-07-16 16:33:00,grateful,faith,deeper_faith,at_peace,50,0.654,positive,True
j_0001590,u_00700,2025-10-11 15:21:00,neutral,faith,universal,at_peace,66,-0.203,negative,True
j_0001591,u_00700,2025-10-13 12:25:00,good,confidence,universal,questioning,37,0.178,positive,True
j_0001592,u_00700,2025-10-15 14:06:00,neutral,burnout,light_islamic,questioning,26,0.398,positive,True
j_0001593,u_00707,2025-06-26 09:03:00,neutral,purpose,light_islamic,,37,-0.217,negative,True
j_0001594,u_00707,2025-06-29 11:53:00,neutral,habits,deeper_faith,,49,-0.023,neutral,True
j_0001595,u_00707,2025-07-03 17:26:00,good,anxiety,light_islamic,at_peace,19,0.123,neutral,True
j_0001596,u_00707,2025-07-16 20:15:00,good,confidence,universal,distant,186,0.726,positive,True
j_0001597,u_00708,2025-07-22 12:58:00,very_low,work,deeper_faith,,44,-0.567,negative,True
j_0001598,u_00708,2025-07-27 11:55:00,neutral,habits,universal,distant,53,0.159,positive,True
j_0001599,u_00708,2025-07-28 16:28:00,good,purpose,deeper_faith,at_peace,91,0.033,neutral,True
j_0001600,u_00713,2025-08-24 12:52:00,neutral,anxiety,deeper_faith,,137,0.144,neutral,True
j_0001601,u_00713,2025-08-31 14:54:00,very_low,relationships,deeper_faith,questioning,16,-0.537,negative,True
j_0001602,u_00713,2025-09-05 11:08:00,grateful,gratitude,universal,questioning,55,0.691,positive,True
j_0001603,u_00713,2025-09-07 18:21:00,good,gratitude,universal,distant,33,0.287,positive,True
j_0001604,u_00715,2025-07-14 11:33:00,good,gratitude,deeper_faith,,34,0.084,neutral,True
j_0001605,u_00715,2025-07-15 17:05:00,neutral,purpose,universal,,70,0.151,positive,True
j_0001606,u_00715,2025-07-28 08:57:00,grateful,faith,deeper_faith,at_peace,55,0.498,positive,True
j_0001607,u_00715,2025-08-13 15:41:00,low,self,light_islamic,at_peace,45,-0.49,negative,True
j_0001608,u_00716,2025-09-08 07:20:00,low,relationships,deeper_faith,,71,-0.276,negative,True
j_0001609,u_00716,2025-09-11 16:53:00,good,habits,light_islamic,,166,0.166,positive,True
j_0001610,u_00716,2025-09-16 17:54:00,grateful,work,universal,at_peace,202,0.556,positive,True
j_0001611,u_00716,2025-09-22 12:09:00,good,confidence,light_islamic,questioning,244,0.564,positive,True
j_0001612,u_00716,2025-09-24 10:08:00,good,purpose,light_islamic,at_peace,70,-0.135,neutral,True
j_0001613,u_00716,2025-10-02 18:55:00,good,confidence,universal,at_peace,25,0.18,positive,True
j_0001614,u_00717,2025-08-21 11:12:00,good,relationships,light_islamic,at_peace,47,0.179,positive,True
j_0001615,u_00719,2025-07-26 19:47:00,low,self,light_islamic,,96,-0.109,neutral,True
j_0001616,u_00719,2025-08-01 15:22:00,neutral,gratitude,universal,distant,85,-0.209,negative,True
j_0001617,u_00719,2025-08-02 10:23:00,neutral,relationships,deeper_faith,hurting,65,0.266,positive,True
j_0001618,u_00719,2025-08-09 11:32:00,low,faith,deeper_faith,at_peace,32,-0.025,neutral,True
j_0001619,u_00719,2025-08-16 21:09:00,good,work,universal,questioning,142,0.05,neutral,True
j_0001620,u_00719,2025-08-22 15:43:00,neutral,gratitude,deeper_faith,at_peace,186,0.029,neutral,True
j_0001621,u_00721,2025-11-18 09:58:00,good,faith,deeper_faith,,210,0.003,neutral,True
j_0001622,u_00721,2025-11-21 17:02:00,good,faith,light_islamic,,71,0.901,positive,True
j_0001623,u_00721,2025-11-22 17:12:00,low,habits,universal,distant,187,-0.335,negative,True
j_0001624,u_00721,2025-11-23 08:06:00,very_low,habits,light_islamic,questioning,25,-0.488,negative,True
j_0001625,u_00721,2025-11-25 11:59:00,neutral,relationships,light_islamic,distant,51,-0.128,neutral,True
j_0001626,u_00721,2025-11-27 13:51:00,grateful,anxiety,universal,hurting,18,0.845,positive,True
j_0001627,u_00721,2025-11-28 11:27:00,very_low,anxiety,universal,at_peace,30,-0.392,negative,True
j_0001628,u_00721,2025-12-01 09:16:00,very_low,faith,universal,distant,103,-0.59,negative,True
j_0001629,u_00721,2025-12-06 11:11:00,neutral,gratitude,light_islamic,at_peace,42,0.297,positive,True
j_0001630,u_00723,2025-11-06 21:24:00,neutral,faith,deeper_faith,,83,0.041,neutral,True
j_0001631,u_00723,2025-11-07 21:21:00,neutral,purpose,universal,,16,-0.11,neutral,True
j_0001632,u_00723,2025-11-11 16:49:00,grateful,confidence,deeper_faith,hurting,126,0.335,positive,True
j_0001633,u_00723,2025-11-19 15:44:00,grateful,confidence,deeper_faith,questioning,35,0.655,positive,True
j_0001634,u_00723,2025-11-29 12:51:00,low,work,universal,questioning,308,-0.208,negative,True
j_0001635,u_00727,2025-09-01 11:10:00,neutral,faith,universal,,151,-0.004,neutral,True
j_0001636,u_00727,2025-09-02 08:48:00,low,confidence,universal,,30,-0.198,negative,True
j_0001637,u_00727,2025-09-03 19:47:00,very_low,self,deeper_faith,,37,-0.62,negative,True
j_0001638,u_00727,2025-09-04 17:53:00,neutral,work,light_islamic,,188,0.016,neutral,True
j_0001639,u_00727,2025-09-05 16:37:00,neutral,self,universal,distant,59,-0.253,negative,True
j_0001640,u_00727,2025-09-07 14:06:00,good,relationships,light_islamic,questioning,34,-0.151,negative,True
j_0001641,u_00727,2025-09-11 13:33:00,neutral,work,universal,distant,109,0.158,positive,True
j_0001642,u_00727,2025-09-28 17:34:00,good,habits,universal,hurting,109,0.155,positive,True
j_0001643,u_00730,2025-06-08 09:36:00,neutral,self,light_islamic,,23,0.027,neutral,True
j_0001644,u_00730,2025-06-09 20:12:00,grateful,relationships,light_islamic,,113,0.347,positive,True
j_0001645,u_00730,2025-06-12 19:15:00,neutral,purpose,deeper_faith,at_peace,69,-0.155,negative,True
j_0001646,u_00730,2025-06-15 15:37:00,neutral,anxiety,universal,questioning,48,-0.225,negative,True
j_0001647,u_00730,2025-06-16 15:49:00,good,relationships,universal,at_peace,155,0.021,neutral,True
j_0001648,u_00730,2025-06-17 13:42:00,good,habits,universal,questioning,49,0.468,positive,True
j_0001649,u_00730,2025-06-19 18:08:00,grateful,anxiety,universal,distant,319,0.368,positive,True
j_0001650,u_00730,2025-07-03 16:16:00,grateful,burnout,universal,questioning,87,0.913,positive,True
j_0001651,u_00730,2025-07-04 07:59:00,low,relationships,deeper_faith,at_peace,108,-0.078,neutral,True
j_0001652,u_00733,2025-08-10 20:00:00,grateful,burnout,universal,distant,176,0.49,positive,True
j_0001653,u_00734,2025-01-28 11:37:00,neutral,work,universal,,70,0.09,neutral,True
j_0001654,u_00734,2025-02-12 10:33:00,grateful,anxiety,deeper_faith,questioning,98,0.75,positive,True
j_0001655,u_00734,2025-02-17 16:22:00,good,faith,light_islamic,questioning,26,0.294,positive,True
j_0001656,u_00736,2025-11-03 17:06:00,low,relationships,universal,at_peace,40,-0.501,negative,True
j_0001657,u_00736,2025-11-08 07:30:00,low,purpose,light_islamic,hurting,63,-0.039,neutral,True
j_0001658,u_00736,2025-11-10 10:11:00,grateful,habits,light_islamic,questioning,153,0.401,positive,True
j_0001659,u_00736,2025-11-13 12:56:00,good,self,light_islamic,questioning,47,0.474,positive,True
j_0001660,u_00738,2025-07-02 17:25:00,good,gratitude,light_islamic,,70,0.046,neutral,True
j_0001661,u_00738,2025-07-14 12:05:00,grateful,anxiety,light_islamic,questioning,111,0.269,positive,True
j_0001662,u_00738,2025-07-22 19:07:00,low,faith,light_islamic,at_peace,30,-0.592,negative,True
j_0001663,u_00738,2025-07-25 11:56:00,grateful,work,universal,distant,228,0.643,positive,True
j_0001664,u_00738,2025-07-29 16:45:00,good,relationships,light_islamic,questioning,50,0.283,positive,True
j_0001665,u_00739,2025-09-19 21:52:00,good,confidence,light_islamic,,44,0.226,positive,True
j_0001666,u_00739,2025-09-22 17:21:00,good,habits,light_islamic,distant,161,0.43,positive,True
j_0001667,u_00739,2025-09-23 13:50:00,good,work,light_islamic,at_peace,205,0.416,positive,True
j_0001668,u_00739,2025-09-29 17:40:00,good,confidence,light_islamic,at_peace,70,-0.009,neutral,True
j_0001669,u_00739,2025-10-14 12:09:00,low,confidence,universal,questioning,58,-0.279,negative,True
j_0001670,u_00740,2025-12-29 12:27:00,neutral,gratitude,light_islamic,,93,0.196,positive,True
j_0001671,u_00740,2026-01-02 14:23:00,good,purpose,deeper_faith,at_peace,167,0.396,positive,True
j_0001672,u_00740,2026-01-05 19:54:00,neutral,relationships,universal,distant,87,-0.214,negative,True
j_0001673,u_00740,2026-01-07 17:22:00,neutral,purpose,deeper_faith,at_peace,89,0.088,neutral,True
j_0001674,u_00740,2026-01-11 11:15:00,very_low,anxiety,light_islamic,at_peace,56,-0.569,negative,True
j_0001675,u_00740,2026-01-12 20:28:00,grateful,burnout,universal,questioning,38,0.596,positive,True
j_0001676,u_00740,2026-01-16 17:28:00,neutral,work,universal,at_peace,126,0.243,positive,True
j_0001677,u_00740,2026-01-18 07:51:00,good,confidence,universal,at_peace,42,0.533,positive,True
j_0001678,u_00741,2025-10-02 21:39:00,neutral,purpose,universal,,36,-0.362,negative,True
j_0001679,u_00741,2025-10-09 15:10:00,good,work,light_islamic,questioning,56,0.23,positive,True
j_0001680,u_00741,2025-10-10 21:53:00,good,anxiety,deeper_faith,distant,129,0.589,positive,True
j_0001681,u_00741,2025-10-13 19:55:00,neutral,self,deeper_faith,at_peace,17,0.388,positive,True
j_0001682,u_00741,2025-10-21 15:47:00,low,work,deeper_faith,at_peace,66,-0.269,negative,True
j_0001683,u_00743,2025-12-31 20:18:00,very_low,gratitude,light_islamic,at_peace,69,-0.57,negative,True
j_0001684,u_00743,2026-01-05 18:50:00,good,habits,universal,at_peace,32,0.398,positive,True
j_0001685,u_00743,2026-01-07 14:07:00,grateful,confidence,universal,at_peace,58,0.341,positive,True
j_0001686,u_00744,2025-04-05 12:48:00,neutral,purpose,light_islamic,,130,0.351,positive,True
j_0001687,u_00744,2025-04-07 07:56:00,neutral,work,light_islamic,,71,-0.216,negative,True
j_0001688,u_00744,2025-04-11 16:59:00,neutral,burnout,light_islamic,questioning,62,0.165,positive,True
j_0001689,u_00744,2025-04-13 20:57:00,low,faith,light_islamic,at_peace,50,-0.628,negative,True
j_0001690,u_00744,2025-04-16 20:06:00,neutral,work,light_islamic,at_peace,85,-0.094,neutral,True
j_0001691,u_00744,2025-04-18 22:09:00,good,anxiety,universal,at_peace,66,0.03,neutral,True
j_0001692,u_00746,2025-02-28 10:01:00,grateful,purpose,universal,,73,0.844,positive,True
j_0001693,u_00746,2025-03-08 13:26:00,neutral,purpose,universal,distant,86,0.24,positive,True
j_0001694,u_00746,2025-03-24 16:03:00,grateful,work,universal,questioning,160,0.443,positive,True
j_0001695,u_00746,2025-03-27 11:31:00,very_low,confidence,universal,at_peace,23,-0.589,negative,True
j_0001696,u_00746,2025-03-28 13:32:00,good,anxiety,light_islamic,questioning,51,0.02,neutral,True
j_0001697,u_00748,2025-11-25 12:39:00,grateful,purpose,universal,,78,0.673,positive,True
j_0001698,u_00748,2025-11-26 08:55:00,good,burnout,deeper_faith,,142,0.396,positive,True
j_0001699,u_00748,2025-12-04 07:29:00,good,faith,light_islamic,distant,46,0.421,positive,True
j_0001700,u_00748,2025-12-09 08:26:00,good,burnout,light_islamic,distant,167,0.329,positive,True
j_0001701,u_00748,2025-12-10 17:25:00,grateful,gratitude,universal,at_peace,108,0.348,positive,True
j_0001702,u_00748,2025-12-13 17:38:00,grateful,purpose,light_islamic,distant,156,0.909,positive,True
j_0001703,u_00750,2025-07-13 16:12:00,low,anxiety,universal,,33,0.101,neutral,True
j_0001704,u_00750,2025-07-16 16:54:00,neutral,faith,universal,,96,-0.024,neutral,True
j_0001705,u_00750,2025-07-18 13:10:00,good,work,deeper_faith,hurting,109,0.583,positive,True
j_0001706,u_00750,2025-07-24 15:28:00,neutral,confidence,light_islamic,questioning,71,-0.29,negative,True
j_0001707,u_00750,2025-07-28 20:17:00,good,relationships,deeper_faith,at_peace,81,0.566,positive,True
j_0001708,u_00750,2025-08-01 10:32:00,neutral,self,universal,at_peace,105,-0.045,neutral,True
j_0001709,u_00751,2025-07-12 22:13:00,neutral,purpose,deeper_faith,,111,0.014,neutral,True
j_0001710,u_00751,2025-07-16 10:44:00,low,faith,light_islamic,questioning,29,-0.161,negative,True
j_0001711,u_00751,2025-07-23 10:02:00,neutral,confidence,deeper_faith,at_peace,103,0.192,positive,True
j_0001712,u_00753,2025-05-12 09:09:00,neutral,burnout,light_islamic,,53,0.023,neutral,True
j_0001713,u_00753,2025-05-17 21:06:00,neutral,relationships,light_islamic,at_peace,52,-0.053,neutral,True
j_0001714,u_00753,2025-05-20 20:36:00,good,self,universal,at_peace,27,0.211,positive,True
j_0001715,u_00753,2025-05-31 21:14:00,neutral,work,deeper_faith,distant,123,0.247,positive,True
j_0001716,u_00753,2025-06-08 14:54:00,good,confidence,universal,at_peace,71,0.186,positive,True
j_0001717,u_00755,2025-07-02 10:51:00,grateful,burnout,light_islamic,distant,130,0.331,positive,True
j_0001718,u_00755,2025-07-17 11:35:00,low,habits,light_islamic,distant,49,-0.79,negative,True
j_0001719,u_00755,2025-07-19 20:11:00,neutral,confidence,deeper_faith,at_peace,240,0.137,neutral,True
j_0001720,u_00755,2025-07-22 21:21:00,very_low,habits,universal,distant,105,-0.904,negative,True
j_0001721,u_00755,2025-07-26 15:56:00,low,burnout,light_islamic,questioning,52,-0.125,neutral,True
j_0001722,u_00756,2025-04-12 21:59:00,good,work,deeper_faith,,214,-0.185,negative,True
j_0001723,u_00756,2025-05-02 19:13:00,neutral,faith,universal,at_peace,103,-0.045,neutral,True
j_0001724,u_00756,2025-05-04 10:38:00,neutral,faith,light_islamic,questioning,86,-0.002,neutral,True
j_0001725,u_00756,2025-05-07 19:40:00,neutral,work,universal,hurting,59,-0.248,negative,True
j_0001726,u_00757,2025-11-18 16:52:00,good,relationships,universal,at_peace,252,0.237,positive,True
j_0001727,u_00757,2025-11-22 21:02:00,low,work,universal,at_peace,58,0.272,positive,True
j_0001728,u_00757,2025-11-25 12:04:00,good,anxiety,light_islamic,questioning,50,0.382,positive,True
j_0001729,u_00757,2025-11-28 21:03:00,neutral,work,universal,questioning,22,0.323,positive,True
j_0001730,u_00757,2025-12-02 12:33:00,good,burnout,light_islamic,at_peace,147,0.408,positive,True
j_0001731,u_00757,2025-12-12 17:49:00,good,purpose,universal,distant,79,0.376,positive,True
j_0001732,u_00757,2025-12-14 17:17:00,low,self,universal,questioning,191,-0.28,negative,True
j_0001733,u_00760,2025-09-28 22:01:00,grateful,purpose,light_islamic,,145,0.411,positive,True
j_0001734,u_00760,2025-10-04 15:34:00,very_low,confidence,light_islamic,questioning,142,-0.644,negative,True
j_0001735,u_00760,2025-10-14 16:39:00,good,work,light_islamic,at_peace,25,0.309,positive,True
j_0001736,u_00760,2025-10-17 11:30:00,good,gratitude,light_islamic,questioning,90,0.504,positive,True
j_0001737,u_00760,2025-10-19 20:46:00,low,faith,light_islamic,at_peace,187,-0.501,negative,True
j_0001738,u_00761,2025-10-08 18:11:00,low,anxiety,universal,,77,-0.145,neutral,True
j_0001739,u_00761,2025-10-27 16:25:00,low,habits,light_islamic,at_peace,224,-0.058,neutral,True
j_0001740,u_00761,2025-10-28 19:43:00,neutral,relationships,universal,questioning,29,0.002,neutral,True
j_0001741,u_00761,2025-11-03 19:31:00,low,purpose,universal,questioning,89,-0.375,negative,True
j_0001742,u_00762,2025-02-07 09:34:00,good,purpose,universal,,68,0.272,positive,True
j_0001743,u_00762,2025-02-23 08:15:00,grateful,habits,universal,questioning,98,0.313,positive,True
j_0001744,u_00762,2025-02-27 07:40:00,very_low,anxiety,deeper_faith,at_peace,34,-0.864,negative,True
j_0001745,u_00762,2025-03-07 18:11:00,good,confidence,deeper_faith,at_peace,41,0.105,neutral,True
j_0001746,u_00763,2025-10-26 11:19:00,good,habits,light_islamic,,72,0.036,neutral,True
j_0001747,u_00763,2025-10-28 21:10:00,grateful,habits,deeper_faith,at_peace,24,0.699,positive,True
j_0001748,u_00763,2025-11-02 18:12:00,good,gratitude,universal,distant,71,0.339,positive,True
j_0001749,u_00763,2025-11-04 22:01:00,low,confidence,universal,at_peace,56,-0.469,negative,True
j_0001750,u_00763,2025-11-06 21:21:00,good,confidence,universal,hurting,35,0.019,neutral,True
j_0001751,u_00763,2025-11-08 11:02:00,neutral,burnout,universal,at_peace,43,0.097,neutral,True
j_0001752,u_00763,2025-11-14 11:07:00,neutral,anxiety,light_islamic,questioning,65,-0.161,negative,True
j_0001753,u_00763,2025-11-16 16:58:00,low,self,deeper_faith,at_peace,166,-0.305,negative,True
j_0001754,u_00765,2025-03-21 13:26:00,good,anxiety,light_islamic,,76,0.343,positive,True
j_0001755,u_00765,2025-04-08 07:49:00,grateful,work,light_islamic,at_peace,45,0.722,positive,True
j_0001756,u_00765,2025-04-11 18:26:00,neutral,habits,light_islamic,at_peace,67,-0.136,neutral,True
j_0001757,u_00765,2025-04-13 12:59:00,good,self,universal,questioning,26,-0.133,neutral,True
j_0001758,u_00765,2025-04-14 11:33:00,good,work,light_islamic,at_peace,73,0.644,positive,True
j_0001759,u_00767,2025-03-10 18:14:00,very_low,purpose,deeper_faith,,135,-0.375,negative,True
j_0001760,u_00767,2025-03-22 21:03:00,good,burnout,light_islamic,questioning,56,0.379,positive,True
j_0001761,u_00767,2025-03-28 18:06:00,neutral,confidence,universal,distant,73,-0.158,negative,True
j_0001762,u_00767,2025-04-03 09:03:00,low,anxiety,universal,hurting,15,-0.392,negative,True
j_0001763,u_00768,2025-12-16 14:06:00,low,work,deeper_faith,,114,-0.122,neutral,True
j_0001764,u_00768,2025-12-17 13:02:00,good,anxiety,universal,,65,0.149,neutral,True
j_0001765,u_00768,2025-12-18 22:14:00,neutral,burnout,light_islamic,,131,-0.237,negative,True
j_0001766,u_00768,2025-12-26 18:41:00,neutral,gratitude,deeper_faith,at_peace,47,-0.126,neutral,True
j_0001767,u_00768,2025-12-31 13:25:00,good,work,universal,at_peace,40,0.275,positive,True
j_0001768,u_00768,2026-01-01 19:38:00,neutral,anxiety,light_islamic,distant,438,-0.364,negative,True
j_0001769,u_00768,2026-01-05 10:26:00,very_low,relationships,deeper_faith,at_peace,79,-0.557,negative,True
j_0001770,u_00769,2025-06-22 10:17:00,neutral,anxiety,light_islamic,,97,0.029,neutral,True
j_0001771,u_00769,2025-06-26 08:35:00,grateful,confidence,universal,questioning,42,0.521,positive,True
j_0001772,u_00769,2025-06-29 16:27:00,good,self,light_islamic,distant,108,0.066,neutral,True
j_0001773,u_00769,2025-06-30 15:51:00,good,faith,universal,distant,72,0.401,positive,True
j_0001774,u_00769,2025-07-07 15:14:00,neutral,faith,deeper_faith,questioning,130,-0.194,negative,True
j_0001775,u_00769,2025-07-08 09:31:00,low,purpose,light_islamic,at_peace,64,-0.215,negative,True
j_0001776,u_00769,2025-07-09 20:25:00,low,faith,universal,at_peace,44,0.011,neutral,True
j_0001777,u_00769,2025-07-10 11:27:00,good,purpose,light_islamic,at_peace,107,0.353,positive,True
j_0001778,u_00769,2025-07-17 11:34:00,low,confidence,light_islamic,at_peace,84,-0.449,negative,True
j_0001779,u_00769,2025-07-20 13:22:00,low,confidence,deeper_faith,distant,130,-0.39,negative,True
j_0001780,u_00770,2025-05-27 20:20:00,good,gratitude,deeper_faith,,63,-0.061,neutral,True
j_0001781,u_00770,2025-05-30 11:00:00,good,burnout,universal,,58,0.142,neutral,True
j_0001782,u_00770,2025-06-04 07:42:00,grateful,faith,universal,at_peace,99,0.553,positive,True
j_0001783,u_00770,2025-06-15 12:42:00,good,anxiety,deeper_faith,distant,326,0.276,positive,True
j_0001784,u_00770,2025-06-16 19:04:00,good,self,deeper_faith,questioning,33,0.2,positive,True
j_0001785,u_00770,2025-06-19 17:53:00,low,faith,universal,questioning,143,-0.248,negative,True
j_0001786,u_00772,2025-05-26 07:11:00,grateful,relationships,deeper_faith,,46,0.511,positive,True
j_0001787,u_00772,2025-05-27 19:40:00,low,confidence,universal,at_peace,28,-0.391,negative,True
j_0001788,u_00772,2025-06-05 09:40:00,neutral,anxiety,universal,questioning,80,-0.062,neutral,True
j_0001789,u_00772,2025-06-08 09:45:00,grateful,self,light_islamic,at_peace,111,0.797,positive,True
j_0001790,u_00772,2025-06-09 20:56:00,neutral,purpose,universal,questioning,30,-0.141,neutral,True
j_0001791,u_00773,2025-02-23 16:05:00,neutral,faith,universal,,45,-0.014,neutral,True
j_0001792,u_00773,2025-02-25 16:25:00,grateful,anxiety,light_islamic,,81,0.024,neutral,True
j_0001793,u_00773,2025-03-01 12:31:00,neutral,confidence,universal,at_peace,81,-0.32,negative,True
j_0001794,u_00773,2025-03-02 13:23:00,good,purpose,light_islamic,questioning,117,0.946,positive,True
j_0001795,u_00773,2025-03-05 12:15:00,low,purpose,universal,questioning,111,-0.107,neutral,True
j_0001796,u_00773,2025-03-10 20:12:00,good,purpose,light_islamic,distant,81,0.683,positive,True
j_0001797,u_00773,2025-03-16 18:29:00,grateful,gratitude,light_islamic,distant,44,0.209,positive,True
j_0001798,u_00774,2025-07-11 11:19:00,neutral,work,universal,,90,0.032,neutral,True
j_0001799,u_00774,2025-07-13 18:01:00,grateful,confidence,universal,,47,0.581,positive,True
j_0001800,u_00774,2025-07-14 16:56:00,good,relationships,light_islamic,distant,86,0.023,neutral,True
j_0001801,u_00774,2025-07-25 21:03:00,very_low,self,light_islamic,at_peace,82,-0.549,negative,True
j_0001802,u_00774,2025-07-27 13:52:00,neutral,relationships,universal,at_peace,122,-0.518,negative,True
j_0001803,u_00774,2025-07-31 07:45:00,grateful,purpose,light_islamic,at_peace,25,0.776,positive,True
j_0001804,u_00774,2025-08-01 11:42:00,grateful,gratitude,light_islamic,hurting,42,0.642,positive,True
j_0001805,u_00774,2025-08-06 09:49:00,good,relationships,light_islamic,at_peace,150,0.529,positive,True
j_0001806,u_00774,2025-08-07 20:20:00,neutral,purpose,universal,at_peace,124,-0.103,neutral,True
j_0001807,u_00776,2025-06-19 12:15:00,grateful,anxiety,deeper_faith,,49,0.568,positive,True
j_0001808,u_00776,2025-06-23 16:16:00,low,relationships,deeper_faith,at_peace,26,-0.223,negative,True
j_0001809,u_00776,2025-06-25 19:10:00,very_low,anxiety,universal,at_peace,47,-0.884,negative,True
j_0001810,u_00776,2025-06-28 20:32:00,good,relationships,deeper_faith,at_peace,78,0.37,positive,True
j_0001811,u_00776,2025-07-10 20:45:00,neutral,confidence,light_islamic,questioning,31,0.142,neutral,True
j_0001812,u_00776,2025-07-16 10:35:00,neutral,work,light_islamic,at_peace,43,0.468,positive,True
j_0001813,u_00776,2025-07-19 18:57:00,good,confidence,universal,questioning,51,0.225,positive,True
j_0001814,u_00777,2025-05-02 21:00:00,neutral,gratitude,universal,,49,0.127,neutral,True
j_0001815,u_00777,2025-05-03 11:20:00,neutral,faith,universal,,51,0.267,positive,True
j_0001816,u_00777,2025-05-07 19:15:00,neutral,confidence,universal,at_peace,61,-0.151,negative,True
j_0001817,u_00777,2025-05-12 15:59:00,good,burnout,universal,hurting,65,0.551,positive,True
j_0001818,u_00777,2025-05-18 13:53:00,good,confidence,universal,distant,59,0.171,positive,True
j_0001819,u_00777,2025-05-19 08:33:00,neutral,relationships,light_islamic,distant,51,-0.242,negative,True
j_0001820,u_00777,2025-05-23 21:14:00,neutral,burnout,universal,at_peace,137,0.024,neutral,True
j_0001821,u_00777,2025-05-30 09:53:00,grateful,anxiety,universal,at_peace,70,0.572,positive,True
j_0001822,u_00782,2025-04-22 09:48:00,good,confidence,universal,,81,0.156,positive,True
j_0001823,u_00782,2025-04-24 18:12:00,low,anxiety,universal,,76,-0.268,negative,True
j_0001824,u_00782,2025-04-25 13:23:00,low,self,universal,,42,0.067,neutral,True
j_0001825,u_00782,2025-04-29 22:07:00,grateful,self,deeper_faith,at_peace,73,-0.017,neutral,True
j_0001826,u_00782,2025-05-01 15:02:00,neutral,gratitude,universal,at_peace,106,0.05,neutral,True
j_0001827,u_00782,2025-05-11 08:50:00,good,confidence,deeper_faith,at_peace,69,0.18,positive,True
j_0001828,u_00782,2025-05-17 19:17:00,very_low,confidence,light_islamic,at_peace,132,-0.573,negative,True
j_0001829,u_00782,2025-05-19 11:38:00,grateful,habits,universal,at_peace,55,0.341,positive,True
j_0001830,u_00786,2025-02-06 20:33:00,grateful,purpose,deeper_faith,,137,0.644,positive,True
j_0001831,u_00786,2025-02-07 14:12:00,neutral,relationships,universal,,47,-0.22,negative,True
j_0001832,u_00786,2025-02-08 09:12:00,neutral,habits,deeper_faith,,95,0.22,positive,True
j_0001833,u_00786,2025-02-10 13:44:00,neutral,confidence,light_islamic,distant,55,0.063,neutral,True
j_0001834,u_00786,2025-02-14 20:39:00,good,faith,deeper_faith,at_peace,96,0.184,positive,True
j_0001835,u_00786,2025-02-15 16:05:00,good,habits,universal,at_peace,35,0.362,positive,True
j_0001836,u_00786,2025-02-24 20:16:00,good,faith,light_islamic,at_peace,154,-0.286,negative,True
j_0001837,u_00787,2025-02-10 11:27:00,low,relationships,universal,,49,-0.476,negative,True
j_0001838,u_00787,2025-02-13 14:28:00,neutral,burnout,deeper_faith,,251,-0.006,neutral,True
j_0001839,u_00787,2025-02-23 15:15:00,neutral,purpose,deeper_faith,questioning,63,0.144,neutral,True
j_0001840,u_00787,2025-02-24 14:46:00,neutral,purpose,light_islamic,at_peace,184,0.193,positive,True
j_0001841,u_00787,2025-02-27 16:27:00,good,relationships,light_islamic,at_peace,204,0.388,positive,True
j_0001842,u_00787,2025-03-02 18:23:00,good,habits,universal,hurting,58,0.667,positive,True
j_0001843,u_00788,2025-02-22 07:25:00,neutral,faith,universal,,235,-0.052,neutral,True
j_0001844,u_00788,2025-03-07 09:38:00,good,habits,universal,at_peace,16,0.085,neutral,True
j_0001845,u_00788,2025-03-09 13:44:00,very_low,relationships,universal,distant,86,-0.329,negative,True
j_0001846,u_00788,2025-03-15 09:20:00,good,work,universal,questioning,28,0.604,positive,True
j_0001847,u_00788,2025-03-20 09:37:00,neutral,faith,deeper_faith,questioning,92,0.186,positive,True
j_0001848,u_00790,2025-06-29 16:31:00,neutral,purpose,universal,,114,-0.009,neutral,True
j_0001849,u_00790,2025-07-06 19:27:00,neutral,relationships,deeper_faith,distant,100,0.009,neutral,True
j_0001850,u_00790,2025-07-15 09:46:00,low,confidence,universal,questioning,160,-0.234,negative,True
j_0001851,u_00790,2025-07-16 18:43:00,neutral,faith,universal,at_peace,93,-0.074,neutral,True
j_0001852,u_00790,2025-07-22 10:53:00,good,work,universal,at_peace,95,0.435,positive,True
j_0001853,u_00791,2025-01-16 11:57:00,good,work,universal,at_peace,108,0.588,positive,True
j_0001854,u_00791,2025-01-20 19:10:00,low,self,deeper_faith,at_peace,128,-0.366,negative,True
j_0001855,u_00791,2025-01-21 14:51:00,neutral,purpose,universal,hurting,66,-0.301,negative,True
j_0001856,u_00794,2025-05-16 16:58:00,neutral,work,light_islamic,,22,0.046,neutral,True
j_0001857,u_00794,2025-05-29 18:55:00,low,habits,light_islamic,hurting,114,-0.392,negative,True
j_0001858,u_00794,2025-06-10 11:55:00,good,work,universal,at_peace,76,0.386,positive,True
j_0001859,u_00794,2025-06-11 10:42:00,good,confidence,deeper_faith,at_peace,35,0.496,positive,True
j_0001860,u_00795,2025-05-22 13:16:00,low,purpose,universal,,166,-0.08,neutral,True
j_0001861,u_00795,2025-05-25 13:20:00,very_low,anxiety,universal,,55,-0.289,negative,True
j_0001862,u_00795,2025-05-26 10:59:00,neutral,confidence,deeper_faith,at_peace,138,-0.007,neutral,True
j_0001863,u_00795,2025-05-27 12:25:00,good,purpose,light_islamic,questioning,178,0.428,positive,True
j_0001864,u_00795,2025-05-28 19:57:00,good,confidence,deeper_faith,distant,72,0.47,positive,True
j_0001865,u_00795,2025-06-01 20:42:00,grateful,confidence,light_islamic,at_peace,75,0.326,positive,True
j_0001866,u_00795,2025-06-13 15:56:00,low,gratitude,universal,at_peace,47,-0.373,negative,True
j_0001867,u_00795,2025-06-19 15:14:00,good,purpose,universal,distant,23,-0.008,neutral,True
j_0001868,u_00796,2025-09-18 18:30:00,neutral,faith,light_islamic,,123,-0.196,negative,True
j_0001869,u_00796,2025-09-24 10:01:00,low,relationships,light_islamic,at_peace,39,-0.525,negative,True
j_0001870,u_00796,2025-09-27 15:50:00,very_low,habits,universal,at_peace,69,-0.762,negative,True
j_0001871,u_00796,2025-10-02 20:30:00,good,purpose,deeper_faith,questioning,56,0.1,neutral,True
j_0001872,u_00796,2025-10-06 08:07:00,grateful,gratitude,universal,distant,178,0.864,positive,True
j_0001873,u_00796,2025-10-14 14:36:00,good,relationships,light_islamic,at_peace,34,0.302,positive,True
j_0001874,u_00796,2025-10-18 09:56:00,very_low,anxiety,deeper_faith,hurting,75,-0.805,negative,True
j_0001875,u_00798,2025-10-03 19:08:00,good,confidence,universal,questioning,201,0.482,positive,True
j_0001876,u_00798,2025-10-08 17:42:00,grateful,work,universal,questioning,41,0.823,positive,True
j_0001877,u_00798,2025-10-15 09:19:00,good,relationships,universal,distant,141,0.596,positive,True
j_0001878,u_00799,2025-06-05 14:40:00,low,habits,light_islamic,,13,-0.265,negative,True
j_0001879,u_00799,2025-06-09 07:50:00,neutral,purpose,light_islamic,at_peace,68,-0.026,neutral,True
j_0001880,u_00799,2025-06-15 18:46:00,low,burnout,universal,distant,21,-0.292,negative,True
j_0001881,u_00799,2025-06-20 19:14:00,neutral,confidence,light_islamic,at_peace,43,-0.378,negative,True
j_0001882,u_00799,2025-06-26 21:41:00,neutral,work,universal,at_peace,120,-0.13,neutral,True
j_0001883,u_00799,2025-06-29 17:29:00,low,faith,light_islamic,at_peace,109,-0.023,neutral,True
j_0001884,u_00804,2025-11-02 12:27:00,neutral,faith,light_islamic,,130,0.354,positive,True
j_0001885,u_00804,2025-11-19 11:24:00,neutral,anxiety,light_islamic,at_peace,179,-0.171,negative,True
j_0001886,u_00805,2025-09-19 18:39:00,good,gratitude,universal,,16,0.076,neutral,True
j_0001887,u_00805,2025-09-21 09:21:00,good,self,universal,,46,0.59,positive,True
j_0001888,u_00805,2025-09-23 07:23:00,neutral,burnout,deeper_faith,distant,51,0.159,positive,True
j_0001889,u_00805,2025-09-24 10:49:00,grateful,confidence,light_islamic,at_peace,77,0.273,positive,True
j_0001890,u_00805,2025-09-25 17:08:00,good,gratitude,universal,questioning,143,0.148,neutral,True
j_0001891,u_00805,2025-10-13 20:08:00,grateful,self,deeper_faith,at_peace,41,0.26,positive,True
j_0001892,u_00805,2025-10-17 11:43:00,good,anxiety,universal,questioning,232,0.513,positive,True
j_0001893,u_00807,2025-09-29 13:28:00,good,confidence,deeper_faith,,85,0.443,positive,True
j_0001894,u_00807,2025-10-02 09:21:00,good,relationships,deeper_faith,,64,0.425,positive,True
j_0001895,u_00807,2025-10-03 17:34:00,very_low,purpose,universal,questioning,52,-0.686,negative,True
j_0001896,u_00808,2025-12-26 08:33:00,good,work,light_islamic,at_peace,67,0.574,positive,True
j_0001897,u_00808,2025-12-27 12:59:00,neutral,faith,deeper_faith,at_peace,37,-0.153,negative,True
j_0001898,u_00808,2025-12-29 17:47:00,neutral,self,deeper_faith,questioning,91,-0.118,neutral,True
j_0001899,u_00808,2026-01-14 16:50:00,neutral,work,deeper_faith,at_peace,53,0.579,positive,True
j_0001900,u_00810,2025-01-27 18:57:00,good,anxiety,deeper_faith,,52,0.332,positive,True
j_0001901,u_00810,2025-01-28 15:11:00,grateful,self,light_islamic,,50,0.164,positive,True
j_0001902,u_00810,2025-01-29 16:20:00,good,faith,universal,,278,0.055,neutral,True
j_0001903,u_00810,2025-01-30 16:05:00,very_low,purpose,universal,,45,-0.52,negative,True
j_0001904,u_00810,2025-02-02 07:34:00,good,relationships,light_islamic,distant,44,0.231,positive,True
j_0001905,u_00810,2025-02-18 19:17:00,neutral,habits,universal,questioning,25,0.012,neutral,True
j_0001906,u_00811,2025-06-21 15:40:00,good,faith,universal,,47,0.031,neutral,True
j_0001907,u_00811,2025-06-29 19:14:00,neutral,relationships,light_islamic,hurting,109,-0.351,negative,True
j_0001908,u_00811,2025-06-30 10:58:00,low,confidence,light_islamic,distant,124,-0.062,neutral,True
j_0001909,u_00811,2025-07-06 13:16:00,low,relationships,light_islamic,at_peace,43,-0.235,negative,True
j_0001910,u_00811,2025-07-16 21:38:00,good,self,universal,at_peace,202,0.189,positive,True
j_0001911,u_00812,2025-11-06 15:56:00,good,self,light_islamic,,146,-0.069,neutral,True
j_0001912,u_00812,2025-11-16 19:09:00,low,anxiety,light_islamic,at_peace,33,0.024,neutral,True
j_0001913,u_00812,2025-11-21 16:52:00,grateful,habits,light_islamic,at_peace,86,1.0,positive,True
j_0001914,u_00812,2025-11-28 19:43:00,neutral,burnout,light_islamic,hurting,93,-0.329,negative,True
j_0001915,u_00812,2025-12-04 10:42:00,neutral,confidence,universal,hurting,136,-0.039,neutral,True
j_0001916,u_00813,2025-06-10 12:16:00,neutral,relationships,universal,at_peace,134,-0.05,neutral,True
j_0001917,u_00813,2025-06-11 10:31:00,neutral,faith,deeper_faith,at_peace,63,0.431,positive,True
j_0001918,u_00813,2025-06-15 20:32:00,low,faith,light_islamic,distant,60,-0.632,negative,True
j_0001919,u_00813,2025-06-18 10:18:00,neutral,purpose,light_islamic,at_peace,77,-0.105,neutral,True
j_0001920,u_00813,2025-06-25 18:54:00,grateful,self,deeper_faith,at_peace,77,0.494,positive,True
j_0001921,u_00814,2025-09-28 08:31:00,neutral,faith,light_islamic,,18,0.213,positive,True
j_0001922,u_00814,2025-09-29 07:40:00,good,anxiety,light_islamic,,132,0.134,neutral,True
j_0001923,u_00814,2025-10-07 18:56:00,good,self,universal,at_peace,127,0.304,positive,True
j_0001924,u_00814,2025-10-10 09:34:00,good,relationships,universal,at_peace,64,0.685,positive,True
j_0001925,u_00814,2025-10-15 14:20:00,neutral,anxiety,universal,questioning,118,-0.142,neutral,True
j_0001926,u_00814,2025-10-21 14:51:00,good,relationships,light_islamic,at_peace,82,0.06,neutral,True
j_0001927,u_00814,2025-10-25 11:12:00,neutral,purpose,light_islamic,distant,93,-0.022,neutral,True
j_0001928,u_00817,2025-08-09 21:27:00,low,faith,deeper_faith,,43,-0.452,negative,True
j_0001929,u_00817,2025-08-11 12:03:00,grateful,burnout,deeper_faith,,176,-0.004,neutral,True
j_0001930,u_00817,2025-08-13 09:14:00,low,confidence,universal,questioning,40,-0.172,negative,True
j_0001931,u_00817,2025-08-17 14:04:00,good,gratitude,universal,distant,100,0.579,positive,True
j_0001932,u_00817,2025-08-19 18:34:00,good,habits,universal,questioning,125,-0.114,neutral,True
j_0001933,u_00817,2025-08-27 16:28:00,good,purpose,light_islamic,distant,219,0.256,positive,True
j_0001934,u_00818,2025-10-18 16:13:00,good,burnout,universal,,113,0.295,positive,True
j_0001935,u_00818,2025-10-21 11:48:00,low,habits,deeper_faith,,118,0.026,neutral,True
j_0001936,u_00818,2025-10-24 20:54:00,good,work,light_islamic,at_peace,112,0.544,positive,True
j_0001937,u_00818,2025-10-26 21:32:00,neutral,faith,universal,questioning,67,-0.221,negative,True
j_0001938,u_00818,2025-10-27 21:52:00,good,confidence,light_islamic,questioning,16,0.576,positive,True
j_0001939,u_00818,2025-11-01 15:21:00,good,purpose,deeper_faith,at_peace,16,0.251,positive,True
j_0001940,u_00818,2025-11-05 17:32:00,neutral,anxiety,universal,questioning,28,0.431,positive,True
j_0001941,u_00818,2025-11-06 14:49:00,good,self,light_islamic,questioning,81,0.435,positive,True
j_0001942,u_00819,2025-09-11 17:21:00,neutral,faith,light_islamic,,16,-0.151,negative,True
j_0001943,u_00819,2025-09-22 11:14:00,neutral,purpose,light_islamic,at_peace,89,-0.245,negative,True
j_0001944,u_00819,2025-09-26 17:12:00,neutral,relationships,universal,at_peace,68,-0.238,negative,True
j_0001945,u_00822,2025-06-03 15:50:00,good,relationships,universal,,87,-0.467,negative,True
j_0001946,u_00822,2025-06-05 18:39:00,good,anxiety,universal,,93,0.4,positive,True
j_0001947,u_00822,2025-06-07 10:21:00,neutral,work,light_islamic,distant,77,0.008,neutral,True
j_0001948,u_00822,2025-06-10 08:11:00,neutral,habits,light_islamic,at_peace,22,0.136,neutral,True
j_0001949,u_00822,2025-06-11 13:32:00,neutral,work,light_islamic,hurting,22,0.169,positive,True
j_0001950,u_00822,2025-06-13 22:03:00,good,faith,light_islamic,at_peace,73,0.086,neutral,True
j_0001951,u_00822,2025-06-14 19:31:00,very_low,confidence,deeper_faith,questioning,94,-0.723,negative,True
j_0001952,u_00822,2025-06-21 21:27:00,neutral,anxiety,light_islamic,questioning,96,-0.128,neutral,True
j_0001953,u_00823,2025-03-01 09:02:00,neutral,gratitude,deeper_faith,,105,0.1,neutral,True
j_0001954,u_00823,2025-03-11 19:43:00,good,self,light_islamic,questioning,48,0.047,neutral,True
j_0001955,u_00823,2025-03-12 20:53:00,neutral,relationships,deeper_faith,at_peace,135,-0.056,neutral,True
j_0001956,u_00823,2025-03-16 16:58:00,good,purpose,deeper_faith,distant,72,0.314,positive,True
j_0001957,u_00824,2025-03-12 07:29:00,neutral,anxiety,universal,,67,0.102,neutral,True
j_0001958,u_00824,2025-04-09 21:30:00,neutral,gratitude,universal,at_peace,77,-0.442,negative,True
j_0001959,u_00825,2025-01-15 09:27:00,neutral,work,light_islamic,,46,0.282,positive,True
j_0001960,u_00825,2025-01-17 21:03:00,neutral,confidence,light_islamic,,78,-0.135,neutral,True
j_0001961,u_00825,2025-01-24 07:54:00,good,habits,light_islamic,at_peace,58,0.039,neutral,True
j_0001962,u_00825,2025-01-29 21:50:00,neutral,burnout,deeper_faith,at_peace,46,-0.376,negative,True
j_0001963,u_00825,2025-01-31 07:46:00,low,habits,universal,at_peace,29,-0.596,negative,True
j_0001964,u_00826,2025-07-13 20:50:00,neutral,relationships,light_islamic,at_peace,124,-0.045,neutral,True
j_0001965,u_00826,2025-07-20 15:53:00,grateful,relationships,universal,at_peace,20,0.528,positive,True
j_0001966,u_00826,2025-07-29 10:31:00,low,anxiety,universal,at_peace,155,-0.12,neutral,True
j_0001967,u_00827,2025-01-30 10:33:00,neutral,work,light_islamic,,154,0.371,positive,True
j_0001968,u_00827,2025-02-02 15:58:00,grateful,habits,universal,,145,0.2,positive,True
j_0001969,u_00827,2025-02-03 15:37:00,good,faith,light_islamic,at_peace,14,0.553,positive,True
j_0001970,u_00827,2025-02-04 21:09:00,neutral,burnout,light_islamic,at_peace,104,-0.393,negative,True
j_0001971,u_00827,2025-02-20 07:37:00,neutral,habits,light_islamic,at_peace,85,0.052,neutral,True
j_0001972,u_00828,2025-12-10 20:51:00,neutral,habits,universal,at_peace,106,0.024,neutral,True
j_0001973,u_00829,2025-08-17 14:40:00,neutral,burnout,light_islamic,distant,56,-0.015,neutral,True
j_0001974,u_00829,2025-08-20 14:50:00,good,purpose,deeper_faith,distant,124,-0.066,neutral,True
j_0001975,u_00829,2025-08-31 13:07:00,low,gratitude,light_islamic,questioning,41,-0.2,negative,True
j_0001976,u_00830,2025-11-09 08:00:00,grateful,habits,universal,,65,0.679,positive,True
j_0001977,u_00830,2025-11-10 19:24:00,neutral,purpose,universal,,85,0.048,neutral,True
j_0001978,u_00830,2025-11-12 19:42:00,good,confidence,light_islamic,distant,43,-0.037,neutral,True
j_0001979,u_00830,2025-11-30 07:32:00,grateful,work,deeper_faith,questioning,56,0.492,positive,True
j_0001980,u_00830,2025-12-02 07:21:00,low,gratitude,universal,at_peace,62,-0.564,negative,True
j_0001981,u_00830,2025-12-07 12:29:00,very_low,habits,universal,at_peace,111,-0.903,negative,True
j_0001982,u_00831,2025-01-11 21:46:00,neutral,anxiety,light_islamic,,42,-0.107,neutral,True
j_0001983,u_00831,2025-01-16 20:11:00,good,self,deeper_faith,hurting,111,0.289,positive,True
j_0001984,u_00831,2025-01-20 16:01:00,neutral,relationships,universal,questioning,43,0.019,neutral,True
j_0001985,u_00831,2025-02-03 11:13:00,neutral,habits,light_islamic,at_peace,167,0.438,positive,True
j_0001986,u_00832,2025-05-02 17:21:00,grateful,self,light_islamic,questioning,164,0.391,positive,True
j_0001987,u_00832,2025-05-06 14:55:00,grateful,habits,deeper_faith,questioning,104,0.523,positive,True
j_0001988,u_00832,2025-05-17 08:22:00,grateful,purpose,universal,distant,23,0.367,positive,True
j_0001989,u_00835,2025-02-18 11:43:00,neutral,faith,universal,,95,-0.522,negative,True
j_0001990,u_00835,2025-02-23 11:50:00,grateful,purpose,universal,distant,70,0.293,positive,True
j_0001991,u_00835,2025-02-27 09:23:00,good,gratitude,universal,at_peace,44,0.632,positive,True
j_0001992,u_00835,2025-03-01 20:21:00,good,work,universal,at_peace,127,0.769,positive,True
j_0001993,u_00835,2025-03-04 20:41:00,good,gratitude,light_islamic,distant,53,0.411,positive,True
j_0001994,u_00835,2025-03-08 08:50:00,good,confidence,deeper_faith,at_peace,64,0.069,neutral,True
j_0001995,u_00835,2025-03-19 14:43:00,low,faith,universal,distant,333,-0.072,neutral,True
j_0001996,u_00836,2025-10-25 13:34:00,grateful,gratitude,universal,,51,0.302,positive,True
j_0001997,u_00836,2025-10-31 21:56:00,low,self,universal,distant,34,-0.17,negative,True
j_0001998,u_00836,2025-11-02 13:37:00,grateful,relationships,universal,at_peace,130,0.423,positive,True
j_0001999,u_00836,2025-11-04 12:00:00,grateful,relationships,universal,questioning,44,0.453,positive,True
j_0002000,u_00836,2025-11-14 07:18:00,good,gratitude,deeper_faith,at_peace,85,0.54,positive,True
j_0002001,u_00836,2025-11-20 08:05:00,good,faith,light_islamic,distant,387,0.146,neutral,True
j_0002002,u_00838,2025-06-14 19:08:00,good,purpose,light_islamic,,156,0.362,positive,True
j_0002003,u_00838,2025-06-16 18:05:00,neutral,relationships,universal,,84,0.075,neutral,True
j_0002004,u_00838,2025-06-20 17:36:00,good,purpose,light_islamic,at_peace,45,-0.209,negative,True
j_0002005,u_00838,2025-06-22 13:07:00,low,burnout,light_islamic,at_peace,138,-0.556,negative,True
j_0002006,u_00838,2025-06-27 16:15:00,neutral,relationships,universal,hurting,74,-0.086,neutral,True
j_0002007,u_00838,2025-07-02 15:01:00,good,relationships,universal,at_peace,29,0.324,positive,True
j_0002008,u_00838,2025-07-03 11:08:00,neutral,purpose,universal,questioning,18,-0.491,negative,True
j_0002009,u_00838,2025-07-06 07:57:00,good,purpose,light_islamic,at_peace,67,0.526,positive,True
j_0002010,u_00839,2025-11-15 21:54:00,low,anxiety,deeper_faith,,99,-0.055,neutral,True
j_0002011,u_00839,2025-11-16 08:48:00,grateful,work,universal,,88,0.267,positive,True
j_0002012,u_00839,2025-11-26 21:19:00,good,work,light_islamic,at_peace,30,0.275,positive,True
j_0002013,u_00839,2025-11-29 18:37:00,neutral,confidence,universal,at_peace,63,-0.191,negative,True
j_0002014,u_00840,2025-03-05 13:31:00,neutral,anxiety,deeper_faith,questioning,44,-0.019,neutral,True
j_0002015,u_00840,2025-03-06 17:04:00,low,burnout,deeper_faith,questioning,141,-0.352,negative,True
j_0002016,u_00840,2025-03-07 18:03:00,low,work,universal,at_peace,60,-0.297,negative,True
j_0002017,u_00840,2025-03-19 21:30:00,grateful,burnout,universal,at_peace,101,0.655,positive,True
j_0002018,u_00840,2025-03-21 19:46:00,very_low,burnout,light_islamic,at_peace,164,-0.877,negative,True
j_0002019,u_00840,2025-03-25 19:07:00,good,habits,light_islamic,questioning,25,0.462,positive,True
j_0002020,u_00842,2025-03-23 18:12:00,good,gratitude,light_islamic,,68,0.331,positive,True
j_0002021,u_00842,2025-03-28 21:57:00,good,habits,universal,at_peace,59,0.175,positive,True
j_0002022,u_00842,2025-04-07 13:23:00,neutral,burnout,universal,at_peace,41,0.164,positive,True
j_0002023,u_00842,2025-04-08 20:30:00,grateful,work,universal,at_peace,84,0.527,positive,True
j_0002024,u_00842,2025-04-22 21:07:00,very_low,faith,light_islamic,at_peace,116,-0.458,negative,True
j_0002025,u_00844,2025-01-02 16:30:00,grateful,confidence,universal,,82,0.452,positive,True
j_0002026,u_00844,2025-01-09 11:35:00,good,gratitude,universal,at_peace,104,0.33,positive,True
j_0002027,u_00844,2025-01-16 08:26:00,grateful,relationships,deeper_faith,at_peace,103,0.657,positive,True
j_0002028,u_00844,2025-01-18 12:15:00,low,gratitude,light_islamic,questioning,60,-0.383,negative,True
j_0002029,u_00844,2025-01-20 16:19:00,neutral,habits,deeper_faith,at_peace,214,-0.188,negative,True
j_0002030,u_00844,2025-02-01 20:51:00,good,gratitude,deeper_faith,distant,128,-0.279,negative,True
j_0002031,u_00846,2025-05-23 15:45:00,grateful,purpose,light_islamic,,35,0.581,positive,True
j_0002032,u_00846,2025-06-02 08:19:00,low,work,light_islamic,questioning,93,-0.092,neutral,True
j_0002033,u_00846,2025-06-16 17:03:00,neutral,self,deeper_faith,at_peace,146,-0.139,neutral,True
j_0002034,u_00850,2025-02-02 21:33:00,good,self,deeper_faith,,162,0.621,positive,True
j_0002035,u_00856,2025-02-23 09:45:00,good,burnout,deeper_faith,,26,0.213,positive,True
j_0002036,u_00856,2025-02-26 11:33:00,neutral,work,light_islamic,,121,0.082,neutral,True
j_0002037,u_00856,2025-03-02 19:22:00,good,habits,light_islamic,at_peace,70,0.292,positive,True
j_0002038,u_00856,2025-03-04 12:52:00,low,relationships,light_islamic,hurting,111,-0.47,negative,True
j_0002039,u_00856,2025-03-14 10:17:00,low,faith,light_islamic,at_peace,34,-0.01,neutral,True
j_0002040,u_00856,2025-03-23 22:03:00,good,burnout,deeper_faith,at_peace,23,0.57,positive,True
j_0002041,u_00857,2025-10-17 07:36:00,grateful,gratitude,light_islamic,,21,0.646,positive,True
j_0002042,u_00857,2025-10-19 19:30:00,good,work,universal,,125,0.452,positive,True
j_0002043,u_00857,2025-10-26 18:30:00,good,confidence,universal,questioning,106,0.217,positive,True
j_0002044,u_00860,2025-12-05 21:00:00,grateful,burnout,light_islamic,,66,0.494,positive,True
j_0002045,u_00860,2025-12-12 10:33:00,grateful,purpose,light_islamic,distant,120,0.321,positive,True
j_0002046,u_00860,2025-12-26 21:45:00,neutral,habits,deeper_faith,questioning,140,-0.274,negative,True
j_0002047,u_00860,2025-12-31 10:34:00,good,gratitude,light_islamic,at_peace,57,0.346,positive,True
j_0002048,u_00863,2025-12-10 17:46:00,good,anxiety,universal,,210,0.249,positive,True
j_0002049,u_00863,2025-12-12 13:57:00,low,self,light_islamic,,65,-0.053,neutral,True
j_0002050,u_00863,2025-12-18 09:31:00,good,faith,light_islamic,distant,34,0.133,neutral,True
j_0002051,u_00863,2025-12-23 14:08:00,neutral,anxiety,light_islamic,distant,27,-0.255,negative,True
j_0002052,u_00863,2025-12-24 09:46:00,low,work,deeper_faith,at_peace,40,-0.15,negative,True
j_0002053,u_00863,2025-12-29 19:29:00,neutral,gratitude,universal,hurting,66,-0.23,negative,True
j_0002054,u_00863,2025-12-31 12:29:00,neutral,work,universal,at_peace,122,-0.197,negative,True
j_0002055,u_00866,2025-03-03 08:05:00,neutral,habits,deeper_faith,distant,53,-0.019,neutral,True
j_0002056,u_00868,2025-04-03 14:53:00,neutral,anxiety,universal,,182,0.034,neutral,True
j_0002057,u_00868,2025-04-11 07:14:00,neutral,purpose,light_islamic,distant,112,0.142,neutral,True
j_0002058,u_00868,2025-04-14 10:06:00,good,purpose,deeper_faith,at_peace,44,0.22,positive,True
j_0002059,u_00868,2025-04-18 07:44:00,good,self,light_islamic,questioning,92,0.671,positive,True
j_0002060,u_00868,2025-04-20 18:04:00,very_low,self,universal,distant,91,-0.588,negative,True
j_0002061,u_00868,2025-04-26 19:04:00,neutral,relationships,universal,distant,63,-0.05,neutral,True
j_0002062,u_00872,2025-10-08 22:15:00,neutral,burnout,universal,,67,-0.288,negative,True
j_0002063,u_00872,2025-10-10 20:42:00,grateful,purpose,light_islamic,,163,0.443,positive,True
j_0002064,u_00872,2025-10-15 11:03:00,good,relationships,universal,hurting,295,0.159,positive,True
j_0002065,u_00872,2025-10-17 17:48:00,neutral,relationships,universal,hurting,64,-0.012,neutral,True
j_0002066,u_00872,2025-10-21 09:43:00,low,relationships,deeper_faith,distant,79,-0.063,neutral,True
j_0002067,u_00872,2025-10-23 17:13:00,low,work,universal,at_peace,207,-0.039,neutral,True
j_0002068,u_00872,2025-10-28 07:50:00,very_low,burnout,universal,questioning,39,-0.596,negative,True
j_0002069,u_00872,2025-10-29 10:41:00,low,faith,universal,questioning,56,-0.176,negative,True
j_0002070,u_00873,2025-01-24 16:19:00,low,habits,deeper_faith,,52,0.068,neutral,True
j_0002071,u_00873,2025-02-05 20:25:00,low,habits,light_islamic,hurting,454,-0.406,negative,True
j_0002072,u_00873,2025-02-08 09:38:00,very_low,anxiety,universal,at_peace,61,-0.58,negative,True
j_0002073,u_00873,2025-02-09 16:02:00,good,gratitude,light_islamic,at_peace,81,0.175,positive,True
j_0002074,u_00873,2025-02-13 13:35:00,neutral,gratitude,deeper_faith,distant,98,-0.32,negative,True
j_0002075,u_00873,2025-02-17 14:01:00,grateful,burnout,light_islamic,at_peace,128,0.732,positive,True
j_0002076,u_00873,2025-02-23 10:42:00,good,work,universal,at_peace,169,-0.12,neutral,True
j_0002077,u_00874,2025-01-02 16:17:00,grateful,habits,light_islamic,,247,0.342,positive,True
j_0002078,u_00874,2025-01-04 18:13:00,low,relationships,light_islamic,,151,-0.129,neutral,True
j_0002079,u_00874,2025-01-08 15:32:00,good,relationships,universal,at_peace,98,-0.315,negative,True
j_0002080,u_00874,2025-01-14 20:31:00,neutral,confidence,universal,questioning,106,-0.384,negative,True
j_0002081,u_00874,2025-01-31 17:53:00,neutral,habits,universal,at_peace,83,0.265,positive,True
j_0002082,u_00875,2025-09-29 20:29:00,neutral,gratitude,deeper_faith,,142,0.248,positive,True
j_0002083,u_00875,2025-10-06 16:00:00,very_low,self,universal,questioning,203,-0.633,negative,True
j_0002084,u_00875,2025-10-09 09:29:00,good,burnout,light_islamic,hurting,34,0.282,positive,True
j_0002085,u_00875,2025-10-29 20:38:00,neutral,confidence,universal,at_peace,107,0.059,neutral,True
j_0002086,u_00876,2025-07-04 11:02:00,low,anxiety,universal,,46,-0.305,negative,True
j_0002087,u_00876,2025-07-05 20:07:00,low,faith,universal,,117,-0.246,negative,True
j_0002088,u_00876,2025-07-06 17:32:00,grateful,burnout,light_islamic,,93,0.877,positive,True
j_0002089,u_00876,2025-07-12 21:38:00,very_low,faith,universal,at_peace,58,-0.49,negative,True
j_0002090,u_00876,2025-07-13 07:29:00,low,anxiety,deeper_faith,hurting,53,-0.147,neutral,True
j_0002091,u_00876,2025-07-16 18:40:00,grateful,relationships,light_islamic,at_peace,34,0.475,positive,True
j_0002092,u_00876,2025-07-26 12:06:00,neutral,purpose,universal,at_peace,79,-0.139,neutral,True
j_0002093,u_00876,2025-07-27 09:21:00,low,self,deeper_faith,questioning,46,-0.184,negative,True
j_0002094,u_00876,2025-07-31 12:59:00,low,work,universal,questioning,56,0.187,positive,True
j_0002095,u_00878,2025-11-10 07:26:00,very_low,relationships,light_islamic,,90,-0.542,negative,True
j_0002096,u_00878,2025-11-27 14:31:00,good,faith,universal,questioning,49,0.352,positive,True
j_0002097,u_00878,2025-12-06 10:44:00,neutral,habits,light_islamic,at_peace,104,-0.016,neutral,True
j_0002098,u_00878,2025-12-07 12:52:00,good,habits,light_islamic,questioning,31,0.451,positive,True
j_0002099,u_00880,2025-10-16 22:01:00,good,purpose,deeper_faith,,37,-0.077,neutral,True
j_0002100,u_00880,2025-10-19 15:57:00,good,anxiety,light_islamic,,79,0.457,positive,True
j_0002101,u_00880,2025-10-23 17:35:00,neutral,confidence,universal,distant,56,0.628,positive,True
j_0002102,u_00880,2025-10-24 09:09:00,good,gratitude,universal,at_peace,355,0.309,positive,True
j_0002103,u_00880,2025-11-05 10:42:00,neutral,work,universal,at_peace,116,0.058,neutral,True
j_0002104,u_00880,2025-11-13 07:54:00,neutral,relationships,deeper_faith,at_peace,61,-0.253,negative,True
j_0002105,u_00880,2025-11-14 14:58:00,good,purpose,light_islamic,hurting,93,0.474,positive,True
j_0002106,u_00881,2025-09-27 15:13:00,good,gratitude,universal,at_peace,165,0.392,positive,True
j_0002107,u_00881,2025-09-29 07:46:00,neutral,confidence,universal,at_peace,22,-0.24,negative,True
j_0002108,u_00883,2025-09-13 07:18:00,good,habits,deeper_faith,,274,0.519,positive,True
j_0002109,u_00883,2025-09-14 19:57:00,good,gratitude,deeper_faith,,44,0.455,positive,True
j_0002110,u_00883,2025-09-15 07:35:00,good,self,light_islamic,,137,0.17,positive,True
j_0002111,u_00883,2025-09-29 08:50:00,low,self,universal,at_peace,104,-0.279,negative,True
j_0002112,u_00883,2025-10-02 08:33:00,low,purpose,universal,at_peace,152,-0.312,negative,True
j_0002113,u_00883,2025-10-06 18:37:00,good,faith,light_islamic,distant,72,0.073,neutral,True
j_0002114,u_00885,2025-11-03 14:39:00,neutral,anxiety,universal,,110,-0.114,neutral,True
j_0002115,u_00885,2025-11-11 07:20:00,neutral,work,universal,distant,97,0.058,neutral,True
j_0002116,u_00885,2025-11-15 09:43:00,good,faith,universal,questioning,89,0.233,positive,True
j_0002117,u_00885,2025-11-16 20:33:00,grateful,habits,light_islamic,at_peace,44,0.714,positive,True
j_0002118,u_00885,2025-11-19 15:49:00,neutral,confidence,light_islamic,distant,155,-0.037,neutral,True
j_0002119,u_00885,2025-11-20 15:10:00,grateful,purpose,light_islamic,hurting,61,0.164,positive,True
j_0002120,u_00885,2025-11-27 19:44:00,good,habits,light_islamic,at_peace,222,0.409,positive,True
j_0002121,u_00885,2025-11-30 14:09:00,good,self,light_islamic,hurting,87,0.68,positive,True
j_0002122,u_00888,2025-12-02 20:32:00,grateful,relationships,universal,at_peace,100,1.0,positive,True
j_0002123,u_00888,2025-12-07 13:05:00,good,confidence,universal,questioning,25,0.055,neutral,True
j_0002124,u_00888,2025-12-10 09:14:00,neutral,work,light_islamic,at_peace,80,0.073,neutral,True
j_0002125,u_00888,2025-12-13 15:49:00,neutral,work,universal,at_peace,69,0.094,neutral,True
j_0002126,u_00888,2025-12-18 09:59:00,very_low,gratitude,deeper_faith,questioning,67,-0.573,negative,True
j_0002127,u_00888,2025-12-19 09:48:00,very_low,self,light_islamic,distant,61,-0.552,negative,True
j_0002128,u_00889,2025-03-30 09:59:00,grateful,burnout,light_islamic,,60,0.732,positive,True
j_0002129,u_00889,2025-04-18 13:04:00,grateful,anxiety,deeper_faith,distant,78,0.888,positive,True
j_0002130,u_00889,2025-04-26 18:46:00,good,purpose,deeper_faith,hurting,167,0.387,positive,True
j_0002131,u_00889,2025-04-28 21:51:00,good,self,universal,distant,95,0.265,positive,True
j_0002132,u_00890,2025-08-17 08:13:00,good,habits,light_islamic,,44,-0.013,neutral,True
j_0002133,u_00890,2025-09-07 15:55:00,low,work,light_islamic,questioning,30,0.129,neutral,True
j_0002134,u_00890,2025-09-08 14:53:00,good,burnout,light_islamic,distant,106,0.111,neutral,True
j_0002135,u_00890,2025-09-10 20:18:00,good,work,light_islamic,distant,74,0.266,positive,True
j_0002136,u_00891,2025-12-26 08:51:00,low,confidence,light_islamic,,57,-0.298,negative,True
j_0002137,u_00891,2025-12-28 13:34:00,good,self,light_islamic,,69,0.36,positive,True
j_0002138,u_00891,2025-12-30 07:28:00,good,work,light_islamic,at_peace,136,-0.041,neutral,True
j_0002139,u_00891,2026-01-08 09:34:00,good,habits,light_islamic,at_peace,64,0.294,positive,True
j_0002140,u_00891,2026-01-11 16:19:00,good,purpose,light_islamic,at_peace,58,0.095,neutral,True
j_0002141,u_00891,2026-01-20 19:17:00,very_low,faith,universal,at_peace,85,-0.963,negative,True
j_0002142,u_00891,2026-01-22 08:13:00,neutral,confidence,universal,at_peace,57,-0.123,neutral,True
j_0002143,u_00891,2026-01-25 12:24:00,neutral,purpose,universal,distant,52,0.141,neutral,True
j_0002144,u_00900,2025-03-21 16:15:00,neutral,anxiety,universal,at_peace,103,0.134,neutral,True
j_0002145,u_00900,2025-03-23 17:43:00,good,self,light_islamic,distant,88,0.071,neutral,True
j_0002146,u_00900,2025-03-27 08:29:00,neutral,burnout,light_islamic,distant,106,-0.208,negative,True
j_0002147,u_00900,2025-04-01 20:36:00,neutral,anxiety,deeper_faith,at_peace,37,0.052,neutral,True
j_0002148,u_00900,2025-04-08 13:41:00,good,gratitude,light_islamic,at_peace,87,0.401,positive,True
j_0002149,u_00900,2025-04-11 16:44:00,low,purpose,light_islamic,questioning,113,-0.419,negative,True
j_0002150,u_00901,2025-06-28 08:51:00,good,self,universal,,47,-0.12,neutral,True
j_0002151,u_00901,2025-06-30 18:53:00,grateful,anxiety,universal,,114,0.374,positive,True
j_0002152,u_00901,2025-07-04 18:19:00,grateful,habits,universal,hurting,62,0.514,positive,True
j_0002153,u_00901,2025-07-06 22:08:00,good,faith,universal,hurting,133,0.222,positive,True
j_0002154,u_00901,2025-07-11 08:41:00,good,habits,light_islamic,at_peace,17,0.285,positive,True
j_0002155,u_00901,2025-07-19 15:55:00,good,gratitude,light_islamic,questioning,29,0.09,neutral,True
j_0002156,u_00904,2025-03-14 13:27:00,very_low,relationships,light_islamic,,70,-0.501,negative,True
j_0002157,u_00904,2025-03-15 14:27:00,neutral,work,deeper_faith,,44,-0.057,neutral,True
j_0002158,u_00904,2025-03-17 13:55:00,good,purpose,universal,,14,-0.13,neutral,True
j_0002159,u_00904,2025-03-19 08:29:00,low,relationships,universal,questioning,38,-0.417,negative,True
j_0002160,u_00904,2025-03-27 11:45:00,grateful,relationships,universal,hurting,111,0.579,positive,True
j_0002161,u_00904,2025-04-01 09:36:00,good,habits,universal,at_peace,30,0.438,positive,True
j_0002162,u_00904,2025-04-07 08:35:00,good,confidence,light_islamic,at_peace,40,0.43,positive,True
j_0002163,u_00907,2025-03-14 19:51:00,good,habits,universal,,86,0.422,positive,True
j_0002164,u_00907,2025-03-15 17:04:00,very_low,gratitude,deeper_faith,,73,-0.66,negative,True
j_0002165,u_00907,2025-03-17 21:52:00,good,relationships,universal,,61,0.07,neutral,True
j_0002166,u_00907,2025-03-20 21:37:00,neutral,gratitude,deeper_faith,at_peace,57,0.328,positive,True
j_0002167,u_00907,2025-03-22 11:01:00,good,gratitude,light_islamic,distant,29,0.473,positive,True
j_0002168,u_00907,2025-04-03 10:47:00,grateful,purpose,light_islamic,at_peace,64,0.368,positive,True
j_0002169,u_00907,2025-04-04 12:59:00,low,self,deeper_faith,at_peace,90,-0.027,neutral,True
j_0002170,u_00907,2025-04-10 11:10:00,neutral,faith,universal,questioning,63,-0.199,negative,True
j_0002171,u_00911,2025-08-23 12:10:00,very_low,self,light_islamic,questioning,94,-0.646,negative,True
j_0002172,u_00911,2025-08-24 16:38:00,good,faith,deeper_faith,at_peace,150,0.255,positive,True
j_0002173,u_00911,2025-08-25 08:39:00,very_low,habits,universal,at_peace,122,-0.586,negative,True
j_0002174,u_00911,2025-08-29 17:42:00,good,burnout,light_islamic,distant,120,0.005,neutral,True
j_0002175,u_00911,2025-09-02 20:24:00,good,purpose,light_islamic,distant,229,0.42,positive,True
j_0002176,u_00911,2025-09-03 10:35:00,good,relationships,light_islamic,at_peace,73,0.479,positive,True
j_0002177,u_00911,2025-09-13 13:36:00,good,anxiety,universal,at_peace,43,0.398,positive,True
j_0002178,u_00914,2025-12-02 16:50:00,neutral,burnout,deeper_faith,,20,-0.001,neutral,True
j_0002179,u_00914,2025-12-04 14:12:00,neutral,burnout,light_islamic,,90,-0.166,negative,True
j_0002180,u_00914,2025-12-09 17:30:00,grateful,burnout,universal,distant,71,0.477,positive,True
j_0002181,u_00914,2025-12-13 15:59:00,neutral,faith,light_islamic,at_peace,181,-0.0,neutral,True
j_0002182,u_00917,2025-10-30 10:43:00,neutral,self,universal,,35,-0.026,neutral,True
j_0002183,u_00917,2025-10-31 13:31:00,good,anxiety,light_islamic,,135,0.11,neutral,True
j_0002184,u_00917,2025-11-01 15:17:00,good,relationships,light_islamic,,97,0.308,positive,True
j_0002185,u_00917,2025-11-07 16:59:00,good,purpose,universal,questioning,24,0.469,positive,True
j_0002186,u_00917,2025-11-09 18:43:00,very_low,purpose,universal,at_peace,36,-0.4,negative,True
j_0002187,u_00917,2025-11-11 07:30:00,good,self,universal,distant,75,0.112,neutral,True
j_0002188,u_00917,2025-11-23 19:10:00,good,self,deeper_faith,hurting,291,0.399,positive,True
j_0002189,u_00917,2025-11-25 07:38:00,neutral,work,light_islamic,distant,79,-0.126,neutral,True
j_0002190,u_00917,2025-11-26 13:34:00,good,gratitude,light_islamic,at_peace,65,0.118,neutral,True
j_0002191,u_00918,2025-09-13 08:47:00,grateful,relationships,light_islamic,,73,0.298,positive,True
j_0002192,u_00918,2025-09-30 21:39:00,low,faith,light_islamic,questioning,85,-0.428,negative,True
j_0002193,u_00918,2025-10-01 15:21:00,good,confidence,universal,distant,40,0.303,positive,True
j_0002194,u_00918,2025-10-05 10:26:00,good,habits,light_islamic,at_peace,230,0.571,positive,True
j_0002195,u_00919,2025-01-14 17:29:00,neutral,purpose,universal,,53,-0.251,negative,True
j_0002196,u_00919,2025-01-15 07:27:00,neutral,self,light_islamic,,36,-0.159,negative,True
j_0002197,u_00919,2025-01-20 18:32:00,very_low,burnout,deeper_faith,questioning,60,-0.58,negative,True
j_0002198,u_00919,2025-02-02 20:25:00,good,relationships,light_islamic,questioning,88,0.02,neutral,True
j_0002199,u_00919,2025-02-05 19:53:00,good,habits,universal,at_peace,140,0.059,neutral,True
j_0002200,u_00919,2025-02-09 20:02:00,low,work,light_islamic,at_peace,38,-0.419,negative,True
j_0002201,u_00920,2025-11-25 18:23:00,neutral,anxiety,light_islamic,,23,0.029,neutral,True
j_0002202,u_00920,2025-11-26 21:31:00,grateful,work,light_islamic,,44,0.583,positive,True
j_0002203,u_00920,2025-12-02 20:26:00,low,faith,universal,distant,108,-0.222,negative,True
j_0002204,u_00920,2025-12-04 20:50:00,neutral,work,light_islamic,at_peace,33,-0.05,neutral,True
j_0002205,u_00920,2025-12-07 14:46:00,good,burnout,light_islamic,questioning,28,0.647,positive,True
j_0002206,u_00920,2025-12-12 17:37:00,very_low,purpose,deeper_faith,at_peace,77,-0.789,negative,True
j_0002207,u_00922,2025-02-27 15:55:00,neutral,relationships,deeper_faith,,79,0.373,positive,True
j_0002208,u_00922,2025-02-28 19:14:00,neutral,work,deeper_faith,,100,-0.053,neutral,True
j_0002209,u_00922,2025-03-02 18:38:00,neutral,faith,light_islamic,at_peace,32,0.219,positive,True
j_0002210,u_00922,2025-03-05 21:08:00,good,purpose,universal,at_peace,95,0.649,positive,True
j_0002211,u_00923,2025-03-08 19:07:00,good,anxiety,universal,,72,0.056,neutral,True
j_0002212,u_00923,2025-03-10 16:52:00,grateful,confidence,universal,,104,0.421,positive,True
j_0002213,u_00923,2025-03-12 14:20:00,good,purpose,universal,questioning,141,0.295,positive,True
j_0002214,u_00923,2025-03-15 14:22:00,good,self,deeper_faith,at_peace,172,0.151,positive,True
j_0002215,u_00923,2025-03-20 17:51:00,very_low,purpose,light_islamic,at_peace,87,-0.516,negative,True
j_0002216,u_00923,2025-03-24 19:37:00,good,purpose,universal,questioning,103,0.601,positive,True
j_0002217,u_00924,2025-04-21 21:52:00,very_low,gratitude,light_islamic,questioning,58,-0.46,negative,True
j_0002218,u_00924,2025-04-22 10:36:00,good,gratitude,universal,at_peace,37,0.152,positive,True
j_0002219,u_00924,2025-04-27 21:42:00,low,self,light_islamic,at_peace,76,0.008,neutral,True
j_0002220,u_00924,2025-05-02 18:01:00,good,confidence,light_islamic,distant,138,0.378,positive,True
j_0002221,u_00924,2025-05-04 11:17:00,neutral,faith,light_islamic,at_peace,111,-0.01,neutral,True
j_0002222,u_00924,2025-05-17 19:10:00,low,purpose,universal,distant,116,-0.105,neutral,True
j_0002223,u_00926,2025-02-10 22:00:00,grateful,faith,light_islamic,,50,0.575,positive,True
j_0002224,u_00926,2025-02-13 08:42:00,good,relationships,light_islamic,,60,0.384,positive,True
j_0002225,u_00926,2025-02-14 14:29:00,neutral,anxiety,light_islamic,at_peace,53,0.113,neutral,True
j_0002226,u_00926,2025-02-19 20:08:00,good,purpose,light_islamic,hurting,352,0.406,positive,True
j_0002227,u_00926,2025-02-26 21:09:00,good,relationships,light_islamic,distant,68,0.243,positive,True
j_0002228,u_00926,2025-03-11 10:28:00,good,confidence,light_islamic,at_peace,45,0.166,positive,True
j_0002229,u_00927,2025-09-24 16:59:00,grateful,gratitude,universal,,84,0.376,positive,True
j_0002230,u_00927,2025-10-04 19:06:00,good,faith,deeper_faith,at_peace,105,0.04,neutral,True
j_0002231,u_00928,2025-12-18 10:23:00,good,faith,universal,,24,0.032,neutral,True
j_0002232,u_00928,2025-12-20 17:00:00,very_low,faith,light_islamic,,76,-0.859,negative,True
j_0002233,u_00928,2025-12-21 11:05:00,neutral,relationships,deeper_faith,,70,-0.051,neutral,True
j_0002234,u_00932,2025-02-22 17:19:00,neutral,anxiety,light_islamic,,32,-0.085,neutral,True
j_0002235,u_00934,2025-08-15 08:39:00,low,purpose,universal,,69,0.136,neutral,True
j_0002236,u_00934,2025-08-19 18:13:00,good,anxiety,light_islamic,at_peace,34,0.652,positive,True
j_0002237,u_00934,2025-09-10 17:23:00,good,self,light_islamic,at_peace,178,0.18,positive,True
j_0002238,u_00939,2025-01-28 17:22:00,grateful,habits,universal,questioning,150,0.393,positive,True
j_0002239,u_00939,2025-02-07 18:06:00,neutral,relationships,universal,at_peace,78,0.123,neutral,True
j_0002240,u_00939,2025-02-11 19:45:00,good,confidence,deeper_faith,hurting,59,0.175,positive,True
j_0002241,u_00939,2025-02-13 09:31:00,good,burnout,deeper_faith,at_peace,56,0.336,positive,True
j_0002242,u_00939,2025-02-20 17:59:00,neutral,burnout,light_islamic,questioning,25,0.237,positive,True
j_0002243,u_00943,2025-04-22 07:36:00,neutral,gratitude,deeper_faith,,164,0.089,neutral,True
j_0002244,u_00943,2025-05-17 11:14:00,good,habits,deeper_faith,questioning,105,0.283,positive,True
j_0002245,u_00945,2025-02-10 20:28:00,neutral,faith,universal,,35,0.052,neutral,True
j_0002246,u_00945,2025-02-12 14:35:00,neutral,faith,deeper_faith,,107,-0.485,negative,True
j_0002247,u_00945,2025-02-18 11:33:00,neutral,faith,universal,questioning,150,0.209,positive,True
j_0002248,u_00945,2025-03-09 19:23:00,neutral,anxiety,light_islamic,at_peace,44,-0.233,negative,True
j_0002249,u_00945,2025-03-11 18:57:00,very_low,faith,universal,distant,36,-0.341,negative,True
j_0002250,u_00946,2025-08-15 14:05:00,good,habits,universal,,32,0.486,positive,True
j_0002251,u_00946,2025-08-19 16:34:00,low,purpose,universal,distant,27,-0.175,negative,True
j_0002252,u_00946,2025-08-30 13:12:00,good,burnout,universal,at_peace,33,0.372,positive,True
j_0002253,u_00946,2025-09-06 17:43:00,low,confidence,light_islamic,at_peace,40,-0.014,neutral,True
j_0002254,u_00949,2025-05-24 13:24:00,very_low,relationships,universal,,61,-0.456,negative,True
j_0002255,u_00949,2025-05-26 09:22:00,good,gratitude,light_islamic,,109,0.042,neutral,True
j_0002256,u_00949,2025-06-05 14:32:00,good,anxiety,universal,at_peace,88,-0.091,neutral,True
j_0002257,u_00949,2025-06-09 12:29:00,good,work,universal,distant,61,0.089,neutral,True
j_0002258,u_00949,2025-06-12 18:14:00,neutral,burnout,deeper_faith,at_peace,78,-0.04,neutral,True
j_0002259,u_00950,2025-01-25 14:33:00,neutral,anxiety,universal,,63,0.084,neutral,True
j_0002260,u_00950,2025-01-30 19:09:00,low,faith,light_islamic,at_peace,278,-0.348,negative,True
j_0002261,u_00950,2025-02-08 20:29:00,neutral,work,universal,at_peace,92,0.457,positive,True
j_0002262,u_00951,2025-12-01 11:59:00,grateful,confidence,deeper_faith,,13,0.333,positive,True
j_0002263,u_00951,2025-12-03 20:44:00,good,relationships,light_islamic,,109,0.516,positive,True
j_0002264,u_00951,2025-12-15 09:25:00,good,burnout,deeper_faith,questioning,116,0.007,neutral,True
j_0002265,u_00951,2025-12-20 20:43:00,neutral,gratitude,universal,at_peace,46,-0.063,neutral,True
j_0002266,u_00951,2025-12-31 17:12:00,neutral,relationships,universal,at_peace,84,-0.637,negative,True
j_0002267,u_00954,2025-12-08 10:02:00,good,purpose,universal,,21,0.302,positive,True
j_0002268,u_00954,2025-12-23 07:25:00,grateful,burnout,universal,at_peace,35,0.255,positive,True
j_0002269,u_00954,2025-12-29 20:09:00,grateful,burnout,light_islamic,distant,57,0.645,positive,True
j_0002270,u_00956,2025-05-31 10:52:00,neutral,work,universal,,172,0.136,neutral,True
j_0002271,u_00956,2025-06-08 11:23:00,neutral,relationships,deeper_faith,distant,497,0.159,positive,True
j_0002272,u_00956,2025-06-09 10:23:00,good,anxiety,light_islamic,distant,34,0.411,positive,True
j_0002273,u_00956,2025-06-13 10:15:00,good,purpose,deeper_faith,at_peace,117,0.778,positive,True
j_0002274,u_00958,2025-08-10 18:18:00,neutral,habits,deeper_faith,,30,-0.12,neutral,True
j_0002275,u_00958,2025-08-13 16:21:00,good,anxiety,deeper_faith,,75,0.119,neutral,True
j_0002276,u_00958,2025-08-18 21:20:00,grateful,burnout,light_islamic,at_peace,71,0.842,positive,True
j_0002277,u_00958,2025-08-22 07:40:00,good,faith,light_islamic,at_peace,121,0.303,positive,True
j_0002278,u_00958,2025-08-27 16:02:00,good,relationships,universal,at_peace,129,0.086,neutral,True
j_0002279,u_00960,2025-02-25 11:33:00,good,confidence,light_islamic,,67,0.391,positive,True
j_0002280,u_00960,2025-02-27 08:15:00,good,relationships,light_islamic,,203,0.026,neutral,True
j_0002281,u_00960,2025-03-17 09:30:00,very_low,confidence,light_islamic,at_peace,80,-0.727,negative,True
j_0002282,u_00964,2025-09-03 09:32:00,grateful,faith,deeper_faith,,93,0.393,positive,True
j_0002283,u_00964,2025-09-05 20:15:00,good,self,deeper_faith,,251,0.431,positive,True
j_0002284,u_00964,2025-09-10 11:49:00,grateful,faith,universal,distant,82,0.286,positive,True
j_0002285,u_00964,2025-09-16 11:39:00,grateful,relationships,universal,at_peace,87,0.173,positive,True
j_0002286,u_00964,2025-09-19 13:27:00,good,habits,light_islamic,at_peace,73,-0.019,neutral,True
j_0002287,u_00964,2025-09-25 13:49:00,good,habits,deeper_faith,distant,21,0.358,positive,True
j_0002288,u_00966,2025-04-11 10:19:00,neutral,work,universal,,112,-0.335,negative,True
j_0002289,u_00966,2025-04-15 08:28:00,grateful,gratitude,universal,at_peace,70,0.477,positive,True
j_0002290,u_00966,2025-04-16 18:33:00,very_low,self,light_islamic,questioning,14,-0.618,negative,True
j_0002291,u_00966,2025-04-24 15:42:00,neutral,relationships,universal,at_peace,143,-0.127,neutral,True
j_0002292,u_00966,2025-05-03 12:12:00,good,anxiety,universal,at_peace,290,0.367,positive,True
j_0002293,u_00966,2025-05-10 16:50:00,grateful,anxiety,universal,at_peace,36,0.856,positive,True
j_0002294,u_00968,2025-12-17 13:44:00,neutral,work,universal,,79,-0.024,neutral,True
j_0002295,u_00968,2025-12-19 09:37:00,neutral,self,universal,,40,-0.258,negative,True
j_0002296,u_00968,2025-12-21 14:36:00,grateful,confidence,universal,at_peace,45,0.647,positive,True
j_0002297,u_00968,2026-01-01 22:20:00,low,relationships,universal,questioning,64,-0.193,negative,True
j_0002298,u_00968,2026-01-04 15:19:00,grateful,gratitude,deeper_faith,questioning,63,0.213,positive,True
j_0002299,u_00970,2025-12-21 17:01:00,neutral,purpose,light_islamic,,27,0.152,positive,True
j_0002300,u_00970,2025-12-24 17:05:00,good,work,deeper_faith,,126,0.573,positive,True
j_0002301,u_00970,2025-12-29 09:14:00,good,relationships,light_islamic,questioning,63,0.294,positive,True
j_0002302,u_00970,2026-01-03 11:53:00,neutral,habits,universal,hurting,211,-0.011,neutral,True
j_0002303,u_00970,2026-01-04 10:44:00,neutral,gratitude,light_islamic,at_peace,83,0.237,positive,True
j_0002304,u_00970,2026-01-06 17:01:00,grateful,purpose,universal,distant,50,0.697,positive,True
j_0002305,u_00973,2025-12-16 11:46:00,good,work,light_islamic,,156,-0.052,neutral,True
j_0002306,u_00973,2025-12-17 07:31:00,very_low,work,light_islamic,,151,-0.554,negative,True
j_0002307,u_00973,2025-12-18 08:31:00,good,relationships,deeper_faith,,67,0.464,positive,True
j_0002308,u_00973,2025-12-19 13:46:00,neutral,burnout,light_islamic,,131,0.242,positive,True
j_0002309,u_00973,2025-12-29 11:51:00,neutral,confidence,universal,hurting,129,-0.03,neutral,True
j_0002310,u_00973,2026-01-03 13:17:00,neutral,confidence,light_islamic,at_peace,23,-0.327,negative,True
j_0002311,u_00973,2026-01-07 18:25:00,low,confidence,deeper_faith,at_peace,35,-0.041,neutral,True
j_0002312,u_00973,2026-01-14 16:36:00,good,self,universal,at_peace,170,0.281,positive,True
j_0002313,u_00974,2025-01-07 14:23:00,good,work,deeper_faith,,109,0.244,positive,True
j_0002314,u_00974,2025-01-17 14:48:00,neutral,purpose,universal,at_peace,64,-0.055,neutral,True
j_0002315,u_00974,2025-01-29 09:35:00,good,self,universal,distant,124,0.234,positive,True
j_0002316,u_00977,2025-08-18 10:12:00,good,gratitude,universal,,32,0.144,neutral,True
j_0002317,u_00977,2025-08-21 18:49:00,neutral,purpose,light_islamic,,77,0.193,positive,True
j_0002318,u_00977,2025-08-22 12:32:00,low,faith,deeper_faith,at_peace,43,-0.206,negative,True
j_0002319,u_00977,2025-08-23 09:36:00,good,work,universal,questioning,28,0.274,positive,True
j_0002320,u_00977,2025-08-26 11:30:00,good,purpose,light_islamic,at_peace,98,0.453,positive,True
j_0002321,u_00977,2025-09-03 14:05:00,neutral,confidence,universal,questioning,67,0.058,neutral,True
j_0002322,u_00977,2025-09-10 21:52:00,low,anxiety,light_islamic,distant,55,-0.416,negative,True
j_0002323,u_00977,2025-09-12 19:10:00,neutral,habits,universal,at_peace,26,0.113,neutral,True
j_0002324,u_00980,2025-01-07 12:03:00,good,self,light_islamic,,165,0.389,positive,True
j_0002325,u_00980,2025-01-08 13:38:00,good,gratitude,light_islamic,,39,0.203,positive,True
j_0002326,u_00980,2025-01-13 16:01:00,good,purpose,universal,questioning,40,0.234,positive,True
j_0002327,u_00980,2025-01-15 08:07:00,neutral,gratitude,universal,distant,73,0.049,neutral,True
j_0002328,u_00980,2025-01-19 19:26:00,neutral,relationships,light_islamic,at_peace,15,-0.295,negative,True
j_0002329,u_00980,2025-01-28 07:40:00,low,work,universal,at_peace,52,-0.272,negative,True
j_0002330,u_00982,2025-11-10 09:32:00,grateful,relationships,universal,,197,0.354,positive,True
j_0002331,u_00982,2025-11-20 18:39:00,very_low,confidence,deeper_faith,at_peace,43,-0.494,negative,True
j_0002332,u_00984,2025-05-21 11:51:00,neutral,gratitude,light_islamic,,190,-0.114,neutral,True
j_0002333,u_00984,2025-05-26 09:33:00,very_low,relationships,deeper_faith,distant,116,-0.529,negative,True
j_0002334,u_00984,2025-05-31 18:23:00,grateful,gratitude,universal,questioning,35,0.703,positive,True
j_0002335,u_00984,2025-06-04 19:16:00,very_low,habits,universal,questioning,73,-0.855,negative,True
j_0002336,u_00984,2025-06-05 12:39:00,neutral,habits,light_islamic,at_peace,247,0.137,neutral,True
j_0002337,u_00984,2025-06-13 19:54:00,neutral,relationships,light_islamic,questioning,27,-0.056,neutral,True
j_0002338,u_00985,2025-04-23 09:42:00,neutral,burnout,light_islamic,,88,-0.388,negative,True
j_0002339,u_00985,2025-04-24 17:57:00,good,burnout,deeper_faith,,56,0.061,neutral,True
j_0002340,u_00985,2025-04-27 10:40:00,good,relationships,light_islamic,at_peace,61,0.266,positive,True
j_0002341,u_00985,2025-05-02 17:20:00,good,habits,universal,at_peace,61,0.205,positive,True
j_0002342,u_00985,2025-05-04 21:20:00,good,anxiety,light_islamic,distant,70,0.241,positive,True
j_0002343,u_00985,2025-05-13 07:26:00,very_low,work,deeper_faith,distant,65,-0.52,negative,True
j_0002344,u_00987,2025-06-02 20:56:00,good,self,light_islamic,,86,-0.047,neutral,True
j_0002345,u_00987,2025-06-03 16:28:00,very_low,purpose,light_islamic,,155,-1.0,negative,True
j_0002346,u_00987,2025-06-04 08:59:00,good,faith,deeper_faith,,166,0.075,neutral,True
j_0002347,u_00987,2025-06-15 13:39:00,good,purpose,universal,at_peace,71,0.261,positive,True
j_0002348,u_00987,2025-06-17 16:39:00,good,confidence,universal,questioning,238,0.363,positive,True
j_0002349,u_00987,2025-06-19 18:12:00,good,gratitude,light_islamic,at_peace,47,-0.056,neutral,True
j_0002350,u_00990,2025-08-16 21:31:00,good,purpose,light_islamic,,70,0.203,positive,True
j_0002351,u_00990,2025-08-22 13:42:00,good,burnout,universal,at_peace,79,0.154,positive,True
j_0002352,u_00990,2025-08-26 19:19:00,low,purpose,universal,at_peace,76,-0.235,negative,True
j_0002353,u_00990,2025-08-30 19:14:00,good,anxiety,light_islamic,distant,44,0.361,positive,True
j_0002354,u_00990,2025-09-06 10:37:00,neutral,faith,universal,questioning,37,-0.148,neutral,True
j_0002355,u_00990,2025-09-08 15:12:00,good,self,universal,distant,95,0.619,positive,True
j_0002356,u_00992,2025-10-04 16:59:00,neutral,confidence,deeper_faith,,115,0.134,neutral,True
j_0002357,u_00992,2025-10-05 09:01:00,good,purpose,light_islamic,,67,0.377,positive,True
j_0002358,u_00992,2025-10-07 11:58:00,low,work,light_islamic,,59,-0.723,negative,True
j_0002359,u_00992,2025-10-31 08:54:00,very_low,self,universal,hurting,148,-0.234,negative,True
j_0002360,u_00992,2025-11-03 14:19:00,good,relationships,light_islamic,at_peace,131,0.644,positive,True
j_0002361,u_00994,2025-09-07 16:11:00,neutral,faith,light_islamic,,23,0.235,positive,True
j_0002362,u_00994,2025-09-08 07:29:00,neutral,habits,light_islamic,,76,0.258,positive,True
j_0002363,u_00994,2025-09-10 09:55:00,good,confidence,universal,,31,0.07,neutral,True
j_0002364,u_00994,2025-09-20 19:14:00,neutral,work,deeper_faith,questioning,142,-0.231,negative,True
j_0002365,u_00994,2025-09-28 10:38:00,good,gratitude,deeper_faith,distant,114,0.353,positive,True
j_0002366,u_00994,2025-09-30 15:24:00,low,faith,light_islamic,distant,16,-0.21,negative,True
j_0002367,u_00994,2025-10-04 17:26:00,good,relationships,light_islamic,distant,119,-0.009,neutral,True
j_0002368,u_00997,2025-08-22 18:07:00,neutral,burnout,universal,,26,0.688,positive,True
j_0002369,u_00997,2025-08-24 08:15:00,good,relationships,universal,,142,0.244,positive,True
j_0002370,u_00997,2025-08-25 20:25:00,low,habits,universal,,53,-0.188,negative,True
j_0002371,u_00997,2025-08-26 21:07:00,good,gratitude,deeper_faith,hurting,139,0.615,positive,True
j_0002372,u_00997,2025-08-29 11:18:00,grateful,faith,universal,hurting,81,0.673,positive,True
j_0002373,u_00997,2025-08-30 12:15:00,very_low,habits,deeper_faith,distant,25,-0.436,negative,True
j_0002374,u_00997,2025-09-18 12:37:00,low,faith,universal,at_peace,36,-0.377,negative,True
j_0002375,u_00999,2025-08-24 13:14:00,neutral,faith,universal,,67,-0.168,negative,True
j_0002376,u_00999,2025-08-26 22:03:00,neutral,work,light_islamic,at_peace,55,-0.35,negative,True
j_0002377,u_00999,2025-08-30 07:19:00,neutral,gratitude,deeper_faith,distant,98,0.307,positive,True
j_0002378,u_00999,2025-08-31 16:07:00,neutral,anxiety,deeper_faith,distant,60,0.133,neutral,True
j_0002379,u_00999,2025-09-08 11:43:00,low,confidence,light_islamic,at_peace,144,-0.187,negative,True
j_0002380,u_01000,2025-07-14 12:08:00,neutral,relationships,deeper_faith,,143,-0.059,neutral,True
j_0002381,u_01000,2025-07-19 21:07:00,neutral,habits,universal,at_peace,12,0.174,positive,True
j_0002382,u_01000,2025-07-21 20:02:00,neutral,anxiety,universal,at_peace,112,-0.177,negative,True
j_0002383,u_01000,2025-07-25 10:09:00,good,work,universal,distant,60,0.134,neutral,True
j_0002384,u_01000,2025-07-28 13:36:00,good,work,light_islamic,questioning,132,-0.043,neutral,True
j_0002385,u_01000,2025-08-03 10:30:00,good,purpose,light_islamic,hurting,166,0.344,positive,True
j_0002386,u_01003,2025-08-18 16:16:00,very_low,burnout,universal,,208,-0.623,negative,True
j_0002387,u_01003,2025-09-09 13:20:00,low,burnout,deeper_faith,distant,28,-0.363,negative,True
j_0002388,u_01003,2025-09-10 11:55:00,grateful,burnout,light_islamic,at_peace,153,0.055,neutral,True
j_0002389,u_01003,2025-09-11 12:19:00,good,burnout,universal,at_peace,23,0.636,positive,True
j_0002390,u_01004,2025-11-19 21:15:00,neutral,confidence,light_islamic,,89,-0.015,neutral,True
j_0002391,u_01004,2025-11-21 20:38:00,low,anxiety,universal,,183,-0.194,negative,True
j_0002392,u_01004,2025-11-22 20:33:00,low,gratitude,deeper_faith,,101,-0.708,negative,True
j_0002393,u_01004,2025-11-23 13:53:00,good,relationships,universal,distant,12,0.46,positive,True
j_0002394,u_01004,2025-11-27 11:56:00,low,burnout,light_islamic,at_peace,106,-0.496,negative,True
j_0002395,u_01004,2025-11-28 15:58:00,good,confidence,light_islamic,at_peace,107,-0.073,neutral,True
j_0002396,u_01004,2025-11-29 08:32:00,very_low,anxiety,light_islamic,hurting,65,-0.775,negative,True
j_0002397,u_01004,2025-12-11 10:37:00,good,habits,light_islamic,hurting,76,0.279,positive,True
j_0002398,u_01004,2025-12-13 17:40:00,grateful,gratitude,deeper_faith,hurting,41,0.295,positive,True
j_0002399,u_01004,2025-12-14 16:25:00,low,self,light_islamic,distant,24,0.084,neutral,True
j_0002400,u_01005,2025-05-03 08:43:00,low,habits,light_islamic,,52,0.023,neutral,True
j_0002401,u_01005,2025-05-15 21:45:00,good,habits,light_islamic,questioning,66,0.254,positive,True
j_0002402,u_01005,2025-05-17 19:01:00,grateful,confidence,light_islamic,questioning,59,0.302,positive,True
j_0002403,u_01005,2025-05-20 11:59:00,neutral,gratitude,light_islamic,at_peace,86,-0.536,negative,True
j_0002404,u_01010,2025-03-08 08:28:00,grateful,anxiety,deeper_faith,,42,0.556,positive,True
j_0002405,u_01010,2025-03-09 18:49:00,very_low,burnout,universal,,94,-0.73,negative,True
j_0002406,u_01010,2025-03-10 18:47:00,neutral,work,light_islamic,,63,-0.096,neutral,True
j_0002407,u_01010,2025-03-13 11:29:00,low,gratitude,deeper_faith,at_peace,70,0.082,neutral,True
j_0002408,u_01010,2025-03-30 20:30:00,grateful,habits,deeper_faith,questioning,21,0.252,positive,True
j_0002409,u_01010,2025-04-01 10:01:00,neutral,purpose,deeper_faith,questioning,333,-0.021,neutral,True
j_0002410,u_01012,2025-03-20 20:50:00,neutral,burnout,deeper_faith,,295,0.45,positive,True
j_0002411,u_01012,2025-03-22 16:12:00,good,anxiety,light_islamic,,116,0.267,positive,True
j_0002412,u_01012,2025-03-23 18:40:00,good,faith,light_islamic,,47,0.294,positive,True
j_0002413,u_01012,2025-03-24 10:38:00,neutral,self,universal,questioning,34,-0.157,negative,True
j_0002414,u_01012,2025-03-27 11:52:00,neutral,relationships,light_islamic,at_peace,21,0.045,neutral,True
j_0002415,u_01012,2025-03-28 13:13:00,good,work,universal,distant,60,0.06,neutral,True
j_0002416,u_01012,2025-03-30 18:12:00,neutral,self,universal,questioning,28,-0.047,neutral,True
j_0002417,u_01013,2025-10-14 13:42:00,very_low,anxiety,light_islamic,questioning,262,-0.496,negative,True
j_0002418,u_01013,2025-10-28 13:12:00,low,purpose,light_islamic,at_peace,79,-0.674,negative,True
j_0002419,u_01019,2025-04-21 20:01:00,grateful,self,universal,questioning,17,0.615,positive,True
j_0002420,u_01019,2025-04-22 10:48:00,good,faith,universal,at_peace,70,0.327,positive,True
j_0002421,u_01019,2025-04-24 19:55:00,neutral,purpose,deeper_faith,distant,45,0.003,neutral,True
j_0002422,u_01019,2025-04-29 19:31:00,good,confidence,universal,distant,59,0.422,positive,True
j_0002423,u_01019,2025-05-01 21:31:00,very_low,purpose,light_islamic,questioning,87,-0.944,negative,True
j_0002424,u_01019,2025-05-11 20:00:00,good,habits,universal,distant,36,0.031,neutral,True
j_0002425,u_01021,2025-12-01 18:38:00,good,confidence,light_islamic,,70,0.463,positive,True
j_0002426,u_01021,2025-12-09 19:44:00,neutral,confidence,light_islamic,at_peace,43,-0.075,neutral,True
j_0002427,u_01021,2025-12-12 13:33:00,neutral,work,universal,questioning,388,-0.054,neutral,True
j_0002428,u_01021,2025-12-13 15:18:00,grateful,self,deeper_faith,distant,124,0.301,positive,True
j_0002429,u_01021,2025-12-16 13:52:00,good,faith,deeper_faith,at_peace,63,0.636,positive,True
j_0002430,u_01023,2025-05-04 10:56:00,grateful,work,light_islamic,,35,0.569,positive,True
j_0002431,u_01023,2025-05-08 11:43:00,neutral,burnout,light_islamic,distant,129,-0.16,negative,True
j_0002432,u_01023,2025-05-16 17:41:00,good,anxiety,universal,at_peace,19,0.434,positive,True
j_0002433,u_01023,2025-05-26 17:17:00,low,burnout,universal,distant,143,-0.142,neutral,True
j_0002434,u_01023,2025-05-27 12:10:00,neutral,anxiety,light_islamic,hurting,65,0.043,neutral,True
j_0002435,u_01023,2025-06-01 15:57:00,good,relationships,universal,questioning,65,0.131,neutral,True
j_0002436,u_01025,2025-12-02 08:39:00,good,relationships,light_islamic,,47,0.185,positive,True
j_0002437,u_01025,2025-12-10 14:12:00,neutral,anxiety,deeper_faith,at_peace,131,0.222,positive,True
j_0002438,u_01025,2025-12-20 21:18:00,good,self,deeper_faith,at_peace,32,0.218,positive,True
j_0002439,u_01025,2025-12-25 11:47:00,neutral,faith,light_islamic,at_peace,63,0.197,positive,True
j_0002440,u_01032,2025-10-02 18:03:00,low,work,light_islamic,,68,0.031,neutral,True
j_0002441,u_01032,2025-10-04 15:48:00,very_low,burnout,universal,,47,-0.464,negative,True
j_0002442,u_01032,2025-10-05 13:59:00,good,habits,universal,,122,0.15,neutral,True
j_0002443,u_01032,2025-10-08 09:59:00,good,purpose,light_islamic,at_peace,14,0.398,positive,True
j_0002444,u_01032,2025-10-13 16:50:00,neutral,faith,universal,questioning,61,-0.303,negative,True
j_0002445,u_01032,2025-10-17 14:35:00,good,gratitude,deeper_faith,hurting,166,0.142,neutral,True
j_0002446,u_01032,2025-10-23 17:20:00,good,faith,light_islamic,at_peace,12,0.433,positive,True
j_0002447,u_01032,2025-10-25 07:35:00,very_low,purpose,light_islamic,at_peace,234,-0.296,negative,True
j_0002448,u_01034,2025-11-30 08:04:00,low,relationships,universal,,37,-0.411,negative,True
j_0002449,u_01034,2025-12-01 11:27:00,grateful,relationships,light_islamic,,83,0.466,positive,True
j_0002450,u_01034,2025-12-05 17:47:00,neutral,purpose,deeper_faith,distant,164,-0.32,negative,True
j_0002451,u_01034,2025-12-06 07:50:00,grateful,anxiety,universal,at_peace,109,0.398,positive,True
j_0002452,u_01034,2025-12-08 07:26:00,good,faith,universal,distant,222,0.351,positive,True
j_0002453,u_01034,2025-12-17 15:44:00,good,gratitude,universal,at_peace,103,0.155,positive,True
j_0002454,u_01034,2025-12-30 09:06:00,low,purpose,light_islamic,at_peace,50,-0.02,neutral,True
j_0002455,u_01036,2025-06-28 18:21:00,good,relationships,universal,,77,0.457,positive,True
j_0002456,u_01036,2025-07-02 11:15:00,low,purpose,universal,at_peace,22,0.05,neutral,True
j_0002457,u_01036,2025-07-03 16:34:00,grateful,confidence,light_islamic,hurting,64,0.37,positive,True
j_0002458,u_01036,2025-07-04 16:10:00,grateful,relationships,light_islamic,distant,120,0.254,positive,True
j_0002459,u_01036,2025-07-06 13:56:00,neutral,burnout,light_islamic,at_peace,27,0.046,neutral,True
j_0002460,u_01036,2025-07-12 19:41:00,good,anxiety,universal,at_peace,125,0.087,neutral,True
j_0002461,u_01036,2025-07-17 18:37:00,good,anxiety,deeper_faith,at_peace,46,0.242,positive,True
j_0002462,u_01042,2025-08-08 12:38:00,low,habits,light_islamic,,48,-0.276,negative,True
j_0002463,u_01042,2025-08-18 09:56:00,low,relationships,light_islamic,questioning,13,-0.597,negative,True
j_0002464,u_01042,2025-08-19 10:20:00,neutral,work,universal,at_peace,40,-0.058,neutral,True
j_0002465,u_01042,2025-08-22 11:09:00,very_low,faith,light_islamic,at_peace,43,-0.997,negative,True
j_0002466,u_01045,2025-12-19 20:44:00,good,purpose,universal,,54,0.377,positive,True
j_0002467,u_01045,2025-12-23 16:03:00,neutral,anxiety,light_islamic,hurting,79,0.452,positive,True
j_0002468,u_01045,2025-12-25 15:18:00,grateful,burnout,deeper_faith,at_peace,238,0.505,positive,True
j_0002469,u_01045,2025-12-29 10:00:00,neutral,relationships,light_islamic,at_peace,299,0.073,neutral,True
j_0002470,u_01045,2025-12-31 09:07:00,very_low,work,universal,questioning,152,-0.597,negative,True
j_0002471,u_01045,2026-01-08 11:13:00,good,relationships,universal,questioning,189,0.203,positive,True
j_0002472,u_01045,2026-01-10 09:26:00,very_low,anxiety,universal,at_peace,37,0.091,neutral,True
j_0002473,u_01045,2026-01-14 07:50:00,very_low,gratitude,deeper_faith,questioning,65,-0.663,negative,True
j_0002474,u_01046,2026-01-02 08:43:00,good,self,light_islamic,questioning,99,0.195,positive,True
j_0002475,u_01046,2026-01-08 18:34:00,good,faith,light_islamic,at_peace,48,0.563,positive,True
j_0002476,u_01046,2026-01-12 12:35:00,very_low,gratitude,deeper_faith,distant,50,-0.763,negative,True
j_0002477,u_01046,2026-01-13 07:39:00,grateful,confidence,universal,at_peace,39,0.852,positive,True
j_0002478,u_01048,2025-08-14 07:47:00,neutral,purpose,universal,,54,0.312,positive,True
j_0002479,u_01048,2025-08-17 13:50:00,good,anxiety,light_islamic,,101,0.444,positive,True
j_0002480,u_01048,2025-08-18 13:18:00,good,relationships,light_islamic,distant,28,0.324,positive,True
j_0002481,u_01048,2025-08-20 18:00:00,good,purpose,universal,at_peace,64,0.316,positive,True
j_0002482,u_01048,2025-09-02 19:21:00,good,confidence,deeper_faith,at_peace,116,-0.053,neutral,True
j_0002483,u_01048,2025-09-04 11:02:00,good,anxiety,universal,at_peace,15,0.269,positive,True
j_0002484,u_01048,2025-09-07 14:14:00,grateful,work,light_islamic,at_peace,84,0.723,positive,True
j_0002485,u_01052,2025-03-09 09:09:00,very_low,work,light_islamic,,35,-0.498,negative,True
j_0002486,u_01052,2025-03-10 18:32:00,good,burnout,universal,,87,0.314,positive,True
j_0002487,u_01052,2025-03-18 14:12:00,neutral,anxiety,light_islamic,distant,70,0.146,neutral,True
j_0002488,u_01053,2025-06-19 17:43:00,good,anxiety,deeper_faith,,98,0.037,neutral,True
j_0002489,u_01053,2025-06-21 09:06:00,good,anxiety,universal,at_peace,37,0.469,positive,True
j_0002490,u_01053,2025-06-24 13:10:00,good,burnout,universal,questioning,251,0.255,positive,True
j_0002491,u_01053,2025-06-25 08:28:00,good,burnout,universal,distant,105,0.434,positive,True
j_0002492,u_01053,2025-06-26 08:06:00,grateful,work,light_islamic,at_peace,60,0.712,positive,True
j_0002493,u_01053,2025-06-29 18:39:00,neutral,anxiety,light_islamic,distant,93,-0.249,negative,True
j_0002494,u_01053,2025-07-02 09:34:00,good,faith,light_islamic,distant,55,0.176,positive,True
j_0002495,u_01053,2025-07-04 16:38:00,neutral,relationships,deeper_faith,at_peace,203,0.326,positive,True
j_0002496,u_01053,2025-07-12 15:19:00,neutral,burnout,deeper_faith,at_peace,13,0.201,positive,True
j_0002497,u_01056,2025-01-14 14:10:00,grateful,work,light_islamic,,49,0.424,positive,True
j_0002498,u_01056,2025-01-18 22:07:00,neutral,purpose,light_islamic,distant,111,-0.135,neutral,True
j_0002499,u_01056,2025-01-28 13:27:00,grateful,habits,deeper_faith,at_peace,80,0.056,neutral,True
j_0002500,u_01058,2025-07-06 15:19:00,very_low,habits,light_islamic,,105,-0.861,negative,True
j_0002501,u_01058,2025-07-09 19:29:00,grateful,self,universal,,76,0.458,positive,True
j_0002502,u_01058,2025-07-15 21:06:00,good,relationships,light_islamic,distant,70,0.302,positive,True
j_0002503,u_01058,2025-07-19 20:07:00,neutral,work,deeper_faith,at_peace,63,0.131,neutral,True
j_0002504,u_01058,2025-07-20 18:51:00,neutral,self,universal,questioning,72,-0.269,negative,True
j_0002505,u_01058,2025-07-24 19:22:00,grateful,gratitude,light_islamic,at_peace,27,0.411,positive,True
j_0002506,u_01061,2025-07-01 09:00:00,good,purpose,universal,,73,0.28,positive,True
j_0002507,u_01061,2025-07-03 08:00:00,good,purpose,light_islamic,,35,0.354,positive,True
j_0002508,u_01061,2025-07-04 17:16:00,neutral,burnout,universal,,33,0.058,neutral,True
j_0002509,u_01061,2025-07-11 15:51:00,neutral,relationships,light_islamic,distant,70,0.077,neutral,True
j_0002510,u_01061,2025-07-16 10:28:00,good,gratitude,light_islamic,distant,81,-0.144,neutral,True
j_0002511,u_01061,2025-07-17 12:02:00,low,burnout,light_islamic,hurting,51,0.045,neutral,True
j_0002512,u_01061,2025-07-18 16:52:00,grateful,work,light_islamic,at_peace,85,0.595,positive,True
j_0002513,u_01063,2025-01-10 20:03:00,grateful,relationships,deeper_faith,,22,0.155,positive,True
j_0002514,u_01063,2025-01-14 14:45:00,low,habits,universal,distant,65,-0.141,neutral,True
j_0002515,u_01063,2025-01-19 15:45:00,good,anxiety,universal,at_peace,98,0.178,positive,True
j_0002516,u_01063,2025-01-28 18:03:00,neutral,confidence,deeper_faith,questioning,141,0.397,positive,True
j_0002517,u_01063,2025-01-30 19:14:00,grateful,purpose,light_islamic,at_peace,109,0.086,neutral,True
j_0002518,u_01064,2025-04-09 09:05:00,neutral,gratitude,universal,,148,0.146,neutral,True
j_0002519,u_01064,2025-04-12 22:01:00,neutral,burnout,deeper_faith,,158,-0.166,negative,True
j_0002520,u_01064,2025-04-14 12:45:00,low,anxiety,universal,at_peace,32,-0.345,negative,True
j_0002521,u_01064,2025-04-17 11:24:00,neutral,gratitude,universal,distant,54,-0.006,neutral,True
j_0002522,u_01064,2025-04-19 08:09:00,neutral,confidence,light_islamic,at_peace,54,-0.076,neutral,True
j_0002523,u_01064,2025-04-27 10:05:00,good,work,universal,at_peace,13,-0.025,neutral,True
j_0002524,u_01064,2025-04-30 13:02:00,good,self,universal,at_peace,86,0.398,positive,True
j_0002525,u_01064,2025-05-01 14:56:00,neutral,work,universal,questioning,179,-0.057,neutral,True
j_0002526,u_01064,2025-05-06 18:41:00,good,gratitude,light_islamic,questioning,107,-0.024,neutral,True
j_0002527,u_01065,2025-04-18 10:08:00,good,work,light_islamic,,52,0.143,neutral,True
j_0002528,u_01065,2025-04-21 07:13:00,very_low,relationships,universal,,42,-0.363,negative,True
j_0002529,u_01065,2025-04-24 21:02:00,low,purpose,light_islamic,at_peace,65,-0.489,negative,True
j_0002530,u_01065,2025-04-25 22:15:00,good,purpose,universal,distant,76,0.42,positive,True
j_0002531,u_01065,2025-05-11 19:42:00,good,faith,light_islamic,at_peace,126,0.501,positive,True
j_0002532,u_01065,2025-05-17 11:21:00,neutral,gratitude,universal,distant,37,-0.009,neutral,True
j_0002533,u_01068,2025-01-28 11:47:00,good,faith,light_islamic,at_peace,103,0.55,positive,True
j_0002534,u_01068,2025-02-04 08:54:00,low,work,light_islamic,at_peace,40,-0.009,neutral,True
j_0002535,u_01068,2025-02-05 13:35:00,neutral,anxiety,universal,at_peace,69,-0.051,neutral,True
j_0002536,u_01068,2025-02-06 19:28:00,low,anxiety,universal,hurting,28,0.137,neutral,True
j_0002537,u_01069,2025-06-01 15:10:00,neutral,faith,deeper_faith,,242,0.112,neutral,True
j_0002538,u_01069,2025-06-14 16:40:00,very_low,habits,light_islamic,at_peace,109,-0.573,negative,True
j_0002539,u_01069,2025-06-15 21:46:00,low,self,deeper_faith,at_peace,119,-0.437,negative,True
j_0002540,u_01069,2025-06-18 08:59:00,neutral,relationships,light_islamic,questioning,365,0.179,positive,True
j_0002541,u_01069,2025-06-23 12:39:00,neutral,relationships,light_islamic,hurting,118,-0.089,neutral,True
j_0002542,u_01069,2025-06-25 11:51:00,good,burnout,universal,at_peace,56,0.251,positive,True
j_0002543,u_01070,2025-03-06 10:31:00,neutral,self,universal,,41,-0.188,negative,True
j_0002544,u_01070,2025-03-10 15:15:00,neutral,anxiety,universal,distant,68,-0.214,negative,True
j_0002545,u_01070,2025-03-15 07:52:00,good,self,universal,questioning,89,0.517,positive,True
j_0002546,u_01070,2025-03-28 11:30:00,good,gratitude,light_islamic,at_peace,35,0.333,positive,True
j_0002547,u_01070,2025-03-30 14:29:00,neutral,habits,deeper_faith,distant,35,0.164,positive,True
j_0002548,u_01072,2025-05-19 17:13:00,very_low,anxiety,deeper_faith,,76,-0.461,negative,True
j_0002549,u_01072,2025-06-04 10:19:00,very_low,purpose,universal,at_peace,28,-0.115,neutral,True
j_0002550,u_01072,2025-06-05 11:55:00,good,faith,universal,at_peace,51,0.123,neutral,True
j_0002551,u_01072,2025-06-09 18:48:00,grateful,work,universal,at_peace,164,0.469,positive,True
j_0002552,u_01075,2025-08-10 09:08:00,grateful,self,light_islamic,at_peace,48,0.434,positive,True
j_0002553,u_01079,2025-11-07 17:49:00,neutral,confidence,light_islamic,,137,-0.143,neutral,True
j_0002554,u_01079,2025-11-10 07:45:00,good,burnout,light_islamic,,60,0.52,positive,True
j_0002555,u_01079,2025-11-16 09:05:00,very_low,burnout,universal,at_peace,60,-0.388,negative,True
j_0002556,u_01079,2025-11-28 16:32:00,neutral,purpose,light_islamic,at_peace,202,-0.102,neutral,True
j_0002557,u_01080,2025-07-03 16:49:00,good,faith,universal,,49,0.058,neutral,True
j_0002558,u_01080,2025-07-08 15:58:00,good,self,deeper_faith,at_peace,42,0.199,positive,True
j_0002559,u_01080,2025-07-10 20:41:00,grateful,work,universal,at_peace,43,0.402,positive,True
j_0002560,u_01080,2025-07-14 08:11:00,grateful,purpose,light_islamic,questioning,75,0.014,neutral,True
j_0002561,u_01080,2025-07-22 12:41:00,good,confidence,universal,at_peace,55,0.215,positive,True
j_0002562,u_01080,2025-07-25 10:12:00,good,faith,deeper_faith,at_peace,47,0.33,positive,True
j_0002563,u_01082,2025-09-05 13:13:00,grateful,faith,light_islamic,at_peace,80,0.07,neutral,True
j_0002564,u_01082,2025-09-07 11:32:00,neutral,relationships,light_islamic,hurting,28,-0.265,negative,True
j_0002565,u_01082,2025-09-14 19:10:00,good,anxiety,light_islamic,distant,30,-0.085,neutral,True
j_0002566,u_01082,2025-09-17 15:41:00,neutral,faith,universal,distant,168,-0.111,neutral,True
j_0002567,u_01082,2025-09-25 19:28:00,low,burnout,light_islamic,distant,128,-0.199,negative,True
j_0002568,u_01083,2025-06-26 19:37:00,grateful,habits,light_islamic,,35,0.368,positive,True
j_0002569,u_01083,2025-06-29 09:46:00,grateful,burnout,light_islamic,,212,0.723,positive,True
j_0002570,u_01083,2025-07-09 15:39:00,neutral,confidence,universal,at_peace,43,0.049,neutral,True
j_0002571,u_01083,2025-07-13 08:39:00,good,relationships,light_islamic,at_peace,66,0.324,positive,True
j_0002572,u_01086,2025-02-10 17:04:00,grateful,habits,light_islamic,,231,0.158,positive,True
j_0002573,u_01086,2025-02-12 14:30:00,grateful,relationships,light_islamic,,343,0.523,positive,True
j_0002574,u_01086,2025-02-15 15:02:00,good,confidence,universal,at_peace,32,0.381,positive,True
j_0002575,u_01086,2025-02-18 21:14:00,grateful,burnout,universal,questioning,64,0.436,positive,True
j_0002576,u_01086,2025-02-22 19:56:00,grateful,work,light_islamic,questioning,142,0.258,positive,True
j_0002577,u_01086,2025-02-24 14:03:00,neutral,habits,light_islamic,hurting,59,-0.187,negative,True
j_0002578,u_01086,2025-03-04 20:14:00,neutral,purpose,universal,questioning,138,-0.122,neutral,True
j_0002579,u_01086,2025-03-09 10:56:00,neutral,relationships,universal,at_peace,34,-0.219,negative,True
j_0002580,u_01088,2025-12-17 11:38:00,neutral,relationships,universal,,172,0.037,neutral,True
j_0002581,u_01088,2025-12-18 12:55:00,good,confidence,universal,,63,0.232,positive,True
j_0002582,u_01088,2025-12-19 16:24:00,good,confidence,universal,,73,0.606,positive,True
j_0002583,u_01088,2025-12-22 15:42:00,good,relationships,universal,at_peace,45,0.533,positive,True
j_0002584,u_01088,2026-01-05 18:13:00,good,relationships,universal,hurting,335,0.221,positive,True
j_0002585,u_01088,2026-01-15 16:55:00,neutral,purpose,universal,at_peace,35,-0.115,neutral,True
j_0002586,u_01090,2025-02-20 19:24:00,neutral,habits,universal,,44,-0.175,negative,True
j_0002587,u_01090,2025-02-27 12:57:00,good,purpose,light_islamic,at_peace,68,0.099,neutral,True
j_0002588,u_01090,2025-03-02 11:35:00,good,self,universal,hurting,32,0.047,neutral,True
j_0002589,u_01090,2025-03-03 08:37:00,very_low,self,light_islamic,at_peace,127,-0.219,negative,True
j_0002590,u_01090,2025-03-04 19:30:00,neutral,purpose,light_islamic,questioning,124,-0.295,negative,True
j_0002591,u_01090,2025-03-12 11:58:00,low,burnout,universal,at_peace,66,-0.248,negative,True
j_0002592,u_01092,2025-11-15 08:51:00,low,gratitude,light_islamic,,53,-0.392,negative,True
j_0002593,u_01092,2025-11-17 16:20:00,low,habits,universal,,47,0.279,positive,True
j_0002594,u_01092,2025-11-21 21:01:00,good,purpose,light_islamic,distant,42,0.085,neutral,True
j_0002595,u_01092,2025-11-24 13:29:00,good,gratitude,light_islamic,at_peace,49,0.531,positive,True
j_0002596,u_01092,2025-12-05 07:43:00,good,work,universal,distant,160,0.32,positive,True
j_0002597,u_01094,2025-11-04 19:40:00,neutral,faith,deeper_faith,,89,-0.182,negative,True
j_0002598,u_01094,2025-11-09 16:38:00,good,gratitude,light_islamic,questioning,81,-0.091,neutral,True
j_0002599,u_01094,2025-11-29 16:17:00,neutral,relationships,universal,questioning,154,-0.042,neutral,True
j_0002600,u_01096,2025-12-17 07:46:00,good,relationships,universal,,56,-0.01,neutral,True
j_0002601,u_01096,2025-12-20 10:03:00,neutral,purpose,light_islamic,,158,-0.31,negative,True
j_0002602,u_01096,2025-12-21 13:01:00,good,anxiety,deeper_faith,at_peace,20,0.42,positive,True
j_0002603,u_01096,2025-12-22 15:38:00,good,faith,deeper_faith,questioning,130,0.319,positive,True
j_0002604,u_01096,2025-12-26 09:17:00,grateful,work,universal,questioning,21,0.489,positive,True
j_0002605,u_01096,2025-12-28 15:32:00,good,anxiety,universal,at_peace,240,0.817,positive,True
j_0002606,u_01096,2026-01-07 17:11:00,grateful,burnout,light_islamic,at_peace,26,0.644,positive,True
j_0002607,u_01096,2026-01-09 18:32:00,grateful,self,light_islamic,at_peace,331,0.181,positive,True
j_0002608,u_01096,2026-01-13 22:11:00,good,burnout,deeper_faith,at_peace,74,0.318,positive,True
j_0002609,u_01096,2026-01-15 18:54:00,good,faith,light_islamic,distant,99,0.17,positive,True
j_0002610,u_01099,2025-04-27 15:11:00,grateful,self,light_islamic,,89,0.561,positive,True
j_0002611,u_01099,2025-05-01 16:09:00,grateful,work,universal,questioning,43,0.612,positive,True
j_0002612,u_01099,2025-05-05 15:06:00,neutral,gratitude,universal,at_peace,50,-0.112,neutral,True
j_0002613,u_01099,2025-05-07 10:10:00,neutral,confidence,deeper_faith,questioning,124,-0.436,negative,True
j_0002614,u_01100,2025-10-22 14:03:00,neutral,work,light_islamic,,166,0.027,neutral,True
j_0002615,u_01100,2025-10-23 15:04:00,low,anxiety,universal,,80,-0.034,neutral,True
j_0002616,u_01100,2025-10-29 17:58:00,good,faith,universal,distant,109,-0.136,neutral,True
j_0002617,u_01100,2025-11-08 12:00:00,neutral,self,universal,hurting,48,-0.109,neutral,True
j_0002618,u_01100,2025-11-09 14:05:00,neutral,anxiety,deeper_faith,at_peace,66,0.093,neutral,True
j_0002619,u_01101,2025-08-23 10:03:00,good,purpose,light_islamic,,79,0.654,positive,True
j_0002620,u_01101,2025-08-26 12:00:00,grateful,confidence,universal,,41,0.423,positive,True
j_0002621,u_01101,2025-09-01 21:58:00,low,relationships,light_islamic,at_peace,47,-0.382,negative,True
j_0002622,u_01101,2025-09-15 15:14:00,good,work,universal,at_peace,110,0.563,positive,True
j_0002623,u_01101,2025-09-17 09:27:00,neutral,work,light_islamic,at_peace,90,0.182,positive,True
j_0002624,u_01101,2025-09-19 22:10:00,neutral,confidence,universal,at_peace,54,-0.202,negative,True
j_0002625,u_01101,2025-09-21 13:26:00,neutral,purpose,light_islamic,at_peace,86,0.345,positive,True
j_0002626,u_01105,2025-11-23 13:18:00,grateful,work,universal,,107,0.489,positive,True
j_0002627,u_01105,2025-11-24 19:17:00,neutral,self,light_islamic,,92,-0.241,negative,True
j_0002628,u_01105,2025-11-30 17:52:00,grateful,work,universal,distant,45,0.587,positive,True
j_0002629,u_01105,2025-12-12 21:25:00,very_low,self,deeper_faith,questioning,31,-0.312,negative,True
j_0002630,u_01109,2025-12-08 14:56:00,grateful,habits,light_islamic,,93,0.741,positive,True
j_0002631,u_01109,2025-12-09 16:59:00,grateful,burnout,deeper_faith,,113,-0.054,neutral,True
j_0002632,u_01109,2025-12-12 07:20:00,good,self,universal,distant,44,-0.011,neutral,True
j_0002633,u_01109,2025-12-17 08:22:00,good,habits,deeper_faith,at_peace,53,0.726,positive,True
j_0002634,u_01109,2025-12-20 17:39:00,good,work,light_islamic,at_peace,149,0.338,positive,True
j_0002635,u_01109,2025-12-31 16:11:00,grateful,self,universal,at_peace,69,0.485,positive,True
j_0002636,u_01118,2025-01-28 19:55:00,good,gratitude,universal,,60,-0.166,negative,True
j_0002637,u_01118,2025-02-07 08:31:00,very_low,gratitude,universal,at_peace,109,-0.599,negative,True
j_0002638,u_01118,2025-02-09 12:12:00,low,purpose,universal,questioning,92,-0.29,negative,True
j_0002639,u_01118,2025-02-12 11:53:00,good,purpose,light_islamic,questioning,159,0.45,positive,True
j_0002640,u_01121,2025-08-05 21:45:00,neutral,confidence,light_islamic,,117,0.314,positive,True
j_0002641,u_01121,2025-08-11 17:58:00,grateful,relationships,light_islamic,distant,54,0.954,positive,True
j_0002642,u_01122,2025-11-27 16:39:00,grateful,faith,light_islamic,,66,0.718,positive,True
j_0002643,u_01122,2025-11-29 12:40:00,neutral,relationships,universal,,131,0.084,neutral,True
j_0002644,u_01122,2025-11-30 16:16:00,neutral,gratitude,universal,,18,0.286,positive,True
j_0002645,u_01122,2025-12-04 11:12:00,good,work,universal,at_peace,94,0.283,positive,True
j_0002646,u_01122,2025-12-07 17:24:00,grateful,burnout,deeper_faith,questioning,24,0.458,positive,True
j_0002647,u_01122,2025-12-19 18:33:00,good,work,deeper_faith,at_peace,99,0.316,positive,True
j_0002648,u_01122,2025-12-26 17:58:00,good,faith,universal,at_peace,173,0.768,positive,True
j_0002649,u_01126,2025-12-05 11:11:00,low,work,universal,,76,-0.371,negative,True
j_0002650,u_01126,2025-12-08 07:36:00,very_low,habits,universal,,144,-0.757,negative,True
j_0002651,u_01126,2025-12-12 07:50:00,neutral,gratitude,deeper_faith,at_peace,66,-0.06,neutral,True
j_0002652,u_01126,2025-12-16 07:58:00,grateful,faith,light_islamic,at_peace,93,0.437,positive,True
j_0002653,u_01126,2025-12-18 11:29:00,good,anxiety,light_islamic,at_peace,193,0.265,positive,True
j_0002654,u_01126,2025-12-20 17:13:00,neutral,purpose,light_islamic,distant,20,0.572,positive,True
j_0002655,u_01126,2026-01-01 13:30:00,neutral,gratitude,light_islamic,at_peace,18,-0.062,neutral,True
j_0002656,u_01131,2025-07-07 21:29:00,good,burnout,deeper_faith,,31,0.282,positive,True
j_0002657,u_01131,2025-07-10 14:41:00,grateful,work,universal,distant,104,0.107,neutral,True
j_0002658,u_01131,2025-07-14 08:45:00,low,habits,universal,at_peace,35,-0.578,negative,True
j_0002659,u_01131,2025-07-28 09:13:00,neutral,burnout,universal,at_peace,34,-0.019,neutral,True
j_0002660,u_01133,2025-02-20 12:40:00,low,confidence,universal,,105,0.093,neutral,True
j_0002661,u_01133,2025-02-26 10:27:00,low,habits,universal,at_peace,65,0.449,positive,True
j_0002662,u_01133,2025-03-15 18:19:00,good,relationships,universal,at_peace,57,0.297,positive,True
j_0002663,u_01136,2025-06-23 18:06:00,good,work,light_islamic,,60,0.562,positive,True
j_0002664,u_01136,2025-06-25 08:49:00,neutral,work,universal,,139,-0.254,negative,True
j_0002665,u_01136,2025-06-27 13:20:00,neutral,faith,universal,hurting,48,-0.032,neutral,True
j_0002666,u_01136,2025-07-04 14:57:00,grateful,purpose,universal,hurting,187,0.616,positive,True
j_0002667,u_01136,2025-07-08 10:51:00,neutral,faith,light_islamic,at_peace,67,0.006,neutral,True
j_0002668,u_01136,2025-07-19 10:08:00,low,anxiety,light_islamic,questioning,113,-0.184,negative,True
j_0002669,u_01137,2025-01-30 12:18:00,good,faith,light_islamic,,63,0.486,positive,True
j_0002670,u_01137,2025-02-03 21:34:00,good,purpose,light_islamic,distant,43,0.424,positive,True
j_0002671,u_01137,2025-02-07 09:24:00,low,habits,light_islamic,distant,12,-0.457,negative,True
j_0002672,u_01137,2025-02-10 13:33:00,neutral,purpose,universal,at_peace,218,-0.383,negative,True
j_0002673,u_01137,2025-02-13 16:28:00,good,gratitude,light_islamic,at_peace,71,0.264,positive,True
j_0002674,u_01138,2025-07-01 11:04:00,neutral,self,universal,,39,-0.132,neutral,True
j_0002675,u_01138,2025-07-05 14:46:00,low,purpose,light_islamic,questioning,35,-0.541,negative,True
j_0002676,u_01138,2025-07-16 16:36:00,good,gratitude,universal,hurting,58,-0.044,neutral,True
j_0002677,u_01138,2025-07-18 21:06:00,grateful,gratitude,universal,distant,83,0.867,positive,True
j_0002678,u_01138,2025-07-27 12:53:00,good,work,light_islamic,at_peace,15,0.175,positive,True
j_0002679,u_01143,2025-08-25 21:21:00,good,burnout,light_islamic,,25,0.441,positive,True
j_0002680,u_01143,2025-08-26 21:19:00,good,anxiety,universal,,29,0.615,positive,True
j_0002681,u_01143,2025-08-29 08:16:00,good,habits,universal,at_peace,141,0.204,positive,True
j_0002682,u_01143,2025-08-31 08:54:00,good,self,universal,questioning,31,0.15,neutral,True
j_0002683,u_01143,2025-09-02 16:12:00,very_low,burnout,universal,at_peace,30,-0.632,negative,True
j_0002684,u_01143,2025-09-03 19:23:00,good,habits,light_islamic,distant,57,0.38,positive,True
j_0002685,u_01143,2025-09-09 09:51:00,good,habits,deeper_faith,distant,80,0.399,positive,True
j_0002686,u_01143,2025-09-10 21:08:00,grateful,self,universal,at_peace,160,0.33,positive,True
j_0002687,u_01143,2025-09-18 09:37:00,neutral,anxiety,deeper_faith,distant,70,-0.025,neutral,True
j_0002688,u_01144,2025-05-25 12:25:00,neutral,purpose,universal,,72,-0.124,neutral,True
j_0002689,u_01144,2025-06-06 20:58:00,neutral,confidence,universal,at_peace,42,0.265,positive,True
j_0002690,u_01144,2025-06-18 11:53:00,neutral,self,universal,at_peace,66,0.373,positive,True
j_0002691,u_01144,2025-06-19 21:16:00,low,anxiety,light_islamic,questioning,60,-0.244,negative,True
j_0002692,u_01145,2025-08-27 10:42:00,grateful,relationships,universal,,33,0.649,positive,True
j_0002693,u_01145,2025-08-30 13:17:00,grateful,habits,deeper_faith,,76,0.595,positive,True
j_0002694,u_01145,2025-09-03 18:09:00,neutral,anxiety,universal,questioning,24,0.056,neutral,True
j_0002695,u_01145,2025-09-11 11:15:00,good,self,universal,questioning,26,0.258,positive,True
j_0002696,u_01145,2025-09-12 16:35:00,neutral,relationships,universal,at_peace,48,0.023,neutral,True
j_0002697,u_01145,2025-09-15 10:08:00,grateful,relationships,deeper_faith,at_peace,220,0.815,positive,True
j_0002698,u_01145,2025-09-16 10:39:00,neutral,self,universal,questioning,47,-0.138,neutral,True
j_0002699,u_01146,2025-10-12 10:53:00,good,confidence,universal,,27,0.118,neutral,True
j_0002700,u_01146,2025-10-13 13:53:00,good,work,light_islamic,,97,0.174,positive,True
j_0002701,u_01146,2025-10-17 16:59:00,good,gratitude,universal,at_peace,63,0.298,positive,True
j_0002702,u_01146,2025-10-18 19:39:00,low,habits,light_islamic,questioning,54,-0.048,neutral,True
j_0002703,u_01146,2025-10-19 12:21:00,neutral,relationships,deeper_faith,questioning,18,0.206,positive,True
j_0002704,u_01146,2025-10-20 21:01:00,good,work,deeper_faith,at_peace,89,0.269,positive,True
j_0002705,u_01146,2025-10-30 13:48:00,grateful,burnout,universal,at_peace,25,0.93,positive,True
j_0002706,u_01146,2025-11-03 12:07:00,neutral,self,light_islamic,at_peace,68,0.186,positive,True
j_0002707,u_01146,2025-11-05 20:38:00,grateful,gratitude,universal,distant,73,0.52,positive,True
j_0002708,u_01147,2025-02-02 10:57:00,low,faith,universal,,44,-0.105,neutral,True
j_0002709,u_01147,2025-02-06 07:38:00,good,work,light_islamic,at_peace,32,0.496,positive,True
j_0002710,u_01147,2025-02-13 10:02:00,neutral,habits,light_islamic,questioning,36,-0.15,neutral,True
j_0002711,u_01147,2025-02-17 18:57:00,good,habits,light_islamic,at_peace,77,0.343,positive,True
j_0002712,u_01147,2025-02-22 08:29:00,grateful,relationships,universal,distant,64,0.212,positive,True
j_0002713,u_01149,2025-05-30 22:11:00,low,relationships,universal,,102,-0.081,neutral,True
j_0002714,u_01149,2025-06-02 09:33:00,neutral,work,universal,,34,0.15,positive,True
j_0002715,u_01149,2025-06-03 07:19:00,neutral,self,light_islamic,questioning,67,-0.485,negative,True
j_0002716,u_01149,2025-06-04 21:43:00,neutral,work,universal,at_peace,101,-0.013,neutral,True
j_0002717,u_01149,2025-06-05 21:51:00,good,confidence,light_islamic,questioning,132,0.417,positive,True
j_0002718,u_01149,2025-06-08 14:43:00,neutral,anxiety,deeper_faith,at_peace,27,0.075,neutral,True
j_0002719,u_01149,2025-06-09 09:34:00,good,gratitude,light_islamic,questioning,31,0.395,positive,True
j_0002720,u_01149,2025-06-13 16:40:00,low,burnout,deeper_faith,at_peace,92,-0.06,neutral,True
j_0002721,u_01149,2025-06-14 08:43:00,neutral,gratitude,light_islamic,distant,75,0.087,neutral,True
j_0002722,u_01149,2025-06-21 21:05:00,neutral,faith,deeper_faith,questioning,33,0.13,neutral,True
j_0002723,u_01149,2025-06-22 11:55:00,good,work,universal,at_peace,39,0.055,neutral,True
j_0002724,u_01149,2025-06-28 11:59:00,good,burnout,universal,distant,44,0.479,positive,True
j_0002725,u_01151,2025-07-23 15:20:00,good,self,light_islamic,,138,0.493,positive,True
j_0002726,u_01151,2025-07-26 13:13:00,grateful,relationships,universal,,53,0.581,positive,True
j_0002727,u_01151,2025-07-30 13:24:00,good,relationships,light_islamic,at_peace,87,-0.186,negative,True
j_0002728,u_01151,2025-08-04 17:09:00,good,self,universal,hurting,129,0.509,positive,True
j_0002729,u_01151,2025-08-12 07:46:00,good,work,universal,questioning,83,0.495,positive,True
j_0002730,u_01151,2025-08-17 08:34:00,low,anxiety,light_islamic,at_peace,40,-0.189,negative,True
j_0002731,u_01152,2025-11-09 12:51:00,grateful,work,universal,at_peace,28,0.661,positive,True
j_0002732,u_01152,2025-11-10 13:30:00,neutral,confidence,light_islamic,distant,64,0.116,neutral,True
j_0002733,u_01152,2025-11-12 16:15:00,good,confidence,deeper_faith,questioning,79,0.236,positive,True
j_0002734,u_01152,2025-11-15 13:30:00,neutral,burnout,light_islamic,at_peace,97,-0.217,negative,True
j_0002735,u_01152,2025-11-20 16:07:00,neutral,faith,universal,distant,64,-0.234,negative,True
j_0002736,u_01152,2025-11-22 21:11:00,neutral,habits,universal,questioning,84,0.135,neutral,True
j_0002737,u_01152,2025-11-26 07:54:00,low,anxiety,universal,at_peace,49,0.247,positive,True
j_0002738,u_01152,2025-11-29 08:04:00,neutral,anxiety,universal,questioning,80,0.248,positive,True
j_0002739,u_01153,2025-03-04 16:49:00,grateful,purpose,universal,,38,0.166,positive,True
j_0002740,u_01153,2025-03-14 15:39:00,neutral,faith,universal,at_peace,70,0.426,positive,True
j_0002741,u_01153,2025-03-29 10:04:00,good,habits,deeper_faith,distant,66,0.621,positive,True
j_0002742,u_01154,2025-03-12 09:15:00,low,habits,universal,at_peace,253,-0.039,neutral,True
j_0002743,u_01154,2025-03-13 21:12:00,good,faith,universal,distant,141,0.33,positive,True
j_0002744,u_01154,2025-03-14 11:31:00,neutral,faith,light_islamic,at_peace,65,0.133,neutral,True
j_0002745,u_01154,2025-03-21 17:22:00,good,anxiety,universal,distant,65,0.81,positive,True
j_0002746,u_01154,2025-03-25 19:09:00,neutral,self,universal,hurting,32,-0.01,neutral,True
j_0002747,u_01154,2025-03-28 18:28:00,neutral,self,light_islamic,at_peace,44,0.332,positive,True
j_0002748,u_01156,2025-12-08 21:15:00,very_low,gratitude,universal,,40,-0.452,negative,True
j_0002749,u_01156,2025-12-09 18:04:00,low,burnout,light_islamic,,48,-0.348,negative,True
j_0002750,u_01156,2025-12-12 15:41:00,good,purpose,light_islamic,at_peace,95,0.13,neutral,True
j_0002751,u_01156,2025-12-16 17:12:00,neutral,work,universal,at_peace,109,-0.231,negative,True
j_0002752,u_01156,2025-12-26 16:53:00,neutral,habits,universal,at_peace,47,0.091,neutral,True
j_0002753,u_01156,2025-12-29 11:38:00,neutral,habits,universal,hurting,30,-0.047,neutral,True
j_0002754,u_01156,2025-12-30 12:55:00,good,work,universal,distant,23,0.323,positive,True
j_0002755,u_01158,2025-02-18 08:52:00,good,confidence,light_islamic,,166,-0.194,negative,True
j_0002756,u_01158,2025-02-21 14:06:00,good,burnout,light_islamic,,91,-0.276,negative,True
j_0002757,u_01158,2025-02-22 09:22:00,low,self,deeper_faith,at_peace,70,-0.592,negative,True
j_0002758,u_01158,2025-03-02 11:51:00,grateful,habits,universal,at_peace,49,0.163,positive,True
j_0002759,u_01158,2025-03-08 16:08:00,good,confidence,universal,distant,56,0.686,positive,True
j_0002760,u_01158,2025-03-15 14:22:00,neutral,self,light_islamic,at_peace,54,0.096,neutral,True
j_0002761,u_01159,2025-07-04 07:24:00,grateful,work,deeper_faith,,22,0.547,positive,True
j_0002762,u_01159,2025-07-14 21:20:00,neutral,relationships,light_islamic,distant,48,0.091,neutral,True
j_0002763,u_01159,2025-07-25 17:32:00,good,purpose,light_islamic,questioning,62,0.124,neutral,True
j_0002764,u_01159,2025-07-31 19:14:00,neutral,confidence,universal,questioning,49,-0.133,neutral,True
j_0002765,u_01159,2025-08-02 10:31:00,neutral,gratitude,universal,hurting,30,0.339,positive,True
j_0002766,u_01160,2025-08-05 20:04:00,grateful,faith,universal,,38,0.6,positive,True
j_0002767,u_01160,2025-08-09 13:45:00,good,work,universal,at_peace,124,0.074,neutral,True
j_0002768,u_01160,2025-08-10 08:24:00,good,confidence,universal,questioning,48,0.134,neutral,True
j_0002769,u_01160,2025-08-11 09:04:00,good,confidence,light_islamic,at_peace,166,-0.15,neutral,True
j_0002770,u_01160,2025-08-14 10:09:00,low,work,universal,at_peace,121,-0.115,neutral,True
j_0002771,u_01160,2025-08-15 18:46:00,good,burnout,deeper_faith,at_peace,68,0.172,positive,True
j_0002772,u_01160,2025-08-18 14:48:00,good,confidence,light_islamic,at_peace,79,0.528,positive,True
j_0002773,u_01161,2025-04-10 20:16:00,low,burnout,universal,,25,-0.223,negative,True
j_0002774,u_01161,2025-04-23 20:00:00,good,work,universal,at_peace,39,0.103,neutral,True
j_0002775,u_01161,2025-04-28 16:45:00,good,relationships,light_islamic,questioning,123,0.223,positive,True
j_0002776,u_01161,2025-05-07 07:10:00,grateful,habits,light_islamic,questioning,44,0.577,positive,True
j_0002777,u_01162,2025-12-15 16:48:00,good,self,universal,,57,0.172,positive,True
j_0002778,u_01162,2025-12-19 21:12:00,low,relationships,universal,distant,67,-0.156,negative,True
j_0002779,u_01162,2025-12-20 20:26:00,good,purpose,light_islamic,distant,120,0.563,positive,True
j_0002780,u_01162,2025-12-22 15:48:00,good,anxiety,light_islamic,hurting,61,0.14,neutral,True
j_0002781,u_01162,2026-01-09 13:05:00,good,anxiety,deeper_faith,distant,69,0.025,neutral,True
j_0002782,u_01163,2025-09-15 16:58:00,low,purpose,light_islamic,,40,-0.237,negative,True
j_0002783,u_01163,2025-09-29 14:19:00,good,confidence,universal,at_peace,143,0.281,positive,True
j_0002784,u_01163,2025-10-01 17:48:00,neutral,anxiety,light_islamic,at_peace,104,-0.11,neutral,True
j_0002785,u_01163,2025-10-03 08:01:00,good,work,universal,at_peace,42,0.783,positive,True
j_0002786,u_01163,2025-10-08 12:50:00,good,relationships,light_islamic,questioning,67,-0.56,negative,True
j_0002787,u_01163,2025-10-12 18:17:00,grateful,self,deeper_faith,at_peace,40,0.401,positive,True
j_0002788,u_01171,2025-07-11 18:14:00,grateful,habits,universal,,110,0.02,neutral,True
j_0002789,u_01171,2025-07-12 15:40:00,neutral,anxiety,universal,,53,-0.377,negative,True
j_0002790,u_01171,2025-07-14 11:01:00,neutral,burnout,universal,,41,0.237,positive,True
j_0002791,u_01171,2025-07-29 10:04:00,neutral,gratitude,light_islamic,at_peace,73,0.102,neutral,True
j_0002792,u_01171,2025-08-02 21:57:00,low,self,light_islamic,at_peace,88,-0.264,negative,True
j_0002793,u_01171,2025-08-03 08:42:00,grateful,faith,universal,distant,77,0.382,positive,True
j_0002794,u_01173,2025-09-16 19:25:00,neutral,anxiety,deeper_faith,,34,0.144,neutral,True
j_0002795,u_01173,2025-09-17 12:47:00,grateful,purpose,universal,,131,0.045,neutral,True
j_0002796,u_01173,2025-09-19 09:26:00,grateful,habits,light_islamic,,219,0.765,positive,True
j_0002797,u_01174,2025-12-30 14:26:00,neutral,burnout,universal,,37,-0.234,negative,True
j_0002798,u_01174,2026-01-02 14:33:00,low,relationships,universal,at_peace,73,-0.049,neutral,True
j_0002799,u_01174,2026-01-04 22:10:00,grateful,confidence,light_islamic,at_peace,31,0.197,positive,True
j_0002800,u_01174,2026-01-08 12:15:00,neutral,confidence,deeper_faith,distant,147,-0.313,negative,True
j_0002801,u_01174,2026-01-10 10:01:00,good,purpose,universal,at_peace,153,0.382,positive,True
j_0002802,u_01174,2026-01-11 11:40:00,neutral,self,universal,questioning,152,-0.089,neutral,True
j_0002803,u_01174,2026-01-15 18:45:00,neutral,self,universal,at_peace,66,0.101,neutral,True
j_0002804,u_01174,2026-01-24 18:47:00,low,habits,universal,at_peace,40,-0.06,neutral,True
j_0002805,u_01174,2026-01-28 21:57:00,low,faith,universal,questioning,24,-0.431,negative,True
j_0002806,u_01175,2025-11-14 19:57:00,neutral,work,light_islamic,,281,-0.148,neutral,True
j_0002807,u_01175,2025-11-17 09:55:00,neutral,burnout,universal,at_peace,32,-0.089,neutral,True
j_0002808,u_01175,2025-11-18 10:23:00,grateful,work,universal,questioning,103,0.422,positive,True
j_0002809,u_01175,2025-11-23 15:32:00,neutral,faith,universal,distant,164,-0.042,neutral,True
j_0002810,u_01175,2025-11-27 13:04:00,neutral,faith,light_islamic,questioning,83,0.246,positive,True
j_0002811,u_01175,2025-12-04 21:50:00,neutral,gratitude,light_islamic,questioning,95,0.084,neutral,True
j_0002812,u_01176,2025-11-27 18:40:00,neutral,purpose,universal,,21,0.055,neutral,True
j_0002813,u_01176,2025-11-28 10:23:00,neutral,work,light_islamic,,98,-0.029,neutral,True
j_0002814,u_01176,2025-12-02 17:24:00,neutral,burnout,light_islamic,at_peace,12,0.014,neutral,True
j_0002815,u_01176,2025-12-03 13:24:00,good,gratitude,deeper_faith,at_peace,52,0.359,positive,True
j_0002816,u_01176,2025-12-04 16:43:00,neutral,self,universal,at_peace,83,-0.274,negative,True
j_0002817,u_01176,2025-12-09 08:17:00,neutral,habits,light_islamic,at_peace,54,-0.324,negative,True
j_0002818,u_01176,2025-12-13 08:03:00,very_low,burnout,universal,distant,78,-0.327,negative,True
j_0002819,u_01176,2025-12-17 13:17:00,grateful,faith,universal,at_peace,167,0.246,positive,True
j_0002820,u_01176,2025-12-22 20:22:00,grateful,anxiety,universal,at_peace,21,0.511,positive,True
j_0002821,u_01177,2025-08-26 16:29:00,very_low,confidence,universal,distant,74,-1.0,negative,True
j_0002822,u_01177,2025-08-28 20:15:00,good,habits,universal,at_peace,25,0.107,neutral,True
j_0002823,u_01177,2025-08-30 21:14:00,low,anxiety,universal,at_peace,43,-0.226,negative,True
j_0002824,u_01177,2025-09-02 21:15:00,very_low,anxiety,universal,at_peace,95,-0.563,negative,True
j_0002825,u_01177,2025-09-08 12:11:00,low,burnout,universal,questioning,88,-0.372,negative,True
j_0002826,u_01177,2025-09-11 08:30:00,good,gratitude,deeper_faith,at_peace,61,0.398,positive,True
j_0002827,u_01183,2025-08-28 21:25:00,low,anxiety,deeper_faith,questioning,134,-0.437,negative,True
j_0002828,u_01183,2025-08-29 13:26:00,good,work,universal,at_peace,93,0.377,positive,True
j_0002829,u_01183,2025-09-01 17:20:00,neutral,burnout,universal,questioning,103,-0.025,neutral,True
j_0002830,u_01183,2025-09-04 11:36:00,neutral,confidence,universal,at_peace,80,0.227,positive,True
j_0002831,u_01183,2025-09-06 19:51:00,neutral,habits,deeper_faith,questioning,144,0.204,positive,True
j_0002832,u_01183,2025-09-09 16:10:00,good,relationships,universal,questioning,88,0.615,positive,True
j_0002833,u_01183,2025-09-15 14:51:00,low,burnout,universal,at_peace,27,-0.159,negative,True
j_0002834,u_01183,2025-09-20 12:21:00,good,habits,deeper_faith,at_peace,92,0.446,positive,True
j_0002835,u_01184,2025-05-18 08:51:00,neutral,confidence,universal,,159,0.2,positive,True
j_0002836,u_01184,2025-05-22 19:02:00,low,burnout,universal,distant,100,-0.275,negative,True
j_0002837,u_01184,2025-05-25 17:16:00,grateful,purpose,light_islamic,at_peace,47,0.627,positive,True
j_0002838,u_01184,2025-05-26 13:07:00,grateful,self,universal,at_peace,150,0.434,positive,True
j_0002839,u_01184,2025-06-08 18:04:00,good,self,deeper_faith,at_peace,66,0.233,positive,True
j_0002840,u_01184,2025-06-13 09:08:00,low,anxiety,universal,questioning,100,-0.604,negative,True
j_0002841,u_01185,2025-01-23 15:33:00,good,gratitude,light_islamic,,100,0.238,positive,True
j_0002842,u_01185,2025-01-25 14:41:00,neutral,burnout,universal,,139,0.065,neutral,True
j_0002843,u_01185,2025-01-27 15:40:00,grateful,work,light_islamic,at_peace,40,0.665,positive,True
j_0002844,u_01185,2025-01-29 08:55:00,grateful,anxiety,universal,at_peace,28,0.558,positive,True
j_0002845,u_01185,2025-02-08 08:31:00,grateful,anxiety,light_islamic,distant,20,-0.145,neutral,True
j_0002846,u_01185,2025-02-09 21:07:00,neutral,faith,universal,distant,184,0.188,positive,True
j_0002847,u_01185,2025-02-19 07:56:00,good,self,light_islamic,at_peace,107,0.102,neutral,True
j_0002848,u_01185,2025-02-20 08:36:00,good,anxiety,universal,questioning,68,0.564,positive,True
j_0002849,u_01186,2025-12-28 09:04:00,neutral,burnout,universal,hurting,151,0.026,neutral,True
j_0002850,u_01186,2025-12-30 16:43:00,neutral,confidence,deeper_faith,at_peace,94,0.071,neutral,True
j_0002851,u_01186,2026-01-01 17:01:00,grateful,habits,light_islamic,distant,65,0.545,positive,True
j_0002852,u_01186,2026-01-14 16:39:00,good,confidence,deeper_faith,at_peace,97,0.672,positive,True
j_0002853,u_01186,2026-01-16 16:51:00,neutral,purpose,deeper_faith,at_peace,99,0.151,positive,True
j_0002854,u_01187,2025-06-09 11:48:00,low,habits,light_islamic,,84,-0.207,negative,True
j_0002855,u_01187,2025-06-13 09:35:00,neutral,burnout,universal,questioning,40,-0.085,neutral,True
j_0002856,u_01187,2025-06-14 09:11:00,good,self,light_islamic,at_peace,63,0.677,positive,True
j_0002857,u_01187,2025-06-15 14:55:00,grateful,relationships,universal,at_peace,156,0.735,positive,True
j_0002858,u_01187,2025-06-24 14:21:00,very_low,relationships,universal,at_peace,62,-0.288,negative,True
j_0002859,u_01187,2025-06-26 12:27:00,very_low,relationships,light_islamic,at_peace,23,-0.776,negative,True
j_0002860,u_01187,2025-06-29 12:14:00,low,gratitude,deeper_faith,at_peace,29,-0.557,negative,True
j_0002861,u_01187,2025-07-04 11:39:00,very_low,gratitude,light_islamic,questioning,31,-0.444,negative,True
j_0002862,u_01190,2025-04-30 13:38:00,neutral,relationships,universal,,155,-0.43,negative,True
j_0002863,u_01190,2025-05-01 11:38:00,good,burnout,universal,at_peace,69,0.117,neutral,True
j_0002864,u_01190,2025-05-04 11:31:00,neutral,work,universal,questioning,41,0.086,neutral,True
j_0002865,u_01190,2025-05-05 17:24:00,neutral,faith,universal,questioning,141,0.375,positive,True
j_0002866,u_01190,2025-05-10 12:45:00,low,burnout,universal,questioning,143,-0.144,neutral,True
j_0002867,u_01190,2025-05-13 18:55:00,good,habits,light_islamic,distant,96,0.523,positive,True
j_0002868,u_01190,2025-05-27 16:13:00,grateful,work,light_islamic,hurting,90,0.335,positive,True
j_0002869,u_01191,2025-02-23 18:15:00,good,faith,light_islamic,,68,0.583,positive,True
j_0002870,u_01191,2025-03-03 09:27:00,good,habits,light_islamic,hurting,68,0.687,positive,True
j_0002871,u_01192,2025-09-24 08:38:00,neutral,relationships,light_islamic,,53,-0.421,negative,True
j_0002872,u_01192,2025-09-25 13:13:00,grateful,faith,light_islamic,,59,0.242,positive,True
j_0002873,u_01192,2025-09-29 16:21:00,good,relationships,light_islamic,at_peace,99,0.299,positive,True
j_0002874,u_01192,2025-10-12 21:48:00,neutral,work,light_islamic,questioning,142,-0.154,negative,True
j_0002875,u_01193,2025-12-26 11:35:00,neutral,purpose,universal,,45,0.141,neutral,True
j_0002876,u_01193,2025-12-27 20:34:00,very_low,relationships,universal,,58,-0.687,negative,True
j_0002877,u_01193,2025-12-28 08:17:00,low,faith,universal,,35,-0.016,neutral,True
j_0002878,u_01193,2026-01-02 08:41:00,low,purpose,universal,at_peace,51,0.011,neutral,True
j_0002879,u_01193,2026-01-04 15:21:00,neutral,burnout,light_islamic,at_peace,203,-0.089,neutral,True
j_0002880,u_01193,2026-01-06 15:52:00,neutral,gratitude,light_islamic,hurting,153,-0.051,neutral,True
j_0002881,u_01193,2026-01-13 08:35:00,neutral,purpose,universal,distant,282,-0.291,negative,True
j_0002882,u_01195,2025-07-27 20:17:00,good,self,universal,,45,0.496,positive,True
j_0002883,u_01198,2025-03-21 22:17:00,good,anxiety,light_islamic,,273,0.145,neutral,True
j_0002884,u_01198,2025-03-31 07:31:00,grateful,confidence,universal,at_peace,18,0.246,positive,True
j_0002885,u_01198,2025-04-04 13:12:00,good,work,universal,at_peace,264,-0.107,neutral,True
j_0002886,u_01198,2025-04-05 16:12:00,neutral,anxiety,universal,distant,50,0.05,neutral,True
j_0002887,u_01198,2025-04-18 09:38:00,good,faith,universal,at_peace,73,0.38,positive,True
j_0002888,u_01200,2025-08-11 14:22:00,good,self,universal,,93,0.509,positive,True
j_0002889,u_01200,2025-08-13 11:14:00,good,anxiety,universal,,52,0.08,neutral,True
j_0002890,u_01200,2025-08-16 20:02:00,good,self,light_islamic,distant,111,0.191,positive,True
j_0002891,u_01200,2025-08-18 18:01:00,low,anxiety,universal,at_peace,96,-0.388,negative,True
j_0002892,u_01200,2025-08-20 14:41:00,low,confidence,deeper_faith,at_peace,40,-0.213,negative,True
j_0002893,u_01200,2025-08-21 14:22:00,good,burnout,light_islamic,questioning,64,0.349,positive,True
j_0002894,u_01200,2025-08-22 14:07:00,good,self,universal,at_peace,115,0.329,positive,True
j_0002895,u_01200,2025-08-24 17:32:00,low,habits,deeper_faith,questioning,160,-0.181,negative,True
j_0002896,u_01200,2025-09-06 09:57:00,good,purpose,universal,distant,40,0.749,positive,True
j_0002897,u_01200,2025-09-07 16:26:00,low,gratitude,universal,distant,162,-0.125,neutral,True
j_0002898,u_01200,2025-09-08 14:41:00,neutral,burnout,deeper_faith,at_peace,219,0.266,positive,True
j_0002899,u_01201,2025-04-26 12:50:00,good,habits,deeper_faith,,29,0.509,positive,True
j_0002900,u_01201,2025-05-11 13:24:00,good,confidence,universal,hurting,101,0.431,positive,True
j_0002901,u_01201,2025-05-14 15:22:00,good,faith,universal,at_peace,225,0.163,positive,True
j_0002902,u_01204,2025-01-29 17:29:00,neutral,relationships,deeper_faith,,35,0.064,neutral,True
j_0002903,u_01204,2025-01-30 20:16:00,very_low,relationships,deeper_faith,,61,-0.853,negative,True
j_0002904,u_01204,2025-02-01 21:30:00,good,anxiety,light_islamic,,89,0.507,positive,True
j_0002905,u_01204,2025-02-03 20:10:00,neutral,anxiety,deeper_faith,questioning,32,0.087,neutral,True
j_0002906,u_01204,2025-02-06 11:00:00,grateful,faith,light_islamic,at_peace,216,0.615,positive,True
j_0002907,u_01204,2025-02-09 12:57:00,neutral,self,deeper_faith,at_peace,47,0.044,neutral,True
j_0002908,u_01204,2025-02-10 10:51:00,low,habits,light_islamic,at_peace,62,-0.192,negative,True
j_0002909,u_01204,2025-02-14 08:23:00,neutral,burnout,universal,at_peace,266,0.621,positive,True
j_0002910,u_01204,2025-02-18 18:54:00,good,confidence,light_islamic,at_peace,29,0.32,positive,True
j_0002911,u_01205,2025-05-07 11:39:00,good,relationships,universal,,62,0.402,positive,True
j_0002912,u_01205,2025-05-11 08:17:00,good,gratitude,light_islamic,at_peace,101,0.101,neutral,True
j_0002913,u_01205,2025-05-12 18:35:00,low,burnout,universal,distant,121,-0.253,negative,True
j_0002914,u_01205,2025-05-20 16:15:00,very_low,relationships,light_islamic,at_peace,21,-0.645,negative,True
j_0002915,u_01205,2025-05-22 07:45:00,neutral,burnout,universal,at_peace,34,0.412,positive,True
j_0002916,u_01205,2025-05-23 12:59:00,low,work,universal,at_peace,70,-0.472,negative,True
j_0002917,u_01205,2025-05-24 14:41:00,good,self,universal,at_peace,68,0.608,positive,True
j_0002918,u_01210,2025-08-25 10:33:00,neutral,self,universal,,83,0.517,positive,True
j_0002919,u_01210,2025-08-26 11:28:00,good,habits,universal,,73,0.514,positive,True
j_0002920,u_01210,2025-08-27 07:44:00,grateful,relationships,light_islamic,,38,0.67,positive,True
j_0002921,u_01210,2025-08-28 11:18:00,good,anxiety,light_islamic,,52,-0.04,neutral,True
j_0002922,u_01210,2025-08-30 16:27:00,neutral,self,light_islamic,at_peace,63,-0.567,negative,True
j_0002923,u_01210,2025-09-07 13:03:00,grateful,purpose,universal,questioning,103,0.935,positive,True
j_0002924,u_01212,2025-05-16 11:05:00,grateful,relationships,light_islamic,,55,0.467,positive,True
j_0002925,u_01212,2025-05-17 10:34:00,good,confidence,light_islamic,,93,0.225,positive,True
j_0002926,u_01212,2025-05-18 09:29:00,good,habits,universal,,51,0.526,positive,True
j_0002927,u_01212,2025-05-19 22:05:00,grateful,gratitude,universal,,403,0.417,positive,True
j_0002928,u_01212,2025-05-23 09:40:00,neutral,anxiety,universal,at_peace,32,0.113,neutral,True
j_0002929,u_01212,2025-05-24 17:12:00,good,faith,universal,at_peace,30,0.138,neutral,True
j_0002930,u_01212,2025-05-26 10:34:00,low,self,deeper_faith,at_peace,30,-0.069,neutral,True
j_0002931,u_01212,2025-05-28 18:49:00,good,anxiety,light_islamic,hurting,52,0.216,positive,True
j_0002932,u_01212,2025-05-31 11:39:00,neutral,habits,light_islamic,at_peace,83,-0.081,neutral,True
j_0002933,u_01212,2025-06-03 07:22:00,low,burnout,light_islamic,at_peace,128,0.118,neutral,True
j_0002934,u_01212,2025-06-07 08:37:00,neutral,gratitude,light_islamic,distant,278,0.281,positive,True
j_0002935,u_01212,2025-06-08 11:45:00,neutral,self,light_islamic,hurting,169,-0.125,neutral,True
j_0002936,u_01212,2025-06-14 14:14:00,grateful,relationships,deeper_faith,at_peace,126,0.447,positive,True
j_0002937,u_01214,2025-09-14 08:54:00,low,work,universal,,174,-0.318,negative,True
j_0002938,u_01214,2025-09-19 11:23:00,good,gratitude,universal,at_peace,79,0.312,positive,True
j_0002939,u_01214,2025-09-22 12:42:00,very_low,work,deeper_faith,at_peace,90,-0.399,negative,True
j_0002940,u_01214,2025-10-03 13:42:00,neutral,relationships,light_islamic,at_peace,51,0.166,positive,True
j_0002941,u_01215,2025-11-25 20:54:00,neutral,relationships,light_islamic,,96,-0.066,neutral,True
j_0002942,u_01215,2025-11-26 16:29:00,grateful,gratitude,light_islamic,,201,0.626,positive,True
j_0002943,u_01215,2025-12-01 11:05:00,good,confidence,universal,at_peace,65,0.33,positive,True
j_0002944,u_01215,2025-12-03 14:14:00,good,purpose,light_islamic,questioning,37,0.2,positive,True
j_0002945,u_01215,2025-12-11 09:36:00,neutral,faith,universal,at_peace,80,0.185,positive,True
j_0002946,u_01216,2025-04-04 13:58:00,grateful,anxiety,universal,,116,0.366,positive,True
j_0002947,u_01216,2025-04-06 15:41:00,neutral,purpose,universal,,87,0.043,neutral,True
j_0002948,u_01216,2025-04-11 18:53:00,good,faith,light_islamic,at_peace,73,0.226,positive,True
j_0002949,u_01216,2025-04-15 15:13:00,good,relationships,universal,questioning,75,0.82,positive,True
j_0002950,u_01216,2025-04-23 14:13:00,good,confidence,deeper_faith,at_peace,147,0.43,positive,True
j_0002951,u_01222,2025-07-16 17:28:00,good,anxiety,light_islamic,questioning,28,0.275,positive,True
j_0002952,u_01222,2025-07-18 19:38:00,low,confidence,light_islamic,distant,131,-0.38,negative,True
j_0002953,u_01222,2025-07-22 16:18:00,good,faith,universal,distant,71,0.329,positive,True
j_0002954,u_01222,2025-07-26 17:58:00,good,work,light_islamic,at_peace,76,0.187,positive,True
j_0002955,u_01222,2025-07-28 11:58:00,good,burnout,universal,distant,126,0.597,positive,True
j_0002956,u_01222,2025-08-08 16:18:00,good,confidence,universal,questioning,59,0.36,positive,True
j_0002957,u_01224,2025-09-12 19:05:00,low,self,universal,,65,-0.274,negative,True
j_0002958,u_01224,2025-09-14 12:59:00,good,anxiety,deeper_faith,,42,0.206,positive,True
j_0002959,u_01224,2025-09-19 08:49:00,good,anxiety,light_islamic,distant,83,0.217,positive,True
j_0002960,u_01224,2025-09-22 17:41:00,grateful,purpose,universal,questioning,416,0.54,positive,True
j_0002961,u_01224,2025-10-04 19:07:00,grateful,faith,light_islamic,at_peace,66,0.459,positive,True
j_0002962,u_01224,2025-10-05 18:53:00,neutral,self,light_islamic,at_peace,58,-0.086,neutral,True
j_0002963,u_01226,2025-01-04 20:01:00,good,gratitude,light_islamic,,51,0.58,positive,True
j_0002964,u_01226,2025-01-05 17:03:00,very_low,confidence,universal,,214,-0.887,negative,True
j_0002965,u_01226,2025-01-07 08:06:00,very_low,purpose,universal,distant,64,-0.43,negative,True
j_0002966,u_01226,2025-01-09 21:08:00,neutral,burnout,universal,at_peace,142,-0.072,neutral,True
j_0002967,u_01226,2025-01-12 16:33:00,neutral,confidence,universal,distant,59,0.086,neutral,True
j_0002968,u_01226,2025-01-19 10:46:00,grateful,purpose,light_islamic,questioning,161,0.719,positive,True
j_0002969,u_01226,2025-01-23 17:23:00,neutral,faith,light_islamic,distant,64,0.294,positive,True
j_0002970,u_01228,2025-08-29 14:26:00,very_low,self,deeper_faith,,40,-0.588,negative,True
j_0002971,u_01228,2025-08-30 15:01:00,neutral,self,light_islamic,,30,-0.196,negative,True
j_0002972,u_01228,2025-09-05 08:18:00,low,burnout,deeper_faith,at_peace,171,-0.635,negative,True
j_0002973,u_01228,2025-09-07 19:34:00,good,anxiety,deeper_faith,hurting,17,0.089,neutral,True
j_0002974,u_01228,2025-09-17 14:01:00,grateful,work,light_islamic,distant,57,0.482,positive,True
j_0002975,u_01229,2025-09-22 20:06:00,low,gratitude,deeper_faith,,44,-0.422,negative,True
j_0002976,u_01229,2025-09-27 18:59:00,grateful,purpose,universal,at_peace,33,0.231,positive,True
j_0002977,u_01229,2025-10-06 09:56:00,neutral,habits,universal,at_peace,222,0.126,neutral,True
j_0002978,u_01229,2025-10-08 07:30:00,good,relationships,universal,at_peace,46,0.335,positive,True
j_0002979,u_01229,2025-10-14 16:34:00,good,work,universal,at_peace,47,0.474,positive,True
j_0002980,u_01232,2025-02-19 19:16:00,neutral,relationships,deeper_faith,,60,-0.173,negative,True
j_0002981,u_01232,2025-02-25 18:17:00,neutral,purpose,light_islamic,distant,98,-0.467,negative,True
j_0002982,u_01232,2025-02-26 14:31:00,neutral,gratitude,universal,distant,36,0.278,positive,True
j_0002983,u_01232,2025-02-27 08:40:00,good,self,light_islamic,questioning,172,0.193,positive,True
j_0002984,u_01232,2025-02-28 09:31:00,good,work,deeper_faith,distant,16,0.16,positive,True
j_0002985,u_01232,2025-03-06 12:29:00,good,anxiety,light_islamic,at_peace,43,0.543,positive,True
j_0002986,u_01232,2025-03-08 13:07:00,good,anxiety,light_islamic,distant,246,0.223,positive,True
j_0002987,u_01236,2025-07-03 17:47:00,good,gratitude,universal,,70,0.252,positive,True
j_0002988,u_01236,2025-07-11 20:35:00,good,confidence,deeper_faith,questioning,118,0.223,positive,True
j_0002989,u_01236,2025-07-20 11:35:00,good,confidence,universal,at_peace,43,-0.165,negative,True
j_0002990,u_01236,2025-07-21 12:23:00,low,confidence,universal,hurting,292,-0.321,negative,True
j_0002991,u_01236,2025-07-30 13:33:00,good,habits,universal,distant,25,0.446,positive,True
j_0002992,u_01237,2025-01-18 10:21:00,neutral,anxiety,deeper_faith,,197,0.167,positive,True
j_0002993,u_01237,2025-01-24 08:46:00,good,faith,deeper_faith,at_peace,112,-0.16,negative,True
j_0002994,u_01237,2025-01-27 12:10:00,neutral,gratitude,universal,at_peace,37,-0.306,negative,True
j_0002995,u_01237,2025-01-30 21:37:00,neutral,relationships,universal,at_peace,41,-0.02,neutral,True
j_0002996,u_01237,2025-02-14 14:09:00,grateful,burnout,light_islamic,at_peace,24,0.756,positive,True
j_0002997,u_01238,2025-04-09 20:26:00,neutral,confidence,universal,,54,0.06,neutral,True
j_0002998,u_01238,2025-04-12 16:23:00,neutral,habits,light_islamic,,55,-0.126,neutral,True
j_0002999,u_01238,2025-04-15 17:54:00,good,confidence,deeper_faith,at_peace,201,0.081,neutral,True
j_0003000,u_01238,2025-04-18 16:21:00,good,burnout,light_islamic,at_peace,178,-0.006,neutral,True
j_0003001,u_01238,2025-04-27 16:22:00,good,confidence,light_islamic,distant,41,0.326,positive,True
j_0003002,u_01238,2025-04-28 20:22:00,neutral,burnout,deeper_faith,at_peace,33,-0.072,neutral,True
j_0003003,u_01242,2025-02-25 16:53:00,neutral,confidence,universal,,20,-0.339,negative,True
j_0003004,u_01242,2025-02-26 21:09:00,neutral,self,deeper_faith,,27,0.186,positive,True
j_0003005,u_01242,2025-03-03 22:14:00,good,work,light_islamic,questioning,73,0.39,positive,True
j_0003006,u_01242,2025-03-21 17:03:00,grateful,faith,deeper_faith,at_peace,49,0.311,positive,True
j_0003007,u_01246,2025-02-05 17:58:00,good,burnout,universal,,69,0.318,positive,True
j_0003008,u_01246,2025-02-06 17:32:00,good,faith,light_islamic,,27,0.501,positive,True
j_0003009,u_01246,2025-02-08 14:28:00,neutral,relationships,light_islamic,,69,-0.331,negative,True
j_0003010,u_01246,2025-02-09 14:41:00,grateful,purpose,universal,questioning,94,0.192,positive,True
j_0003011,u_01246,2025-02-16 09:53:00,neutral,burnout,light_islamic,questioning,39,0.281,positive,True
j_0003012,u_01246,2025-02-18 16:47:00,low,work,universal,distant,29,-0.057,neutral,True
j_0003013,u_01246,2025-02-20 09:51:00,good,purpose,universal,at_peace,61,0.046,neutral,True
j_0003014,u_01246,2025-03-01 14:30:00,low,work,universal,questioning,36,-0.248,negative,True
j_0003015,u_01246,2025-03-06 13:27:00,neutral,gratitude,universal,distant,28,-0.181,negative,True
j_0003016,u_01246,2025-03-07 21:28:00,low,faith,light_islamic,at_peace,279,-0.355,negative,True
j_0003017,u_01248,2025-12-11 20:10:00,neutral,self,universal,,92,-0.054,neutral,True
j_0003018,u_01248,2025-12-23 09:21:00,grateful,burnout,light_islamic,questioning,34,0.446,positive,True
j_0003019,u_01248,2025-12-25 18:16:00,good,burnout,deeper_faith,at_peace,113,0.256,positive,True
j_0003020,u_01248,2025-12-27 14:41:00,neutral,faith,universal,at_peace,53,-0.27,negative,True
j_0003021,u_01249,2025-01-20 08:37:00,good,faith,light_islamic,,84,0.479,positive,True
j_0003022,u_01249,2025-02-07 20:00:00,neutral,habits,universal,hurting,46,-0.056,neutral,True
j_0003023,u_01249,2025-02-09 12:02:00,neutral,confidence,deeper_faith,questioning,22,-0.026,neutral,True
j_0003024,u_01251,2025-06-20 08:23:00,good,self,light_islamic,,123,0.701,positive,True
j_0003025,u_01251,2025-06-21 09:16:00,grateful,faith,universal,,87,0.633,positive,True
j_0003026,u_01251,2025-06-26 12:36:00,good,work,deeper_faith,questioning,85,0.467,positive,True
j_0003027,u_01251,2025-06-28 15:44:00,neutral,habits,light_islamic,at_peace,12,-0.066,neutral,True
j_0003028,u_01251,2025-06-30 08:03:00,neutral,relationships,deeper_faith,questioning,26,-0.05,neutral,True
j_0003029,u_01251,2025-07-18 21:57:00,grateful,faith,light_islamic,distant,129,0.243,positive,True
j_0003030,u_01253,2025-04-30 08:30:00,good,habits,universal,,17,0.143,neutral,True
j_0003031,u_01253,2025-05-02 12:18:00,neutral,purpose,light_islamic,,164,0.21,positive,True
j_0003032,u_01253,2025-05-24 07:26:00,good,habits,universal,questioning,185,-0.051,neutral,True
j_0003033,u_01253,2025-05-25 21:48:00,neutral,purpose,light_islamic,at_peace,96,0.095,neutral,True
j_0003034,u_01255,2025-04-22 11:42:00,good,purpose,light_islamic,,59,0.27,positive,True
j_0003035,u_01255,2025-04-23 08:50:00,neutral,gratitude,universal,,51,0.255,positive,True
j_0003036,u_01255,2025-05-02 19:33:00,neutral,work,universal,at_peace,101,0.006,neutral,True
j_0003037,u_01255,2025-05-08 09:40:00,good,confidence,deeper_faith,at_peace,101,0.718,positive,True
j_0003038,u_01255,2025-05-13 12:16:00,good,confidence,light_islamic,distant,210,0.15,neutral,True
j_0003039,u_01256,2025-07-29 17:23:00,grateful,relationships,universal,,35,0.49,positive,True
j_0003040,u_01256,2025-07-31 18:52:00,neutral,gratitude,light_islamic,,71,0.105,neutral,True
j_0003041,u_01256,2025-08-01 20:22:00,good,confidence,universal,,29,0.093,neutral,True
j_0003042,u_01256,2025-08-02 18:46:00,good,burnout,universal,at_peace,82,0.175,positive,True
j_0003043,u_01256,2025-08-03 21:48:00,grateful,work,deeper_faith,distant,60,0.58,positive,True
j_0003044,u_01256,2025-08-16 12:02:00,neutral,purpose,light_islamic,distant,162,0.099,neutral,True
j_0003045,u_01256,2025-08-24 08:42:00,good,faith,universal,at_peace,75,0.524,positive,True
j_0003046,u_01256,2025-08-25 10:07:00,neutral,relationships,universal,at_peace,61,-0.046,neutral,True
j_0003047,u_01257,2025-10-27 21:17:00,grateful,confidence,light_islamic,,163,0.538,positive,True
j_0003048,u_01257,2025-10-31 15:21:00,good,gratitude,universal,at_peace,62,-0.021,neutral,True
j_0003049,u_01257,2025-11-03 11:27:00,neutral,gratitude,universal,at_peace,67,0.266,positive,True
j_0003050,u_01257,2025-11-04 13:48:00,low,anxiety,light_islamic,hurting,24,-0.25,negative,True
j_0003051,u_01257,2025-11-09 19:43:00,good,work,universal,at_peace,72,0.142,neutral,True
j_0003052,u_01257,2025-11-11 17:37:00,good,habits,universal,at_peace,143,0.055,neutral,True
j_0003053,u_01257,2025-11-12 09:49:00,grateful,habits,universal,at_peace,60,0.714,positive,True
j_0003054,u_01257,2025-11-13 16:48:00,good,work,universal,at_peace,53,0.252,positive,True
j_0003055,u_01257,2025-11-18 17:49:00,good,confidence,universal,distant,78,0.375,positive,True
j_0003056,u_01257,2025-11-20 13:58:00,very_low,relationships,universal,at_peace,43,-0.686,negative,True
j_0003057,u_01257,2025-11-22 13:02:00,grateful,faith,universal,at_peace,94,0.803,positive,True
j_0003058,u_01257,2025-11-23 18:57:00,good,relationships,deeper_faith,at_peace,158,0.526,positive,True
j_0003059,u_01259,2025-07-22 17:20:00,good,burnout,universal,,100,0.422,positive,True
j_0003060,u_01259,2025-07-24 11:36:00,neutral,confidence,light_islamic,,83,-0.518,negative,True
j_0003061,u_01259,2025-07-30 21:30:00,good,relationships,universal,at_peace,63,0.194,positive,True
j_0003062,u_01259,2025-07-31 14:41:00,grateful,purpose,light_islamic,at_peace,34,0.694,positive,True
j_0003063,u_01259,2025-08-01 11:06:00,good,confidence,universal,at_peace,142,0.387,positive,True
j_0003064,u_01259,2025-08-02 16:45:00,neutral,habits,light_islamic,hurting,116,-0.085,neutral,True
j_0003065,u_01259,2025-08-08 20:04:00,neutral,self,universal,at_peace,96,0.177,positive,True
j_0003066,u_01259,2025-08-10 08:54:00,good,burnout,light_islamic,questioning,38,0.217,positive,True
j_0003067,u_01259,2025-08-12 19:44:00,low,relationships,light_islamic,at_peace,111,0.02,neutral,True
j_0003068,u_01259,2025-08-19 12:49:00,good,burnout,light_islamic,hurting,30,0.493,positive,True
j_0003069,u_01260,2025-10-07 20:35:00,good,self,deeper_faith,,71,0.188,positive,True
j_0003070,u_01260,2025-10-10 17:16:00,grateful,self,universal,,112,0.626,positive,True
j_0003071,u_01260,2025-10-11 12:22:00,neutral,purpose,light_islamic,questioning,46,-0.039,neutral,True
j_0003072,u_01260,2025-10-14 10:31:00,grateful,self,universal,at_peace,70,0.322,positive,True
j_0003073,u_01260,2025-10-20 09:10:00,neutral,burnout,light_islamic,at_peace,51,0.389,positive,True
j_0003074,u_01260,2025-10-26 12:47:00,good,confidence,light_islamic,distant,46,0.407,positive,True
j_0003075,u_01260,2025-11-05 12:50:00,grateful,burnout,light_islamic,distant,31,0.383,positive,True
j_0003076,u_01261,2025-10-09 07:50:00,grateful,gratitude,light_islamic,,62,0.135,neutral,True
j_0003077,u_01261,2025-10-11 10:57:00,very_low,confidence,universal,,372,-0.601,negative,True
j_0003078,u_01261,2025-10-15 09:12:00,good,work,light_islamic,distant,51,0.633,positive,True
j_0003079,u_01261,2025-10-19 13:01:00,neutral,habits,light_islamic,at_peace,86,-0.027,neutral,True
j_0003080,u_01261,2025-10-26 11:40:00,low,anxiety,light_islamic,questioning,144,-0.17,negative,True
j_0003081,u_01261,2025-10-27 08:21:00,neutral,habits,universal,at_peace,35,0.014,neutral,True
j_0003082,u_01263,2025-09-06 12:15:00,very_low,gratitude,light_islamic,distant,42,-0.711,negative,True
j_0003083,u_01263,2025-09-10 19:58:00,good,faith,deeper_faith,distant,426,0.603,positive,True
j_0003084,u_01263,2025-09-11 10:18:00,grateful,burnout,universal,at_peace,43,0.364,positive,True
j_0003085,u_01263,2025-09-21 21:45:00,neutral,habits,universal,distant,92,0.131,neutral,True
j_0003086,u_01263,2025-09-23 15:00:00,neutral,gratitude,light_islamic,distant,338,0.171,positive,True
j_0003087,u_01265,2025-08-31 14:22:00,neutral,anxiety,universal,questioning,159,0.39,positive,True
j_0003088,u_01265,2025-09-07 16:45:00,low,anxiety,light_islamic,distant,153,-0.11,neutral,True
j_0003089,u_01265,2025-09-14 17:24:00,neutral,burnout,light_islamic,at_peace,180,0.373,positive,True
j_0003090,u_01266,2025-07-11 18:43:00,grateful,burnout,deeper_faith,hurting,105,0.01,neutral,True
j_0003091,u_01266,2025-07-12 09:39:00,neutral,self,light_islamic,at_peace,82,-0.085,neutral,True
j_0003092,u_01267,2025-06-13 07:32:00,neutral,relationships,light_islamic,questioning,29,-0.189,negative,True
j_0003093,u_01267,2025-06-15 11:59:00,good,relationships,light_islamic,at_peace,31,-0.226,negative,True
j_0003094,u_01267,2025-06-19 08:23:00,neutral,self,universal,distant,236,-0.156,negative,True
j_0003095,u_01267,2025-06-22 07:44:00,good,purpose,light_islamic,distant,82,0.268,positive,True
j_0003096,u_01267,2025-06-27 08:00:00,neutral,gratitude,light_islamic,distant,93,-0.097,neutral,True
j_0003097,u_01268,2025-03-07 15:20:00,good,work,universal,,152,0.177,positive,True
j_0003098,u_01268,2025-03-08 13:45:00,grateful,confidence,light_islamic,,13,0.938,positive,True
j_0003099,u_01268,2025-03-28 14:37:00,good,confidence,universal,distant,173,0.571,positive,True
j_0003100,u_01270,2025-02-19 09:02:00,low,anxiety,universal,,197,-0.139,neutral,True
j_0003101,u_01270,2025-02-23 11:36:00,good,faith,light_islamic,distant,69,0.359,positive,True
j_0003102,u_01270,2025-02-25 13:39:00,good,anxiety,universal,distant,90,-0.307,negative,True
j_0003103,u_01270,2025-03-02 20:07:00,neutral,relationships,universal,at_peace,30,0.36,positive,True
j_0003104,u_01270,2025-03-09 08:45:00,neutral,burnout,universal,distant,91,0.202,positive,True
j_0003105,u_01272,2025-09-17 16:12:00,grateful,confidence,deeper_faith,,36,0.602,positive,True
j_0003106,u_01272,2025-09-19 08:26:00,good,work,light_islamic,,87,0.238,positive,True
j_0003107,u_01272,2025-09-20 09:16:00,good,confidence,deeper_faith,,140,0.383,positive,True
j_0003108,u_01272,2025-09-21 12:02:00,good,work,deeper_faith,distant,47,0.277,positive,True
j_0003109,u_01272,2025-09-24 15:10:00,grateful,work,universal,at_peace,139,0.259,positive,True
j_0003110,u_01272,2025-09-26 21:26:00,good,confidence,universal,questioning,34,0.213,positive,True
j_0003111,u_01272,2025-09-30 14:54:00,good,relationships,light_islamic,distant,312,0.009,neutral,True
j_0003112,u_01272,2025-10-07 11:44:00,good,self,deeper_faith,at_peace,80,0.195,positive,True
j_0003113,u_01273,2025-10-08 14:01:00,low,anxiety,light_islamic,,31,0.151,positive,True
j_0003114,u_01273,2025-10-14 14:38:00,good,relationships,universal,at_peace,53,0.429,positive,True
j_0003115,u_01273,2025-10-18 14:30:00,good,anxiety,universal,at_peace,46,0.045,neutral,True
j_0003116,u_01273,2025-10-20 17:40:00,neutral,confidence,light_islamic,questioning,150,0.337,positive,True
j_0003117,u_01273,2025-10-21 07:11:00,neutral,gratitude,light_islamic,at_peace,116,0.413,positive,True
j_0003118,u_01273,2025-10-22 14:56:00,good,burnout,universal,at_peace,84,0.569,positive,True
j_0003119,u_01275,2025-01-10 09:38:00,neutral,gratitude,light_islamic,,70,0.261,positive,True
j_0003120,u_01275,2025-01-11 09:58:00,neutral,gratitude,universal,,49,0.475,positive,True
j_0003121,u_01275,2025-01-12 19:59:00,neutral,work,light_islamic,,76,-0.097,neutral,True
j_0003122,u_01275,2025-01-17 07:51:00,good,self,deeper_faith,at_peace,178,0.492,positive,True
j_0003123,u_01275,2025-01-23 12:04:00,neutral,anxiety,deeper_faith,hurting,32,-0.412,negative,True
j_0003124,u_01275,2025-01-27 21:22:00,neutral,confidence,deeper_faith,distant,37,0.469,positive,True
j_0003125,u_01278,2025-02-08 14:20:00,good,faith,universal,,95,0.691,positive,True
j_0003126,u_01278,2025-02-17 07:34:00,good,anxiety,deeper_faith,questioning,36,0.8,positive,True
j_0003127,u_01278,2025-03-01 09:24:00,neutral,anxiety,light_islamic,at_peace,84,0.356,positive,True
j_0003128,u_01278,2025-03-07 17:37:00,good,burnout,universal,distant,28,0.381,positive,True
j_0003129,u_01278,2025-03-08 15:19:00,good,purpose,light_islamic,hurting,37,0.073,neutral,True
j_0003130,u_01279,2025-12-15 09:15:00,grateful,purpose,universal,,44,0.5,positive,True
j_0003131,u_01279,2025-12-17 15:13:00,neutral,confidence,light_islamic,,31,0.348,positive,True
j_0003132,u_01279,2025-12-26 11:25:00,low,anxiety,deeper_faith,at_peace,73,-0.603,negative,True
j_0003133,u_01279,2026-01-03 19:18:00,neutral,work,universal,questioning,137,0.089,neutral,True
j_0003134,u_01280,2025-06-21 11:18:00,grateful,self,deeper_faith,,118,0.761,positive,True
j_0003135,u_01280,2025-06-23 20:32:00,neutral,burnout,light_islamic,,102,0.038,neutral,True
j_0003136,u_01280,2025-06-28 12:23:00,low,anxiety,light_islamic,distant,71,-0.014,neutral,True
j_0003137,u_01280,2025-07-01 18:03:00,good,faith,universal,distant,292,0.339,positive,True
j_0003138,u_01280,2025-07-07 17:36:00,low,confidence,universal,questioning,51,-0.083,neutral,True
j_0003139,u_01280,2025-07-21 17:59:00,grateful,burnout,light_islamic,at_peace,33,0.29,positive,True
j_0003140,u_01282,2025-04-26 12:35:00,very_low,confidence,universal,,28,-0.215,negative,True
j_0003141,u_01282,2025-04-27 10:42:00,low,purpose,deeper_faith,,116,-0.013,neutral,True
j_0003142,u_01282,2025-05-01 13:12:00,good,burnout,universal,distant,28,0.392,positive,True
j_0003143,u_01282,2025-05-04 19:55:00,low,self,universal,at_peace,98,-0.73,negative,True
j_0003144,u_01282,2025-05-06 10:53:00,grateful,anxiety,light_islamic,hurting,94,0.311,positive,True
j_0003145,u_01282,2025-05-08 09:45:00,neutral,confidence,light_islamic,distant,12,-0.104,neutral,True
j_0003146,u_01282,2025-05-10 14:52:00,low,habits,universal,at_peace,43,-0.317,negative,True
j_0003147,u_01282,2025-05-11 21:48:00,good,purpose,universal,distant,134,0.288,positive,True
j_0003148,u_01282,2025-05-12 14:49:00,good,faith,light_islamic,distant,28,0.173,positive,True
j_0003149,u_01282,2025-05-18 09:42:00,good,habits,universal,at_peace,73,0.569,positive,True
j_0003150,u_01284,2025-08-16 18:48:00,good,confidence,universal,,30,0.315,positive,True
j_0003151,u_01284,2025-08-23 16:15:00,low,habits,universal,at_peace,93,-0.399,negative,True
j_0003152,u_01284,2025-08-31 14:48:00,neutral,habits,universal,distant,76,-0.123,neutral,True
j_0003153,u_01284,2025-09-07 16:20:00,good,faith,universal,at_peace,45,0.296,positive,True
j_0003154,u_01284,2025-09-13 20:47:00,grateful,work,light_islamic,at_peace,32,0.318,positive,True
j_0003155,u_01285,2025-11-27 11:43:00,good,habits,light_islamic,,33,0.021,neutral,True
j_0003156,u_01285,2025-11-29 12:54:00,grateful,self,universal,,88,0.216,positive,True
j_0003157,u_01285,2025-12-01 21:12:00,neutral,self,light_islamic,at_peace,89,-0.033,neutral,True
j_0003158,u_01285,2025-12-04 12:15:00,good,habits,universal,at_peace,34,0.167,positive,True
j_0003159,u_01285,2025-12-12 08:43:00,good,relationships,universal,at_peace,131,0.243,positive,True
j_0003160,u_01285,2025-12-19 10:36:00,neutral,anxiety,deeper_faith,questioning,94,0.02,neutral,True
j_0003161,u_01286,2025-12-30 13:51:00,grateful,anxiety,universal,,101,0.166,positive,True
j_0003162,u_01286,2026-01-02 14:43:00,neutral,work,deeper_faith,,139,-0.168,negative,True
j_0003163,u_01286,2026-01-05 20:43:00,good,self,universal,questioning,32,-0.025,neutral,True
j_0003164,u_01286,2026-01-06 08:30:00,neutral,relationships,light_islamic,distant,299,0.152,positive,True
j_0003165,u_01288,2025-04-24 18:01:00,grateful,purpose,deeper_faith,,115,0.517,positive,True
j_0003166,u_01288,2025-04-25 10:38:00,neutral,work,light_islamic,,111,-0.233,negative,True
j_0003167,u_01288,2025-04-26 13:31:00,low,anxiety,deeper_faith,,45,-0.299,negative,True
j_0003168,u_01288,2025-04-27 19:36:00,very_low,confidence,universal,at_peace,69,-0.889,negative,True
j_0003169,u_01288,2025-04-29 10:36:00,neutral,habits,light_islamic,at_peace,113,-0.143,neutral,True
j_0003170,u_01288,2025-05-05 17:00:00,good,purpose,light_islamic,at_peace,68,0.504,positive,True
j_0003171,u_01288,2025-05-21 21:28:00,grateful,burnout,light_islamic,at_peace,133,0.879,positive,True
j_0003172,u_01290,2025-10-01 14:12:00,good,purpose,light_islamic,hurting,35,0.276,positive,True
j_0003173,u_01290,2025-10-04 18:56:00,grateful,burnout,deeper_faith,hurting,38,0.532,positive,True
j_0003174,u_01290,2025-10-13 21:19:00,low,habits,light_islamic,distant,36,-0.296,negative,True
j_0003175,u_01293,2025-03-16 10:32:00,neutral,confidence,universal,,227,-0.059,neutral,True
j_0003176,u_01293,2025-03-23 14:31:00,good,faith,universal,questioning,67,0.376,positive,True
j_0003177,u_01293,2025-04-03 07:34:00,neutral,work,light_islamic,at_peace,34,0.118,neutral,True
j_0003178,u_01293,2025-04-10 17:38:00,good,self,universal,questioning,25,0.414,positive,True
j_0003179,u_01299,2025-09-11 08:16:00,good,relationships,universal,,93,0.605,positive,True
j_0003180,u_01299,2025-09-26 17:49:00,good,anxiety,light_islamic,at_peace,58,0.313,positive,True
j_0003181,u_01301,2025-07-18 15:19:00,grateful,faith,universal,,103,0.402,positive,True
j_0003182,u_01301,2025-07-19 20:36:00,good,confidence,light_islamic,,37,0.495,positive,True
j_0003183,u_01301,2025-07-21 13:55:00,good,purpose,universal,,102,0.436,positive,True
j_0003184,u_01301,2025-07-28 11:37:00,neutral,gratitude,universal,at_peace,97,-0.174,negative,True
j_0003185,u_01301,2025-08-07 08:28:00,neutral,confidence,light_islamic,questioning,58,0.306,positive,True
j_0003186,u_01301,2025-08-09 14:59:00,low,confidence,universal,distant,201,-0.305,negative,True
j_0003187,u_01302,2025-02-27 12:48:00,grateful,habits,light_islamic,,105,1.0,positive,True
j_0003188,u_01302,2025-03-14 16:45:00,good,self,universal,at_peace,181,0.228,positive,True
j_0003189,u_01302,2025-03-17 22:08:00,grateful,self,universal,at_peace,77,0.27,positive,True
j_0003190,u_01302,2025-03-19 16:28:00,good,gratitude,universal,at_peace,170,0.637,positive,True
j_0003191,u_01302,2025-03-20 21:42:00,low,gratitude,deeper_faith,questioning,156,-0.459,negative,True
j_0003192,u_01302,2025-03-22 20:49:00,low,purpose,light_islamic,hurting,163,0.139,neutral,True
j_0003193,u_01302,2025-03-23 12:51:00,good,purpose,universal,at_peace,62,0.274,positive,True
j_0003194,u_01302,2025-03-25 20:49:00,grateful,faith,universal,at_peace,66,0.439,positive,True
j_0003195,u_01306,2025-09-15 15:52:00,grateful,purpose,universal,,72,0.751,positive,True
j_0003196,u_01306,2025-09-17 09:33:00,good,faith,light_islamic,,61,0.084,neutral,True
j_0003197,u_01306,2025-09-22 18:30:00,neutral,anxiety,universal,at_peace,64,0.239,positive,True
j_0003198,u_01306,2025-09-26 14:18:00,good,confidence,universal,at_peace,83,-0.072,neutral,True
j_0003199,u_01306,2025-09-29 17:13:00,grateful,purpose,light_islamic,at_peace,76,0.557,positive,True
j_0003200,u_01306,2025-10-06 07:27:00,low,faith,light_islamic,at_peace,76,-0.294,negative,True
j_0003201,u_01310,2025-10-22 16:53:00,grateful,burnout,light_islamic,,55,0.416,positive,True
j_0003202,u_01310,2025-10-23 17:18:00,good,faith,deeper_faith,,322,0.337,positive,True
j_0003203,u_01310,2025-10-31 20:59:00,neutral,purpose,universal,hurting,130,-0.166,negative,True
j_0003204,u_01310,2025-11-04 17:36:00,grateful,burnout,light_islamic,distant,98,0.788,positive,True
j_0003205,u_01310,2025-11-09 17:34:00,good,confidence,universal,questioning,22,0.878,positive,True
j_0003206,u_01310,2025-11-13 09:16:00,neutral,habits,universal,at_peace,45,0.055,neutral,True
j_0003207,u_01310,2025-11-14 08:59:00,good,faith,universal,hurting,39,0.45,positive,True
j_0003208,u_01310,2025-11-19 13:09:00,low,relationships,light_islamic,at_peace,95,0.076,neutral,True
j_0003209,u_01311,2025-06-19 15:27:00,good,purpose,universal,,245,0.263,positive,True
j_0003210,u_01311,2025-06-22 15:02:00,good,habits,universal,,56,-0.196,negative,True
j_0003211,u_01311,2025-06-28 10:22:00,grateful,anxiety,light_islamic,at_peace,37,0.39,positive,True
j_0003212,u_01311,2025-07-04 11:18:00,very_low,relationships,universal,at_peace,53,-0.77,negative,True
j_0003213,u_01311,2025-07-06 09:53:00,good,gratitude,light_islamic,distant,93,0.196,positive,True
j_0003214,u_01311,2025-07-19 10:43:00,good,purpose,light_islamic,hurting,161,0.11,neutral,True
j_0003215,u_01312,2025-06-30 18:59:00,neutral,purpose,deeper_faith,,50,0.265,positive,True
j_0003216,u_01312,2025-07-03 16:00:00,neutral,confidence,universal,,43,-0.123,neutral,True
j_0003217,u_01312,2025-07-09 12:40:00,neutral,confidence,light_islamic,at_peace,26,0.0,neutral,True
j_0003218,u_01312,2025-07-10 19:17:00,neutral,work,light_islamic,at_peace,204,-0.42,negative,True
j_0003219,u_01312,2025-07-13 16:02:00,good,gratitude,deeper_faith,at_peace,49,0.252,positive,True
j_0003220,u_01313,2025-12-16 20:08:00,good,self,universal,,29,0.439,positive,True
j_0003221,u_01313,2025-12-17 19:58:00,grateful,confidence,light_islamic,,78,0.483,positive,True
j_0003222,u_01313,2025-12-23 21:11:00,neutral,faith,universal,at_peace,134,0.046,neutral,True
j_0003223,u_01313,2025-12-27 11:22:00,neutral,work,universal,distant,36,-0.203,negative,True
j_0003224,u_01313,2025-12-31 12:59:00,grateful,self,universal,at_peace,80,0.137,neutral,True
j_0003225,u_01313,2026-01-05 08:01:00,low,purpose,light_islamic,hurting,63,-0.347,negative,True
j_0003226,u_01313,2026-01-09 09:50:00,grateful,work,light_islamic,at_peace,342,0.532,positive,True
j_0003227,u_01313,2026-01-14 12:50:00,good,relationships,universal,at_peace,147,0.442,positive,True
j_0003228,u_01323,2025-03-16 14:30:00,good,purpose,universal,,71,0.394,positive,True
j_0003229,u_01323,2025-03-17 08:59:00,grateful,faith,universal,,190,0.194,positive,True
j_0003230,u_01323,2025-03-21 12:05:00,very_low,anxiety,light_islamic,questioning,34,0.236,positive,True
j_0003231,u_01323,2025-03-24 10:46:00,good,work,deeper_faith,questioning,55,0.348,positive,True
j_0003232,u_01323,2025-03-28 07:31:00,grateful,gratitude,universal,at_peace,84,0.728,positive,True
j_0003233,u_01323,2025-03-31 13:02:00,good,work,universal,at_peace,28,0.394,positive,True
j_0003234,u_01323,2025-04-02 15:54:00,grateful,work,universal,at_peace,36,0.208,positive,True
j_0003235,u_01323,2025-04-11 14:47:00,neutral,habits,light_islamic,distant,70,0.116,neutral,True
j_0003236,u_01323,2025-04-13 09:37:00,good,relationships,universal,at_peace,110,0.073,neutral,True
j_0003237,u_01328,2025-11-10 10:06:00,neutral,work,light_islamic,,22,0.12,neutral,True
j_0003238,u_01328,2025-11-11 19:06:00,neutral,habits,universal,,157,0.151,positive,True
j_0003239,u_01328,2025-11-12 17:26:00,good,burnout,deeper_faith,,181,0.015,neutral,True
j_0003240,u_01328,2025-11-13 22:19:00,neutral,confidence,deeper_faith,,64,-0.224,negative,True
j_0003241,u_01328,2025-11-16 17:12:00,neutral,confidence,universal,questioning,21,-0.005,neutral,True
j_0003242,u_01328,2025-11-19 08:37:00,good,faith,deeper_faith,at_peace,93,0.239,positive,True
j_0003243,u_01328,2025-11-20 21:48:00,neutral,work,universal,at_peace,112,-0.253,negative,True
j_0003244,u_01328,2025-11-21 07:22:00,good,anxiety,universal,distant,126,0.516,positive,True
j_0003245,u_01328,2025-11-29 13:43:00,neutral,relationships,light_islamic,questioning,58,-0.294,negative,True
j_0003246,u_01330,2025-06-20 22:21:00,good,anxiety,light_islamic,,37,0.504,positive,True
j_0003247,u_01330,2025-06-21 18:17:00,good,burnout,universal,,30,0.214,positive,True
j_0003248,u_01330,2025-06-30 10:00:00,neutral,self,light_islamic,distant,151,-0.076,neutral,True
j_0003249,u_01330,2025-07-04 14:35:00,neutral,habits,universal,questioning,139,-0.012,neutral,True
j_0003250,u_01330,2025-07-08 20:09:00,grateful,work,universal,at_peace,92,0.538,positive,True
j_0003251,u_01330,2025-07-17 07:51:00,good,confidence,light_islamic,at_peace,62,0.249,positive,True
j_0003252,u_01330,2025-07-19 08:26:00,low,self,universal,distant,92,-0.124,neutral,True
j_0003253,u_01331,2025-10-01 09:00:00,good,self,universal,,47,0.585,positive,True
j_0003254,u_01331,2025-10-02 16:45:00,grateful,confidence,light_islamic,,33,0.341,positive,True
j_0003255,u_01331,2025-10-06 13:54:00,good,purpose,universal,distant,16,-0.046,neutral,True
j_0003256,u_01331,2025-10-07 21:24:00,grateful,work,deeper_faith,at_peace,46,0.578,positive,True
j_0003257,u_01331,2025-10-11 12:12:00,good,faith,light_islamic,at_peace,53,0.09,neutral,True
j_0003258,u_01331,2025-10-26 15:36:00,neutral,gratitude,light_islamic,at_peace,150,0.178,positive,True
j_0003259,u_01331,2025-10-31 08:29:00,neutral,confidence,light_islamic,questioning,86,0.482,positive,True
j_0003260,u_01332,2025-03-13 21:09:00,neutral,confidence,light_islamic,,109,-0.184,negative,True
j_0003261,u_01332,2025-03-21 20:12:00,very_low,self,universal,questioning,165,-0.82,negative,True
j_0003262,u_01332,2025-03-22 08:21:00,neutral,work,light_islamic,distant,65,0.01,neutral,True
j_0003263,u_01332,2025-03-28 21:01:00,neutral,purpose,light_islamic,at_peace,186,0.214,positive,True
j_0003264,u_01332,2025-04-02 21:56:00,grateful,habits,universal,at_peace,58,0.616,positive,True
j_0003265,u_01332,2025-04-06 21:16:00,low,purpose,light_islamic,at_peace,25,-0.237,negative,True
j_0003266,u_01333,2025-02-07 10:27:00,good,confidence,universal,,75,0.049,neutral,True
j_0003267,u_01333,2025-02-13 10:20:00,neutral,burnout,universal,at_peace,26,0.05,neutral,True
j_0003268,u_01333,2025-02-14 08:17:00,grateful,work,universal,at_peace,26,0.349,positive,True
j_0003269,u_01333,2025-02-17 11:15:00,neutral,work,light_islamic,distant,76,-0.277,negative,True
j_0003270,u_01333,2025-02-18 17:56:00,good,work,light_islamic,at_peace,50,0.253,positive,True
j_0003271,u_01333,2025-02-22 11:38:00,neutral,relationships,light_islamic,questioning,32,-0.592,negative,True
j_0003272,u_01334,2025-11-27 08:38:00,neutral,faith,universal,,31,-0.091,neutral,True
j_0003273,u_01334,2025-12-01 19:15:00,good,gratitude,light_islamic,questioning,39,0.052,neutral,True
j_0003274,u_01334,2025-12-02 21:41:00,very_low,work,light_islamic,questioning,109,-0.52,negative,True
j_0003275,u_01334,2025-12-04 13:45:00,very_low,burnout,light_islamic,distant,76,-0.677,negative,True
j_0003276,u_01334,2025-12-10 08:56:00,neutral,faith,deeper_faith,at_peace,63,0.495,positive,True
j_0003277,u_01336,2025-12-14 15:07:00,grateful,work,universal,,128,0.449,positive,True
j_0003278,u_01336,2025-12-16 16:41:00,low,self,light_islamic,,94,-0.205,negative,True
j_0003279,u_01336,2025-12-17 08:25:00,neutral,purpose,universal,,268,-0.116,neutral,True
j_0003280,u_01336,2025-12-26 16:24:00,good,gratitude,light_islamic,at_peace,115,0.403,positive,True
j_0003281,u_01336,2025-12-27 15:02:00,good,self,light_islamic,questioning,94,0.376,positive,True
j_0003282,u_01337,2025-04-27 16:23:00,neutral,purpose,universal,,118,-0.038,neutral,True
j_0003283,u_01337,2025-04-28 17:09:00,low,work,light_islamic,,29,-0.192,negative,True
j_0003284,u_01337,2025-05-09 20:41:00,neutral,faith,light_islamic,at_peace,53,-0.104,neutral,True
j_0003285,u_01337,2025-05-10 09:08:00,good,relationships,light_islamic,distant,99,0.156,positive,True
j_0003286,u_01338,2025-12-04 12:37:00,good,relationships,light_islamic,,17,0.23,positive,True
j_0003287,u_01338,2025-12-08 08:53:00,very_low,habits,deeper_faith,at_peace,42,-0.821,negative,True
j_0003288,u_01338,2025-12-11 12:20:00,good,burnout,universal,questioning,57,0.231,positive,True
j_0003289,u_01338,2025-12-19 13:04:00,neutral,confidence,deeper_faith,distant,27,0.156,positive,True
j_0003290,u_01338,2026-01-03 19:16:00,good,relationships,universal,questioning,13,0.417,positive,True
j_0003291,u_01341,2025-01-21 12:22:00,good,habits,deeper_faith,,17,0.583,positive,True
j_0003292,u_01341,2025-01-31 19:15:00,low,gratitude,light_islamic,at_peace,107,-0.233,negative,True
j_0003293,u_01341,2025-02-02 08:03:00,grateful,purpose,universal,distant,94,0.683,positive,True
j_0003294,u_01341,2025-02-06 17:09:00,neutral,burnout,light_islamic,at_peace,46,0.26,positive,True
j_0003295,u_01341,2025-02-18 21:48:00,neutral,gratitude,universal,questioning,117,0.609,positive,True
j_0003296,u_01342,2025-12-30 13:43:00,low,habits,light_islamic,,64,-0.329,negative,True
j_0003297,u_01342,2026-01-06 11:38:00,good,faith,universal,at_peace,64,-0.222,negative,True
j_0003298,u_01342,2026-01-08 20:26:00,neutral,habits,light_islamic,questioning,18,-0.015,neutral,True
j_0003299,u_01342,2026-01-09 07:27:00,good,work,light_islamic,at_peace,58,0.386,positive,True
j_0003300,u_01342,2026-01-29 18:03:00,grateful,burnout,universal,at_peace,75,0.574,positive,True
j_0003301,u_01343,2025-07-30 10:03:00,grateful,confidence,universal,,125,0.678,positive,True
j_0003302,u_01343,2025-08-10 19:20:00,good,gratitude,light_islamic,distant,269,0.784,positive,True
j_0003303,u_01343,2025-08-20 15:05:00,good,relationships,deeper_faith,questioning,51,0.114,neutral,True
j_0003304,u_01343,2025-08-23 10:41:00,neutral,burnout,universal,hurting,28,-0.033,neutral,True
j_0003305,u_01343,2025-08-24 19:11:00,low,habits,universal,distant,108,-0.189,negative,True
j_0003306,u_01346,2025-04-07 12:46:00,grateful,faith,light_islamic,,54,0.551,positive,True
j_0003307,u_01346,2025-04-12 14:54:00,neutral,purpose,light_islamic,at_peace,125,0.218,positive,True
j_0003308,u_01346,2025-04-14 15:39:00,good,anxiety,light_islamic,at_peace,58,0.24,positive,True
j_0003309,u_01346,2025-04-19 20:36:00,neutral,gratitude,light_islamic,at_peace,64,-0.196,negative,True
j_0003310,u_01346,2025-05-06 12:58:00,neutral,gratitude,light_islamic,distant,62,0.439,positive,True
j_0003311,u_01346,2025-05-07 16:12:00,neutral,anxiety,universal,at_peace,106,-0.152,negative,True
j_0003312,u_01347,2025-08-03 10:38:00,neutral,confidence,light_islamic,,47,-0.065,neutral,True
j_0003313,u_01347,2025-08-04 20:53:00,good,gratitude,universal,,252,0.766,positive,True
j_0003314,u_01347,2025-08-07 10:55:00,grateful,faith,light_islamic,at_peace,96,0.528,positive,True
j_0003315,u_01347,2025-08-10 20:59:00,neutral,anxiety,deeper_faith,distant,30,0.42,positive,True
j_0003316,u_01347,2025-08-21 13:26:00,good,faith,universal,questioning,110,0.087,neutral,True
j_0003317,u_01347,2025-08-22 13:30:00,very_low,anxiety,universal,hurting,462,-0.282,negative,True
j_0003318,u_01347,2025-08-24 08:24:00,good,faith,universal,distant,28,0.146,neutral,True
j_0003319,u_01347,2025-08-28 17:40:00,grateful,work,universal,distant,191,0.869,positive,True
j_0003320,u_01348,2025-04-07 19:43:00,grateful,burnout,light_islamic,,275,0.477,positive,True
j_0003321,u_01348,2025-04-17 13:27:00,good,gratitude,deeper_faith,distant,78,0.372,positive,True
j_0003322,u_01348,2025-04-20 11:04:00,neutral,confidence,light_islamic,distant,34,0.117,neutral,True
j_0003323,u_01350,2025-11-11 11:02:00,grateful,self,light_islamic,,126,0.606,positive,True
j_0003324,u_01350,2025-11-17 17:46:00,very_low,confidence,universal,at_peace,105,-0.95,negative,True
j_0003325,u_01350,2025-11-20 21:44:00,neutral,habits,light_islamic,distant,23,-0.188,negative,True
j_0003326,u_01350,2025-11-22 09:04:00,good,faith,light_islamic,at_peace,187,0.138,neutral,True
j_0003327,u_01351,2025-04-26 20:38:00,low,gratitude,light_islamic,,35,-0.033,neutral,True
j_0003328,u_01351,2025-05-05 20:10:00,neutral,relationships,deeper_faith,at_peace,40,0.143,neutral,True
j_0003329,u_01351,2025-05-08 11:49:00,good,purpose,deeper_faith,questioning,59,0.379,positive,True
j_0003330,u_01354,2025-04-12 07:35:00,grateful,confidence,light_islamic,,46,0.636,positive,True
j_0003331,u_01354,2025-04-15 20:54:00,grateful,work,universal,,140,0.247,positive,True
j_0003332,u_01354,2025-04-25 17:46:00,grateful,habits,universal,at_peace,96,0.643,positive,True
j_0003333,u_01354,2025-04-29 17:11:00,good,confidence,universal,at_peace,108,0.469,positive,True
j_0003334,u_01354,2025-05-02 19:50:00,good,purpose,light_islamic,distant,19,0.715,positive,True
j_0003335,u_01355,2025-03-01 18:42:00,good,relationships,universal,,186,-0.073,neutral,True
j_0003336,u_01355,2025-03-05 11:51:00,good,purpose,light_islamic,at_peace,60,0.244,positive,True
j_0003337,u_01355,2025-03-21 20:20:00,good,purpose,deeper_faith,at_peace,136,0.428,positive,True
j_0003338,u_01355,2025-03-22 18:34:00,grateful,anxiety,universal,at_peace,106,0.487,positive,True
j_0003339,u_01355,2025-03-29 18:05:00,good,faith,light_islamic,at_peace,53,0.283,positive,True
j_0003340,u_01357,2025-10-02 08:51:00,neutral,faith,universal,at_peace,38,0.228,positive,True
j_0003341,u_01358,2025-07-13 17:50:00,good,burnout,light_islamic,,21,0.582,positive,True
j_0003342,u_01358,2025-07-20 21:55:00,neutral,self,deeper_faith,questioning,135,-0.124,neutral,True
j_0003343,u_01358,2025-07-21 18:27:00,neutral,gratitude,light_islamic,at_peace,29,-0.354,negative,True
j_0003344,u_01358,2025-07-25 18:46:00,neutral,confidence,universal,at_peace,146,0.208,positive,True
j_0003345,u_01358,2025-07-30 19:01:00,neutral,faith,light_islamic,at_peace,55,0.012,neutral,True
j_0003346,u_01361,2025-07-21 07:40:00,neutral,self,universal,distant,43,-0.029,neutral,True
j_0003347,u_01361,2025-07-25 08:29:00,neutral,gratitude,light_islamic,questioning,34,0.13,neutral,True
j_0003348,u_01361,2025-07-26 14:38:00,good,relationships,light_islamic,distant,83,0.403,positive,True
j_0003349,u_01361,2025-07-27 20:27:00,low,faith,deeper_faith,at_peace,18,-0.289,negative,True
j_0003350,u_01361,2025-08-05 13:25:00,good,faith,light_islamic,at_peace,24,-0.002,neutral,True
j_0003351,u_01361,2025-08-06 10:47:00,grateful,self,light_islamic,at_peace,24,0.697,positive,True
j_0003352,u_01362,2025-02-21 21:14:00,good,self,universal,,100,0.381,positive,True
j_0003353,u_01362,2025-03-04 14:55:00,good,anxiety,light_islamic,at_peace,75,0.062,neutral,True
j_0003354,u_01362,2025-03-14 12:38:00,neutral,work,light_islamic,questioning,218,-0.085,neutral,True
j_0003355,u_01362,2025-03-15 16:24:00,good,relationships,universal,hurting,143,0.578,positive,True
j_0003356,u_01363,2025-02-18 11:53:00,grateful,burnout,light_islamic,,107,0.269,positive,True
j_0003357,u_01363,2025-02-26 16:35:00,neutral,anxiety,universal,questioning,198,0.092,neutral,True
j_0003358,u_01363,2025-03-05 10:30:00,neutral,gratitude,deeper_faith,distant,67,0.058,neutral,True
j_0003359,u_01363,2025-03-13 12:16:00,neutral,purpose,light_islamic,distant,72,-0.426,negative,True
j_0003360,u_01363,2025-03-15 19:44:00,low,relationships,deeper_faith,at_peace,49,-0.224,negative,True
j_0003361,u_01365,2025-06-04 14:21:00,grateful,confidence,deeper_faith,,20,0.554,positive,True
j_0003362,u_01365,2025-06-11 14:28:00,neutral,work,deeper_faith,at_peace,106,-0.074,neutral,True
j_0003363,u_01365,2025-06-13 16:37:00,neutral,faith,universal,distant,49,0.097,neutral,True
j_0003364,u_01365,2025-06-25 15:04:00,neutral,work,light_islamic,questioning,23,0.024,neutral,True
j_0003365,u_01365,2025-07-02 13:15:00,low,habits,universal,at_peace,33,0.031,neutral,True
j_0003366,u_01366,2025-10-09 18:33:00,neutral,purpose,light_islamic,,23,-0.227,negative,True
j_0003367,u_01366,2025-10-10 19:58:00,neutral,purpose,light_islamic,,76,0.058,neutral,True
j_0003368,u_01366,2025-10-12 12:45:00,low,faith,deeper_faith,,58,-0.395,negative,True
j_0003369,u_01366,2025-10-16 13:44:00,neutral,habits,universal,at_peace,124,0.226,positive,True
j_0003370,u_01366,2025-10-23 11:20:00,neutral,confidence,universal,distant,166,0.332,positive,True
j_0003371,u_01366,2025-10-25 13:53:00,neutral,confidence,universal,distant,116,0.163,positive,True
j_0003372,u_01366,2025-10-29 21:17:00,grateful,faith,light_islamic,distant,139,0.718,positive,True
j_0003373,u_01367,2025-05-17 22:10:00,grateful,faith,light_islamic,,79,0.265,positive,True
j_0003374,u_01367,2025-05-18 20:29:00,grateful,gratitude,universal,at_peace,205,0.199,positive,True
j_0003375,u_01367,2025-05-20 18:39:00,low,anxiety,universal,at_peace,22,-0.16,negative,True
j_0003376,u_01367,2025-05-21 19:45:00,good,faith,deeper_faith,distant,59,0.298,positive,True
j_0003377,u_01367,2025-05-24 11:38:00,good,self,light_islamic,at_peace,55,0.673,positive,True
j_0003378,u_01370,2025-12-21 07:54:00,neutral,relationships,universal,,41,-0.113,neutral,True
j_0003379,u_01370,2026-01-01 18:23:00,neutral,purpose,light_islamic,hurting,111,-0.295,negative,True
j_0003380,u_01370,2026-01-03 22:13:00,good,work,universal,at_peace,101,-0.151,negative,True
j_0003381,u_01370,2026-01-15 11:36:00,good,self,universal,distant,123,0.06,neutral,True
j_0003382,u_01371,2025-04-23 17:12:00,low,anxiety,universal,,46,-0.402,negative,True
j_0003383,u_01371,2025-04-30 18:36:00,good,purpose,universal,hurting,18,-0.379,negative,True
j_0003384,u_01371,2025-05-08 22:08:00,neutral,habits,universal,questioning,93,-0.225,negative,True
j_0003385,u_01371,2025-05-13 11:47:00,low,relationships,universal,distant,117,-0.27,negative,True
j_0003386,u_01372,2025-08-06 09:40:00,good,work,light_islamic,,62,0.433,positive,True
j_0003387,u_01372,2025-08-11 14:10:00,neutral,gratitude,light_islamic,questioning,141,0.016,neutral,True
j_0003388,u_01372,2025-08-12 17:25:00,good,faith,universal,distant,68,0.722,positive,True
j_0003389,u_01372,2025-08-13 20:07:00,neutral,faith,universal,distant,16,0.066,neutral,True
j_0003390,u_01372,2025-08-14 12:52:00,good,relationships,universal,questioning,79,0.657,positive,True
j_0003391,u_01372,2025-08-30 12:59:00,grateful,relationships,light_islamic,at_peace,77,0.53,positive,True
j_0003392,u_01374,2025-10-20 14:03:00,low,faith,light_islamic,,114,-0.933,negative,True
j_0003393,u_01374,2025-10-23 07:56:00,neutral,faith,universal,,107,-0.366,negative,True
j_0003394,u_01374,2025-10-29 18:45:00,low,work,light_islamic,at_peace,52,0.193,positive,True
j_0003395,u_01374,2025-11-05 19:37:00,good,relationships,deeper_faith,at_peace,25,0.34,positive,True
j_0003396,u_01374,2025-11-06 09:12:00,good,self,universal,questioning,54,0.114,neutral,True
j_0003397,u_01374,2025-11-08 19:12:00,good,habits,deeper_faith,at_peace,93,0.212,positive,True
j_0003398,u_01374,2025-11-13 16:28:00,low,habits,universal,at_peace,111,-0.182,negative,True
j_0003399,u_01374,2025-11-16 18:26:00,very_low,confidence,universal,at_peace,95,-0.677,negative,True
j_0003400,u_01375,2025-06-19 18:08:00,neutral,anxiety,universal,,46,0.219,positive,True
j_0003401,u_01375,2025-06-21 17:41:00,good,work,deeper_faith,at_peace,215,0.871,positive,True
j_0003402,u_01375,2025-06-29 08:09:00,neutral,relationships,light_islamic,questioning,68,-0.074,neutral,True
j_0003403,u_01375,2025-07-01 09:37:00,very_low,purpose,light_islamic,at_peace,104,-0.419,negative,True
j_0003404,u_01376,2025-10-29 08:07:00,good,work,light_islamic,,71,0.119,neutral,True
j_0003405,u_01376,2025-11-01 10:20:00,good,work,universal,,25,0.506,positive,True
j_0003406,u_01376,2025-11-02 21:49:00,grateful,relationships,light_islamic,questioning,81,0.454,positive,True
j_0003407,u_01376,2025-11-05 12:37:00,grateful,relationships,universal,at_peace,58,0.238,positive,True
j_0003408,u_01376,2025-11-08 13:25:00,good,faith,light_islamic,hurting,147,0.492,positive,True
j_0003409,u_01376,2025-11-10 10:59:00,very_low,confidence,light_islamic,at_peace,115,-0.716,negative,True
j_0003410,u_01376,2025-11-11 19:12:00,low,faith,light_islamic,at_peace,64,-0.573,negative,True
j_0003411,u_01376,2025-11-14 21:52:00,good,habits,universal,questioning,40,0.07,neutral,True
j_0003412,u_01376,2025-11-18 10:19:00,grateful,gratitude,light_islamic,at_peace,49,0.513,positive,True
j_0003413,u_01376,2025-11-25 11:27:00,good,work,deeper_faith,questioning,97,0.106,neutral,True
j_0003414,u_01376,2025-11-28 12:59:00,good,confidence,universal,distant,119,0.576,positive,True
j_0003415,u_01377,2025-03-08 13:55:00,good,relationships,light_islamic,,54,0.666,positive,True
j_0003416,u_01377,2025-03-09 10:26:00,neutral,habits,universal,,62,0.063,neutral,True
j_0003417,u_01377,2025-03-10 11:44:00,neutral,self,universal,,289,-0.321,negative,True
j_0003418,u_01377,2025-03-12 21:17:00,neutral,confidence,universal,at_peace,60,-0.209,negative,True
j_0003419,u_01377,2025-03-15 20:28:00,good,purpose,light_islamic,questioning,115,0.047,neutral,True
j_0003420,u_01377,2025-03-19 21:18:00,low,work,deeper_faith,distant,75,-0.139,neutral,True
j_0003421,u_01377,2025-03-20 08:40:00,neutral,faith,light_islamic,at_peace,110,0.169,positive,True
j_0003422,u_01377,2025-03-26 18:29:00,neutral,habits,universal,distant,78,0.205,positive,True
j_0003423,u_01377,2025-03-31 07:58:00,good,gratitude,universal,at_peace,80,0.52,positive,True
j_0003424,u_01379,2025-12-08 09:45:00,good,burnout,universal,,78,0.569,positive,True
j_0003425,u_01379,2025-12-10 22:13:00,neutral,anxiety,light_islamic,,172,-0.211,negative,True
j_0003426,u_01379,2025-12-13 14:00:00,neutral,work,deeper_faith,at_peace,14,-0.09,neutral,True
j_0003427,u_01379,2025-12-20 12:53:00,neutral,anxiety,universal,at_peace,134,0.299,positive,True
j_0003428,u_01379,2025-12-22 14:46:00,neutral,work,universal,questioning,118,0.119,neutral,True
j_0003429,u_01379,2025-12-27 19:21:00,very_low,habits,universal,at_peace,40,-0.409,negative,True
j_0003430,u_01380,2025-03-09 12:06:00,good,anxiety,light_islamic,,197,0.305,positive,True
j_0003431,u_01380,2025-03-21 13:06:00,neutral,habits,deeper_faith,at_peace,246,-0.063,neutral,True
j_0003432,u_01380,2025-04-06 17:49:00,grateful,gratitude,universal,at_peace,79,0.482,positive,True
j_0003433,u_01381,2025-10-05 20:24:00,low,confidence,light_islamic,,128,-0.588,negative,True
j_0003434,u_01381,2025-10-18 09:12:00,very_low,burnout,deeper_faith,at_peace,58,-0.746,negative,True
j_0003435,u_01381,2025-10-29 19:09:00,neutral,gratitude,universal,at_peace,286,-0.156,negative,True
j_0003436,u_01381,2025-11-03 18:05:00,grateful,burnout,light_islamic,at_peace,50,0.448,positive,True
j_0003437,u_01384,2025-04-20 18:39:00,grateful,self,light_islamic,,256,0.235,positive,True
j_0003438,u_01384,2025-04-21 07:49:00,good,work,deeper_faith,,138,0.564,positive,True
j_0003439,u_01384,2025-04-22 21:24:00,low,purpose,universal,,101,-0.245,negative,True
j_0003440,u_01384,2025-05-05 17:04:00,grateful,self,universal,at_peace,71,0.284,positive,True
j_0003441,u_01384,2025-05-07 16:08:00,good,habits,universal,at_peace,92,0.52,positive,True
j_0003442,u_01384,2025-05-15 17:34:00,grateful,faith,universal,at_peace,62,0.417,positive,True
j_0003443,u_01388,2025-08-29 10:29:00,good,burnout,universal,,224,0.15,positive,True
j_0003444,u_01388,2025-08-30 16:25:00,neutral,confidence,light_islamic,,100,0.012,neutral,True
j_0003445,u_01388,2025-09-01 11:42:00,low,gratitude,universal,,203,-0.388,negative,True
j_0003446,u_01388,2025-09-23 21:12:00,grateful,relationships,light_islamic,at_peace,51,0.272,positive,True
j_0003447,u_01388,2025-09-24 09:34:00,neutral,self,universal,at_peace,89,-0.227,negative,True
j_0003448,u_01391,2025-05-31 21:54:00,good,gratitude,universal,,21,0.495,positive,True
j_0003449,u_01391,2025-06-01 07:46:00,neutral,habits,universal,,68,0.556,positive,True
j_0003450,u_01391,2025-06-06 12:39:00,grateful,faith,light_islamic,at_peace,88,0.587,positive,True
j_0003451,u_01391,2025-06-11 11:43:00,good,relationships,universal,at_peace,82,0.383,positive,True
j_0003452,u_01391,2025-06-15 19:11:00,neutral,faith,universal,distant,136,0.015,neutral,True
j_0003453,u_01391,2025-06-19 10:19:00,grateful,self,universal,at_peace,155,0.493,positive,True
j_0003454,u_01391,2025-06-27 15:11:00,grateful,gratitude,deeper_faith,questioning,73,0.564,positive,True
j_0003455,u_01391,2025-06-29 12:49:00,good,confidence,universal,at_peace,41,0.288,positive,True
j_0003456,u_01392,2025-09-20 19:54:00,very_low,purpose,light_islamic,,115,-0.399,negative,True
j_0003457,u_01392,2025-09-21 10:45:00,grateful,anxiety,universal,,29,0.521,positive,True
j_0003458,u_01392,2025-09-27 13:20:00,good,burnout,light_islamic,at_peace,41,0.985,positive,True
j_0003459,u_01392,2025-09-29 09:29:00,grateful,self,universal,distant,24,0.589,positive,True
j_0003460,u_01392,2025-10-10 19:45:00,neutral,anxiety,universal,distant,36,-0.195,negative,True
j_0003461,u_01393,2025-11-04 08:56:00,good,gratitude,deeper_faith,,109,0.383,positive,True
j_0003462,u_01393,2025-11-05 20:56:00,good,self,universal,,48,0.069,neutral,True
j_0003463,u_01393,2025-11-10 16:47:00,neutral,work,deeper_faith,distant,67,-0.04,neutral,True
j_0003464,u_01393,2025-11-13 21:31:00,neutral,habits,light_islamic,distant,52,0.058,neutral,True
j_0003465,u_01393,2025-11-21 11:24:00,good,relationships,deeper_faith,questioning,83,0.513,positive,True
j_0003466,u_01395,2025-06-26 14:23:00,good,burnout,light_islamic,at_peace,115,0.1,neutral,True
j_0003467,u_01395,2025-06-28 21:58:00,grateful,habits,universal,questioning,86,0.338,positive,True
j_0003468,u_01395,2025-06-29 13:58:00,neutral,faith,light_islamic,distant,129,0.306,positive,True
j_0003469,u_01395,2025-07-06 15:34:00,grateful,purpose,light_islamic,questioning,173,0.97,positive,True
j_0003470,u_01395,2025-07-07 20:36:00,good,anxiety,universal,questioning,149,0.529,positive,True
j_0003471,u_01395,2025-07-13 15:11:00,good,work,universal,questioning,147,0.065,neutral,True
j_0003472,u_01395,2025-07-22 10:06:00,low,gratitude,universal,at_peace,91,-0.663,negative,True
j_0003473,u_01396,2025-12-19 15:03:00,good,relationships,deeper_faith,distant,27,-0.088,neutral,True
j_0003474,u_01396,2025-12-20 13:30:00,good,purpose,deeper_faith,questioning,75,0.266,positive,True
j_0003475,u_01396,2025-12-25 21:55:00,grateful,confidence,light_islamic,at_peace,125,0.257,positive,True
j_0003476,u_01396,2025-12-31 18:50:00,neutral,relationships,universal,at_peace,117,-0.192,negative,True
j_0003477,u_01397,2025-01-09 22:11:00,neutral,habits,light_islamic,,76,0.036,neutral,True
j_0003478,u_01397,2025-01-22 15:07:00,good,confidence,universal,hurting,52,0.701,positive,True
j_0003479,u_01397,2025-02-02 18:52:00,good,purpose,deeper_faith,at_peace,24,0.221,positive,True
j_0003480,u_01399,2025-07-25 11:44:00,good,gratitude,light_islamic,,223,0.211,positive,True
j_0003481,u_01399,2025-07-31 09:37:00,low,purpose,deeper_faith,hurting,228,-0.158,negative,True
j_0003482,u_01399,2025-08-05 17:21:00,neutral,burnout,light_islamic,questioning,107,-0.262,negative,True
j_0003483,u_01399,2025-08-09 17:26:00,neutral,confidence,light_islamic,distant,71,0.143,neutral,True
j_0003484,u_01401,2025-01-05 19:22:00,grateful,purpose,light_islamic,,52,0.205,positive,True
j_0003485,u_01401,2025-01-11 10:14:00,good,habits,universal,at_peace,71,0.162,positive,True
j_0003486,u_01401,2025-01-12 19:33:00,good,faith,universal,questioning,37,0.333,positive,True
j_0003487,u_01401,2025-01-15 12:23:00,grateful,burnout,universal,distant,71,-0.012,neutral,True
j_0003488,u_01401,2025-01-17 16:20:00,grateful,self,universal,at_peace,116,0.396,positive,True
j_0003489,u_01401,2025-01-18 12:45:00,neutral,relationships,deeper_faith,at_peace,12,-0.15,neutral,True
j_0003490,u_01402,2025-03-03 13:26:00,neutral,relationships,light_islamic,,76,-0.128,neutral,True
j_0003491,u_01402,2025-03-25 08:04:00,good,gratitude,universal,distant,30,0.228,positive,True
j_0003492,u_01403,2025-08-16 18:47:00,grateful,relationships,light_islamic,,201,0.706,positive,True
j_0003493,u_01403,2025-08-28 20:35:00,good,relationships,universal,questioning,27,-0.093,neutral,True
j_0003494,u_01403,2025-09-02 15:52:00,grateful,burnout,light_islamic,hurting,79,0.498,positive,True
j_0003495,u_01403,2025-09-05 20:07:00,good,habits,universal,questioning,96,0.36,positive,True
j_0003496,u_01403,2025-09-06 20:26:00,good,self,universal,at_peace,45,0.395,positive,True
j_0003497,u_01403,2025-09-08 13:41:00,good,faith,deeper_faith,at_peace,43,0.438,positive,True
j_0003498,u_01403,2025-09-14 21:11:00,low,habits,deeper_faith,questioning,74,-0.583,negative,True
j_0003499,u_01406,2025-05-23 16:46:00,grateful,habits,deeper_faith,at_peace,108,0.37,positive,True
j_0003500,u_01406,2025-05-27 07:17:00,neutral,burnout,deeper_faith,at_peace,69,0.205,positive,True
j_0003501,u_01406,2025-05-28 21:57:00,neutral,confidence,universal,at_peace,118,-0.068,neutral,True
j_0003502,u_01406,2025-05-31 09:13:00,very_low,relationships,universal,questioning,67,-0.667,negative,True
j_0003503,u_01406,2025-06-02 14:00:00,good,relationships,light_islamic,at_peace,21,0.231,positive,True
j_0003504,u_01406,2025-06-04 18:54:00,neutral,confidence,light_islamic,at_peace,22,0.166,positive,True
j_0003505,u_01408,2025-03-28 19:51:00,very_low,burnout,light_islamic,,121,-0.64,negative,True
j_0003506,u_01408,2025-04-08 17:13:00,good,self,universal,distant,28,0.151,positive,True
j_0003507,u_01408,2025-04-18 12:48:00,good,relationships,universal,at_peace,59,0.774,positive,True
j_0003508,u_01412,2025-01-23 19:13:00,low,burnout,universal,,129,-0.504,negative,True
j_0003509,u_01412,2025-01-24 18:26:00,grateful,habits,deeper_faith,,68,0.553,positive,True
j_0003510,u_01412,2025-01-30 13:35:00,neutral,gratitude,light_islamic,at_peace,136,-0.0,neutral,True
j_0003511,u_01412,2025-01-31 21:54:00,neutral,gratitude,universal,hurting,63,0.206,positive,True
j_0003512,u_01412,2025-02-01 15:00:00,neutral,gratitude,light_islamic,distant,54,-0.1,neutral,True
j_0003513,u_01412,2025-02-02 16:24:00,good,burnout,light_islamic,at_peace,68,0.374,positive,True
j_0003514,u_01412,2025-02-08 11:23:00,neutral,work,universal,distant,14,0.123,neutral,True
j_0003515,u_01412,2025-02-15 09:10:00,good,self,light_islamic,distant,65,0.334,positive,True
j_0003516,u_01413,2025-11-27 09:41:00,good,self,deeper_faith,,39,0.394,positive,True
j_0003517,u_01413,2025-11-29 07:43:00,very_low,anxiety,universal,,61,-0.545,negative,True
j_0003518,u_01413,2025-12-02 14:10:00,low,self,light_islamic,questioning,38,-0.037,neutral,True
j_0003519,u_01413,2025-12-04 11:16:00,good,work,light_islamic,at_peace,112,0.074,neutral,True
j_0003520,u_01413,2025-12-16 11:13:00,grateful,work,universal,hurting,31,0.728,positive,True
j_0003521,u_01414,2025-01-14 19:17:00,good,self,light_islamic,,63,0.456,positive,True
j_0003522,u_01414,2025-01-27 15:03:00,neutral,habits,light_islamic,at_peace,60,0.112,neutral,True
j_0003523,u_01414,2025-02-07 19:38:00,low,confidence,universal,at_peace,34,-0.259,negative,True
j_0003524,u_01415,2025-12-08 18:57:00,neutral,gratitude,universal,at_peace,51,-0.441,negative,True
j_0003525,u_01415,2025-12-23 21:37:00,neutral,confidence,universal,hurting,253,-0.135,neutral,True
j_0003526,u_01415,2025-12-26 13:14:00,low,burnout,universal,at_peace,64,-0.232,negative,True
j_0003527,u_01415,2025-12-29 21:00:00,good,anxiety,light_islamic,hurting,73,0.159,positive,True
j_0003528,u_01419,2025-05-21 22:03:00,good,faith,universal,,99,0.172,positive,True
j_0003529,u_01419,2025-05-22 15:05:00,good,gratitude,light_islamic,,23,0.75,positive,True
j_0003530,u_01419,2025-05-24 11:05:00,very_low,self,universal,,45,-0.618,negative,True
j_0003531,u_01419,2025-06-05 09:25:00,neutral,confidence,deeper_faith,questioning,43,0.042,neutral,True
j_0003532,u_01420,2025-07-05 11:56:00,good,self,light_islamic,,64,0.139,neutral,True
j_0003533,u_01420,2025-07-06 21:16:00,neutral,relationships,light_islamic,,42,-0.123,neutral,True
j_0003534,u_01420,2025-07-07 08:36:00,good,purpose,deeper_faith,,147,0.324,positive,True
j_0003535,u_01420,2025-07-08 21:00:00,good,burnout,universal,,37,0.273,positive,True
j_0003536,u_01420,2025-07-14 17:01:00,neutral,faith,light_islamic,at_peace,88,0.013,neutral,True
j_0003537,u_01420,2025-07-15 21:33:00,good,purpose,light_islamic,questioning,260,0.323,positive,True
j_0003538,u_01420,2025-07-18 12:28:00,good,self,light_islamic,distant,310,0.303,positive,True
j_0003539,u_01420,2025-07-22 16:15:00,grateful,confidence,universal,hurting,51,0.791,positive,True
j_0003540,u_01420,2025-07-23 17:49:00,neutral,faith,deeper_faith,distant,51,-0.089,neutral,True
j_0003541,u_01423,2025-09-16 13:37:00,grateful,habits,universal,,46,0.799,positive,True
j_0003542,u_01423,2025-09-19 10:13:00,neutral,anxiety,universal,at_peace,43,0.035,neutral,True
j_0003543,u_01423,2025-09-23 18:39:00,low,self,universal,at_peace,134,-0.143,neutral,True
j_0003544,u_01423,2025-10-05 10:02:00,low,burnout,deeper_faith,at_peace,123,0.032,neutral,True
j_0003545,u_01423,2025-10-06 20:07:00,grateful,relationships,light_islamic,at_peace,102,0.67,positive,True
j_0003546,u_01423,2025-10-11 12:33:00,neutral,burnout,universal,at_peace,18,-0.308,negative,True
j_0003547,u_01424,2025-12-22 17:51:00,good,confidence,deeper_faith,,80,0.498,positive,True
j_0003548,u_01424,2026-01-04 12:15:00,neutral,confidence,light_islamic,distant,637,0.201,positive,True
j_0003549,u_01424,2026-01-08 15:53:00,neutral,purpose,universal,at_peace,33,-0.041,neutral,True
j_0003550,u_01425,2025-04-09 17:06:00,low,habits,light_islamic,at_peace,64,-0.743,negative,True
j_0003551,u_01425,2025-04-10 13:43:00,good,anxiety,deeper_faith,at_peace,115,-0.291,negative,True
j_0003552,u_01425,2025-04-13 19:03:00,grateful,self,light_islamic,at_peace,143,0.536,positive,True
j_0003553,u_01425,2025-04-16 21:35:00,neutral,gratitude,light_islamic,questioning,83,-0.158,negative,True
j_0003554,u_01425,2025-04-28 20:20:00,grateful,relationships,light_islamic,questioning,62,0.701,positive,True
j_0003555,u_01425,2025-05-04 14:52:00,good,habits,universal,hurting,144,0.257,positive,True
j_0003556,u_01427,2025-04-17 15:13:00,neutral,faith,universal,,36,0.088,neutral,True
j_0003557,u_01427,2025-04-22 10:33:00,good,burnout,light_islamic,hurting,58,0.741,positive,True
j_0003558,u_01427,2025-04-23 10:30:00,neutral,work,light_islamic,at_peace,38,0.013,neutral,True
j_0003559,u_01427,2025-04-24 07:53:00,grateful,burnout,universal,at_peace,73,0.496,positive,True
j_0003560,u_01427,2025-05-04 13:56:00,good,purpose,universal,questioning,30,0.143,neutral,True
j_0003561,u_01427,2025-05-11 21:06:00,good,anxiety,deeper_faith,questioning,86,-0.048,neutral,True
j_0003562,u_01430,2025-10-22 14:19:00,low,habits,deeper_faith,at_peace,219,0.015,neutral,True
j_0003563,u_01430,2025-10-27 18:18:00,good,confidence,light_islamic,at_peace,13,0.189,positive,True
j_0003564,u_01430,2025-10-28 07:58:00,low,self,deeper_faith,at_peace,216,-0.481,negative,True
j_0003565,u_01431,2025-08-28 14:02:00,low,anxiety,universal,,34,-0.081,neutral,True
j_0003566,u_01431,2025-09-03 07:35:00,low,self,light_islamic,at_peace,69,-0.168,negative,True
j_0003567,u_01431,2025-09-18 13:34:00,neutral,self,universal,at_peace,46,0.039,neutral,True
j_0003568,u_01431,2025-09-25 12:43:00,good,self,light_islamic,at_peace,12,0.162,positive,True
j_0003569,u_01436,2025-09-15 16:54:00,good,gratitude,light_islamic,,95,0.309,positive,True
j_0003570,u_01436,2025-09-16 10:24:00,very_low,relationships,light_islamic,,113,-0.518,negative,True
j_0003571,u_01436,2025-09-23 09:40:00,neutral,habits,light_islamic,at_peace,195,-0.05,neutral,True
j_0003572,u_01436,2025-09-24 15:18:00,very_low,work,deeper_faith,at_peace,40,-0.332,negative,True
j_0003573,u_01436,2025-10-03 16:44:00,grateful,habits,light_islamic,at_peace,47,1.0,positive,True
j_0003574,u_01436,2025-10-05 17:12:00,grateful,faith,universal,questioning,118,0.704,positive,True
j_0003575,u_01436,2025-10-10 09:54:00,grateful,gratitude,universal,at_peace,17,0.672,positive,True
j_0003576,u_01436,2025-10-15 14:13:00,grateful,gratitude,light_islamic,hurting,132,0.489,positive,True
j_0003577,u_01438,2025-07-14 16:09:00,neutral,burnout,light_islamic,,50,0.153,positive,True
j_0003578,u_01438,2025-07-16 17:24:00,very_low,relationships,deeper_faith,distant,70,-0.275,negative,True
j_0003579,u_01438,2025-08-02 21:24:00,neutral,work,universal,at_peace,224,-0.402,negative,True
j_0003580,u_01444,2025-02-01 12:17:00,good,confidence,universal,,76,0.398,positive,True
j_0003581,u_01444,2025-02-07 20:38:00,very_low,self,deeper_faith,distant,39,-0.283,negative,True
j_0003582,u_01444,2025-02-13 21:01:00,good,burnout,light_islamic,distant,247,0.011,neutral,True
j_0003583,u_01444,2025-02-19 11:30:00,good,anxiety,universal,at_peace,94,0.246,positive,True
j_0003584,u_01444,2025-02-20 22:13:00,grateful,confidence,light_islamic,questioning,60,0.396,positive,True
j_0003585,u_01444,2025-02-24 12:14:00,low,faith,universal,at_peace,94,0.128,neutral,True
j_0003586,u_01445,2025-11-05 11:25:00,good,relationships,light_islamic,,74,0.386,positive,True
j_0003587,u_01445,2025-11-17 12:24:00,low,anxiety,light_islamic,at_peace,61,-0.014,neutral,True
j_0003588,u_01445,2025-11-20 08:47:00,low,self,light_islamic,distant,221,-0.145,neutral,True
j_0003589,u_01445,2025-11-21 08:38:00,neutral,habits,universal,at_peace,50,0.129,neutral,True
j_0003590,u_01446,2025-02-22 08:36:00,good,gratitude,light_islamic,,179,0.301,positive,True
j_0003591,u_01446,2025-02-24 15:44:00,neutral,purpose,light_islamic,,12,0.251,positive,True
j_0003592,u_01446,2025-03-06 19:05:00,neutral,purpose,light_islamic,at_peace,59,0.118,neutral,True
j_0003593,u_01446,2025-03-11 08:04:00,neutral,relationships,deeper_faith,hurting,228,0.216,positive,True
j_0003594,u_01446,2025-03-17 20:44:00,grateful,confidence,light_islamic,distant,34,0.425,positive,True
j_0003595,u_01447,2025-10-21 07:34:00,grateful,habits,universal,,129,0.292,positive,True
j_0003596,u_01447,2025-10-28 08:09:00,good,anxiety,universal,hurting,164,0.728,positive,True
j_0003597,u_01447,2025-11-04 08:30:00,good,relationships,light_islamic,questioning,103,0.447,positive,True
j_0003598,u_01447,2025-11-17 09:38:00,low,confidence,deeper_faith,at_peace,33,-0.148,neutral,True
j_0003599,u_01450,2025-08-27 08:47:00,neutral,confidence,universal,,56,0.201,positive,True
j_0003600,u_01450,2025-09-13 18:21:00,grateful,habits,light_islamic,at_peace,101,0.421,positive,True
j_0003601,u_01450,2025-09-16 21:31:00,good,purpose,light_islamic,hurting,98,0.222,positive,True
j_0003602,u_01451,2025-07-12 20:12:00,neutral,anxiety,universal,,90,-0.509,negative,True
j_0003603,u_01451,2025-07-13 21:40:00,neutral,purpose,light_islamic,,164,-0.118,neutral,True
j_0003604,u_01451,2025-07-14 18:37:00,neutral,purpose,light_islamic,,30,0.189,positive,True
j_0003605,u_01451,2025-07-18 18:38:00,low,burnout,universal,at_peace,30,-0.291,negative,True
j_0003606,u_01451,2025-07-22 07:09:00,neutral,self,light_islamic,at_peace,114,-0.422,negative,True
j_0003607,u_01451,2025-07-23 19:00:00,good,faith,light_islamic,at_peace,83,0.093,neutral,True
j_0003608,u_01451,2025-07-24 14:27:00,grateful,faith,universal,at_peace,21,0.445,positive,True
j_0003609,u_01453,2025-05-03 10:33:00,neutral,purpose,light_islamic,,61,0.256,positive,True
j_0003610,u_01453,2025-05-04 17:11:00,grateful,anxiety,universal,,20,0.777,positive,True
j_0003611,u_01453,2025-05-06 17:36:00,neutral,anxiety,light_islamic,,80,0.084,neutral,True
j_0003612,u_01453,2025-05-07 16:30:00,good,burnout,light_islamic,at_peace,192,0.373,positive,True
j_0003613,u_01453,2025-05-10 14:25:00,low,gratitude,universal,at_peace,61,-0.299,negative,True
j_0003614,u_01453,2025-05-21 20:29:00,neutral,gratitude,universal,at_peace,45,0.071,neutral,True
j_0003615,u_01453,2025-05-26 08:49:00,good,self,universal,hurting,43,-0.016,neutral,True
j_0003616,u_01454,2025-12-03 17:04:00,grateful,anxiety,light_islamic,,37,0.445,positive,True
j_0003617,u_01454,2025-12-07 21:23:00,good,self,light_islamic,questioning,69,0.12,neutral,True
j_0003618,u_01454,2025-12-08 11:29:00,good,relationships,universal,distant,161,0.094,neutral,True
j_0003619,u_01454,2025-12-18 19:00:00,good,purpose,universal,distant,122,0.399,positive,True
j_0003620,u_01454,2025-12-22 19:08:00,neutral,anxiety,universal,hurting,134,0.548,positive,True
j_0003621,u_01456,2025-05-31 08:57:00,good,anxiety,universal,,77,0.075,neutral,True
j_0003622,u_01456,2025-06-02 13:06:00,low,habits,light_islamic,,12,-0.134,neutral,True
j_0003623,u_01456,2025-06-03 12:45:00,neutral,gratitude,light_islamic,,29,0.646,positive,True
j_0003624,u_01456,2025-06-15 14:30:00,good,confidence,universal,at_peace,46,0.12,neutral,True
j_0003625,u_01459,2025-10-14 09:35:00,grateful,work,universal,,15,0.329,positive,True
j_0003626,u_01459,2025-10-22 15:15:00,neutral,confidence,light_islamic,distant,69,0.046,neutral,True
j_0003627,u_01459,2025-10-26 17:54:00,low,confidence,universal,at_peace,140,-0.119,neutral,True
j_0003628,u_01466,2025-10-02 07:51:00,neutral,faith,universal,,88,0.094,neutral,True
j_0003629,u_01466,2025-10-03 17:17:00,low,gratitude,deeper_faith,,70,-0.034,neutral,True
j_0003630,u_01466,2025-10-21 09:22:00,good,anxiety,light_islamic,at_peace,110,0.064,neutral,True
j_0003631,u_01466,2025-10-22 10:47:00,neutral,work,deeper_faith,at_peace,54,-0.251,negative,True
j_0003632,u_01466,2025-10-31 19:44:00,neutral,confidence,light_islamic,at_peace,131,0.105,neutral,True
j_0003633,u_01469,2025-03-19 11:36:00,low,purpose,universal,,51,-0.376,negative,True
j_0003634,u_01469,2025-03-22 20:10:00,good,faith,universal,,110,0.362,positive,True
j_0003635,u_01469,2025-03-23 11:08:00,low,habits,light_islamic,questioning,173,-0.484,negative,True
j_0003636,u_01469,2025-04-01 18:53:00,low,burnout,universal,at_peace,61,-0.508,negative,True
j_0003637,u_01469,2025-04-08 17:40:00,neutral,self,light_islamic,at_peace,79,-0.344,negative,True
j_0003638,u_01469,2025-04-10 21:29:00,grateful,anxiety,light_islamic,at_peace,132,0.688,positive,True
j_0003639,u_01471,2025-12-02 21:54:00,grateful,anxiety,universal,,87,0.011,neutral,True
j_0003640,u_01471,2025-12-09 14:40:00,neutral,relationships,deeper_faith,hurting,31,-0.033,neutral,True
j_0003641,u_01471,2025-12-14 08:19:00,very_low,work,light_islamic,hurting,22,-0.394,negative,True
j_0003642,u_01471,2025-12-15 17:29:00,good,habits,universal,questioning,150,0.392,positive,True
j_0003643,u_01471,2025-12-27 08:33:00,good,purpose,light_islamic,questioning,88,0.4,positive,True
j_0003644,u_01473,2025-08-01 09:35:00,grateful,gratitude,deeper_faith,hurting,120,0.701,positive,True
j_0003645,u_01473,2025-08-20 15:57:00,good,purpose,universal,distant,92,0.18,positive,True
j_0003646,u_01473,2025-08-27 17:38:00,very_low,relationships,universal,questioning,34,-0.69,negative,True
j_0003647,u_01474,2025-07-08 14:13:00,good,habits,universal,distant,114,0.399,positive,True
j_0003648,u_01474,2025-07-09 15:26:00,low,work,universal,distant,29,-0.096,neutral,True
j_0003649,u_01474,2025-07-18 09:19:00,neutral,self,universal,questioning,53,-0.184,negative,True
j_0003650,u_01474,2025-07-20 14:15:00,neutral,purpose,universal,distant,27,0.443,positive,True
j_0003651,u_01475,2025-01-31 21:52:00,grateful,faith,deeper_faith,,202,-0.097,neutral,True
j_0003652,u_01475,2025-02-02 15:24:00,low,anxiety,light_islamic,,18,-0.361,negative,True
j_0003653,u_01475,2025-02-04 14:01:00,good,habits,light_islamic,at_peace,42,0.54,positive,True
j_0003654,u_01475,2025-02-09 17:44:00,low,work,universal,at_peace,324,-0.196,negative,True
j_0003655,u_01475,2025-02-10 21:34:00,good,burnout,light_islamic,at_peace,103,0.041,neutral,True
j_0003656,u_01475,2025-02-13 12:34:00,neutral,self,universal,at_peace,68,0.404,positive,True
j_0003657,u_01475,2025-02-15 07:53:00,low,confidence,universal,at_peace,180,-0.01,neutral,True
j_0003658,u_01475,2025-02-24 14:13:00,good,relationships,light_islamic,questioning,75,-0.181,negative,True
j_0003659,u_01477,2025-10-29 18:55:00,neutral,habits,light_islamic,at_peace,18,-0.136,neutral,True
j_0003660,u_01477,2025-11-06 17:05:00,very_low,confidence,deeper_faith,at_peace,116,-0.573,negative,True
j_0003661,u_01480,2025-01-16 13:29:00,very_low,relationships,light_islamic,,51,-0.382,negative,True
j_0003662,u_01480,2025-01-17 21:20:00,good,gratitude,deeper_faith,,83,0.397,positive,True
j_0003663,u_01480,2025-01-19 20:42:00,low,purpose,deeper_faith,,171,-0.036,neutral,True
j_0003664,u_01480,2025-02-09 20:59:00,very_low,faith,light_islamic,at_peace,38,-0.883,negative,True
j_0003665,u_01485,2025-08-21 13:27:00,good,faith,universal,,241,-0.025,neutral,True
j_0003666,u_01485,2025-08-22 14:40:00,grateful,habits,deeper_faith,,101,0.817,positive,True
j_0003667,u_01485,2025-08-23 18:15:00,neutral,habits,light_islamic,,189,-0.203,negative,True
j_0003668,u_01485,2025-08-27 17:49:00,neutral,anxiety,universal,at_peace,102,-0.056,neutral,True
j_0003669,u_01485,2025-08-28 11:48:00,grateful,purpose,light_islamic,at_peace,75,0.293,positive,True
j_0003670,u_01485,2025-09-01 16:20:00,low,faith,light_islamic,distant,134,0.132,neutral,True
j_0003671,u_01485,2025-09-09 15:13:00,neutral,burnout,universal,questioning,103,0.049,neutral,True
j_0003672,u_01485,2025-09-12 16:24:00,good,burnout,light_islamic,hurting,111,0.21,positive,True
j_0003673,u_01486,2025-12-04 11:35:00,grateful,anxiety,light_islamic,,15,0.771,positive,True
j_0003674,u_01486,2025-12-08 08:21:00,neutral,burnout,light_islamic,at_peace,222,-0.23,negative,True
j_0003675,u_01486,2025-12-13 12:47:00,grateful,faith,universal,distant,34,0.465,positive,True
j_0003676,u_01486,2025-12-20 10:34:00,good,work,universal,at_peace,64,0.051,neutral,True
j_0003677,u_01486,2025-12-24 10:42:00,neutral,work,universal,at_peace,44,0.13,neutral,True
j_0003678,u_01486,2025-12-27 17:31:00,good,gratitude,deeper_faith,questioning,107,-0.003,neutral,True
j_0003679,u_01487,2025-02-09 14:38:00,good,relationships,deeper_faith,,122,0.048,neutral,True
j_0003680,u_01487,2025-02-11 13:09:00,neutral,purpose,deeper_faith,,163,-0.024,neutral,True
j_0003681,u_01487,2025-02-12 12:36:00,good,anxiety,light_islamic,,247,0.318,positive,True
j_0003682,u_01487,2025-02-17 08:46:00,neutral,burnout,universal,at_peace,109,0.133,neutral,True
j_0003683,u_01487,2025-03-03 20:03:00,good,purpose,universal,questioning,243,0.762,positive,True
j_0003684,u_01489,2025-01-20 18:01:00,good,confidence,universal,,26,0.628,positive,True
j_0003685,u_01489,2025-01-21 11:29:00,neutral,work,deeper_faith,,55,0.047,neutral,True
j_0003686,u_01489,2025-01-27 11:34:00,grateful,relationships,light_islamic,at_peace,45,0.549,positive,True
j_0003687,u_01489,2025-01-28 16:40:00,low,gratitude,light_islamic,at_peace,169,-0.714,negative,True
j_0003688,u_01489,2025-02-08 20:57:00,neutral,faith,light_islamic,at_peace,38,-0.162,negative,True
j_0003689,u_01489,2025-02-11 08:29:00,grateful,anxiety,light_islamic,at_peace,71,0.935,positive,True
j_0003690,u_01489,2025-02-15 10:57:00,good,purpose,light_islamic,at_peace,12,-0.002,neutral,True
j_0003691,u_01490,2025-09-17 17:31:00,low,gratitude,universal,,50,-0.129,neutral,True
j_0003692,u_01490,2025-09-29 17:41:00,low,work,universal,distant,25,0.132,neutral,True
j_0003693,u_01490,2025-10-05 13:31:00,neutral,anxiety,deeper_faith,distant,53,-0.538,negative,True
j_0003694,u_01492,2025-01-18 17:41:00,neutral,faith,universal,,140,0.299,positive,True
j_0003695,u_01492,2025-01-24 18:13:00,good,gratitude,light_islamic,at_peace,43,0.442,positive,True
j_0003696,u_01492,2025-01-26 07:53:00,low,burnout,light_islamic,at_peace,33,-0.256,negative,True
j_0003697,u_01492,2025-01-29 11:12:00,neutral,self,universal,at_peace,54,0.064,neutral,True
j_0003698,u_01492,2025-01-31 16:48:00,low,burnout,light_islamic,at_peace,88,-0.445,negative,True
j_0003699,u_01493,2025-04-02 10:02:00,good,anxiety,deeper_faith,,47,0.121,neutral,True
j_0003700,u_01493,2025-04-04 16:54:00,neutral,habits,universal,distant,153,0.143,neutral,True
j_0003701,u_01493,2025-04-05 16:24:00,very_low,relationships,deeper_faith,questioning,71,-0.572,negative,True
j_0003702,u_01493,2025-04-20 12:40:00,neutral,confidence,light_islamic,at_peace,109,0.073,neutral,True
j_0003703,u_01493,2025-04-29 18:48:00,grateful,anxiety,light_islamic,distant,116,0.201,positive,True
j_0003704,u_01496,2025-03-17 07:47:00,good,work,universal,,38,-0.001,neutral,True
j_0003705,u_01496,2025-03-22 11:35:00,good,anxiety,universal,distant,77,0.309,positive,True
j_0003706,u_01496,2025-03-25 10:03:00,good,faith,light_islamic,at_peace,41,0.658,positive,True
j_0003707,u_01496,2025-03-27 07:33:00,very_low,faith,light_islamic,at_peace,92,-0.209,negative,True
j_0003708,u_01498,2025-10-15 14:21:00,good,work,deeper_faith,,80,0.21,positive,True
j_0003709,u_01498,2025-10-16 18:56:00,grateful,faith,light_islamic,,50,0.842,positive,True
j_0003710,u_01498,2025-10-17 11:28:00,neutral,purpose,universal,,150,0.318,positive,True
j_0003711,u_01498,2025-10-24 08:16:00,good,faith,deeper_faith,distant,139,0.019,neutral,True
j_0003712,u_01498,2025-11-08 14:38:00,good,relationships,universal,distant,55,0.334,positive,True
j_0003713,u_01500,2025-12-22 20:15:00,low,faith,light_islamic,,63,-0.61,negative,True
j_0003714,u_01500,2026-01-03 14:54:00,low,purpose,universal,questioning,46,-0.112,neutral,True
j_0003715,u_01500,2026-01-09 19:06:00,grateful,purpose,light_islamic,hurting,69,0.213,positive,True
j_0003716,u_01500,2026-01-12 19:35:00,low,confidence,light_islamic,questioning,67,-0.382,negative,True
j_0003717,u_01504,2025-08-13 12:24:00,neutral,habits,light_islamic,,48,0.164,positive,True
j_0003718,u_01504,2025-08-18 11:08:00,neutral,anxiety,light_islamic,questioning,171,0.303,positive,True
j_0003719,u_01504,2025-08-23 19:52:00,neutral,anxiety,universal,at_peace,126,-0.026,neutral,True
j_0003720,u_01504,2025-08-24 19:51:00,grateful,work,universal,at_peace,71,0.541,positive,True
j_0003721,u_01504,2025-09-05 15:52:00,good,relationships,light_islamic,hurting,75,0.315,positive,True
j_0003722,u_01508,2025-06-04 10:19:00,low,burnout,light_islamic,,17,-0.356,negative,True
j_0003723,u_01508,2025-06-05 08:13:00,very_low,habits,light_islamic,,72,-0.332,negative,True
j_0003724,u_01508,2025-06-11 10:40:00,good,self,deeper_faith,at_peace,60,-0.148,neutral,True
j_0003725,u_01508,2025-06-12 11:12:00,grateful,gratitude,universal,questioning,34,0.614,positive,True
j_0003726,u_01508,2025-06-29 11:39:00,good,confidence,light_islamic,distant,57,0.402,positive,True
j_0003727,u_01508,2025-06-30 17:06:00,grateful,burnout,light_islamic,at_peace,23,0.041,neutral,True
j_0003728,u_01511,2025-12-16 18:23:00,good,self,light_islamic,,83,0.26,positive,True
j_0003729,u_01511,2025-12-21 12:39:00,neutral,work,light_islamic,distant,85,-0.276,negative,True
j_0003730,u_01512,2025-09-08 20:16:00,grateful,relationships,universal,,46,0.232,positive,True
j_0003731,u_01512,2025-09-26 22:01:00,grateful,burnout,deeper_faith,at_peace,41,1.0,positive,True
j_0003732,u_01512,2025-10-03 14:40:00,low,purpose,light_islamic,at_peace,158,-0.166,negative,True
j_0003733,u_01517,2025-03-15 11:37:00,neutral,self,deeper_faith,,40,-0.214,negative,True
j_0003734,u_01517,2025-03-21 21:37:00,neutral,purpose,light_islamic,distant,156,0.288,positive,True
j_0003735,u_01517,2025-03-23 08:55:00,neutral,purpose,universal,at_peace,93,-0.027,neutral,True
j_0003736,u_01517,2025-03-27 16:18:00,low,self,universal,distant,185,-0.163,negative,True
j_0003737,u_01517,2025-04-05 17:24:00,grateful,faith,universal,hurting,35,0.123,neutral,True
j_0003738,u_01517,2025-04-09 11:48:00,grateful,anxiety,deeper_faith,at_peace,48,0.611,positive,True
j_0003739,u_01518,2025-07-18 07:45:00,grateful,burnout,light_islamic,,171,0.681,positive,True
j_0003740,u_01518,2025-07-19 16:25:00,grateful,faith,universal,,40,0.32,positive,True
j_0003741,u_01518,2025-07-22 19:43:00,good,work,universal,at_peace,55,0.232,positive,True
j_0003742,u_01518,2025-07-23 19:55:00,good,purpose,light_islamic,hurting,18,0.064,neutral,True
j_0003743,u_01518,2025-07-26 09:31:00,good,purpose,universal,distant,186,0.283,positive,True
j_0003744,u_01518,2025-08-02 12:40:00,neutral,anxiety,light_islamic,hurting,129,0.056,neutral,True
j_0003745,u_01518,2025-08-13 12:11:00,good,gratitude,universal,hurting,24,0.424,positive,True
j_0003746,u_01520,2025-11-24 21:35:00,good,self,light_islamic,,160,0.229,positive,True
j_0003747,u_01520,2025-11-29 20:07:00,good,self,universal,at_peace,56,0.001,neutral,True
j_0003748,u_01520,2025-11-30 19:45:00,good,anxiety,light_islamic,distant,89,0.616,positive,True
j_0003749,u_01521,2025-02-07 11:35:00,good,purpose,light_islamic,,64,0.411,positive,True
j_0003750,u_01521,2025-02-08 20:00:00,good,confidence,light_islamic,,139,0.433,positive,True
j_0003751,u_01521,2025-02-13 14:51:00,neutral,anxiety,deeper_faith,at_peace,60,-0.225,negative,True
j_0003752,u_01521,2025-02-16 07:31:00,neutral,confidence,deeper_faith,at_peace,21,-0.069,neutral,True
j_0003753,u_01521,2025-03-09 16:02:00,grateful,relationships,light_islamic,questioning,107,0.372,positive,True
j_0003754,u_01523,2025-12-28 16:40:00,neutral,gratitude,universal,,75,-0.168,negative,True
j_0003755,u_01523,2026-01-12 16:05:00,neutral,burnout,light_islamic,at_peace,173,-0.554,negative,True
j_0003756,u_01523,2026-01-19 19:14:00,good,habits,deeper_faith,questioning,78,-0.079,neutral,True
j_0003757,u_01523,2026-01-20 16:21:00,neutral,confidence,universal,at_peace,89,-0.059,neutral,True
j_0003758,u_01524,2025-09-17 09:31:00,good,relationships,light_islamic,,20,0.226,positive,True
j_0003759,u_01524,2025-09-22 21:14:00,grateful,self,universal,at_peace,155,0.431,positive,True
j_0003760,u_01524,2025-09-28 16:56:00,neutral,self,universal,at_peace,25,0.232,positive,True
j_0003761,u_01524,2025-10-13 12:16:00,low,confidence,light_islamic,at_peace,30,-0.223,negative,True
j_0003762,u_01524,2025-10-16 17:26:00,very_low,burnout,universal,at_peace,61,-0.684,negative,True
j_0003763,u_01528,2025-02-26 15:59:00,good,purpose,light_islamic,,65,0.402,positive,True
j_0003764,u_01528,2025-03-02 18:52:00,good,anxiety,deeper_faith,hurting,224,0.38,positive,True
j_0003765,u_01528,2025-03-04 15:09:00,good,faith,light_islamic,at_peace,82,0.396,positive,True
j_0003766,u_01528,2025-03-11 09:55:00,good,faith,universal,at_peace,73,0.482,positive,True
j_0003767,u_01528,2025-03-22 13:49:00,low,purpose,universal,at_peace,61,-0.287,negative,True
j_0003768,u_01530,2025-07-14 10:37:00,good,burnout,light_islamic,,164,0.091,neutral,True
j_0003769,u_01530,2025-07-16 11:58:00,good,self,light_islamic,,91,0.491,positive,True
j_0003770,u_01530,2025-07-18 19:45:00,good,confidence,universal,at_peace,177,0.233,positive,True
j_0003771,u_01530,2025-07-26 18:10:00,good,habits,universal,questioning,118,0.289,positive,True
j_0003772,u_01530,2025-07-27 20:47:00,neutral,self,light_islamic,questioning,316,0.072,neutral,True
j_0003773,u_01530,2025-08-07 15:18:00,good,relationships,universal,questioning,64,0.158,positive,True
j_0003774,u_01531,2025-02-19 17:08:00,good,habits,light_islamic,,56,0.09,neutral,True
j_0003775,u_01531,2025-02-22 20:37:00,neutral,faith,deeper_faith,,132,0.23,positive,True
j_0003776,u_01531,2025-02-23 08:56:00,low,anxiety,light_islamic,distant,60,-0.059,neutral,True
j_0003777,u_01531,2025-02-28 11:27:00,low,faith,light_islamic,at_peace,171,-0.206,negative,True
j_0003778,u_01531,2025-03-02 20:40:00,low,relationships,universal,distant,62,-0.515,negative,True
j_0003779,u_01531,2025-03-03 18:19:00,grateful,self,deeper_faith,at_peace,55,0.561,positive,True
j_0003780,u_01531,2025-03-05 09:09:00,low,work,universal,distant,47,-0.284,negative,True
j_0003781,u_01531,2025-03-06 11:31:00,very_low,anxiety,light_islamic,at_peace,52,-0.503,negative,True
j_0003782,u_01531,2025-03-08 21:51:00,good,relationships,deeper_faith,questioning,63,0.5,positive,True
j_0003783,u_01531,2025-03-12 14:55:00,neutral,burnout,light_islamic,at_peace,31,-0.409,negative,True
j_0003784,u_01531,2025-03-18 17:24:00,low,faith,universal,at_peace,79,-0.24,negative,True
j_0003785,u_01533,2025-01-02 13:12:00,neutral,confidence,light_islamic,,15,-0.254,negative,True
j_0003786,u_01533,2025-01-04 11:47:00,good,self,universal,,139,-0.193,negative,True
j_0003787,u_01533,2025-01-07 12:15:00,grateful,burnout,light_islamic,distant,96,0.634,positive,True
j_0003788,u_01533,2025-01-16 17:22:00,very_low,burnout,light_islamic,questioning,146,-0.627,negative,True
j_0003789,u_01533,2025-01-21 09:59:00,good,confidence,deeper_faith,at_peace,50,0.295,positive,True
j_0003790,u_01533,2025-01-22 21:35:00,good,anxiety,universal,at_peace,73,0.161,positive,True
j_0003791,u_01536,2025-09-28 10:07:00,grateful,gratitude,universal,,48,0.777,positive,True
j_0003792,u_01536,2025-10-15 17:18:00,good,self,universal,at_peace,73,0.298,positive,True
j_0003793,u_01539,2025-11-21 13:36:00,good,anxiety,universal,,331,0.358,positive,True
j_0003794,u_01539,2025-11-26 10:06:00,good,habits,universal,at_peace,156,-0.023,neutral,True
j_0003795,u_01539,2025-11-30 12:30:00,low,purpose,universal,questioning,110,-0.283,negative,True
j_0003796,u_01539,2025-12-12 09:26:00,neutral,faith,deeper_faith,distant,18,0.076,neutral,True
j_0003797,u_01539,2025-12-16 12:55:00,neutral,work,light_islamic,distant,83,-0.274,negative,True
j_0003798,u_01539,2025-12-17 13:50:00,good,purpose,deeper_faith,questioning,41,0.417,positive,True
j_0003799,u_01539,2025-12-21 15:58:00,low,relationships,light_islamic,at_peace,219,-0.079,neutral,True
j_0003800,u_01549,2025-03-31 12:13:00,good,relationships,light_islamic,,151,0.309,positive,True
j_0003801,u_01549,2025-04-02 11:56:00,low,burnout,light_islamic,,16,-0.391,negative,True
j_0003802,u_01549,2025-04-08 17:17:00,good,faith,universal,distant,70,0.25,positive,True
j_0003803,u_01549,2025-04-14 08:32:00,good,relationships,universal,distant,102,0.407,positive,True
j_0003804,u_01550,2025-06-06 19:35:00,good,work,universal,,83,0.417,positive,True
j_0003805,u_01550,2025-06-08 11:08:00,neutral,gratitude,universal,,93,-0.046,neutral,True
j_0003806,u_01550,2025-06-14 11:44:00,neutral,faith,universal,at_peace,52,0.061,neutral,True
j_0003807,u_01550,2025-06-22 14:41:00,good,gratitude,light_islamic,hurting,26,0.343,positive,True
j_0003808,u_01551,2025-07-05 19:03:00,good,habits,light_islamic,,35,0.417,positive,True
j_0003809,u_01551,2025-07-11 09:05:00,good,habits,universal,at_peace,115,0.339,positive,True
j_0003810,u_01551,2025-07-13 10:59:00,good,relationships,light_islamic,questioning,19,0.348,positive,True
j_0003811,u_01551,2025-07-14 16:44:00,good,burnout,universal,distant,37,0.475,positive,True
j_0003812,u_01551,2025-07-23 09:14:00,grateful,faith,light_islamic,hurting,25,0.582,positive,True
j_0003813,u_01551,2025-07-24 11:49:00,neutral,anxiety,light_islamic,at_peace,38,-0.028,neutral,True
j_0003814,u_01553,2025-10-01 16:56:00,neutral,gratitude,universal,,158,-0.074,neutral,True
j_0003815,u_01553,2025-10-03 20:58:00,good,burnout,deeper_faith,,83,0.335,positive,True
j_0003816,u_01553,2025-10-07 19:49:00,grateful,gratitude,light_islamic,at_peace,71,0.679,positive,True
j_0003817,u_01553,2025-10-09 16:46:00,good,faith,deeper_faith,questioning,56,0.601,positive,True
j_0003818,u_01553,2025-10-15 08:40:00,low,gratitude,light_islamic,at_peace,115,-0.385,negative,True
j_0003819,u_01553,2025-10-20 19:40:00,neutral,habits,deeper_faith,at_peace,56,-0.293,negative,True
j_0003820,u_01554,2025-09-25 15:50:00,neutral,self,light_islamic,,65,0.0,neutral,True
j_0003821,u_01554,2025-09-27 12:09:00,neutral,self,universal,,39,-0.038,neutral,True
j_0003822,u_01554,2025-10-04 15:16:00,good,anxiety,universal,at_peace,42,0.568,positive,True
j_0003823,u_01554,2025-10-05 20:31:00,good,anxiety,universal,questioning,78,0.324,positive,True
j_0003824,u_01554,2025-10-23 13:18:00,good,gratitude,universal,questioning,94,0.395,positive,True
j_0003825,u_01558,2025-03-31 16:07:00,neutral,habits,light_islamic,,70,0.069,neutral,True
j_0003826,u_01558,2025-04-06 17:51:00,neutral,relationships,universal,at_peace,52,-0.169,negative,True
j_0003827,u_01558,2025-04-17 11:32:00,grateful,work,universal,at_peace,53,0.911,positive,True
j_0003828,u_01558,2025-04-26 12:59:00,good,gratitude,light_islamic,at_peace,196,0.066,neutral,True
j_0003829,u_01562,2025-08-21 09:58:00,low,work,light_islamic,,108,0.084,neutral,True
j_0003830,u_01562,2025-09-11 16:53:00,neutral,confidence,light_islamic,distant,53,-0.076,neutral,True
j_0003831,u_01564,2025-07-25 08:24:00,good,purpose,universal,,67,0.248,positive,True
j_0003832,u_01564,2025-07-26 14:30:00,neutral,relationships,universal,,67,-0.175,negative,True
j_0003833,u_01564,2025-08-08 21:08:00,good,self,light_islamic,at_peace,65,0.085,neutral,True
j_0003834,u_01564,2025-08-13 12:18:00,good,habits,light_islamic,at_peace,102,-0.002,neutral,True
j_0003835,u_01564,2025-08-16 15:40:00,good,purpose,deeper_faith,distant,140,0.168,positive,True
j_0003836,u_01565,2025-03-31 09:58:00,neutral,burnout,universal,,127,0.2,positive,True
j_0003837,u_01565,2025-04-01 16:30:00,neutral,relationships,universal,,79,0.184,positive,True
j_0003838,u_01565,2025-04-07 08:32:00,good,burnout,deeper_faith,at_peace,150,0.237,positive,True
j_0003839,u_01565,2025-04-09 13:49:00,neutral,faith,universal,questioning,63,-0.132,neutral,True
j_0003840,u_01565,2025-04-12 10:56:00,grateful,relationships,universal,at_peace,12,0.407,positive,True
j_0003841,u_01565,2025-04-21 16:47:00,grateful,purpose,universal,distant,57,0.225,positive,True
j_0003842,u_01565,2025-04-30 08:03:00,good,gratitude,light_islamic,at_peace,51,0.289,positive,True
j_0003843,u_01566,2025-05-22 09:29:00,good,anxiety,light_islamic,,33,0.107,neutral,True
j_0003844,u_01566,2025-05-23 09:12:00,neutral,purpose,universal,,49,0.088,neutral,True
j_0003845,u_01566,2025-05-24 19:12:00,very_low,gratitude,universal,,78,-0.277,negative,True
j_0003846,u_01566,2025-06-07 08:58:00,neutral,burnout,light_islamic,at_peace,231,-0.19,negative,True
j_0003847,u_01566,2025-06-16 13:17:00,good,burnout,universal,hurting,105,-0.255,negative,True
j_0003848,u_01568,2025-07-13 07:57:00,good,anxiety,universal,,12,0.688,positive,True
j_0003849,u_01568,2025-07-15 09:43:00,very_low,relationships,universal,,110,-0.427,negative,True
j_0003850,u_01568,2025-07-23 13:09:00,good,relationships,deeper_faith,questioning,80,0.398,positive,True
j_0003851,u_01568,2025-08-08 08:27:00,grateful,work,universal,at_peace,21,0.292,positive,True
j_0003852,u_01569,2025-10-15 19:12:00,low,habits,universal,,125,-0.634,negative,True
j_0003853,u_01569,2025-10-22 21:26:00,good,burnout,light_islamic,distant,665,0.061,neutral,True
j_0003854,u_01569,2025-10-24 20:09:00,grateful,faith,light_islamic,distant,70,0.562,positive,True
j_0003855,u_01569,2025-10-25 10:38:00,neutral,habits,light_islamic,at_peace,41,-0.118,neutral,True
j_0003856,u_01569,2025-10-30 13:09:00,neutral,anxiety,universal,hurting,92,-0.118,neutral,True
j_0003857,u_01569,2025-10-31 11:14:00,good,purpose,light_islamic,questioning,99,0.747,positive,True
j_0003858,u_01569,2025-11-09 21:22:00,good,faith,light_islamic,distant,46,0.573,positive,True
j_0003859,u_01570,2025-05-08 13:20:00,low,burnout,deeper_faith,,36,-0.151,negative,True
j_0003860,u_01570,2025-05-10 10:26:00,good,burnout,light_islamic,,32,0.376,positive,True
j_0003861,u_01570,2025-05-11 07:49:00,neutral,gratitude,universal,,229,-0.183,negative,True
j_0003862,u_01570,2025-05-25 09:47:00,low,relationships,light_islamic,questioning,34,-0.503,negative,True
j_0003863,u_01570,2025-05-29 11:44:00,good,habits,deeper_faith,at_peace,71,0.347,positive,True
j_0003864,u_01570,2025-06-04 09:44:00,good,work,light_islamic,at_peace,100,0.329,positive,True
j_0003865,u_01570,2025-06-05 13:11:00,grateful,faith,light_islamic,hurting,18,0.59,positive,True
j_0003866,u_01571,2025-10-26 21:45:00,good,habits,light_islamic,,48,-0.111,neutral,True
j_0003867,u_01571,2025-10-27 09:11:00,grateful,faith,deeper_faith,,63,1.0,positive,True
j_0003868,u_01571,2025-10-28 16:17:00,neutral,anxiety,universal,,182,-0.473,negative,True
j_0003869,u_01571,2025-11-03 15:25:00,neutral,confidence,universal,distant,47,0.43,positive,True
j_0003870,u_01572,2025-08-28 08:27:00,good,anxiety,universal,,68,0.328,positive,True
j_0003871,u_01572,2025-08-29 15:29:00,neutral,burnout,universal,,77,-0.144,neutral,True
j_0003872,u_01572,2025-08-30 08:01:00,neutral,confidence,deeper_faith,,131,-0.378,negative,True
j_0003873,u_01573,2025-07-09 12:04:00,neutral,faith,universal,,38,-0.273,negative,True
j_0003874,u_01573,2025-07-15 09:08:00,low,faith,universal,distant,274,-0.437,negative,True
j_0003875,u_01573,2025-08-01 17:22:00,low,purpose,universal,distant,133,-0.72,negative,True
j_0003876,u_01574,2025-07-30 12:44:00,grateful,confidence,light_islamic,,65,0.754,positive,True
j_0003877,u_01574,2025-08-04 16:35:00,neutral,self,universal,at_peace,58,0.313,positive,True
j_0003878,u_01574,2025-08-06 19:54:00,very_low,gratitude,universal,distant,142,-0.464,negative,True
j_0003879,u_01574,2025-08-07 11:48:00,grateful,gratitude,deeper_faith,distant,74,0.808,positive,True
j_0003880,u_01574,2025-08-18 17:54:00,good,gratitude,universal,at_peace,56,0.247,positive,True
j_0003881,u_01574,2025-08-21 19:03:00,grateful,confidence,universal,at_peace,27,0.52,positive,True
j_0003882,u_01574,2025-08-24 21:58:00,good,self,deeper_faith,at_peace,131,0.425,positive,True
j_0003883,u_01575,2025-09-19 16:50:00,neutral,anxiety,universal,,27,-0.167,negative,True
j_0003884,u_01575,2025-09-21 08:53:00,good,habits,universal,,88,0.45,positive,True
j_0003885,u_01575,2025-09-24 16:52:00,good,anxiety,deeper_faith,distant,45,0.215,positive,True
j_0003886,u_01576,2025-10-08 10:31:00,good,gratitude,universal,,89,0.03,neutral,True
j_0003887,u_01576,2025-10-10 08:50:00,low,gratitude,universal,,18,-0.089,neutral,True
j_0003888,u_01576,2025-10-14 20:43:00,good,anxiety,light_islamic,questioning,29,0.379,positive,True
j_0003889,u_01576,2025-10-23 08:59:00,good,purpose,universal,distant,119,0.431,positive,True
j_0003890,u_01576,2025-11-01 21:58:00,grateful,habits,light_islamic,questioning,137,0.571,positive,True
j_0003891,u_01580,2025-12-19 19:28:00,good,gratitude,universal,,210,0.491,positive,True
j_0003892,u_01580,2026-01-01 09:57:00,good,gratitude,universal,questioning,32,0.382,positive,True
j_0003893,u_01580,2026-01-06 17:10:00,good,burnout,light_islamic,at_peace,65,0.411,positive,True
j_0003894,u_01580,2026-01-15 10:33:00,good,relationships,universal,hurting,64,0.596,positive,True
j_0003895,u_01585,2025-11-13 18:47:00,low,purpose,universal,,262,0.144,neutral,True
j_0003896,u_01585,2025-11-16 11:44:00,neutral,confidence,universal,hurting,62,0.028,neutral,True
j_0003897,u_01588,2025-07-04 09:00:00,grateful,gratitude,universal,,49,0.83,positive,True
j_0003898,u_01588,2025-07-05 19:48:00,good,confidence,light_islamic,,19,-0.087,neutral,True
j_0003899,u_01588,2025-07-27 18:15:00,neutral,anxiety,universal,at_peace,62,-0.207,negative,True
j_0003900,u_01589,2025-05-01 15:46:00,neutral,self,universal,,72,0.181,positive,True
j_0003901,u_01589,2025-05-03 08:06:00,neutral,faith,deeper_faith,,68,-0.258,negative,True
j_0003902,u_01589,2025-05-05 13:06:00,good,confidence,universal,distant,220,0.244,positive,True
j_0003903,u_01589,2025-05-06 09:19:00,good,purpose,universal,hurting,188,0.116,neutral,True
j_0003904,u_01589,2025-05-07 08:33:00,neutral,anxiety,universal,questioning,79,-0.27,negative,True
j_0003905,u_01589,2025-05-13 21:52:00,good,confidence,universal,at_peace,79,0.526,positive,True
j_0003906,u_01589,2025-05-20 17:16:00,neutral,faith,light_islamic,distant,177,-0.508,negative,True
j_0003907,u_01591,2025-06-18 19:03:00,low,purpose,universal,,37,0.213,positive,True
j_0003908,u_01591,2025-06-19 11:38:00,grateful,work,deeper_faith,,63,0.059,neutral,True
j_0003909,u_01591,2025-06-21 13:27:00,low,self,light_islamic,,36,-0.47,negative,True
j_0003910,u_01591,2025-06-25 14:55:00,good,work,deeper_faith,at_peace,21,0.143,neutral,True
j_0003911,u_01591,2025-07-03 17:56:00,neutral,anxiety,universal,at_peace,35,0.138,neutral,True
j_0003912,u_01591,2025-07-05 13:14:00,neutral,confidence,deeper_faith,at_peace,42,0.15,neutral,True
j_0003913,u_01591,2025-07-16 20:38:00,very_low,burnout,universal,questioning,46,-0.408,negative,True
j_0003914,u_01595,2025-08-13 20:55:00,grateful,self,light_islamic,,82,0.077,neutral,True
j_0003915,u_01595,2025-08-20 10:51:00,neutral,self,universal,at_peace,84,0.127,neutral,True
j_0003916,u_01595,2025-08-21 16:42:00,neutral,burnout,universal,at_peace,133,0.407,positive,True
j_0003917,u_01595,2025-08-26 15:50:00,good,anxiety,universal,at_peace,106,0.296,positive,True
j_0003918,u_01595,2025-08-28 07:47:00,good,faith,light_islamic,questioning,224,0.866,positive,True
j_0003919,u_01595,2025-09-03 09:57:00,neutral,self,light_islamic,questioning,72,-0.218,negative,True
j_0003920,u_01596,2025-03-11 11:04:00,neutral,purpose,universal,hurting,44,-0.007,neutral,True
j_0003921,u_01596,2025-03-12 19:27:00,good,anxiety,light_islamic,at_peace,109,0.441,positive,True
j_0003922,u_01596,2025-03-15 18:38:00,grateful,confidence,deeper_faith,distant,227,0.587,positive,True
j_0003923,u_01598,2025-05-20 08:13:00,low,habits,universal,,65,-0.637,negative,True
j_0003924,u_01598,2025-05-27 14:32:00,good,confidence,universal,at_peace,206,-0.11,neutral,True
j_0003925,u_01598,2025-06-04 08:02:00,good,relationships,light_islamic,hurting,204,0.085,neutral,True
j_0003926,u_01598,2025-06-05 22:10:00,very_low,relationships,universal,at_peace,50,-0.505,negative,True
j_0003927,u_01598,2025-06-06 07:42:00,good,faith,light_islamic,questioning,49,0.755,positive,True
j_0003928,u_01598,2025-06-17 19:29:00,good,habits,universal,at_peace,48,-0.054,neutral,True
j_0003929,u_01599,2025-11-14 21:45:00,good,habits,deeper_faith,,173,0.298,positive,True
j_0003930,u_01599,2025-11-15 22:06:00,neutral,burnout,universal,,102,-0.18,negative,True
j_0003931,u_01599,2025-11-19 08:03:00,low,purpose,universal,at_peace,177,-0.517,negative,True
j_0003932,u_01599,2025-11-24 20:18:00,good,gratitude,universal,at_peace,41,0.261,positive,True
j_0003933,u_01599,2025-11-28 11:47:00,low,faith,light_islamic,distant,48,-0.037,neutral,True
j_0003934,u_01599,2025-12-06 20:13:00,good,relationships,light_islamic,at_peace,27,0.127,neutral,True
j_0003935,u_01599,2025-12-11 18:23:00,grateful,purpose,universal,distant,159,0.052,neutral,True
j_0003936,u_01600,2025-11-04 10:43:00,very_low,habits,universal,at_peace,77,-0.495,negative,True
j_0003937,u_01600,2025-11-05 08:44:00,neutral,anxiety,universal,at_peace,60,-0.117,neutral,True
j_0003938,u_01600,2025-11-11 10:11:00,neutral,relationships,deeper_faith,distant,46,0.188,positive,True
j_0003939,u_01600,2025-11-12 08:51:00,low,work,universal,at_peace,124,0.138,neutral,True
j_0003940,u_01600,2025-11-15 19:23:00,neutral,confidence,light_islamic,distant,67,-0.235,negative,True
j_0003941,u_01600,2025-11-16 16:39:00,very_low,confidence,light_islamic,at_peace,177,-0.31,negative,True
j_0003942,u_01601,2025-01-11 07:53:00,neutral,anxiety,universal,,43,-0.153,negative,True
j_0003943,u_01601,2025-01-15 08:25:00,neutral,habits,light_islamic,hurting,43,-0.15,negative,True
j_0003944,u_01601,2025-01-19 18:51:00,very_low,confidence,deeper_faith,at_peace,113,0.07,neutral,True
j_0003945,u_01601,2025-01-28 14:05:00,grateful,self,deeper_faith,at_peace,70,0.569,positive,True
j_0003946,u_01602,2025-07-09 14:19:00,good,gratitude,light_islamic,,30,0.323,positive,True
j_0003947,u_01602,2025-07-10 15:31:00,good,anxiety,universal,,225,-0.021,neutral,True
j_0003948,u_01602,2025-07-16 14:29:00,low,anxiety,light_islamic,questioning,62,-0.251,negative,True
j_0003949,u_01602,2025-07-23 19:35:00,good,faith,universal,at_peace,33,0.497,positive,True
j_0003950,u_01602,2025-07-25 14:51:00,low,purpose,light_islamic,distant,58,-0.293,negative,True
j_0003951,u_01602,2025-08-07 15:36:00,good,burnout,universal,at_peace,44,0.744,positive,True
j_0003952,u_01603,2025-09-07 12:08:00,good,self,light_islamic,,63,0.462,positive,True
j_0003953,u_01603,2025-09-08 12:26:00,good,work,light_islamic,,39,0.555,positive,True
j_0003954,u_01603,2025-09-22 12:48:00,low,confidence,universal,at_peace,43,-0.069,neutral,True
j_0003955,u_01603,2025-09-23 20:07:00,good,habits,universal,questioning,155,0.433,positive,True
j_0003956,u_01603,2025-09-29 10:45:00,neutral,burnout,universal,questioning,72,0.144,neutral,True
j_0003957,u_01603,2025-10-02 10:11:00,good,work,light_islamic,at_peace,40,0.606,positive,True
j_0003958,u_01604,2025-10-01 20:58:00,good,self,universal,,26,0.342,positive,True
j_0003959,u_01604,2025-10-03 20:09:00,low,confidence,light_islamic,,36,-0.39,negative,True
j_0003960,u_01604,2025-10-11 14:50:00,good,relationships,light_islamic,at_peace,24,0.484,positive,True
j_0003961,u_01604,2025-10-14 17:38:00,good,gratitude,light_islamic,distant,47,0.212,positive,True
j_0003962,u_01604,2025-10-19 17:40:00,low,anxiety,light_islamic,at_peace,144,-0.133,neutral,True
j_0003963,u_01609,2025-11-16 20:06:00,good,relationships,universal,questioning,40,0.574,positive,True
j_0003964,u_01609,2025-11-19 20:54:00,low,gratitude,light_islamic,questioning,69,-0.53,negative,True
j_0003965,u_01609,2025-11-26 17:16:00,neutral,work,universal,questioning,25,0.108,neutral,True
j_0003966,u_01610,2025-11-27 11:45:00,low,purpose,light_islamic,,170,-0.274,negative,True
j_0003967,u_01610,2025-11-28 15:18:00,neutral,faith,light_islamic,,41,0.013,neutral,True
j_0003968,u_01610,2025-11-30 16:13:00,low,relationships,deeper_faith,,12,-0.395,negative,True
j_0003969,u_01610,2025-12-25 15:50:00,good,gratitude,light_islamic,distant,30,0.175,positive,True
j_0003970,u_01613,2025-05-10 22:02:00,grateful,confidence,light_islamic,,54,0.819,positive,True
j_0003971,u_01613,2025-05-17 15:55:00,neutral,anxiety,light_islamic,questioning,43,0.039,neutral,True
j_0003972,u_01613,2025-05-18 17:53:00,good,work,light_islamic,at_peace,52,0.129,neutral,True
j_0003973,u_01613,2025-05-29 10:19:00,good,relationships,deeper_faith,questioning,29,0.788,positive,True
j_0003974,u_01613,2025-06-09 19:49:00,good,relationships,light_islamic,questioning,26,0.661,positive,True
j_0003975,u_01622,2025-06-29 08:18:00,good,relationships,universal,distant,27,0.562,positive,True
j_0003976,u_01622,2025-07-08 12:59:00,low,self,universal,at_peace,39,-0.363,negative,True
j_0003977,u_01622,2025-07-14 09:18:00,neutral,purpose,light_islamic,at_peace,41,0.257,positive,True
j_0003978,u_01622,2025-07-15 11:27:00,good,work,universal,questioning,19,0.066,neutral,True
j_0003979,u_01622,2025-07-21 13:07:00,good,gratitude,light_islamic,at_peace,233,-0.001,neutral,True
j_0003980,u_01622,2025-07-25 10:42:00,good,work,light_islamic,distant,48,0.375,positive,True
j_0003981,u_01626,2025-04-19 18:02:00,good,faith,universal,distant,33,0.421,positive,True
j_0003982,u_01626,2025-04-21 18:33:00,grateful,burnout,deeper_faith,distant,208,0.266,positive,True
j_0003983,u_01626,2025-04-27 11:33:00,low,faith,deeper_faith,questioning,85,-0.384,negative,True
j_0003984,u_01626,2025-04-30 17:21:00,good,purpose,light_islamic,questioning,80,0.308,positive,True
j_0003985,u_01626,2025-05-10 14:58:00,good,confidence,light_islamic,questioning,110,0.399,positive,True
j_0003986,u_01626,2025-05-14 09:05:00,grateful,gratitude,universal,at_peace,98,0.493,positive,True
j_0003987,u_01629,2025-10-22 19:14:00,good,relationships,universal,,94,0.485,positive,True
j_0003988,u_01629,2025-10-24 22:24:00,very_low,anxiety,light_islamic,at_peace,36,-0.672,negative,True
j_0003989,u_01629,2025-10-27 21:52:00,neutral,confidence,universal,questioning,158,-0.12,neutral,True
j_0003990,u_01629,2025-10-28 16:19:00,neutral,faith,universal,questioning,99,0.112,neutral,True
j_0003991,u_01629,2025-11-03 21:05:00,neutral,burnout,universal,at_peace,47,-0.101,neutral,True
j_0003992,u_01629,2025-11-04 08:33:00,low,relationships,light_islamic,hurting,91,-0.41,negative,True
j_0003993,u_01629,2025-11-12 13:20:00,grateful,anxiety,deeper_faith,at_peace,35,0.464,positive,True
j_0003994,u_01629,2025-11-13 20:02:00,neutral,self,light_islamic,at_peace,22,-0.011,neutral,True
j_0003995,u_01629,2025-11-18 12:55:00,good,relationships,deeper_faith,at_peace,378,0.088,neutral,True
j_0003996,u_01631,2025-01-15 12:58:00,very_low,relationships,light_islamic,,74,-0.516,negative,True
j_0003997,u_01631,2025-01-21 12:37:00,neutral,anxiety,universal,at_peace,62,0.012,neutral,True
j_0003998,u_01631,2025-01-24 17:14:00,neutral,anxiety,universal,questioning,134,0.145,neutral,True
j_0003999,u_01633,2025-02-07 20:11:00,grateful,self,deeper_faith,,130,0.197,positive,True
j_0004000,u_01633,2025-02-11 10:40:00,good,self,universal,at_peace,184,0.307,positive,True
j_0004001,u_01633,2025-02-16 16:52:00,good,faith,universal,hurting,427,0.115,neutral,True
j_0004002,u_01636,2025-10-15 16:27:00,neutral,anxiety,deeper_faith,at_peace,44,0.167,positive,True
j_0004003,u_01636,2025-10-18 19:11:00,good,gratitude,universal,questioning,103,0.482,positive,True
j_0004004,u_01636,2025-11-10 07:29:00,good,purpose,universal,at_peace,74,0.501,positive,True
j_0004005,u_01638,2025-01-20 09:12:00,low,burnout,universal,,187,-0.22,negative,True
j_0004006,u_01638,2025-01-22 14:46:00,neutral,faith,deeper_faith,,63,-0.112,neutral,True
j_0004007,u_01638,2025-01-23 16:11:00,neutral,anxiety,deeper_faith,,50,0.072,neutral,True
j_0004008,u_01638,2025-01-29 07:39:00,grateful,work,light_islamic,questioning,118,0.068,neutral,True
j_0004009,u_01638,2025-01-31 11:17:00,good,faith,deeper_faith,at_peace,42,-0.116,neutral,True
j_0004010,u_01638,2025-02-05 15:38:00,good,habits,light_islamic,at_peace,58,0.125,neutral,True
j_0004011,u_01638,2025-02-13 11:25:00,low,habits,light_islamic,hurting,18,-0.06,neutral,True
j_0004012,u_01639,2025-06-15 11:38:00,good,gratitude,light_islamic,distant,126,0.101,neutral,True
j_0004013,u_01639,2025-06-22 21:36:00,neutral,self,universal,distant,138,0.13,neutral,True
j_0004014,u_01639,2025-06-23 14:57:00,neutral,burnout,light_islamic,at_peace,13,0.304,positive,True
j_0004015,u_01639,2025-06-29 17:40:00,good,confidence,light_islamic,distant,59,0.514,positive,True
j_0004016,u_01640,2025-10-29 12:20:00,low,anxiety,universal,hurting,30,-0.284,negative,True
j_0004017,u_01640,2025-10-30 10:47:00,good,burnout,light_islamic,at_peace,65,0.173,positive,True
j_0004018,u_01640,2025-11-07 21:04:00,neutral,anxiety,universal,at_peace,25,0.224,positive,True
j_0004019,u_01640,2025-11-09 21:21:00,good,habits,light_islamic,distant,475,0.2,positive,True
j_0004020,u_01640,2025-11-20 14:21:00,grateful,gratitude,universal,questioning,23,0.467,positive,True
j_0004021,u_01641,2025-02-13 14:37:00,good,relationships,universal,,59,0.212,positive,True
j_0004022,u_01641,2025-02-14 15:45:00,neutral,faith,light_islamic,questioning,31,0.663,positive,True
j_0004023,u_01641,2025-02-15 11:27:00,neutral,habits,universal,at_peace,224,0.022,neutral,True
j_0004024,u_01641,2025-02-16 18:24:00,neutral,confidence,universal,distant,70,0.278,positive,True
j_0004025,u_01641,2025-02-22 13:44:00,grateful,gratitude,universal,hurting,261,0.439,positive,True
j_0004026,u_01641,2025-03-02 08:53:00,neutral,burnout,universal,questioning,78,0.164,positive,True
j_0004027,u_01641,2025-03-09 18:26:00,good,self,universal,at_peace,85,0.231,positive,True
j_0004028,u_01644,2025-09-26 18:58:00,neutral,habits,universal,,187,-0.298,negative,True
j_0004029,u_01644,2025-09-27 13:51:00,good,burnout,light_islamic,,130,0.31,positive,True
j_0004030,u_01644,2025-09-28 13:30:00,neutral,habits,universal,,65,0.109,neutral,True
j_0004031,u_01644,2025-09-29 19:32:00,low,faith,light_islamic,,79,-0.021,neutral,True
j_0004032,u_01644,2025-10-02 10:04:00,low,confidence,universal,at_peace,57,-0.599,negative,True
j_0004033,u_01644,2025-10-06 17:08:00,neutral,self,universal,distant,341,-0.07,neutral,True
j_0004034,u_01644,2025-10-07 16:08:00,good,work,light_islamic,at_peace,68,0.478,positive,True
j_0004035,u_01644,2025-10-08 08:41:00,good,self,universal,distant,29,0.381,positive,True
j_0004036,u_01644,2025-10-15 13:48:00,neutral,anxiety,light_islamic,distant,23,0.124,neutral,True
j_0004037,u_01644,2025-10-17 16:40:00,good,self,universal,at_peace,49,0.248,positive,True
j_0004038,u_01645,2025-02-25 08:12:00,grateful,self,light_islamic,,67,0.421,positive,True
j_0004039,u_01645,2025-02-26 17:41:00,good,burnout,light_islamic,,31,0.3,positive,True
j_0004040,u_01645,2025-02-27 17:05:00,neutral,faith,light_islamic,,46,-0.164,negative,True
j_0004041,u_01645,2025-03-01 18:56:00,neutral,confidence,light_islamic,at_peace,24,-0.107,neutral,True
j_0004042,u_01645,2025-03-06 08:10:00,neutral,work,light_islamic,at_peace,111,0.185,positive,True
j_0004043,u_01645,2025-03-08 09:54:00,grateful,anxiety,light_islamic,at_peace,67,0.418,positive,True
j_0004044,u_01645,2025-03-11 18:34:00,neutral,work,universal,at_peace,195,0.182,positive,True
j_0004045,u_01645,2025-03-12 12:57:00,grateful,faith,light_islamic,questioning,106,0.49,positive,True
j_0004046,u_01645,2025-03-18 12:11:00,low,burnout,deeper_faith,at_peace,19,-0.483,negative,True
j_0004047,u_01645,2025-03-23 09:16:00,good,work,universal,distant,61,0.062,neutral,True
j_0004048,u_01649,2025-06-24 08:23:00,neutral,habits,light_islamic,,103,0.236,positive,True
j_0004049,u_01649,2025-06-25 14:11:00,good,confidence,universal,,72,0.332,positive,True
j_0004050,u_01649,2025-06-26 15:08:00,good,purpose,light_islamic,,40,0.179,positive,True
j_0004051,u_01649,2025-07-04 14:27:00,good,confidence,universal,at_peace,38,0.421,positive,True
j_0004052,u_01649,2025-07-07 18:43:00,grateful,gratitude,light_islamic,questioning,24,0.647,positive,True
j_0004053,u_01653,2025-10-09 11:07:00,good,gratitude,universal,,36,0.278,positive,True
j_0004054,u_01653,2025-10-13 10:53:00,good,relationships,universal,questioning,50,0.818,positive,True
j_0004055,u_01653,2025-10-14 19:59:00,grateful,burnout,light_islamic,at_peace,132,0.848,positive,True
j_0004056,u_01653,2025-11-04 15:27:00,low,relationships,light_islamic,at_peace,40,-0.48,negative,True
j_0004057,u_01653,2025-11-05 14:35:00,good,faith,universal,at_peace,26,0.388,positive,True
j_0004058,u_01655,2025-01-24 20:19:00,low,confidence,light_islamic,distant,126,-0.137,neutral,True
j_0004059,u_01655,2025-01-25 09:37:00,good,habits,light_islamic,at_peace,92,0.144,neutral,True
j_0004060,u_01655,2025-01-28 11:38:00,low,faith,light_islamic,at_peace,19,-0.411,negative,True
j_0004061,u_01655,2025-01-29 11:52:00,good,gratitude,universal,at_peace,52,0.243,positive,True
j_0004062,u_01655,2025-02-01 15:50:00,good,work,universal,distant,93,0.275,positive,True
j_0004063,u_01655,2025-02-07 14:28:00,good,gratitude,universal,questioning,39,0.546,positive,True
j_0004064,u_01655,2025-02-08 07:32:00,good,purpose,light_islamic,distant,47,0.425,positive,True
j_0004065,u_01656,2025-12-27 17:27:00,low,burnout,universal,,113,0.002,neutral,True
j_0004066,u_01656,2025-12-31 17:29:00,very_low,relationships,light_islamic,at_peace,74,-0.538,negative,True
j_0004067,u_01656,2026-01-02 20:34:00,neutral,habits,light_islamic,questioning,51,0.174,positive,True
j_0004068,u_01656,2026-01-09 10:49:00,good,habits,light_islamic,hurting,63,0.287,positive,True
j_0004069,u_01656,2026-01-12 21:56:00,low,faith,universal,hurting,39,-0.165,negative,True
j_0004070,u_01656,2026-01-18 09:19:00,grateful,burnout,deeper_faith,distant,50,0.755,positive,True
j_0004071,u_01656,2026-01-19 13:30:00,neutral,purpose,universal,questioning,245,-0.247,negative,True
j_0004072,u_01658,2025-12-22 14:09:00,good,anxiety,universal,,73,0.453,positive,True
j_0004073,u_01658,2025-12-25 21:47:00,good,relationships,light_islamic,,84,-0.105,neutral,True
j_0004074,u_01658,2025-12-29 12:36:00,grateful,relationships,universal,at_peace,193,0.339,positive,True
j_0004075,u_01658,2026-01-09 19:23:00,grateful,anxiety,universal,questioning,78,0.515,positive,True
j_0004076,u_01658,2026-01-10 14:33:00,good,confidence,light_islamic,at_peace,60,0.053,neutral,True
j_0004077,u_01658,2026-01-16 13:47:00,good,anxiety,deeper_faith,questioning,50,0.412,positive,True
j_0004078,u_01660,2025-01-29 07:52:00,low,faith,universal,at_peace,46,-0.432,negative,True
j_0004079,u_01660,2025-02-09 09:24:00,good,gratitude,light_islamic,questioning,166,0.136,neutral,True
j_0004080,u_01660,2025-02-12 09:54:00,neutral,gratitude,light_islamic,at_peace,28,0.004,neutral,True
j_0004081,u_01661,2025-02-06 16:53:00,low,confidence,universal,,100,-0.225,negative,True
j_0004082,u_01661,2025-02-15 11:32:00,neutral,gratitude,light_islamic,distant,635,0.085,neutral,True
j_0004083,u_01663,2025-11-25 11:53:00,grateful,self,universal,,22,0.45,positive,True
j_0004084,u_01663,2025-12-17 15:06:00,very_low,habits,light_islamic,at_peace,122,-0.681,negative,True
j_0004085,u_01663,2025-12-19 20:41:00,very_low,habits,universal,hurting,82,-0.924,negative,True
j_0004086,u_01663,2025-12-24 14:10:00,very_low,confidence,light_islamic,distant,98,-0.525,negative,True
j_0004087,u_01665,2025-06-11 21:02:00,grateful,faith,light_islamic,,19,0.75,positive,True
j_0004088,u_01665,2025-06-12 17:59:00,very_low,self,universal,,158,-0.887,negative,True
j_0004089,u_01665,2025-06-17 14:20:00,neutral,confidence,universal,distant,34,-0.282,negative,True
j_0004090,u_01665,2025-07-07 18:55:00,good,gratitude,universal,at_peace,59,0.313,positive,True
j_0004091,u_01670,2025-05-16 16:41:00,good,habits,universal,questioning,59,0.489,positive,True
j_0004092,u_01670,2025-05-27 20:26:00,grateful,relationships,universal,questioning,14,0.716,positive,True
j_0004093,u_01671,2025-11-12 18:12:00,neutral,burnout,deeper_faith,at_peace,70,0.168,positive,True
j_0004094,u_01671,2025-11-14 18:51:00,neutral,gratitude,universal,questioning,212,-0.447,negative,True
j_0004095,u_01671,2025-11-24 07:21:00,grateful,habits,universal,at_peace,35,0.52,positive,True
j_0004096,u_01671,2025-12-01 21:34:00,good,confidence,universal,questioning,32,0.451,positive,True
j_0004097,u_01671,2025-12-03 08:54:00,low,burnout,universal,distant,25,-0.172,negative,True
j_0004098,u_01677,2025-09-25 20:47:00,good,self,light_islamic,,47,0.173,positive,True
j_0004099,u_01677,2025-10-11 12:34:00,good,anxiety,deeper_faith,at_peace,139,0.248,positive,True
j_0004100,u_01677,2025-10-12 12:21:00,neutral,burnout,light_islamic,at_peace,49,0.158,positive,True
j_0004101,u_01678,2025-05-31 12:31:00,low,self,universal,,21,0.062,neutral,True
j_0004102,u_01678,2025-06-01 12:17:00,good,anxiety,light_islamic,,85,0.316,positive,True
j_0004103,u_01678,2025-06-03 07:45:00,very_low,work,deeper_faith,,22,-0.162,negative,True
j_0004104,u_01678,2025-06-10 11:13:00,good,faith,universal,distant,134,0.238,positive,True
j_0004105,u_01678,2025-06-12 18:39:00,neutral,habits,universal,distant,233,0.186,positive,True
j_0004106,u_01678,2025-06-14 17:19:00,good,burnout,light_islamic,distant,32,0.073,neutral,True
j_0004107,u_01678,2025-06-15 13:24:00,good,anxiety,universal,at_peace,48,0.227,positive,True
j_0004108,u_01678,2025-06-17 12:14:00,low,relationships,universal,distant,20,-0.076,neutral,True
j_0004109,u_01678,2025-06-20 19:33:00,neutral,faith,light_islamic,at_peace,33,-0.139,neutral,True
j_0004110,u_01678,2025-06-23 14:38:00,neutral,self,light_islamic,at_peace,148,0.232,positive,True
j_0004111,u_01678,2025-06-25 14:27:00,very_low,confidence,deeper_faith,at_peace,55,-0.308,negative,True
j_0004112,u_01680,2025-06-09 13:21:00,good,anxiety,light_islamic,,122,0.59,positive,True
j_0004113,u_01680,2025-06-13 21:52:00,good,burnout,deeper_faith,hurting,164,0.322,positive,True
j_0004114,u_01680,2025-06-14 10:55:00,low,burnout,light_islamic,at_peace,147,-0.312,negative,True
j_0004115,u_01680,2025-06-22 09:49:00,good,relationships,universal,at_peace,36,0.361,positive,True
j_0004116,u_01680,2025-07-08 14:29:00,grateful,faith,light_islamic,questioning,187,0.045,neutral,True
j_0004117,u_01683,2025-11-18 19:42:00,neutral,anxiety,light_islamic,,90,-0.233,negative,True
j_0004118,u_01683,2025-11-22 15:50:00,grateful,work,universal,at_peace,42,0.467,positive,True
j_0004119,u_01683,2025-11-23 21:10:00,neutral,self,universal,questioning,64,-0.075,neutral,True
j_0004120,u_01683,2025-11-27 09:43:00,neutral,work,universal,hurting,14,-0.031,neutral,True
j_0004121,u_01683,2025-11-29 17:41:00,good,confidence,light_islamic,distant,25,0.182,positive,True
j_0004122,u_01683,2025-12-11 09:36:00,good,work,universal,at_peace,95,0.242,positive,True
j_0004123,u_01683,2025-12-16 14:54:00,very_low,relationships,universal,questioning,87,-0.271,negative,True
j_0004124,u_01684,2025-03-04 08:48:00,neutral,self,deeper_faith,,168,-0.103,neutral,True
j_0004125,u_01684,2025-03-12 11:53:00,neutral,gratitude,light_islamic,at_peace,30,-0.151,negative,True
j_0004126,u_01684,2025-03-17 15:27:00,low,gratitude,deeper_faith,hurting,119,-0.131,neutral,True
j_0004127,u_01684,2025-03-25 11:11:00,good,anxiety,deeper_faith,distant,48,0.106,neutral,True
j_0004128,u_01684,2025-03-30 20:28:00,neutral,habits,universal,questioning,166,0.307,positive,True
j_0004129,u_01686,2025-02-07 18:20:00,good,anxiety,universal,,38,0.382,positive,True
j_0004130,u_01686,2025-02-22 19:25:00,good,habits,universal,questioning,147,0.552,positive,True
j_0004131,u_01686,2025-03-01 17:40:00,grateful,confidence,light_islamic,at_peace,63,0.724,positive,True
j_0004132,u_01686,2025-03-06 12:28:00,good,habits,deeper_faith,hurting,39,0.091,neutral,True
j_0004133,u_01690,2025-06-30 12:14:00,low,self,universal,,32,-0.384,negative,True
j_0004134,u_01690,2025-07-01 07:30:00,neutral,burnout,universal,,41,0.378,positive,True
j_0004135,u_01690,2025-07-03 21:41:00,good,habits,universal,,12,0.13,neutral,True
j_0004136,u_01690,2025-07-04 20:48:00,neutral,work,universal,at_peace,17,-0.134,neutral,True
j_0004137,u_01690,2025-07-06 18:39:00,low,purpose,universal,distant,43,-0.022,neutral,True
j_0004138,u_01690,2025-07-12 08:30:00,neutral,relationships,light_islamic,at_peace,212,0.025,neutral,True
j_0004139,u_01690,2025-07-16 16:07:00,good,confidence,universal,distant,14,0.478,positive,True
j_0004140,u_01690,2025-07-17 17:29:00,very_low,faith,light_islamic,at_peace,29,-0.489,negative,True
j_0004141,u_01690,2025-07-26 22:03:00,good,faith,light_islamic,questioning,102,0.461,positive,True
j_0004142,u_01691,2025-02-05 08:13:00,low,gratitude,deeper_faith,,67,-0.426,negative,True
j_0004143,u_01691,2025-02-08 08:49:00,grateful,confidence,universal,,24,0.265,positive,True
j_0004144,u_01693,2025-01-02 11:41:00,grateful,anxiety,deeper_faith,,158,0.47,positive,True
j_0004145,u_01693,2025-01-03 21:13:00,good,gratitude,universal,,158,0.335,positive,True
j_0004146,u_01693,2025-01-14 12:16:00,good,relationships,light_islamic,at_peace,115,0.293,positive,True
j_0004147,u_01693,2025-01-18 20:01:00,very_low,purpose,universal,questioning,57,-0.736,negative,True
j_0004148,u_01694,2025-01-11 21:55:00,low,faith,universal,at_peace,36,-0.766,negative,True
j_0004149,u_01694,2025-01-18 20:55:00,low,purpose,light_islamic,distant,443,0.098,neutral,True
j_0004150,u_01694,2025-01-24 11:05:00,low,anxiety,deeper_faith,questioning,103,-0.503,negative,True
j_0004151,u_01694,2025-01-31 16:53:00,grateful,anxiety,deeper_faith,at_peace,52,0.472,positive,True
j_0004152,u_01695,2025-07-01 08:36:00,good,anxiety,universal,,72,0.643,positive,True
j_0004153,u_01695,2025-07-11 20:20:00,low,anxiety,universal,distant,58,-0.549,negative,True
j_0004154,u_01695,2025-07-12 08:56:00,neutral,relationships,universal,questioning,95,0.142,neutral,True
j_0004155,u_01695,2025-07-14 20:24:00,neutral,gratitude,light_islamic,questioning,47,-0.234,negative,True
j_0004156,u_01695,2025-07-19 10:26:00,good,relationships,deeper_faith,at_peace,53,0.526,positive,True
j_0004157,u_01696,2025-03-03 21:43:00,neutral,habits,universal,,132,-0.038,neutral,True
j_0004158,u_01696,2025-03-12 14:29:00,neutral,faith,universal,distant,80,-0.024,neutral,True
j_0004159,u_01696,2025-03-14 10:44:00,neutral,faith,universal,questioning,68,-0.226,negative,True
j_0004160,u_01696,2025-03-19 20:13:00,good,purpose,light_islamic,distant,73,0.452,positive,True
j_0004161,u_01696,2025-03-20 14:24:00,neutral,work,universal,at_peace,69,0.058,neutral,True
j_0004162,u_01696,2025-03-28 08:58:00,neutral,purpose,deeper_faith,at_peace,29,0.343,positive,True
j_0004163,u_01698,2025-08-04 19:56:00,neutral,self,deeper_faith,,64,-0.243,negative,True
j_0004164,u_01698,2025-08-07 13:12:00,neutral,anxiety,universal,,209,0.256,positive,True
j_0004165,u_01698,2025-08-16 16:48:00,grateful,work,deeper_faith,at_peace,51,0.037,neutral,True
j_0004166,u_01699,2025-04-27 08:21:00,neutral,habits,deeper_faith,,79,-0.01,neutral,True
j_0004167,u_01699,2025-04-28 21:20:00,good,habits,universal,,247,0.06,neutral,True
j_0004168,u_01699,2025-04-29 19:59:00,grateful,work,light_islamic,at_peace,39,0.748,positive,True
j_0004169,u_01699,2025-05-06 09:08:00,low,faith,light_islamic,at_peace,47,0.064,neutral,True
j_0004170,u_01699,2025-05-11 09:28:00,neutral,habits,universal,distant,192,0.206,positive,True
j_0004171,u_01701,2025-05-15 17:28:00,good,anxiety,deeper_faith,,89,0.074,neutral,True
j_0004172,u_01701,2025-05-16 19:53:00,grateful,anxiety,light_islamic,,135,0.442,positive,True
j_0004173,u_01701,2025-05-19 09:42:00,neutral,self,universal,at_peace,123,0.358,positive,True
j_0004174,u_01701,2025-05-22 07:56:00,neutral,purpose,deeper_faith,at_peace,25,-0.17,negative,True
j_0004175,u_01701,2025-05-26 16:16:00,very_low,faith,universal,at_peace,200,-0.436,negative,True
j_0004176,u_01703,2025-02-04 17:42:00,grateful,anxiety,light_islamic,,158,0.128,neutral,True
j_0004177,u_01703,2025-02-08 15:42:00,neutral,habits,light_islamic,at_peace,218,-0.053,neutral,True
j_0004178,u_01703,2025-02-09 19:06:00,neutral,confidence,deeper_faith,at_peace,22,0.004,neutral,True
j_0004179,u_01703,2025-03-01 10:18:00,good,burnout,universal,questioning,26,-0.062,neutral,True
j_0004180,u_01704,2025-09-03 19:15:00,good,habits,light_islamic,,75,0.614,positive,True
j_0004181,u_01704,2025-09-06 10:53:00,very_low,work,universal,,70,-1.0,negative,True
j_0004182,u_01704,2025-10-02 15:25:00,neutral,confidence,light_islamic,distant,34,-0.057,neutral,True
j_0004183,u_01705,2025-10-08 18:50:00,good,faith,universal,questioning,48,0.808,positive,True
j_0004184,u_01705,2025-10-12 14:16:00,grateful,faith,light_islamic,distant,41,0.497,positive,True
j_0004185,u_01705,2025-10-24 07:52:00,good,faith,light_islamic,distant,18,0.211,positive,True
j_0004186,u_01705,2025-11-01 20:40:00,very_low,work,universal,questioning,22,-0.41,negative,True
j_0004187,u_01712,2025-01-26 17:32:00,good,confidence,universal,,189,0.106,neutral,True
j_0004188,u_01712,2025-02-02 17:19:00,neutral,anxiety,deeper_faith,distant,79,-0.173,negative,True
j_0004189,u_01712,2025-02-05 14:20:00,neutral,relationships,universal,hurting,69,-0.291,negative,True
j_0004190,u_01712,2025-02-11 09:48:00,neutral,confidence,light_islamic,questioning,89,0.05,neutral,True
j_0004191,u_01712,2025-02-15 13:12:00,neutral,relationships,light_islamic,distant,34,-0.107,neutral,True
j_0004192,u_01718,2025-04-24 16:23:00,low,burnout,universal,,31,-0.241,negative,True
j_0004193,u_01718,2025-04-30 21:30:00,good,self,light_islamic,hurting,42,0.262,positive,True
j_0004194,u_01718,2025-05-04 12:21:00,grateful,burnout,light_islamic,distant,273,0.149,neutral,True
j_0004195,u_01718,2025-05-12 12:51:00,low,relationships,universal,distant,16,-0.122,neutral,True
j_0004196,u_01719,2025-03-25 15:13:00,good,self,deeper_faith,,39,0.398,positive,True
j_0004197,u_01719,2025-03-29 08:34:00,good,confidence,universal,at_peace,189,0.339,positive,True
j_0004198,u_01719,2025-03-30 16:50:00,good,purpose,universal,at_peace,43,0.459,positive,True
j_0004199,u_01719,2025-04-08 21:06:00,grateful,burnout,universal,distant,88,0.791,positive,True
j_0004200,u_01719,2025-04-11 20:24:00,neutral,purpose,light_islamic,at_peace,30,-0.005,neutral,True
j_0004201,u_01719,2025-04-18 14:47:00,good,confidence,light_islamic,distant,181,0.297,positive,True
j_0004202,u_01720,2025-08-18 21:28:00,very_low,relationships,deeper_faith,questioning,118,-0.596,negative,True
j_0004203,u_01720,2025-08-25 13:56:00,good,anxiety,light_islamic,at_peace,75,0.447,positive,True
j_0004204,u_01724,2025-02-26 07:12:00,good,gratitude,light_islamic,,18,0.193,positive,True
j_0004205,u_01724,2025-02-27 21:10:00,good,purpose,universal,,124,0.471,positive,True
j_0004206,u_01724,2025-03-03 10:42:00,neutral,faith,light_islamic,distant,76,0.256,positive,True
j_0004207,u_01724,2025-03-06 19:57:00,low,anxiety,universal,hurting,268,0.045,neutral,True
j_0004208,u_01724,2025-03-07 16:37:00,neutral,purpose,light_islamic,questioning,60,-0.666,negative,True
j_0004209,u_01725,2025-03-31 14:58:00,neutral,relationships,universal,,89,0.332,positive,True
j_0004210,u_01725,2025-04-03 08:38:00,good,faith,light_islamic,,67,-0.108,neutral,True
j_0004211,u_01725,2025-04-09 11:42:00,neutral,burnout,universal,at_peace,260,0.23,positive,True
j_0004212,u_01725,2025-04-11 13:42:00,good,anxiety,light_islamic,at_peace,32,0.232,positive,True
j_0004213,u_01727,2025-08-24 20:27:00,neutral,confidence,light_islamic,,176,-0.028,neutral,True
j_0004214,u_01727,2025-08-31 14:42:00,neutral,habits,light_islamic,questioning,100,0.156,positive,True
j_0004215,u_01727,2025-09-03 17:06:00,neutral,habits,universal,questioning,104,-0.22,negative,True
j_0004216,u_01727,2025-09-06 13:53:00,good,habits,light_islamic,at_peace,67,0.473,positive,True
j_0004217,u_01727,2025-09-13 18:58:00,very_low,gratitude,universal,distant,37,-1.0,negative,True
j_0004218,u_01727,2025-09-16 19:54:00,good,gratitude,universal,at_peace,46,0.717,positive,True
j_0004219,u_01727,2025-09-19 19:02:00,neutral,burnout,deeper_faith,questioning,237,0.308,positive,True
j_0004220,u_01728,2025-12-14 16:54:00,good,habits,universal,,19,0.039,neutral,True
j_0004221,u_01728,2025-12-19 21:34:00,neutral,habits,light_islamic,at_peace,352,0.262,positive,True
j_0004222,u_01728,2025-12-21 13:51:00,neutral,self,universal,questioning,335,0.035,neutral,True
j_0004223,u_01728,2025-12-23 12:33:00,neutral,confidence,light_islamic,at_peace,99,-0.204,negative,True
j_0004224,u_01728,2026-01-02 18:43:00,grateful,anxiety,universal,questioning,28,0.306,positive,True
j_0004225,u_01728,2026-01-04 12:49:00,low,confidence,universal,at_peace,116,-0.101,neutral,True
j_0004226,u_01728,2026-01-06 08:54:00,good,habits,universal,questioning,46,0.639,positive,True
j_0004227,u_01728,2026-01-09 18:00:00,grateful,self,universal,at_peace,126,0.652,positive,True
j_0004228,u_01728,2026-01-11 13:24:00,low,burnout,universal,at_peace,51,-0.203,negative,True
j_0004229,u_01733,2025-04-08 08:47:00,low,gratitude,deeper_faith,,26,-0.316,negative,True
j_0004230,u_01733,2025-04-16 21:59:00,good,confidence,deeper_faith,at_peace,75,0.498,positive,True
j_0004231,u_01733,2025-04-19 09:22:00,grateful,confidence,universal,distant,70,0.632,positive,True
j_0004232,u_01736,2025-03-02 18:34:00,low,habits,deeper_faith,,72,-0.116,neutral,True
j_0004233,u_01736,2025-03-04 10:37:00,neutral,anxiety,universal,,41,0.403,positive,True
j_0004234,u_01738,2025-09-07 19:48:00,neutral,habits,universal,,96,-0.377,negative,True
j_0004235,u_01738,2025-09-09 19:34:00,good,purpose,deeper_faith,,33,0.272,positive,True
j_0004236,u_01738,2025-09-19 18:59:00,low,faith,deeper_faith,at_peace,36,-0.262,negative,True
j_0004237,u_01738,2025-09-25 17:59:00,good,relationships,light_islamic,hurting,95,-0.293,negative,True
j_0004238,u_01738,2025-09-29 09:40:00,low,work,light_islamic,at_peace,49,0.074,neutral,True
j_0004239,u_01740,2025-07-07 09:21:00,good,burnout,universal,,32,0.009,neutral,True
j_0004240,u_01740,2025-07-08 17:07:00,good,relationships,light_islamic,,49,0.351,positive,True
j_0004241,u_01740,2025-07-10 11:27:00,very_low,burnout,universal,,81,-0.463,negative,True
j_0004242,u_01740,2025-07-11 07:57:00,neutral,habits,light_islamic,distant,25,0.728,positive,True
j_0004243,u_01740,2025-07-14 21:36:00,very_low,faith,universal,at_peace,93,-0.612,negative,True
j_0004244,u_01740,2025-07-17 17:30:00,low,gratitude,light_islamic,distant,26,-0.559,negative,True
j_0004245,u_01740,2025-07-29 18:41:00,neutral,anxiety,deeper_faith,hurting,500,0.214,positive,True
j_0004246,u_01741,2025-10-03 08:41:00,neutral,purpose,light_islamic,,16,0.007,neutral,True
j_0004247,u_01741,2025-10-04 20:20:00,low,anxiety,universal,,129,0.153,positive,True
j_0004248,u_01741,2025-10-05 21:15:00,very_low,faith,deeper_faith,,83,-0.752,negative,True
j_0004249,u_01741,2025-10-06 13:09:00,neutral,work,deeper_faith,,57,0.056,neutral,True
j_0004250,u_01741,2025-10-08 17:14:00,grateful,work,light_islamic,at_peace,111,0.426,positive,True
j_0004251,u_01741,2025-10-11 08:46:00,good,anxiety,light_islamic,at_peace,78,0.34,positive,True
j_0004252,u_01741,2025-10-14 19:30:00,good,relationships,light_islamic,hurting,41,0.173,positive,True
j_0004253,u_01741,2025-10-24 07:39:00,neutral,anxiety,universal,questioning,91,0.083,neutral,True
j_0004254,u_01742,2025-05-11 09:29:00,neutral,gratitude,universal,,70,0.222,positive,True
j_0004255,u_01742,2025-05-13 18:06:00,good,confidence,universal,,60,0.406,positive,True
j_0004256,u_01742,2025-05-16 17:04:00,neutral,relationships,light_islamic,distant,56,0.225,positive,True
j_0004257,u_01744,2025-05-23 11:12:00,grateful,faith,universal,,37,0.375,positive,True
j_0004258,u_01744,2025-06-07 15:21:00,good,gratitude,universal,at_peace,80,0.411,positive,True
j_0004259,u_01744,2025-06-20 09:05:00,grateful,relationships,light_islamic,at_peace,85,0.564,positive,True
j_0004260,u_01749,2025-03-29 20:39:00,low,self,universal,at_peace,57,-0.084,neutral,True
j_0004261,u_01749,2025-03-30 18:39:00,good,relationships,deeper_faith,hurting,140,0.196,positive,True
j_0004262,u_01750,2025-02-08 20:10:00,low,confidence,universal,,76,-0.293,negative,True
j_0004263,u_01750,2025-02-10 09:32:00,neutral,faith,universal,,92,0.02,neutral,True
j_0004264,u_01750,2025-02-21 10:35:00,neutral,self,light_islamic,hurting,34,-0.129,neutral,True
j_0004265,u_01750,2025-03-08 10:42:00,good,purpose,deeper_faith,at_peace,15,0.172,positive,True
j_0004266,u_01751,2025-05-23 15:28:00,good,relationships,light_islamic,,85,0.396,positive,True
j_0004267,u_01751,2025-05-28 14:31:00,low,relationships,light_islamic,at_peace,17,-0.104,neutral,True
j_0004268,u_01751,2025-05-31 16:40:00,neutral,confidence,deeper_faith,questioning,47,-0.079,neutral,True
j_0004269,u_01751,2025-06-01 15:47:00,good,self,universal,questioning,106,-0.183,negative,True
j_0004270,u_01751,2025-06-05 17:46:00,grateful,faith,deeper_faith,at_peace,36,1.0,positive,True
j_0004271,u_01751,2025-06-10 08:31:00,good,habits,deeper_faith,at_peace,72,0.489,positive,True
j_0004272,u_01751,2025-06-14 08:06:00,good,faith,light_islamic,at_peace,223,0.094,neutral,True
j_0004273,u_01751,2025-06-17 13:16:00,very_low,anxiety,universal,questioning,67,-0.389,negative,True
j_0004274,u_01752,2025-01-08 14:08:00,grateful,work,deeper_faith,,115,0.458,positive,True
j_0004275,u_01752,2025-01-09 08:41:00,grateful,gratitude,universal,,44,0.529,positive,True
j_0004276,u_01752,2025-01-12 17:24:00,good,confidence,light_islamic,at_peace,106,0.421,positive,True
j_0004277,u_01752,2025-01-19 20:22:00,neutral,relationships,universal,questioning,129,-0.08,neutral,True
j_0004278,u_01752,2025-02-06 10:54:00,very_low,purpose,universal,distant,320,-0.134,neutral,True
j_0004279,u_01756,2025-07-22 13:41:00,neutral,anxiety,universal,,54,-0.365,negative,True
j_0004280,u_01756,2025-07-23 22:07:00,neutral,self,universal,,90,0.222,positive,True
j_0004281,u_01756,2025-07-26 18:21:00,good,burnout,universal,at_peace,75,0.329,positive,True
j_0004282,u_01756,2025-07-31 09:51:00,grateful,purpose,universal,at_peace,53,0.506,positive,True
j_0004283,u_01757,2025-02-04 08:09:00,neutral,anxiety,light_islamic,,101,0.119,neutral,True
j_0004284,u_01757,2025-02-07 08:53:00,neutral,faith,deeper_faith,at_peace,64,-0.206,negative,True
j_0004285,u_01757,2025-02-12 11:33:00,low,faith,universal,questioning,53,-0.255,negative,True
j_0004286,u_01757,2025-02-15 15:41:00,low,anxiety,light_islamic,hurting,57,-0.117,neutral,True
j_0004287,u_01757,2025-02-16 15:47:00,good,anxiety,universal,at_peace,40,0.069,neutral,True
j_0004288,u_01757,2025-02-17 08:04:00,good,work,universal,at_peace,110,-0.133,neutral,True
j_0004289,u_01757,2025-02-20 09:39:00,good,self,universal,at_peace,24,-0.048,neutral,True
j_0004290,u_01757,2025-02-23 16:13:00,neutral,gratitude,light_islamic,at_peace,42,0.178,positive,True
j_0004291,u_01757,2025-02-24 21:31:00,good,self,universal,questioning,106,0.057,neutral,True
j_0004292,u_01758,2025-12-26 10:34:00,grateful,work,universal,,52,0.302,positive,True
j_0004293,u_01758,2026-01-04 18:15:00,neutral,habits,deeper_faith,hurting,81,0.306,positive,True
j_0004294,u_01758,2026-01-05 16:05:00,low,confidence,universal,questioning,85,-0.575,negative,True
j_0004295,u_01758,2026-01-15 14:58:00,neutral,anxiety,universal,distant,62,0.085,neutral,True
j_0004296,u_01758,2026-01-18 09:00:00,neutral,habits,deeper_faith,at_peace,79,0.089,neutral,True
j_0004297,u_01759,2025-10-23 09:31:00,good,relationships,light_islamic,,79,0.375,positive,True
j_0004298,u_01759,2025-10-24 13:33:00,neutral,confidence,light_islamic,,72,-0.102,neutral,True
j_0004299,u_01759,2025-10-29 07:50:00,good,faith,light_islamic,questioning,71,0.165,positive,True
j_0004300,u_01759,2025-11-02 10:47:00,grateful,confidence,deeper_faith,distant,40,0.42,positive,True
j_0004301,u_01759,2025-11-09 21:30:00,low,self,light_islamic,at_peace,106,-0.136,neutral,True
j_0004302,u_01762,2025-07-16 08:37:00,grateful,purpose,light_islamic,,247,0.469,positive,True
j_0004303,u_01762,2025-07-17 21:08:00,good,relationships,universal,,162,0.247,positive,True
j_0004304,u_01762,2025-07-22 19:15:00,good,self,universal,distant,33,0.408,positive,True
j_0004305,u_01762,2025-07-23 16:39:00,grateful,work,universal,distant,290,0.574,positive,True
j_0004306,u_01762,2025-07-30 14:10:00,good,work,light_islamic,questioning,152,-0.113,neutral,True
j_0004307,u_01762,2025-08-01 14:21:00,low,self,light_islamic,at_peace,81,-0.221,negative,True
j_0004308,u_01762,2025-08-08 21:41:00,grateful,relationships,universal,at_peace,33,0.577,positive,True
j_0004309,u_01762,2025-08-13 19:49:00,neutral,purpose,universal,at_peace,55,-0.059,neutral,True
j_0004310,u_01765,2025-07-09 09:30:00,grateful,purpose,universal,,49,0.429,positive,True
j_0004311,u_01765,2025-07-26 21:11:00,good,burnout,universal,distant,64,0.066,neutral,True
j_0004312,u_01765,2025-07-28 09:19:00,neutral,habits,universal,at_peace,83,0.055,neutral,True
j_0004313,u_01765,2025-07-31 16:02:00,good,gratitude,light_islamic,questioning,130,0.356,positive,True
j_0004314,u_01765,2025-08-02 12:12:00,grateful,relationships,universal,distant,81,0.372,positive,True
j_0004315,u_01765,2025-08-03 21:25:00,good,gratitude,deeper_faith,at_peace,416,0.153,positive,True
j_0004316,u_01771,2025-08-01 16:37:00,very_low,confidence,deeper_faith,,80,-0.293,negative,True
j_0004317,u_01771,2025-08-04 08:22:00,neutral,purpose,light_islamic,,49,0.019,neutral,True
j_0004318,u_01771,2025-08-07 21:09:00,good,faith,deeper_faith,at_peace,59,0.106,neutral,True
j_0004319,u_01771,2025-08-13 08:38:00,good,confidence,universal,questioning,369,0.314,positive,True
j_0004320,u_01771,2025-08-21 13:28:00,good,purpose,light_islamic,at_peace,81,0.027,neutral,True
j_0004321,u_01771,2025-08-24 11:17:00,neutral,relationships,light_islamic,at_peace,26,0.122,neutral,True
j_0004322,u_01771,2025-08-25 17:16:00,neutral,faith,universal,questioning,30,0.203,positive,True
j_0004323,u_01771,2025-08-27 20:15:00,good,purpose,universal,hurting,28,0.49,positive,True
j_0004324,u_01773,2025-02-07 10:45:00,good,self,deeper_faith,distant,37,0.439,positive,True
j_0004325,u_01773,2025-02-08 12:43:00,neutral,faith,light_islamic,at_peace,54,-0.246,negative,True
j_0004326,u_01773,2025-02-10 16:33:00,good,anxiety,deeper_faith,at_peace,90,0.317,positive,True
j_0004327,u_01773,2025-02-17 14:35:00,good,work,light_islamic,at_peace,41,-0.371,negative,True
j_0004328,u_01773,2025-02-18 21:04:00,neutral,faith,universal,at_peace,118,-0.046,neutral,True
j_0004329,u_01773,2025-02-21 16:00:00,good,work,universal,at_peace,62,0.417,positive,True
j_0004330,u_01773,2025-02-23 19:24:00,grateful,anxiety,universal,questioning,23,0.667,positive,True
j_0004331,u_01775,2025-09-30 19:16:00,low,faith,light_islamic,,121,-0.753,negative,True
j_0004332,u_01775,2025-10-01 16:55:00,low,relationships,deeper_faith,,257,-0.288,negative,True
j_0004333,u_01775,2025-10-02 18:43:00,neutral,burnout,deeper_faith,,106,-0.127,neutral,True
j_0004334,u_01775,2025-10-03 22:18:00,good,self,universal,,105,0.122,neutral,True
j_0004335,u_01775,2025-10-05 13:50:00,good,anxiety,light_islamic,distant,27,0.221,positive,True
j_0004336,u_01775,2025-10-10 22:02:00,low,gratitude,universal,at_peace,140,-0.308,negative,True
j_0004337,u_01775,2025-10-12 20:14:00,good,burnout,universal,at_peace,51,0.325,positive,True
j_0004338,u_01778,2025-04-21 16:45:00,good,habits,universal,,229,0.095,neutral,True
j_0004339,u_01778,2025-04-28 20:29:00,grateful,faith,light_islamic,at_peace,31,0.475,positive,True
j_0004340,u_01778,2025-04-29 19:36:00,good,self,universal,questioning,76,0.065,neutral,True
j_0004341,u_01778,2025-05-05 11:48:00,low,self,light_islamic,hurting,63,-0.385,negative,True
j_0004342,u_01778,2025-05-10 15:06:00,grateful,burnout,universal,at_peace,53,0.348,positive,True
j_0004343,u_01780,2025-06-20 08:44:00,low,habits,light_islamic,,62,-0.365,negative,True
j_0004344,u_01780,2025-06-23 14:05:00,neutral,habits,light_islamic,,76,-0.012,neutral,True
j_0004345,u_01780,2025-06-27 12:52:00,good,faith,deeper_faith,questioning,85,0.297,positive,True
j_0004346,u_01780,2025-07-12 15:08:00,neutral,relationships,deeper_faith,distant,217,0.052,neutral,True
j_0004347,u_01780,2025-07-15 13:04:00,very_low,relationships,universal,questioning,62,-0.897,negative,True
j_0004348,u_01780,2025-07-17 11:20:00,good,gratitude,universal,at_peace,96,0.087,neutral,True
j_0004349,u_01781,2025-12-01 14:33:00,good,self,deeper_faith,,180,0.249,positive,True
j_0004350,u_01781,2025-12-03 20:04:00,neutral,anxiety,universal,at_peace,113,0.127,neutral,True
j_0004351,u_01781,2025-12-06 09:23:00,low,gratitude,deeper_faith,distant,62,0.194,positive,True
j_0004352,u_01781,2025-12-22 16:55:00,grateful,self,universal,hurting,54,0.466,positive,True
j_0004353,u_01781,2025-12-29 19:05:00,very_low,gratitude,light_islamic,at_peace,31,-0.509,negative,True
j_0004354,u_01787,2025-04-11 16:25:00,good,confidence,universal,,41,0.557,positive,True
j_0004355,u_01787,2025-04-18 19:35:00,low,anxiety,universal,hurting,45,-0.586,negative,True
j_0004356,u_01787,2025-04-24 17:06:00,good,faith,light_islamic,at_peace,44,0.169,positive,True
j_0004357,u_01787,2025-04-26 20:29:00,low,work,light_islamic,at_peace,35,-0.181,negative,True
j_0004358,u_01787,2025-05-05 10:38:00,low,gratitude,universal,at_peace,100,-0.451,negative,True
j_0004359,u_01787,2025-05-07 17:30:00,good,faith,universal,distant,86,0.591,positive,True
j_0004360,u_01788,2025-01-29 13:48:00,neutral,work,universal,,42,0.003,neutral,True
j_0004361,u_01788,2025-01-30 16:20:00,good,gratitude,deeper_faith,,23,0.041,neutral,True
j_0004362,u_01788,2025-02-02 09:46:00,neutral,purpose,universal,hurting,22,-0.405,negative,True
j_0004363,u_01788,2025-02-07 12:08:00,grateful,confidence,universal,questioning,73,0.144,neutral,True
j_0004364,u_01788,2025-02-12 19:17:00,low,burnout,universal,hurting,41,-0.192,negative,True
j_0004365,u_01788,2025-02-13 15:13:00,neutral,anxiety,universal,questioning,68,0.244,positive,True
j_0004366,u_01788,2025-02-14 10:33:00,good,gratitude,light_islamic,questioning,41,0.298,positive,True
j_0004367,u_01788,2025-02-18 17:53:00,very_low,self,light_islamic,at_peace,54,-0.676,negative,True
j_0004368,u_01788,2025-02-23 09:57:00,neutral,faith,light_islamic,questioning,32,0.139,neutral,True
j_0004369,u_01789,2025-02-14 19:32:00,grateful,anxiety,light_islamic,,118,0.394,positive,True
j_0004370,u_01789,2025-02-18 21:32:00,good,purpose,light_islamic,at_peace,36,0.376,positive,True
j_0004371,u_01789,2025-03-05 08:47:00,good,faith,light_islamic,questioning,202,0.267,positive,True
j_0004372,u_01789,2025-03-09 16:37:00,low,burnout,deeper_faith,at_peace,41,-0.338,negative,True
j_0004373,u_01789,2025-03-10 18:37:00,neutral,purpose,universal,at_peace,39,0.048,neutral,True
j_0004374,u_01790,2025-08-04 08:18:00,good,self,light_islamic,,134,-0.091,neutral,True
j_0004375,u_01790,2025-08-08 09:32:00,neutral,anxiety,deeper_faith,questioning,12,-0.088,neutral,True
j_0004376,u_01790,2025-08-09 19:55:00,good,burnout,deeper_faith,questioning,92,0.031,neutral,True
j_0004377,u_01790,2025-08-21 20:34:00,low,relationships,universal,hurting,70,0.202,positive,True
j_0004378,u_01790,2025-08-22 13:39:00,neutral,work,universal,distant,93,-0.007,neutral,True
j_0004379,u_01790,2025-08-29 19:59:00,very_low,habits,deeper_faith,at_peace,23,-0.17,negative,True
j_0004380,u_01791,2025-05-26 20:33:00,neutral,relationships,universal,,87,0.108,neutral,True
j_0004381,u_01791,2025-05-28 11:10:00,neutral,habits,light_islamic,,51,0.114,neutral,True
j_0004382,u_01791,2025-06-04 19:58:00,grateful,purpose,light_islamic,questioning,94,0.307,positive,True
j_0004383,u_01791,2025-06-09 20:14:00,good,burnout,universal,questioning,300,0.473,positive,True
j_0004384,u_01791,2025-06-11 18:41:00,good,burnout,light_islamic,questioning,49,0.635,positive,True
j_0004385,u_01791,2025-06-14 15:02:00,good,burnout,light_islamic,at_peace,35,0.592,positive,True
j_0004386,u_01793,2025-04-17 15:56:00,neutral,habits,universal,,152,0.062,neutral,True
j_0004387,u_01793,2025-04-18 19:15:00,very_low,relationships,light_islamic,,27,-0.538,negative,True
j_0004388,u_01793,2025-04-21 07:35:00,low,anxiety,deeper_faith,at_peace,59,-0.621,negative,True
j_0004389,u_01793,2025-05-01 17:04:00,good,anxiety,universal,questioning,43,0.24,positive,True
j_0004390,u_01793,2025-05-02 20:34:00,very_low,work,universal,questioning,95,-0.362,negative,True
j_0004391,u_01793,2025-05-14 15:44:00,grateful,habits,universal,at_peace,34,0.452,positive,True
j_0004392,u_01796,2025-10-30 15:42:00,good,habits,light_islamic,at_peace,66,0.522,positive,True
j_0004393,u_01796,2025-11-01 17:11:00,good,faith,universal,questioning,58,0.269,positive,True
j_0004394,u_01796,2025-11-08 12:25:00,neutral,burnout,light_islamic,hurting,20,0.096,neutral,True
j_0004395,u_01796,2025-11-11 10:43:00,low,self,universal,questioning,52,-0.513,negative,True
j_0004396,u_01796,2025-11-15 19:33:00,neutral,gratitude,universal,distant,32,-0.121,neutral,True
j_0004397,u_01801,2025-10-23 11:52:00,neutral,habits,light_islamic,,86,0.325,positive,True
j_0004398,u_01801,2025-10-24 13:18:00,grateful,relationships,deeper_faith,,196,0.384,positive,True
j_0004399,u_01801,2025-11-06 08:54:00,low,habits,light_islamic,at_peace,63,-0.156,negative,True
j_0004400,u_01801,2025-11-10 19:14:00,good,confidence,universal,at_peace,40,-0.225,negative,True
j_0004401,u_01807,2025-10-16 11:30:00,low,gratitude,light_islamic,,29,-0.288,negative,True
j_0004402,u_01807,2025-10-18 20:49:00,grateful,anxiety,deeper_faith,,120,0.068,neutral,True
j_0004403,u_01807,2025-10-29 17:17:00,low,faith,light_islamic,questioning,82,-0.259,negative,True
j_0004404,u_01807,2025-10-31 16:31:00,neutral,purpose,universal,at_peace,45,0.259,positive,True
j_0004405,u_01809,2025-02-10 07:40:00,good,faith,universal,,77,-0.017,neutral,True
j_0004406,u_01809,2025-02-12 14:28:00,good,burnout,light_islamic,,31,0.491,positive,True
j_0004407,u_01809,2025-02-13 20:09:00,good,anxiety,light_islamic,,21,-0.221,negative,True
j_0004408,u_01809,2025-02-16 19:47:00,good,gratitude,light_islamic,at_peace,78,0.269,positive,True
j_0004409,u_01809,2025-03-04 10:02:00,good,burnout,universal,at_peace,86,0.506,positive,True
j_0004410,u_01811,2025-03-27 21:57:00,very_low,purpose,universal,,33,-0.85,negative,True
j_0004411,u_01811,2025-03-31 17:48:00,grateful,relationships,light_islamic,at_peace,132,0.625,positive,True
j_0004412,u_01811,2025-04-01 08:11:00,good,self,deeper_faith,at_peace,92,0.599,positive,True
j_0004413,u_01811,2025-04-04 13:18:00,neutral,burnout,universal,questioning,143,0.069,neutral,True
j_0004414,u_01811,2025-04-09 13:51:00,good,self,deeper_faith,distant,50,0.148,neutral,True
j_0004415,u_01816,2025-07-17 10:54:00,low,anxiety,universal,,84,-0.624,negative,True
j_0004416,u_01816,2025-07-18 11:37:00,neutral,burnout,light_islamic,,355,-0.221,negative,True
j_0004417,u_01816,2025-07-19 21:27:00,good,self,light_islamic,,176,0.164,positive,True
j_0004418,u_01816,2025-07-22 12:55:00,low,purpose,universal,questioning,54,-0.321,negative,True
j_0004419,u_01816,2025-08-02 16:19:00,neutral,anxiety,universal,at_peace,43,-0.006,neutral,True
j_0004420,u_01816,2025-08-15 18:45:00,neutral,burnout,light_islamic,hurting,68,0.368,positive,True
j_0004421,u_01816,2025-08-16 20:43:00,grateful,burnout,universal,at_peace,51,0.383,positive,True
j_0004422,u_01817,2025-04-03 21:40:00,good,relationships,light_islamic,,26,0.288,positive,True
j_0004423,u_01817,2025-04-04 11:45:00,grateful,habits,universal,,43,0.591,positive,True
j_0004424,u_01817,2025-04-11 16:31:00,low,habits,universal,at_peace,83,-0.127,neutral,True
j_0004425,u_01817,2025-04-12 09:31:00,good,faith,light_islamic,distant,65,-0.133,neutral,True
j_0004426,u_01817,2025-04-13 15:20:00,good,purpose,light_islamic,questioning,72,0.52,positive,True
j_0004427,u_01817,2025-04-14 20:46:00,good,habits,light_islamic,at_peace,56,0.311,positive,True
j_0004428,u_01817,2025-04-28 11:59:00,grateful,work,light_islamic,at_peace,71,0.123,neutral,True
j_0004429,u_01821,2025-12-20 10:55:00,grateful,burnout,universal,,64,0.743,positive,True
j_0004430,u_01821,2025-12-22 12:40:00,low,habits,universal,at_peace,37,-0.587,negative,True
j_0004431,u_01822,2025-05-22 11:23:00,neutral,self,universal,,188,-0.016,neutral,True
j_0004432,u_01822,2025-05-25 14:41:00,neutral,habits,universal,,64,-0.267,negative,True
j_0004433,u_01822,2025-05-29 14:34:00,good,burnout,deeper_faith,at_peace,573,0.271,positive,True
j_0004434,u_01827,2025-07-10 12:51:00,grateful,relationships,deeper_faith,,61,0.509,positive,True
j_0004435,u_01827,2025-07-12 15:54:00,grateful,self,universal,questioning,18,0.376,positive,True
j_0004436,u_01827,2025-07-28 22:07:00,good,burnout,universal,at_peace,146,0.651,positive,True
j_0004437,u_01827,2025-07-31 19:34:00,good,self,light_islamic,questioning,26,0.146,neutral,True
j_0004438,u_01827,2025-08-06 13:17:00,low,relationships,universal,at_peace,81,0.234,positive,True
j_0004439,u_01828,2025-08-19 20:03:00,low,purpose,deeper_faith,,81,0.097,neutral,True
j_0004440,u_01828,2025-08-23 13:25:00,very_low,habits,deeper_faith,distant,224,-0.28,negative,True
j_0004441,u_01828,2025-08-25 09:47:00,grateful,self,light_islamic,questioning,63,0.937,positive,True
j_0004442,u_01828,2025-08-29 09:19:00,neutral,self,universal,at_peace,32,-0.138,neutral,True
j_0004443,u_01828,2025-09-05 12:42:00,low,work,light_islamic,distant,88,-0.379,negative,True
j_0004444,u_01829,2025-11-01 18:22:00,good,habits,light_islamic,,50,0.457,positive,True
j_0004445,u_01829,2025-11-10 11:41:00,low,work,universal,at_peace,136,-0.272,negative,True
j_0004446,u_01829,2025-11-13 11:25:00,grateful,purpose,universal,questioning,154,0.626,positive,True
j_0004447,u_01829,2025-11-16 10:27:00,good,self,universal,distant,146,-0.053,neutral,True
j_0004448,u_01829,2025-11-26 21:01:00,grateful,burnout,light_islamic,questioning,49,0.626,positive,True
j_0004449,u_01829,2025-11-27 21:23:00,grateful,anxiety,universal,hurting,37,0.739,positive,True
j_0004450,u_01829,2025-11-29 10:16:00,neutral,confidence,light_islamic,at_peace,74,0.054,neutral,True
j_0004451,u_01831,2025-04-19 07:43:00,good,relationships,light_islamic,,135,0.321,positive,True
j_0004452,u_01831,2025-04-21 08:24:00,good,work,universal,,14,0.203,positive,True
j_0004453,u_01831,2025-04-23 21:42:00,low,purpose,universal,questioning,73,-0.525,negative,True
j_0004454,u_01831,2025-04-29 16:53:00,neutral,self,universal,at_peace,68,-0.204,negative,True
j_0004455,u_01831,2025-04-30 19:04:00,good,self,light_islamic,hurting,58,0.004,neutral,True
j_0004456,u_01831,2025-05-05 17:52:00,neutral,faith,deeper_faith,questioning,207,0.163,positive,True
j_0004457,u_01833,2025-12-04 18:09:00,good,faith,universal,,50,0.392,positive,True
j_0004458,u_01833,2025-12-05 16:18:00,very_low,anxiety,light_islamic,,101,-0.585,negative,True
j_0004459,u_01833,2025-12-08 20:24:00,grateful,habits,deeper_faith,at_peace,93,0.312,positive,True
j_0004460,u_01833,2025-12-13 16:55:00,good,habits,universal,hurting,93,0.423,positive,True
j_0004461,u_01833,2025-12-15 14:45:00,good,burnout,universal,questioning,27,0.356,positive,True
j_0004462,u_01836,2025-08-30 17:31:00,good,anxiety,universal,,84,-0.063,neutral,True
j_0004463,u_01836,2025-09-03 19:21:00,neutral,self,light_islamic,at_peace,44,0.573,positive,True
j_0004464,u_01836,2025-09-11 10:23:00,good,gratitude,universal,at_peace,55,0.191,positive,True
j_0004465,u_01836,2025-09-18 15:54:00,good,purpose,universal,questioning,138,0.208,positive,True
j_0004466,u_01836,2025-09-20 08:07:00,grateful,work,light_islamic,questioning,107,0.533,positive,True
j_0004467,u_01838,2025-04-30 18:18:00,good,confidence,light_islamic,,80,0.267,positive,True
j_0004468,u_01838,2025-05-06 20:47:00,good,burnout,universal,questioning,74,-0.041,neutral,True
j_0004469,u_01838,2025-05-14 20:50:00,neutral,gratitude,universal,hurting,83,-0.15,neutral,True
j_0004470,u_01838,2025-05-16 09:58:00,good,purpose,universal,hurting,43,0.148,neutral,True
j_0004471,u_01840,2025-10-06 12:11:00,low,habits,deeper_faith,,28,-0.418,negative,True
j_0004472,u_01840,2025-10-08 15:44:00,good,gratitude,universal,,85,-0.051,neutral,True
j_0004473,u_01840,2025-10-16 10:05:00,good,self,deeper_faith,at_peace,147,0.584,positive,True
j_0004474,u_01840,2025-10-18 11:17:00,good,faith,light_islamic,at_peace,80,0.174,positive,True
j_0004475,u_01840,2025-10-20 16:42:00,very_low,relationships,light_islamic,questioning,73,-1.0,negative,True
j_0004476,u_01840,2025-10-22 08:29:00,good,burnout,light_islamic,at_peace,48,0.079,neutral,True
j_0004477,u_01842,2025-01-09 16:52:00,good,confidence,light_islamic,,38,0.295,positive,True
j_0004478,u_01842,2025-01-14 08:51:00,grateful,relationships,universal,hurting,130,0.479,positive,True
j_0004479,u_01842,2025-01-29 12:04:00,neutral,habits,light_islamic,distant,22,0.445,positive,True
j_0004480,u_01850,2025-02-15 18:34:00,very_low,relationships,universal,,71,-0.499,negative,True
j_0004481,u_01850,2025-02-20 18:29:00,neutral,burnout,universal,at_peace,61,0.049,neutral,True
j_0004482,u_01850,2025-02-23 17:39:00,grateful,habits,universal,at_peace,69,0.127,neutral,True
j_0004483,u_01850,2025-02-24 14:00:00,grateful,burnout,light_islamic,hurting,90,0.604,positive,True
j_0004484,u_01850,2025-03-01 17:54:00,neutral,confidence,light_islamic,hurting,102,0.159,positive,True
j_0004485,u_01850,2025-03-05 16:46:00,good,gratitude,universal,distant,25,0.22,positive,True
j_0004486,u_01850,2025-03-09 09:41:00,good,faith,deeper_faith,questioning,63,0.324,positive,True
j_0004487,u_01851,2025-08-12 17:25:00,neutral,work,universal,,105,-0.409,negative,True
j_0004488,u_01851,2025-08-13 16:34:00,neutral,gratitude,light_islamic,,30,0.109,neutral,True
j_0004489,u_01851,2025-08-18 18:30:00,low,gratitude,universal,at_peace,38,-0.502,negative,True
j_0004490,u_01851,2025-08-19 08:43:00,good,relationships,universal,distant,45,0.21,positive,True
j_0004491,u_01851,2025-08-26 12:27:00,good,purpose,universal,hurting,82,0.133,neutral,True
j_0004492,u_01851,2025-09-06 15:16:00,neutral,anxiety,light_islamic,at_peace,131,-0.066,neutral,True
j_0004493,u_01851,2025-09-07 15:39:00,neutral,habits,light_islamic,hurting,33,-0.299,negative,True
j_0004494,u_01853,2025-04-17 16:02:00,good,self,light_islamic,,46,0.634,positive,True
j_0004495,u_01853,2025-04-21 11:04:00,good,habits,universal,at_peace,128,0.33,positive,True
j_0004496,u_01853,2025-04-26 07:42:00,grateful,faith,universal,at_peace,86,0.408,positive,True
j_0004497,u_01853,2025-05-04 21:22:00,neutral,gratitude,universal,distant,63,-0.043,neutral,True
j_0004498,u_01853,2025-05-16 11:20:00,good,habits,universal,questioning,130,0.242,positive,True
j_0004499,u_01853,2025-05-17 10:16:00,grateful,self,universal,hurting,98,-0.25,negative,True
j_0004500,u_01855,2025-03-22 17:43:00,very_low,relationships,universal,,133,-0.222,negative,True
j_0004501,u_01855,2025-03-28 11:43:00,low,anxiety,deeper_faith,distant,37,-0.372,negative,True
j_0004502,u_01855,2025-04-11 11:50:00,grateful,habits,deeper_faith,at_peace,39,0.673,positive,True
j_0004503,u_01856,2025-01-10 20:32:00,neutral,anxiety,light_islamic,,69,-0.079,neutral,True
j_0004504,u_01856,2025-01-11 10:20:00,neutral,gratitude,universal,,57,0.157,positive,True
j_0004505,u_01856,2025-01-19 16:52:00,grateful,gratitude,universal,distant,34,0.205,positive,True
j_0004506,u_01856,2025-02-05 16:16:00,good,burnout,deeper_faith,distant,38,0.181,positive,True
j_0004507,u_01856,2025-02-09 11:43:00,grateful,gratitude,light_islamic,distant,63,0.887,positive,True
j_0004508,u_01859,2025-04-10 17:19:00,grateful,relationships,deeper_faith,,250,0.241,positive,True
j_0004509,u_01859,2025-04-16 21:20:00,neutral,self,universal,questioning,36,0.227,positive,True
j_0004510,u_01859,2025-04-22 20:07:00,good,work,light_islamic,at_peace,45,0.248,positive,True
j_0004511,u_01860,2025-05-26 14:45:00,neutral,gratitude,universal,,63,0.096,neutral,True
j_0004512,u_01860,2025-05-29 16:13:00,grateful,confidence,universal,,54,0.616,positive,True
j_0004513,u_01860,2025-06-14 15:35:00,low,confidence,light_islamic,distant,88,0.082,neutral,True
j_0004514,u_01863,2025-11-05 10:46:00,neutral,habits,universal,,64,-0.334,negative,True
j_0004515,u_01863,2025-11-07 19:46:00,good,habits,universal,,71,-0.0,neutral,True
j_0004516,u_01863,2025-11-12 14:23:00,good,self,light_islamic,at_peace,84,0.511,positive,True
j_0004517,u_01863,2025-11-13 08:14:00,grateful,burnout,universal,distant,57,0.284,positive,True
j_0004518,u_01863,2025-11-14 16:41:00,very_low,relationships,light_islamic,at_peace,102,-0.547,negative,True
j_0004519,u_01863,2025-11-25 21:00:00,good,confidence,light_islamic,distant,36,0.545,positive,True
j_0004520,u_01863,2025-11-29 15:57:00,good,gratitude,deeper_faith,at_peace,91,0.368,positive,True
j_0004521,u_01864,2025-06-28 13:03:00,good,confidence,deeper_faith,,62,0.144,neutral,True
j_0004522,u_01864,2025-06-29 12:38:00,neutral,purpose,light_islamic,,28,-0.162,negative,True
j_0004523,u_01864,2025-06-30 12:22:00,neutral,gratitude,universal,,78,0.272,positive,True
j_0004524,u_01864,2025-07-02 14:05:00,good,relationships,deeper_faith,at_peace,29,-0.122,neutral,True
j_0004525,u_01864,2025-07-05 10:17:00,grateful,relationships,light_islamic,hurting,82,0.572,positive,True
j_0004526,u_01864,2025-07-07 11:45:00,low,gratitude,universal,at_peace,37,-0.15,negative,True
j_0004527,u_01864,2025-07-08 20:46:00,neutral,faith,light_islamic,at_peace,27,0.304,positive,True
j_0004528,u_01865,2025-08-12 10:08:00,good,relationships,universal,distant,92,0.404,positive,True
j_0004529,u_01865,2025-08-13 20:36:00,very_low,confidence,light_islamic,at_peace,53,-0.392,negative,True
j_0004530,u_01865,2025-08-14 16:21:00,good,purpose,universal,at_peace,91,0.364,positive,True
j_0004531,u_01865,2025-08-18 08:13:00,neutral,faith,light_islamic,questioning,56,0.12,neutral,True
j_0004532,u_01865,2025-08-20 10:41:00,neutral,relationships,light_islamic,at_peace,101,-0.102,neutral,True
j_0004533,u_01865,2025-08-22 18:19:00,grateful,gratitude,universal,hurting,80,0.641,positive,True
j_0004534,u_01865,2025-08-26 07:28:00,low,habits,universal,at_peace,99,-0.028,neutral,True
j_0004535,u_01865,2025-08-27 11:08:00,neutral,gratitude,deeper_faith,distant,62,0.203,positive,True
j_0004536,u_01865,2025-09-01 14:17:00,good,habits,universal,at_peace,38,-0.052,neutral,True
j_0004537,u_01865,2025-09-05 10:28:00,low,gratitude,light_islamic,questioning,218,-0.264,negative,True
j_0004538,u_01866,2025-05-14 10:36:00,low,habits,deeper_faith,,80,-0.315,negative,True
j_0004539,u_01866,2025-05-16 16:54:00,neutral,burnout,deeper_faith,,71,0.09,neutral,True
j_0004540,u_01866,2025-05-18 16:04:00,neutral,confidence,universal,at_peace,341,-0.112,neutral,True
j_0004541,u_01866,2025-05-20 13:21:00,neutral,confidence,universal,distant,12,0.021,neutral,True
j_0004542,u_01866,2025-05-22 17:36:00,neutral,confidence,deeper_faith,at_peace,120,0.151,positive,True
j_0004543,u_01867,2025-11-20 20:34:00,grateful,confidence,universal,,77,0.024,neutral,True
j_0004544,u_01867,2025-11-28 08:18:00,grateful,habits,universal,hurting,73,0.277,positive,True
j_0004545,u_01867,2025-12-09 15:35:00,very_low,confidence,deeper_faith,distant,60,-0.45,negative,True
j_0004546,u_01867,2025-12-16 07:12:00,good,work,light_islamic,at_peace,58,0.073,neutral,True
j_0004547,u_01867,2025-12-18 08:30:00,good,work,universal,at_peace,94,0.353,positive,True
j_0004548,u_01868,2025-09-20 19:52:00,grateful,anxiety,light_islamic,,37,0.552,positive,True
j_0004549,u_01868,2025-09-25 13:37:00,grateful,relationships,light_islamic,distant,33,0.623,positive,True
j_0004550,u_01868,2025-10-02 15:08:00,neutral,faith,universal,at_peace,79,-0.092,neutral,True
j_0004551,u_01868,2025-10-11 11:50:00,good,anxiety,deeper_faith,at_peace,430,0.388,positive,True
j_0004552,u_01868,2025-10-17 21:03:00,good,work,light_islamic,at_peace,31,0.225,positive,True
j_0004553,u_01871,2025-11-30 20:42:00,neutral,work,universal,,23,-0.058,neutral,True
j_0004554,u_01871,2025-12-03 13:46:00,grateful,work,universal,,294,0.267,positive,True
j_0004555,u_01871,2025-12-04 15:56:00,grateful,work,light_islamic,distant,46,0.77,positive,True
j_0004556,u_01871,2025-12-22 16:27:00,good,faith,light_islamic,hurting,508,0.249,positive,True
j_0004557,u_01875,2025-12-10 19:55:00,neutral,relationships,light_islamic,,90,0.163,positive,True
j_0004558,u_01875,2025-12-14 14:23:00,good,confidence,universal,at_peace,88,0.198,positive,True
j_0004559,u_01875,2025-12-17 17:30:00,neutral,purpose,light_islamic,at_peace,68,0.223,positive,True
j_0004560,u_01875,2025-12-18 11:04:00,neutral,burnout,universal,distant,326,0.152,positive,True
j_0004561,u_01875,2025-12-20 19:06:00,good,habits,deeper_faith,distant,109,-0.079,neutral,True
j_0004562,u_01875,2025-12-31 14:20:00,very_low,faith,light_islamic,at_peace,22,-0.5,negative,True
j_0004563,u_01875,2026-01-02 15:09:00,neutral,relationships,light_islamic,at_peace,48,0.076,neutral,True
j_0004564,u_01876,2025-09-17 09:29:00,grateful,habits,universal,,139,0.318,positive,True
j_0004565,u_01876,2025-09-20 20:59:00,neutral,habits,light_islamic,at_peace,117,0.155,positive,True
j_0004566,u_01876,2025-09-26 20:10:00,grateful,self,universal,at_peace,76,0.477,positive,True
j_0004567,u_01876,2025-09-29 21:11:00,good,relationships,light_islamic,at_peace,81,-0.078,neutral,True
j_0004568,u_01879,2025-04-08 07:22:00,good,anxiety,deeper_faith,,65,0.741,positive,True
j_0004569,u_01879,2025-04-12 14:56:00,good,self,universal,questioning,23,0.18,positive,True
j_0004570,u_01879,2025-04-27 09:38:00,good,relationships,light_islamic,at_peace,72,0.507,positive,True
j_0004571,u_01879,2025-05-05 14:53:00,low,self,universal,at_peace,65,-0.301,negative,True
j_0004572,u_01881,2025-10-04 10:52:00,neutral,self,universal,,101,-0.426,negative,True
j_0004573,u_01881,2025-10-06 11:41:00,low,habits,universal,,108,-0.141,neutral,True
j_0004574,u_01881,2025-10-09 17:18:00,good,work,light_islamic,distant,40,0.365,positive,True
j_0004575,u_01881,2025-10-17 17:32:00,good,work,light_islamic,at_peace,94,0.086,neutral,True
j_0004576,u_01881,2025-10-18 10:52:00,grateful,habits,light_islamic,distant,108,0.404,positive,True
j_0004577,u_01881,2025-10-19 16:00:00,neutral,work,universal,at_peace,77,-0.156,negative,True
j_0004578,u_01881,2025-10-22 07:43:00,grateful,burnout,light_islamic,questioning,31,0.15,neutral,True
j_0004579,u_01881,2025-10-25 07:59:00,neutral,self,universal,at_peace,41,-0.201,negative,True
j_0004580,u_01881,2025-10-30 08:13:00,good,anxiety,deeper_faith,distant,74,0.295,positive,True
j_0004581,u_01885,2025-09-17 13:40:00,good,faith,light_islamic,,106,0.229,positive,True
j_0004582,u_01885,2025-10-12 10:13:00,very_low,burnout,light_islamic,at_peace,50,-0.612,negative,True
j_0004583,u_01888,2025-10-26 10:04:00,good,purpose,deeper_faith,,53,0.562,positive,True
j_0004584,u_01888,2025-10-28 17:58:00,very_low,habits,universal,,97,-0.562,negative,True
j_0004585,u_01888,2025-11-03 07:37:00,good,gratitude,deeper_faith,at_peace,121,0.365,positive,True
j_0004586,u_01888,2025-11-13 18:47:00,neutral,confidence,light_islamic,at_peace,57,0.373,positive,True
j_0004587,u_01888,2025-11-16 20:11:00,low,anxiety,light_islamic,questioning,78,-0.094,neutral,True
j_0004588,u_01888,2025-11-17 21:41:00,grateful,purpose,universal,distant,61,0.405,positive,True
j_0004589,u_01890,2025-03-24 21:35:00,neutral,gratitude,deeper_faith,,91,0.092,neutral,True
j_0004590,u_01890,2025-03-25 20:53:00,low,self,deeper_faith,,31,-0.157,negative,True
j_0004591,u_01890,2025-03-26 20:01:00,neutral,habits,light_islamic,,69,-0.028,neutral,True
j_0004592,u_01890,2025-03-28 14:44:00,good,purpose,universal,at_peace,124,0.455,positive,True
j_0004593,u_01890,2025-03-29 17:27:00,good,anxiety,universal,distant,132,0.112,neutral,True
j_0004594,u_01890,2025-04-02 07:47:00,low,purpose,light_islamic,at_peace,82,-0.149,neutral,True
j_0004595,u_01890,2025-04-03 10:55:00,good,relationships,light_islamic,at_peace,120,-0.095,neutral,True
j_0004596,u_01890,2025-04-13 17:35:00,neutral,gratitude,universal,at_peace,220,-0.235,negative,True
j_0004597,u_01890,2025-04-14 09:47:00,neutral,habits,light_islamic,at_peace,18,-0.097,neutral,True
j_0004598,u_01890,2025-04-15 13:52:00,good,burnout,deeper_faith,distant,68,0.399,positive,True
j_0004599,u_01892,2025-06-23 18:19:00,neutral,faith,light_islamic,,45,0.058,neutral,True
j_0004600,u_01892,2025-06-24 10:59:00,good,self,light_islamic,,52,0.139,neutral,True
j_0004601,u_01892,2025-07-03 14:42:00,good,faith,universal,hurting,77,-0.084,neutral,True
j_0004602,u_01892,2025-07-10 21:44:00,grateful,faith,deeper_faith,at_peace,181,1.0,positive,True
j_0004603,u_01892,2025-07-16 11:17:00,good,relationships,deeper_faith,at_peace,254,0.508,positive,True
j_0004604,u_01892,2025-07-17 21:45:00,good,gratitude,universal,hurting,40,0.442,positive,True
j_0004605,u_01893,2025-04-09 08:41:00,good,gratitude,universal,,97,0.042,neutral,True
j_0004606,u_01893,2025-04-19 20:16:00,neutral,self,light_islamic,at_peace,35,0.084,neutral,True
j_0004607,u_01893,2025-04-20 07:36:00,good,self,light_islamic,at_peace,111,0.428,positive,True
j_0004608,u_01893,2025-04-27 18:53:00,grateful,confidence,light_islamic,distant,110,0.871,positive,True
j_0004609,u_01893,2025-04-28 17:20:00,neutral,gratitude,light_islamic,distant,28,0.037,neutral,True
j_0004610,u_01894,2025-05-01 21:49:00,good,relationships,universal,,192,0.097,neutral,True
j_0004611,u_01894,2025-05-08 13:36:00,neutral,faith,light_islamic,hurting,50,-0.31,negative,True
j_0004612,u_01894,2025-05-11 22:06:00,good,confidence,universal,at_peace,43,0.24,positive,True
j_0004613,u_01894,2025-05-13 20:28:00,good,faith,deeper_faith,at_peace,48,0.056,neutral,True
j_0004614,u_01894,2025-05-21 18:29:00,grateful,faith,light_islamic,distant,40,0.88,positive,True
j_0004615,u_01897,2025-01-26 10:29:00,neutral,faith,universal,,41,-0.057,neutral,True
j_0004616,u_01897,2025-01-27 07:27:00,good,habits,deeper_faith,,42,-0.091,neutral,True
j_0004617,u_01897,2025-01-28 19:46:00,good,confidence,universal,,191,0.652,positive,True
j_0004618,u_01897,2025-02-03 07:33:00,good,confidence,light_islamic,distant,104,0.027,neutral,True
j_0004619,u_01897,2025-02-11 17:07:00,neutral,relationships,deeper_faith,hurting,26,0.086,neutral,True
j_0004620,u_01897,2025-02-12 21:00:00,neutral,habits,light_islamic,at_peace,85,0.557,positive,True
j_0004621,u_01897,2025-02-21 13:02:00,grateful,self,light_islamic,questioning,127,0.059,neutral,True
j_0004622,u_01897,2025-02-23 18:17:00,good,gratitude,light_islamic,at_peace,34,0.212,positive,True
j_0004623,u_01898,2025-02-25 16:29:00,good,relationships,universal,at_peace,45,0.408,positive,True
j_0004624,u_01899,2025-01-05 22:09:00,grateful,anxiety,light_islamic,,52,0.497,positive,True
j_0004625,u_01899,2025-01-08 14:47:00,neutral,self,light_islamic,,92,-0.084,neutral,True
j_0004626,u_01899,2025-01-09 16:35:00,neutral,relationships,universal,at_peace,134,-0.105,neutral,True
j_0004627,u_01899,2025-01-22 11:58:00,neutral,work,universal,questioning,131,0.217,positive,True
j_0004628,u_01899,2025-01-24 11:21:00,neutral,anxiety,light_islamic,questioning,32,-0.027,neutral,True
j_0004629,u_01899,2025-01-25 22:22:00,neutral,burnout,light_islamic,at_peace,133,0.205,positive,True
j_0004630,u_01899,2025-01-27 07:39:00,good,faith,deeper_faith,at_peace,81,0.207,positive,True
j_0004631,u_01899,2025-01-30 17:53:00,low,confidence,deeper_faith,distant,62,-0.348,negative,True
j_0004632,u_01900,2025-07-07 07:40:00,good,confidence,universal,questioning,84,0.087,neutral,True
j_0004633,u_01900,2025-07-08 18:11:00,good,burnout,light_islamic,questioning,81,0.699,positive,True
j_0004634,u_01900,2025-07-20 07:54:00,good,work,light_islamic,at_peace,40,0.235,positive,True
j_0004635,u_01900,2025-08-01 15:43:00,low,self,universal,distant,33,-0.658,negative,True
j_0004636,u_01901,2025-04-17 08:41:00,good,purpose,deeper_faith,,22,0.14,neutral,True
j_0004637,u_01901,2025-04-20 10:20:00,grateful,self,deeper_faith,,259,0.655,positive,True
j_0004638,u_01901,2025-04-24 17:38:00,good,habits,universal,questioning,53,0.014,neutral,True
j_0004639,u_01901,2025-04-30 09:03:00,neutral,burnout,universal,at_peace,208,0.003,neutral,True
j_0004640,u_01901,2025-05-05 13:09:00,good,relationships,universal,at_peace,50,0.477,positive,True
j_0004641,u_01901,2025-05-10 20:00:00,good,self,universal,distant,12,0.629,positive,True
j_0004642,u_01902,2025-07-29 10:03:00,neutral,gratitude,light_islamic,,45,0.046,neutral,True
j_0004643,u_01902,2025-08-02 20:50:00,low,habits,universal,distant,46,-0.104,neutral,True
j_0004644,u_01902,2025-08-04 07:53:00,neutral,work,light_islamic,hurting,37,-0.069,neutral,True
j_0004645,u_01902,2025-08-12 13:44:00,neutral,self,universal,at_peace,114,0.071,neutral,True
j_0004646,u_01902,2025-08-13 18:34:00,good,work,light_islamic,hurting,276,0.552,positive,True
j_0004647,u_01902,2025-08-16 10:30:00,low,work,universal,at_peace,55,-0.293,negative,True
j_0004648,u_01902,2025-08-19 22:10:00,good,self,light_islamic,at_peace,290,0.121,neutral,True
j_0004649,u_01902,2025-08-20 12:39:00,neutral,habits,deeper_faith,at_peace,27,0.048,neutral,True
j_0004650,u_01903,2025-10-12 21:51:00,low,gratitude,deeper_faith,,167,0.065,neutral,True
j_0004651,u_01903,2025-10-15 09:48:00,neutral,burnout,universal,,52,-0.142,neutral,True
j_0004652,u_01903,2025-10-16 18:21:00,grateful,purpose,deeper_faith,at_peace,150,0.74,positive,True
j_0004653,u_01903,2025-10-18 18:32:00,low,purpose,light_islamic,distant,60,0.124,neutral,True
j_0004654,u_01903,2025-10-21 12:37:00,grateful,work,light_islamic,distant,111,0.207,positive,True
j_0004655,u_01903,2025-10-22 13:54:00,neutral,anxiety,universal,distant,90,-0.014,neutral,True
j_0004656,u_01903,2025-11-02 11:51:00,neutral,burnout,universal,at_peace,75,-0.13,neutral,True
j_0004657,u_01906,2025-11-07 07:19:00,low,burnout,light_islamic,,56,-0.251,negative,True
j_0004658,u_01906,2025-11-10 14:45:00,grateful,habits,deeper_faith,,70,0.623,positive,True
j_0004659,u_01906,2025-11-18 15:42:00,low,gratitude,universal,at_peace,67,-0.636,negative,True
j_0004660,u_01906,2025-12-05 19:19:00,good,relationships,universal,at_peace,103,0.054,neutral,True
j_0004661,u_01907,2025-08-28 16:40:00,good,gratitude,universal,,49,0.256,positive,True
j_0004662,u_01907,2025-09-06 11:15:00,good,anxiety,light_islamic,at_peace,193,0.345,positive,True
j_0004663,u_01908,2025-03-14 13:28:00,neutral,purpose,light_islamic,,146,-0.142,neutral,True
j_0004664,u_01908,2025-03-16 17:43:00,good,confidence,light_islamic,,226,0.394,positive,True
j_0004665,u_01908,2025-03-17 15:51:00,good,gratitude,light_islamic,,63,0.701,positive,True
j_0004666,u_01908,2025-03-18 11:30:00,grateful,work,light_islamic,questioning,26,0.211,positive,True
j_0004667,u_01908,2025-03-21 19:33:00,neutral,habits,light_islamic,distant,54,0.013,neutral,True
j_0004668,u_01908,2025-03-23 15:58:00,grateful,faith,universal,at_peace,61,0.497,positive,True
j_0004669,u_01910,2025-08-26 16:18:00,grateful,self,universal,,38,1.0,positive,True
j_0004670,u_01910,2025-09-14 10:57:00,grateful,burnout,deeper_faith,at_peace,36,0.713,positive,True
j_0004671,u_01911,2025-11-05 10:38:00,neutral,confidence,universal,,87,-0.156,negative,True
j_0004672,u_01911,2025-11-07 21:25:00,good,gratitude,universal,,39,0.314,positive,True
j_0004673,u_01911,2025-11-08 16:39:00,low,purpose,light_islamic,,111,-0.175,negative,True
j_0004674,u_01911,2025-11-10 14:58:00,good,habits,universal,at_peace,103,0.384,positive,True
j_0004675,u_01911,2025-11-13 17:12:00,grateful,gratitude,universal,at_peace,119,0.435,positive,True
j_0004676,u_01911,2025-11-14 17:14:00,grateful,self,deeper_faith,at_peace,45,0.16,positive,True
j_0004677,u_01911,2025-11-16 10:05:00,grateful,anxiety,universal,distant,67,0.261,positive,True
j_0004678,u_01911,2025-11-18 08:48:00,low,habits,light_islamic,questioning,75,0.228,positive,True
j_0004679,u_01911,2025-11-28 13:07:00,neutral,self,universal,at_peace,31,-0.365,negative,True
j_0004680,u_01911,2025-11-30 10:17:00,good,habits,universal,questioning,17,-0.13,neutral,True
j_0004681,u_01912,2025-12-18 15:51:00,neutral,burnout,universal,,83,-0.136,neutral,True
j_0004682,u_01912,2025-12-22 09:08:00,very_low,burnout,universal,at_peace,85,-0.692,negative,True
j_0004683,u_01912,2026-01-02 13:49:00,good,work,universal,at_peace,52,0.433,positive,True
j_0004684,u_01912,2026-01-11 19:34:00,good,purpose,light_islamic,hurting,73,0.142,neutral,True
j_0004685,u_01914,2025-04-12 12:27:00,low,faith,deeper_faith,,37,-0.421,negative,True
j_0004686,u_01914,2025-04-18 13:11:00,good,burnout,universal,at_peace,78,-0.2,negative,True
j_0004687,u_01914,2025-04-21 18:37:00,good,work,light_islamic,distant,58,0.284,positive,True
j_0004688,u_01914,2025-04-22 12:31:00,good,anxiety,universal,at_peace,32,0.27,positive,True
j_0004689,u_01914,2025-04-28 07:53:00,neutral,confidence,light_islamic,questioning,92,-0.259,negative,True
j_0004690,u_01914,2025-05-01 08:04:00,low,anxiety,universal,at_peace,53,0.143,neutral,True
j_0004691,u_01917,2025-08-27 21:02:00,low,faith,universal,,39,-0.198,negative,True
j_0004692,u_01917,2025-08-29 19:37:00,grateful,purpose,universal,,80,0.628,positive,True
j_0004693,u_01917,2025-09-05 09:23:00,low,burnout,deeper_faith,at_peace,376,-0.015,neutral,True
j_0004694,u_01917,2025-09-08 16:24:00,very_low,anxiety,universal,at_peace,17,-0.607,negative,True
j_0004695,u_01917,2025-09-10 07:54:00,good,self,universal,questioning,31,0.18,positive,True
j_0004696,u_01917,2025-09-15 16:28:00,grateful,habits,light_islamic,distant,86,0.361,positive,True
j_0004697,u_01917,2025-09-21 08:43:00,very_low,relationships,universal,at_peace,206,-0.714,negative,True
j_0004698,u_01917,2025-09-22 20:33:00,good,confidence,universal,at_peace,76,0.564,positive,True
j_0004699,u_01918,2025-02-16 16:31:00,good,purpose,universal,at_peace,66,-0.011,neutral,True
j_0004700,u_01918,2025-02-23 20:56:00,good,relationships,universal,at_peace,139,0.276,positive,True
j_0004701,u_01918,2025-02-27 19:59:00,very_low,purpose,deeper_faith,questioning,68,-1.0,negative,True
j_0004702,u_01918,2025-03-01 17:50:00,very_low,work,light_islamic,at_peace,24,-0.613,negative,True
j_0004703,u_01918,2025-03-04 09:34:00,neutral,burnout,light_islamic,at_peace,21,0.074,neutral,True
j_0004704,u_01918,2025-03-13 16:22:00,good,confidence,light_islamic,hurting,77,0.455,positive,True
j_0004705,u_01919,2025-01-18 07:52:00,good,anxiety,universal,,68,0.43,positive,True
j_0004706,u_01919,2025-02-04 16:16:00,low,habits,light_islamic,at_peace,57,-0.498,negative,True
j_0004707,u_01922,2025-04-16 07:42:00,low,self,light_islamic,,134,0.39,positive,True
j_0004708,u_01922,2025-04-20 10:20:00,good,burnout,universal,at_peace,43,0.418,positive,True
j_0004709,u_01922,2025-04-29 17:40:00,good,habits,universal,at_peace,83,-0.1,neutral,True
j_0004710,u_01922,2025-05-01 16:48:00,neutral,relationships,deeper_faith,questioning,21,-0.258,negative,True
j_0004711,u_01922,2025-05-05 18:59:00,good,burnout,light_islamic,questioning,50,0.028,neutral,True
j_0004712,u_01922,2025-05-11 10:32:00,good,self,light_islamic,at_peace,168,0.623,positive,True
j_0004713,u_01922,2025-05-15 15:31:00,good,habits,universal,at_peace,106,-0.032,neutral,True
j_0004714,u_01926,2025-04-18 09:22:00,good,gratitude,deeper_faith,,85,0.388,positive,True
j_0004715,u_01926,2025-04-24 21:48:00,grateful,anxiety,light_islamic,at_peace,83,0.388,positive,True
j_0004716,u_01926,2025-05-02 11:46:00,good,relationships,light_islamic,at_peace,232,0.424,positive,True
j_0004717,u_01926,2025-05-12 10:07:00,good,relationships,universal,hurting,53,0.088,neutral,True
j_0004718,u_01932,2025-11-17 20:02:00,neutral,relationships,universal,,241,-0.255,negative,True
j_0004719,u_01932,2025-11-21 15:42:00,neutral,purpose,universal,at_peace,69,-0.028,neutral,True
j_0004720,u_01932,2025-12-04 15:59:00,neutral,purpose,light_islamic,questioning,186,0.231,positive,True
j_0004721,u_01932,2025-12-08 20:30:00,neutral,anxiety,universal,distant,156,-0.134,neutral,True
j_0004722,u_01932,2025-12-11 15:48:00,good,purpose,deeper_faith,distant,57,0.162,positive,True
j_0004723,u_01934,2025-04-18 08:03:00,very_low,confidence,universal,,82,-0.575,negative,True
j_0004724,u_01934,2025-04-19 08:28:00,low,habits,deeper_faith,,37,-0.194,negative,True
j_0004725,u_01934,2025-04-20 13:48:00,neutral,faith,universal,,115,0.129,neutral,True
j_0004726,u_01934,2025-04-21 18:08:00,low,habits,light_islamic,,315,-0.577,negative,True
j_0004727,u_01934,2025-05-14 16:33:00,neutral,work,universal,hurting,40,0.009,neutral,True
j_0004728,u_01934,2025-05-17 08:21:00,good,confidence,universal,questioning,19,0.113,neutral,True
j_0004729,u_01934,2025-05-18 10:25:00,grateful,work,light_islamic,hurting,108,0.398,positive,True
j_0004730,u_01935,2025-04-09 14:10:00,neutral,habits,light_islamic,,57,-0.075,neutral,True
j_0004731,u_01935,2025-04-11 16:26:00,very_low,confidence,universal,,161,-0.352,negative,True
j_0004732,u_01935,2025-04-24 18:48:00,low,gratitude,universal,questioning,30,-0.62,negative,True
j_0004733,u_01935,2025-05-04 21:02:00,low,anxiety,deeper_faith,questioning,84,-0.467,negative,True
j_0004734,u_01936,2025-10-08 14:47:00,grateful,habits,universal,,52,-0.096,neutral,True
j_0004735,u_01936,2025-10-09 12:55:00,good,habits,light_islamic,,29,0.419,positive,True
j_0004736,u_01936,2025-10-12 12:48:00,low,confidence,deeper_faith,at_peace,174,-0.128,neutral,True
j_0004737,u_01936,2025-10-15 20:38:00,grateful,self,universal,at_peace,102,1.0,positive,True
j_0004738,u_01936,2025-10-18 17:50:00,good,anxiety,light_islamic,at_peace,42,-0.235,negative,True
j_0004739,u_01936,2025-10-19 16:21:00,neutral,purpose,light_islamic,at_peace,33,0.09,neutral,True
j_0004740,u_01936,2025-10-24 10:02:00,good,self,universal,distant,76,0.222,positive,True
j_0004741,u_01936,2025-11-04 08:08:00,good,confidence,light_islamic,distant,103,0.392,positive,True
j_0004742,u_01936,2025-11-06 19:53:00,good,work,light_islamic,questioning,63,0.149,neutral,True
j_0004743,u_01939,2025-12-22 13:00:00,very_low,faith,deeper_faith,,122,-0.255,negative,True
j_0004744,u_01939,2025-12-23 07:45:00,grateful,self,deeper_faith,,18,0.554,positive,True
j_0004745,u_01939,2025-12-25 22:04:00,low,anxiety,deeper_faith,at_peace,70,0.016,neutral,True
j_0004746,u_01939,2026-01-03 13:13:00,neutral,purpose,deeper_faith,questioning,230,0.208,positive,True
j_0004747,u_01939,2026-01-10 17:02:00,neutral,faith,deeper_faith,questioning,49,-0.127,neutral,True
j_0004748,u_01942,2025-08-09 15:04:00,good,self,universal,,13,0.135,neutral,True
j_0004749,u_01942,2025-08-12 22:10:00,neutral,habits,light_islamic,,48,0.17,positive,True
j_0004750,u_01942,2025-08-21 09:31:00,good,gratitude,light_islamic,at_peace,114,0.251,positive,True
j_0004751,u_01942,2025-08-26 09:36:00,neutral,confidence,universal,at_peace,62,0.192,positive,True
j_0004752,u_01942,2025-09-08 08:47:00,low,work,universal,distant,53,-0.128,neutral,True
j_0004753,u_01944,2025-06-21 20:07:00,neutral,gratitude,light_islamic,,149,-0.484,negative,True
j_0004754,u_01944,2025-06-23 14:06:00,neutral,work,light_islamic,,79,-0.173,negative,True
j_0004755,u_01944,2025-07-06 07:17:00,good,work,deeper_faith,hurting,25,-0.004,neutral,True
j_0004756,u_01948,2025-10-06 09:27:00,good,anxiety,light_islamic,,100,0.076,neutral,True
j_0004757,u_01948,2025-10-11 08:48:00,grateful,gratitude,light_islamic,at_peace,59,0.475,positive,True
j_0004758,u_01948,2025-10-12 17:33:00,low,confidence,light_islamic,distant,79,-0.257,negative,True
j_0004759,u_01948,2025-10-16 15:25:00,neutral,habits,universal,distant,450,-0.201,negative,True
j_0004760,u_01948,2025-10-21 11:46:00,neutral,purpose,universal,at_peace,53,-0.311,negative,True
j_0004761,u_01948,2025-10-25 09:29:00,grateful,faith,light_islamic,at_peace,51,0.292,positive,True
j_0004762,u_01948,2025-10-27 22:23:00,neutral,anxiety,light_islamic,questioning,26,0.041,neutral,True
j_0004763,u_01952,2025-04-21 08:27:00,low,confidence,light_islamic,,160,-0.27,negative,True
j_0004764,u_01952,2025-04-22 17:58:00,grateful,self,light_islamic,,98,0.745,positive,True
j_0004765,u_01952,2025-04-24 16:06:00,neutral,self,light_islamic,,31,-0.247,negative,True
j_0004766,u_01952,2025-05-01 19:03:00,neutral,work,light_islamic,distant,76,0.32,positive,True
j_0004767,u_01952,2025-05-02 13:42:00,low,confidence,light_islamic,distant,12,-0.251,negative,True
j_0004768,u_01952,2025-05-10 10:04:00,low,gratitude,light_islamic,at_peace,289,-0.534,negative,True
j_0004769,u_01952,2025-05-11 13:02:00,good,burnout,universal,hurting,25,0.523,positive,True
j_0004770,u_01955,2025-01-11 17:23:00,good,anxiety,deeper_faith,,76,-0.037,neutral,True
j_0004771,u_01955,2025-01-16 10:49:00,grateful,gratitude,deeper_faith,questioning,85,0.343,positive,True
j_0004772,u_01955,2025-01-19 20:54:00,grateful,confidence,light_islamic,at_peace,369,0.56,positive,True
j_0004773,u_01955,2025-01-28 16:27:00,good,self,light_islamic,distant,45,0.678,positive,True
j_0004774,u_01957,2025-09-16 17:42:00,good,burnout,universal,,109,0.098,neutral,True
j_0004775,u_01957,2025-09-20 10:15:00,good,purpose,deeper_faith,at_peace,61,0.25,positive,True
j_0004776,u_01957,2025-09-22 07:53:00,low,anxiety,deeper_faith,at_peace,53,-0.607,negative,True
j_0004777,u_01957,2025-09-25 15:11:00,good,purpose,light_islamic,questioning,228,0.176,positive,True
j_0004778,u_01957,2025-09-26 15:51:00,good,burnout,light_islamic,at_peace,124,0.27,positive,True
j_0004779,u_01957,2025-10-08 18:22:00,low,faith,universal,hurting,65,-0.147,neutral,True
j_0004780,u_01958,2025-11-18 07:28:00,good,faith,universal,,128,0.295,positive,True
j_0004781,u_01958,2025-12-06 13:52:00,neutral,self,light_islamic,at_peace,55,-0.075,neutral,True
j_0004782,u_01959,2025-01-08 13:25:00,good,gratitude,deeper_faith,,64,0.085,neutral,True
j_0004783,u_01959,2025-01-10 18:04:00,neutral,faith,universal,,85,-0.067,neutral,True
j_0004784,u_01959,2025-01-12 08:22:00,good,habits,light_islamic,at_peace,68,0.504,positive,True
j_0004785,u_01959,2025-01-13 12:03:00,neutral,habits,universal,at_peace,12,-0.481,negative,True
j_0004786,u_01959,2025-01-17 12:06:00,neutral,burnout,universal,at_peace,107,-0.087,neutral,True
j_0004787,u_01959,2025-01-29 09:52:00,neutral,faith,light_islamic,at_peace,33,-0.139,neutral,True
j_0004788,u_01961,2025-08-30 21:13:00,low,purpose,deeper_faith,,44,0.497,positive,True
j_0004789,u_01961,2025-09-14 09:14:00,very_low,confidence,universal,at_peace,344,-0.86,negative,True
j_0004790,u_01961,2025-09-18 16:22:00,grateful,self,light_islamic,questioning,159,0.904,positive,True
j_0004791,u_01963,2025-05-03 08:36:00,neutral,gratitude,deeper_faith,,71,0.456,positive,True
j_0004792,u_01963,2025-05-08 08:22:00,grateful,self,deeper_faith,at_peace,142,0.457,positive,True
j_0004793,u_01963,2025-05-10 13:33:00,good,faith,universal,hurting,86,0.328,positive,True
j_0004794,u_01963,2025-05-17 08:06:00,low,anxiety,light_islamic,distant,94,0.086,neutral,True
j_0004795,u_01963,2025-05-20 13:29:00,neutral,purpose,universal,questioning,35,-0.105,neutral,True
j_0004796,u_01963,2025-05-21 16:46:00,low,gratitude,universal,at_peace,75,-0.673,negative,True
j_0004797,u_01963,2025-05-30 11:52:00,good,anxiety,light_islamic,questioning,98,0.04,neutral,True
j_0004798,u_01965,2025-10-03 12:34:00,neutral,relationships,light_islamic,,87,0.601,positive,True
j_0004799,u_01965,2025-10-08 08:29:00,grateful,anxiety,light_islamic,hurting,30,0.315,positive,True
j_0004800,u_01965,2025-10-14 16:04:00,good,gratitude,universal,at_peace,76,0.324,positive,True
j_0004801,u_01967,2025-09-06 13:19:00,grateful,burnout,light_islamic,,137,0.508,positive,True
j_0004802,u_01967,2025-09-11 17:26:00,good,confidence,universal,questioning,24,0.087,neutral,True
j_0004803,u_01967,2025-09-12 10:58:00,low,confidence,universal,at_peace,55,-0.032,neutral,True
j_0004804,u_01967,2025-10-02 12:21:00,neutral,confidence,light_islamic,at_peace,45,0.109,neutral,True
j_0004805,u_01967,2025-10-05 19:47:00,neutral,purpose,light_islamic,distant,99,0.413,positive,True
j_0004806,u_01969,2025-12-22 10:45:00,very_low,gratitude,light_islamic,,175,-0.515,negative,True
j_0004807,u_01969,2025-12-27 07:41:00,good,faith,deeper_faith,at_peace,44,0.307,positive,True
j_0004808,u_01969,2025-12-30 11:08:00,low,purpose,universal,questioning,39,-0.243,negative,True
j_0004809,u_01969,2026-01-11 09:09:00,low,self,universal,at_peace,82,-0.686,negative,True
j_0004810,u_01969,2026-01-20 14:41:00,neutral,self,universal,distant,45,0.091,neutral,True
j_0004811,u_01970,2025-03-11 21:18:00,grateful,confidence,universal,,95,0.363,positive,True
j_0004812,u_01970,2025-03-21 17:18:00,good,habits,universal,at_peace,257,0.437,positive,True
j_0004813,u_01970,2025-03-25 17:27:00,good,relationships,universal,questioning,51,0.314,positive,True
j_0004814,u_01970,2025-04-10 21:32:00,grateful,anxiety,light_islamic,at_peace,52,0.262,positive,True
j_0004815,u_01975,2025-07-12 07:30:00,good,purpose,universal,,33,0.184,positive,True
j_0004816,u_01975,2025-07-19 08:01:00,good,gratitude,universal,at_peace,105,0.563,positive,True
j_0004817,u_01975,2025-07-20 14:55:00,neutral,relationships,universal,at_peace,67,0.056,neutral,True
j_0004818,u_01975,2025-07-22 17:05:00,grateful,faith,universal,at_peace,62,0.546,positive,True
j_0004819,u_01975,2025-07-23 14:41:00,good,confidence,light_islamic,at_peace,132,0.021,neutral,True
j_0004820,u_01975,2025-08-04 16:08:00,good,faith,universal,at_peace,105,0.456,positive,True
j_0004821,u_01975,2025-08-05 07:12:00,grateful,confidence,universal,distant,56,0.001,neutral,True
j_0004822,u_01975,2025-08-10 21:01:00,low,relationships,universal,at_peace,202,-0.044,neutral,True
j_0004823,u_01976,2025-12-29 19:18:00,good,purpose,universal,,106,0.43,positive,True
j_0004824,u_01976,2025-12-31 20:59:00,neutral,self,light_islamic,,127,0.284,positive,True
j_0004825,u_01976,2026-01-02 20:11:00,grateful,burnout,light_islamic,at_peace,146,0.503,positive,True
j_0004826,u_01976,2026-01-10 17:13:00,good,habits,universal,distant,60,0.371,positive,True
j_0004827,u_01976,2026-01-15 14:48:00,grateful,faith,deeper_faith,questioning,156,0.713,positive,True
j_0004828,u_01976,2026-01-19 08:06:00,good,gratitude,light_islamic,distant,77,0.073,neutral,True
j_0004829,u_01976,2026-01-21 22:06:00,good,purpose,universal,questioning,96,0.519,positive,True
j_0004830,u_01978,2025-10-05 17:57:00,neutral,gratitude,light_islamic,,91,-0.108,neutral,True
j_0004831,u_01978,2025-10-15 15:00:00,good,purpose,deeper_faith,at_peace,51,0.478,positive,True
j_0004832,u_01978,2025-10-20 13:39:00,neutral,habits,universal,at_peace,31,0.06,neutral,True
j_0004833,u_01981,2025-07-22 08:23:00,good,purpose,universal,,33,0.446,positive,True
j_0004834,u_01981,2025-07-26 16:23:00,good,faith,universal,distant,117,0.145,neutral,True
j_0004835,u_01981,2025-07-27 11:14:00,neutral,purpose,light_islamic,at_peace,140,0.262,positive,True
j_0004836,u_01981,2025-07-31 21:53:00,good,confidence,light_islamic,distant,71,0.442,positive,True
j_0004837,u_01981,2025-08-02 07:53:00,very_low,anxiety,deeper_faith,distant,49,-0.505,negative,True
j_0004838,u_01981,2025-08-08 19:51:00,grateful,confidence,universal,distant,87,0.595,positive,True
j_0004839,u_01982,2025-11-11 08:37:00,low,burnout,deeper_faith,,22,-0.315,negative,True
j_0004840,u_01982,2025-11-14 20:23:00,good,self,deeper_faith,,312,0.25,positive,True
j_0004841,u_01982,2025-11-16 08:37:00,very_low,burnout,universal,at_peace,129,-0.363,negative,True
j_0004842,u_01982,2025-11-18 19:59:00,good,purpose,universal,hurting,266,0.222,positive,True
j_0004843,u_01982,2025-11-23 16:00:00,good,confidence,light_islamic,distant,25,0.139,neutral,True
j_0004844,u_01982,2025-11-26 11:44:00,good,faith,light_islamic,at_peace,38,0.725,positive,True
j_0004845,u_01982,2025-11-29 11:05:00,very_low,self,universal,at_peace,50,-0.308,negative,True
j_0004846,u_01984,2025-04-25 09:29:00,low,gratitude,universal,,30,-0.157,negative,True
j_0004847,u_01984,2025-04-26 11:22:00,low,burnout,universal,,180,-0.398,negative,True
j_0004848,u_01984,2025-04-30 10:19:00,neutral,relationships,universal,distant,40,-0.339,negative,True
j_0004849,u_01984,2025-05-01 21:00:00,neutral,gratitude,light_islamic,at_peace,35,-0.106,neutral,True
j_0004850,u_01984,2025-05-02 16:16:00,neutral,faith,universal,distant,76,0.042,neutral,True
j_0004851,u_01984,2025-05-06 16:32:00,low,purpose,light_islamic,at_peace,184,-0.285,negative,True
j_0004852,u_01984,2025-05-09 20:48:00,grateful,gratitude,universal,questioning,71,0.569,positive,True
j_0004853,u_01985,2025-09-15 18:53:00,good,relationships,universal,,68,0.532,positive,True
j_0004854,u_01985,2025-09-20 08:45:00,low,self,light_islamic,at_peace,55,-0.495,negative,True
j_0004855,u_01985,2025-09-28 21:31:00,good,faith,universal,at_peace,12,-0.207,negative,True
j_0004856,u_01985,2025-10-03 16:44:00,neutral,burnout,light_islamic,questioning,14,0.269,positive,True
j_0004857,u_01987,2025-09-02 19:22:00,very_low,purpose,light_islamic,,121,-0.481,negative,True
j_0004858,u_01987,2025-09-05 22:19:00,grateful,relationships,universal,,29,0.617,positive,True
j_0004859,u_01987,2025-09-07 15:06:00,low,gratitude,universal,distant,85,0.058,neutral,True
j_0004860,u_01987,2025-09-10 17:51:00,good,work,light_islamic,at_peace,127,0.347,positive,True
j_0004861,u_01987,2025-09-11 08:46:00,good,burnout,light_islamic,at_peace,50,0.527,positive,True
j_0004862,u_01987,2025-09-13 18:14:00,good,self,universal,distant,109,-0.039,neutral,True
j_0004863,u_01987,2025-09-15 20:26:00,good,faith,universal,hurting,61,0.521,positive,True
j_0004864,u_01987,2025-09-29 12:20:00,grateful,gratitude,light_islamic,at_peace,80,0.14,neutral,True
j_0004865,u_01987,2025-10-02 07:18:00,neutral,confidence,deeper_faith,at_peace,58,0.29,positive,True
j_0004866,u_01991,2025-11-10 16:08:00,neutral,anxiety,universal,at_peace,129,0.034,neutral,True
j_0004867,u_01991,2025-11-20 09:07:00,very_low,burnout,universal,at_peace,340,-0.43,negative,True
j_0004868,u_01997,2025-12-02 08:14:00,good,relationships,universal,,104,0.251,positive,True
j_0004869,u_01997,2025-12-06 08:34:00,good,self,universal,at_peace,71,0.033,neutral,True
j_0004870,u_01997,2025-12-09 13:47:00,good,gratitude,deeper_faith,at_peace,89,0.653,positive,True
j_0004871,u_01997,2025-12-16 10:07:00,good,relationships,deeper_faith,distant,47,0.143,neutral,True
j_0004872,u_01997,2025-12-18 11:16:00,grateful,gratitude,universal,distant,25,0.878,positive,True
j_0004873,u_01998,2025-03-17 19:57:00,good,self,deeper_faith,,66,0.453,positive,True
j_0004874,u_01998,2025-03-23 10:48:00,grateful,burnout,light_islamic,questioning,87,0.561,positive,True
j_0004875,u_01998,2025-04-14 13:13:00,neutral,gratitude,universal,at_peace,128,-0.134,neutral,True
j_0004876,u_01999,2025-05-08 12:15:00,grateful,relationships,light_islamic,,165,0.411,positive,True
j_0004877,u_01999,2025-05-09 15:36:00,grateful,gratitude,universal,,55,0.679,positive,True
j_0004878,u_01999,2025-05-19 07:44:00,good,relationships,universal,at_peace,53,0.547,positive,True
j_0004879,u_01999,2025-06-02 15:00:00,good,habits,light_islamic,at_peace,57,0.286,positive,True
j_0004880,u_01999,2025-06-04 20:47:00,low,burnout,deeper_faith,at_peace,61,-0.41,negative,True
j_0004881,u_01999,2025-06-05 18:28:00,good,burnout,universal,questioning,109,0.265,positive,True
j_0004882,u_02000,2025-07-10 11:59:00,good,faith,universal,,149,-0.012,neutral,True
j_0004883,u_02000,2025-07-12 19:17:00,grateful,gratitude,universal,,75,0.561,positive,True
j_0004884,u_02000,2025-07-13 12:59:00,good,burnout,universal,,79,0.012,neutral,True
j_0004885,u_02000,2025-07-31 19:28:00,good,habits,deeper_faith,at_peace,59,0.318,positive,True
j_0004886,u_02000,2025-08-01 15:45:00,low,self,light_islamic,at_peace,63,0.057,neutral,True
j_0004887,u_02000,2025-08-03 14:50:00,good,gratitude,deeper_faith,at_peace,44,0.41,positive,True
j_0004888,u_02001,2025-03-27 14:20:00,grateful,relationships,universal,,55,0.412,positive,True
j_0004889,u_02001,2025-03-29 07:22:00,neutral,purpose,light_islamic,,72,0.131,neutral,True
j_0004890,u_02001,2025-04-02 09:35:00,grateful,gratitude,deeper_faith,questioning,28,0.765,positive,True
j_0004891,u_02001,2025-04-04 12:35:00,neutral,gratitude,universal,questioning,57,-0.152,negative,True
j_0004892,u_02001,2025-04-06 09:51:00,neutral,burnout,light_islamic,questioning,51,0.089,neutral,True
j_0004893,u_02001,2025-04-10 21:38:00,grateful,burnout,universal,at_peace,30,0.261,positive,True
j_0004894,u_02001,2025-04-16 20:39:00,grateful,burnout,universal,at_peace,52,0.704,positive,True
j_0004895,u_02004,2025-01-15 21:50:00,neutral,habits,deeper_faith,,252,-0.007,neutral,True
j_0004896,u_02004,2025-01-17 11:51:00,good,relationships,deeper_faith,,171,-0.024,neutral,True
j_0004897,u_02004,2025-01-21 21:19:00,good,burnout,universal,at_peace,37,0.564,positive,True
j_0004898,u_02004,2025-01-24 11:45:00,good,confidence,universal,distant,99,0.453,positive,True
j_0004899,u_02004,2025-01-25 19:36:00,low,confidence,light_islamic,hurting,140,-0.299,negative,True
j_0004900,u_02004,2025-01-27 17:06:00,neutral,anxiety,light_islamic,questioning,32,-0.038,neutral,True
j_0004901,u_02004,2025-02-02 16:47:00,good,work,light_islamic,questioning,125,0.348,positive,True
j_0004902,u_02005,2025-07-29 21:00:00,neutral,faith,universal,,112,0.078,neutral,True
j_0004903,u_02005,2025-08-04 09:37:00,good,habits,light_islamic,at_peace,40,0.306,positive,True
j_0004904,u_02005,2025-08-05 13:32:00,neutral,work,universal,at_peace,33,0.125,neutral,True
j_0004905,u_02005,2025-08-06 15:09:00,good,burnout,deeper_faith,distant,49,-0.227,negative,True
j_0004906,u_02005,2025-08-12 18:19:00,good,relationships,universal,at_peace,59,0.22,positive,True
j_0004907,u_02005,2025-08-14 15:14:00,grateful,faith,light_islamic,at_peace,88,0.113,neutral,True
j_0004908,u_02005,2025-08-16 21:08:00,good,anxiety,light_islamic,distant,100,0.448,positive,True
j_0004909,u_02005,2025-08-20 18:23:00,neutral,anxiety,light_islamic,at_peace,189,-0.187,negative,True
j_0004910,u_02006,2025-12-18 17:55:00,low,purpose,light_islamic,,21,-0.455,negative,True
j_0004911,u_02006,2026-01-02 22:19:00,good,confidence,deeper_faith,at_peace,36,0.402,positive,True
j_0004912,u_02006,2026-01-05 07:51:00,neutral,gratitude,universal,questioning,38,0.27,positive,True
j_0004913,u_02006,2026-01-08 08:16:00,neutral,confidence,deeper_faith,hurting,17,-0.028,neutral,True
j_0004914,u_02006,2026-01-13 16:57:00,grateful,confidence,universal,at_peace,44,0.769,positive,True
j_0004915,u_02008,2025-02-03 19:55:00,good,anxiety,light_islamic,,45,0.183,positive,True
j_0004916,u_02008,2025-02-12 20:25:00,grateful,purpose,light_islamic,at_peace,83,0.348,positive,True
j_0004917,u_02008,2025-02-13 20:21:00,grateful,faith,light_islamic,hurting,53,0.392,positive,True
j_0004918,u_02008,2025-02-23 09:41:00,neutral,confidence,light_islamic,questioning,60,0.0,neutral,True
j_0004919,u_02008,2025-02-26 11:20:00,good,self,universal,at_peace,82,0.501,positive,True
j_0004920,u_02008,2025-03-02 16:59:00,grateful,relationships,light_islamic,questioning,90,0.405,positive,True
j_0004921,u_02008,2025-03-03 18:07:00,neutral,habits,deeper_faith,at_peace,48,-0.154,negative,True
j_0004922,u_02008,2025-03-04 08:23:00,neutral,relationships,universal,distant,108,0.314,positive,True
j_0004923,u_02010,2025-03-11 16:53:00,low,habits,light_islamic,,23,-0.407,negative,True
j_0004924,u_02010,2025-03-17 11:37:00,grateful,relationships,light_islamic,at_peace,27,0.179,positive,True
j_0004925,u_02010,2025-03-19 11:50:00,neutral,burnout,universal,at_peace,82,-0.223,negative,True
j_0004926,u_02010,2025-03-22 18:41:00,good,burnout,universal,at_peace,39,0.063,neutral,True
j_0004927,u_02010,2025-04-07 18:49:00,very_low,anxiety,universal,at_peace,29,-0.65,negative,True
j_0004928,u_02010,2025-04-09 19:22:00,very_low,gratitude,light_islamic,questioning,56,-0.878,negative,True
j_0004929,u_02012,2025-03-31 19:20:00,very_low,self,universal,,27,-0.148,neutral,True
j_0004930,u_02012,2025-04-12 12:59:00,neutral,anxiety,universal,distant,109,0.147,neutral,True
j_0004931,u_02012,2025-04-21 11:47:00,good,faith,universal,at_peace,72,0.424,positive,True
j_0004932,u_02012,2025-04-24 16:00:00,very_low,anxiety,deeper_faith,distant,335,-0.807,negative,True
j_0004933,u_02013,2025-01-07 17:48:00,grateful,faith,light_islamic,,53,1.0,positive,True
j_0004934,u_02013,2025-01-09 17:22:00,grateful,habits,light_islamic,,43,0.304,positive,True
j_0004935,u_02013,2025-01-13 22:00:00,neutral,work,universal,at_peace,113,0.033,neutral,True
j_0004936,u_02013,2025-01-21 07:28:00,low,faith,light_islamic,hurting,116,-0.112,neutral,True
j_0004937,u_02013,2025-01-26 09:47:00,low,gratitude,universal,at_peace,210,0.176,positive,True
j_0004938,u_02013,2025-02-01 14:58:00,neutral,self,universal,distant,68,-0.078,neutral,True
j_0004939,u_02014,2025-01-25 16:11:00,good,gratitude,universal,,24,0.27,positive,True
j_0004940,u_02014,2025-01-31 18:15:00,good,work,universal,distant,65,0.161,positive,True
j_0004941,u_02014,2025-02-01 11:51:00,grateful,anxiety,universal,distant,75,0.582,positive,True
j_0004942,u_02014,2025-02-02 08:47:00,good,faith,deeper_faith,at_peace,29,0.11,neutral,True
j_0004943,u_02014,2025-02-03 21:16:00,good,self,light_islamic,questioning,110,0.049,neutral,True
j_0004944,u_02015,2025-08-30 10:38:00,neutral,purpose,light_islamic,,36,0.29,positive,True
j_0004945,u_02015,2025-09-04 07:51:00,neutral,burnout,light_islamic,distant,57,-0.029,neutral,True
j_0004946,u_02015,2025-09-07 20:07:00,good,gratitude,universal,questioning,116,0.002,neutral,True
j_0004947,u_02015,2025-09-10 15:43:00,good,relationships,light_islamic,distant,197,0.704,positive,True
j_0004948,u_02015,2025-09-24 19:15:00,neutral,purpose,light_islamic,at_peace,73,-0.104,neutral,True
j_0004949,u_02015,2025-09-25 11:36:00,good,confidence,light_islamic,at_peace,82,-0.061,neutral,True
j_0004950,u_02018,2025-06-14 16:01:00,neutral,burnout,universal,,29,-0.03,neutral,True
j_0004951,u_02018,2025-06-16 17:16:00,neutral,work,universal,,107,-0.33,negative,True
j_0004952,u_02018,2025-06-17 13:56:00,good,anxiety,deeper_faith,,24,0.64,positive,True
j_0004953,u_02018,2025-06-22 08:12:00,low,relationships,light_islamic,distant,67,-0.036,neutral,True
j_0004954,u_02018,2025-07-14 15:52:00,very_low,relationships,light_islamic,distant,90,-0.499,negative,True
j_0004955,u_02019,2025-03-09 07:30:00,good,gratitude,light_islamic,,367,0.363,positive,True
j_0004956,u_02019,2025-03-11 19:18:00,neutral,anxiety,universal,,250,-0.268,negative,True
j_0004957,u_02019,2025-03-12 09:24:00,neutral,habits,universal,,105,0.122,neutral,True
j_0004958,u_02019,2025-03-17 19:59:00,grateful,confidence,light_islamic,at_peace,258,0.552,positive,True
j_0004959,u_02019,2025-03-18 15:09:00,good,anxiety,light_islamic,at_peace,95,0.377,positive,True
j_0004960,u_02019,2025-03-24 10:50:00,grateful,gratitude,universal,at_peace,208,0.728,positive,True
j_0004961,u_02019,2025-03-29 19:49:00,good,confidence,deeper_faith,distant,93,0.539,positive,True
j_0004962,u_02019,2025-03-30 13:56:00,good,self,universal,questioning,64,0.226,positive,True
j_0004963,u_02020,2025-03-20 13:09:00,good,self,deeper_faith,,92,0.019,neutral,True
j_0004964,u_02020,2025-03-23 20:50:00,neutral,relationships,light_islamic,,122,0.249,positive,True
j_0004965,u_02020,2025-03-28 10:21:00,good,gratitude,universal,at_peace,82,0.253,positive,True
j_0004966,u_02020,2025-03-31 13:44:00,very_low,purpose,universal,at_peace,51,-0.404,negative,True
j_0004967,u_02020,2025-04-04 17:59:00,good,habits,universal,distant,104,0.411,positive,True
j_0004968,u_02020,2025-04-07 07:46:00,very_low,habits,deeper_faith,distant,121,-0.712,negative,True
j_0004969,u_02020,2025-04-09 11:32:00,grateful,relationships,universal,at_peace,50,0.145,neutral,True
j_0004970,u_02020,2025-04-12 13:53:00,neutral,anxiety,light_islamic,distant,20,-0.015,neutral,True
j_0004971,u_02025,2025-01-04 08:23:00,grateful,self,light_islamic,,17,0.437,positive,True
j_0004972,u_02029,2025-08-27 07:49:00,good,self,universal,,304,0.232,positive,True
j_0004973,u_02029,2025-09-01 19:48:00,very_low,self,deeper_faith,questioning,149,-0.533,negative,True
j_0004974,u_02030,2025-02-18 11:44:00,good,gratitude,light_islamic,,136,0.316,positive,True
j_0004975,u_02030,2025-02-23 12:00:00,neutral,self,light_islamic,at_peace,17,0.071,neutral,True
j_0004976,u_02030,2025-03-02 16:05:00,low,relationships,universal,distant,63,-0.253,negative,True
j_0004977,u_02030,2025-03-08 20:38:00,low,burnout,universal,hurting,66,-0.439,negative,True
j_0004978,u_02030,2025-03-12 08:55:00,grateful,purpose,light_islamic,at_peace,34,0.689,positive,True
j_0004979,u_02031,2025-04-28 19:46:00,neutral,self,light_islamic,,307,0.385,positive,True
j_0004980,u_02031,2025-05-24 08:16:00,good,confidence,light_islamic,at_peace,18,-0.076,neutral,True
j_0004981,u_02032,2025-01-10 11:18:00,good,anxiety,universal,,52,0.546,positive,True
j_0004982,u_02032,2025-01-14 20:08:00,good,gratitude,light_islamic,distant,110,-0.03,neutral,True
j_0004983,u_02032,2025-01-16 13:46:00,low,burnout,universal,at_peace,40,-0.388,negative,True
j_0004984,u_02032,2025-01-28 07:43:00,good,gratitude,deeper_faith,at_peace,481,-0.077,neutral,True
j_0004985,u_02032,2025-02-03 13:12:00,good,anxiety,universal,distant,99,0.588,positive,True
j_0004986,u_02032,2025-02-07 16:41:00,neutral,burnout,deeper_faith,at_peace,263,-0.323,negative,True
j_0004987,u_02033,2025-03-24 22:11:00,very_low,burnout,deeper_faith,,84,-0.806,negative,True
j_0004988,u_02033,2025-03-25 09:55:00,low,purpose,light_islamic,,81,-0.228,negative,True
j_0004989,u_02033,2025-03-31 09:08:00,good,burnout,universal,at_peace,189,0.433,positive,True
j_0004990,u_02033,2025-04-03 12:44:00,neutral,faith,light_islamic,at_peace,175,0.064,neutral,True
j_0004991,u_02033,2025-04-04 15:43:00,good,habits,universal,at_peace,28,0.002,neutral,True
j_0004992,u_02033,2025-04-05 08:16:00,grateful,burnout,light_islamic,questioning,23,0.753,positive,True
j_0004993,u_02033,2025-04-22 11:15:00,good,confidence,light_islamic,at_peace,43,0.551,positive,True
j_0004994,u_02035,2025-11-22 17:40:00,neutral,burnout,light_islamic,,132,-0.159,negative,True
j_0004995,u_02035,2025-11-27 12:39:00,good,relationships,light_islamic,at_peace,62,0.057,neutral,True
j_0004996,u_02035,2025-12-07 21:58:00,grateful,purpose,deeper_faith,distant,70,0.37,positive,True
j_0004997,u_02035,2025-12-12 07:50:00,low,burnout,light_islamic,at_peace,77,-0.206,negative,True
j_0004998,u_02035,2025-12-14 13:09:00,good,habits,light_islamic,at_peace,106,0.424,positive,True
j_0004999,u_02038,2025-09-20 10:23:00,low,anxiety,universal,,129,-0.155,negative,True
j_0005000,u_02038,2025-09-23 08:26:00,grateful,gratitude,light_islamic,,118,0.653,positive,True
j_0005001,u_02038,2025-09-26 08:46:00,neutral,anxiety,light_islamic,distant,176,-0.125,neutral,True
j_0005002,u_02041,2025-09-23 22:03:00,neutral,gratitude,light_islamic,,94,-0.041,neutral,True
j_0005003,u_02041,2025-09-26 09:18:00,good,gratitude,light_islamic,,36,0.341,positive,True
j_0005004,u_02041,2025-10-01 20:12:00,good,self,light_islamic,distant,45,0.381,positive,True
j_0005005,u_02041,2025-10-04 08:27:00,good,purpose,deeper_faith,distant,49,0.456,positive,True
j_0005006,u_02041,2025-10-06 20:56:00,neutral,habits,light_islamic,at_peace,27,-0.073,neutral,True
j_0005007,u_02041,2025-10-08 19:32:00,good,anxiety,light_islamic,at_peace,60,0.573,positive,True
j_0005008,u_02041,2025-10-12 09:24:00,neutral,gratitude,light_islamic,distant,54,0.09,neutral,True
j_0005009,u_02041,2025-10-22 19:58:00,low,relationships,light_islamic,at_peace,24,-0.255,negative,True
j_0005010,u_02041,2025-10-23 12:42:00,low,gratitude,light_islamic,distant,64,-0.325,negative,True
j_0005011,u_02043,2025-04-29 15:59:00,neutral,work,deeper_faith,,26,-0.289,negative,True
j_0005012,u_02043,2025-05-01 20:14:00,low,faith,deeper_faith,,28,-0.074,neutral,True
j_0005013,u_02043,2025-05-10 07:40:00,neutral,purpose,universal,at_peace,93,-0.045,neutral,True
j_0005014,u_02043,2025-05-16 11:02:00,grateful,work,universal,distant,86,0.457,positive,True
j_0005015,u_02043,2025-05-18 20:52:00,good,confidence,light_islamic,at_peace,87,0.175,positive,True
j_0005016,u_02044,2025-07-01 12:55:00,low,gratitude,light_islamic,,100,0.188,positive,True
j_0005017,u_02044,2025-07-05 15:46:00,neutral,purpose,light_islamic,distant,59,0.125,neutral,True
j_0005018,u_02044,2025-07-09 14:01:00,neutral,gratitude,light_islamic,at_peace,33,-0.197,negative,True
j_0005019,u_02044,2025-07-11 16:11:00,low,purpose,light_islamic,distant,29,-0.462,negative,True
j_0005020,u_02044,2025-07-19 10:45:00,grateful,faith,light_islamic,at_peace,100,0.602,positive,True
j_0005021,u_02045,2025-03-30 20:49:00,neutral,anxiety,universal,,58,0.007,neutral,True
j_0005022,u_02048,2025-04-12 19:17:00,very_low,confidence,deeper_faith,,22,-0.5,negative,True
j_0005023,u_02048,2025-04-13 20:39:00,neutral,burnout,universal,,21,0.041,neutral,True
j_0005024,u_02048,2025-04-17 11:01:00,very_low,self,universal,at_peace,46,-0.887,negative,True
j_0005025,u_02049,2025-08-30 13:57:00,good,relationships,universal,,254,0.377,positive,True
j_0005026,u_02049,2025-08-31 16:04:00,good,confidence,deeper_faith,,62,0.345,positive,True
j_0005027,u_02049,2025-09-04 18:12:00,neutral,self,light_islamic,at_peace,27,-0.213,negative,True
j_0005028,u_02049,2025-09-08 11:24:00,grateful,confidence,deeper_faith,distant,47,0.446,positive,True
j_0005029,u_02049,2025-09-20 20:21:00,neutral,burnout,deeper_faith,at_peace,53,-0.326,negative,True
j_0005030,u_02050,2025-04-11 14:55:00,very_low,purpose,universal,at_peace,27,-1.0,negative,True
j_0005031,u_02050,2025-04-14 18:54:00,neutral,purpose,light_islamic,hurting,72,-0.02,neutral,True
j_0005032,u_02050,2025-04-30 07:27:00,grateful,purpose,light_islamic,at_peace,52,0.455,positive,True
j_0005033,u_02051,2025-06-10 15:52:00,good,faith,universal,,24,0.272,positive,True
j_0005034,u_02051,2025-06-12 18:29:00,good,habits,light_islamic,,24,0.393,positive,True
j_0005035,u_02051,2025-06-15 15:33:00,neutral,work,deeper_faith,at_peace,53,0.005,neutral,True
j_0005036,u_02051,2025-06-25 16:14:00,grateful,purpose,light_islamic,at_peace,44,0.419,positive,True
j_0005037,u_02051,2025-06-26 17:41:00,low,anxiety,deeper_faith,at_peace,95,-0.542,negative,True
j_0005038,u_02051,2025-06-28 10:33:00,good,relationships,universal,questioning,81,0.369,positive,True
j_0005039,u_02054,2025-09-12 20:32:00,low,self,deeper_faith,,78,-0.335,negative,True
j_0005040,u_02055,2025-06-22 08:20:00,good,confidence,universal,,158,-0.211,negative,True
j_0005041,u_02055,2025-06-25 20:23:00,good,purpose,light_islamic,at_peace,59,0.397,positive,True
j_0005042,u_02056,2025-05-15 16:17:00,low,anxiety,light_islamic,,49,-0.656,negative,True
j_0005043,u_02056,2025-05-16 18:46:00,neutral,work,light_islamic,,74,0.107,neutral,True
j_0005044,u_02056,2025-05-22 19:50:00,grateful,anxiety,light_islamic,at_peace,182,0.404,positive,True
j_0005045,u_02056,2025-05-24 07:21:00,neutral,relationships,light_islamic,distant,141,-0.003,neutral,True
j_0005046,u_02056,2025-05-31 09:09:00,neutral,purpose,light_islamic,distant,31,0.025,neutral,True
j_0005047,u_02056,2025-06-02 16:22:00,low,work,light_islamic,distant,77,-0.345,negative,True
j_0005048,u_02056,2025-06-14 19:38:00,grateful,work,light_islamic,at_peace,93,0.813,positive,True
j_0005049,u_02059,2025-03-22 08:55:00,good,burnout,deeper_faith,,144,0.423,positive,True
j_0005050,u_02059,2025-03-24 10:07:00,good,self,universal,,94,0.384,positive,True
j_0005051,u_02059,2025-03-25 11:19:00,good,self,deeper_faith,,96,0.391,positive,True
j_0005052,u_02059,2025-04-01 21:11:00,neutral,gratitude,universal,questioning,44,-0.44,negative,True
j_0005053,u_02059,2025-04-08 11:22:00,neutral,purpose,light_islamic,at_peace,96,-0.165,negative,True
j_0005054,u_02059,2025-04-11 13:16:00,good,relationships,deeper_faith,at_peace,27,0.434,positive,True
j_0005055,u_02059,2025-04-12 14:47:00,grateful,burnout,light_islamic,at_peace,52,0.457,positive,True
j_0005056,u_02059,2025-04-21 19:34:00,good,self,light_islamic,at_peace,65,0.468,positive,True
j_0005057,u_02060,2025-05-09 10:44:00,neutral,relationships,light_islamic,,74,-0.361,negative,True
j_0005058,u_02060,2025-05-12 18:53:00,good,self,universal,,248,0.411,positive,True
j_0005059,u_02060,2025-05-16 17:43:00,good,burnout,universal,at_peace,21,0.476,positive,True
j_0005060,u_02060,2025-05-19 11:29:00,good,faith,deeper_faith,at_peace,113,0.246,positive,True
j_0005061,u_02060,2025-05-26 20:03:00,grateful,habits,light_islamic,questioning,34,0.674,positive,True
j_0005062,u_02060,2025-06-01 10:47:00,grateful,confidence,light_islamic,at_peace,57,0.656,positive,True
j_0005063,u_02062,2025-12-03 19:37:00,neutral,purpose,deeper_faith,,69,-0.172,negative,True
j_0005064,u_02062,2025-12-06 09:03:00,neutral,work,deeper_faith,,172,0.454,positive,True
j_0005065,u_02062,2025-12-12 18:55:00,neutral,relationships,light_islamic,at_peace,85,0.247,positive,True
j_0005066,u_02062,2025-12-19 15:24:00,grateful,self,universal,questioning,35,0.698,positive,True
j_0005067,u_02062,2025-12-27 10:17:00,grateful,purpose,light_islamic,questioning,41,0.524,positive,True
j_0005068,u_02062,2025-12-28 18:06:00,very_low,anxiety,universal,at_peace,35,-0.195,negative,True
j_0005069,u_02065,2025-10-04 11:11:00,neutral,gratitude,deeper_faith,,96,-0.216,negative,True
j_0005070,u_02065,2025-10-09 19:29:00,grateful,work,universal,at_peace,72,0.508,positive,True
j_0005071,u_02065,2025-10-11 14:20:00,neutral,confidence,deeper_faith,at_peace,46,0.113,neutral,True
j_0005072,u_02065,2025-10-17 19:30:00,good,purpose,universal,hurting,56,0.269,positive,True
j_0005073,u_02067,2025-07-08 19:09:00,neutral,confidence,universal,,44,-0.092,neutral,True
j_0005074,u_02067,2025-07-10 17:04:00,good,purpose,deeper_faith,,71,0.222,positive,True
j_0005075,u_02067,2025-07-11 20:54:00,good,purpose,light_islamic,,204,0.47,positive,True
j_0005076,u_02067,2025-07-15 19:58:00,neutral,purpose,universal,questioning,60,0.248,positive,True
j_0005077,u_02067,2025-07-22 15:37:00,grateful,self,universal,hurting,29,0.362,positive,True
j_0005078,u_02067,2025-07-25 16:09:00,neutral,anxiety,light_islamic,at_peace,62,-0.173,negative,True
j_0005079,u_02068,2025-10-27 14:36:00,neutral,work,light_islamic,,66,-0.448,negative,True
j_0005080,u_02068,2025-10-30 14:31:00,good,faith,light_islamic,,32,0.167,positive,True
j_0005081,u_02068,2025-11-01 14:52:00,low,self,universal,questioning,91,0.247,positive,True
j_0005082,u_02068,2025-11-11 19:10:00,good,faith,deeper_faith,at_peace,36,0.305,positive,True
j_0005083,u_02068,2025-11-23 15:58:00,good,habits,deeper_faith,at_peace,92,-0.003,neutral,True
j_0005084,u_02071,2025-04-19 14:54:00,good,work,universal,at_peace,75,0.051,neutral,True
j_0005085,u_02071,2025-04-24 09:02:00,neutral,habits,light_islamic,distant,89,0.077,neutral,True
j_0005086,u_02071,2025-04-27 15:53:00,neutral,anxiety,deeper_faith,questioning,80,0.117,neutral,True
j_0005087,u_02072,2025-03-02 13:47:00,grateful,purpose,universal,distant,57,0.595,positive,True
j_0005088,u_02072,2025-03-06 08:18:00,neutral,confidence,universal,questioning,62,0.162,positive,True
j_0005089,u_02072,2025-03-07 14:58:00,very_low,habits,light_islamic,hurting,35,-0.778,negative,True
j_0005090,u_02072,2025-03-23 14:10:00,grateful,burnout,universal,at_peace,53,0.596,positive,True
j_0005091,u_02075,2025-12-24 18:15:00,good,confidence,deeper_faith,,91,0.662,positive,True
j_0005092,u_02075,2025-12-25 13:49:00,grateful,burnout,universal,,106,0.561,positive,True
j_0005093,u_02075,2025-12-26 14:01:00,good,habits,light_islamic,,117,0.534,positive,True
j_0005094,u_02075,2025-12-28 10:45:00,good,faith,deeper_faith,at_peace,69,0.295,positive,True
j_0005095,u_02075,2025-12-30 13:35:00,grateful,work,light_islamic,at_peace,53,0.302,positive,True
j_0005096,u_02075,2025-12-31 09:41:00,low,confidence,universal,distant,155,-0.22,negative,True
j_0005097,u_02075,2026-01-13 15:35:00,grateful,work,universal,at_peace,283,0.26,positive,True
j_0005098,u_02076,2025-11-03 11:53:00,grateful,burnout,universal,,81,0.356,positive,True
j_0005099,u_02076,2025-11-04 18:12:00,low,purpose,deeper_faith,,89,-0.173,negative,True
j_0005100,u_02076,2025-11-12 10:06:00,good,anxiety,light_islamic,hurting,233,-0.13,neutral,True
j_0005101,u_02077,2025-09-13 11:02:00,neutral,work,light_islamic,,252,0.144,neutral,True
j_0005102,u_02077,2025-09-16 18:45:00,grateful,self,deeper_faith,,20,0.737,positive,True
j_0005103,u_02077,2025-09-18 12:50:00,grateful,relationships,universal,questioning,148,0.663,positive,True
j_0005104,u_02077,2025-09-19 10:35:00,good,anxiety,light_islamic,questioning,105,0.447,positive,True
j_0005105,u_02077,2025-09-20 09:48:00,good,anxiety,universal,distant,38,0.293,positive,True
j_0005106,u_02077,2025-09-22 21:23:00,low,work,light_islamic,at_peace,79,-0.254,negative,True
j_0005107,u_02077,2025-09-24 09:56:00,neutral,anxiety,light_islamic,questioning,59,0.08,neutral,True
j_0005108,u_02078,2025-02-08 10:55:00,good,habits,deeper_faith,,122,0.662,positive,True
j_0005109,u_02078,2025-02-20 13:42:00,neutral,faith,light_islamic,at_peace,69,-0.023,neutral,True
j_0005110,u_02078,2025-02-22 12:15:00,good,faith,light_islamic,at_peace,45,0.477,positive,True
j_0005111,u_02078,2025-02-26 22:08:00,grateful,burnout,light_islamic,at_peace,31,0.92,positive,True
j_0005112,u_02079,2025-12-06 13:35:00,good,work,light_islamic,,65,0.425,positive,True
j_0005113,u_02079,2025-12-07 07:43:00,low,burnout,light_islamic,,27,-0.139,neutral,True
j_0005114,u_02079,2025-12-10 08:47:00,neutral,relationships,deeper_faith,distant,98,0.392,positive,True
j_0005115,u_02079,2025-12-15 15:03:00,neutral,habits,universal,distant,131,-0.009,neutral,True
j_0005116,u_02079,2025-12-20 09:53:00,low,self,universal,questioning,73,-0.219,negative,True
j_0005117,u_02079,2025-12-21 08:47:00,good,habits,universal,at_peace,78,0.238,positive,True
j_0005118,u_02079,2025-12-27 11:26:00,neutral,work,light_islamic,at_peace,31,-0.057,neutral,True
j_0005119,u_02079,2026-01-05 10:41:00,neutral,habits,universal,questioning,240,0.167,positive,True
j_0005120,u_02081,2025-03-25 12:08:00,good,habits,light_islamic,,42,-0.006,neutral,True
j_0005121,u_02081,2025-03-26 13:36:00,low,confidence,universal,,151,0.002,neutral,True
j_0005122,u_02081,2025-03-30 11:11:00,good,habits,universal,at_peace,88,0.683,positive,True
j_0005123,u_02081,2025-04-03 16:39:00,good,gratitude,deeper_faith,at_peace,30,0.185,positive,True
j_0005124,u_02081,2025-04-09 16:52:00,neutral,burnout,universal,distant,30,-0.151,negative,True
j_0005125,u_02081,2025-04-16 12:21:00,grateful,habits,deeper_faith,questioning,67,0.396,positive,True
j_0005126,u_02081,2025-04-20 16:13:00,good,gratitude,universal,distant,56,0.39,positive,True
j_0005127,u_02081,2025-04-24 16:17:00,good,purpose,deeper_faith,questioning,65,0.323,positive,True
j_0005128,u_02082,2025-07-31 10:39:00,very_low,relationships,light_islamic,,129,-0.692,negative,True
j_0005129,u_02082,2025-08-01 12:00:00,neutral,gratitude,light_islamic,,52,0.169,positive,True
j_0005130,u_02082,2025-08-03 19:17:00,neutral,anxiety,light_islamic,,48,0.069,neutral,True
j_0005131,u_02082,2025-08-04 20:55:00,neutral,relationships,universal,at_peace,150,-0.186,negative,True
j_0005132,u_02082,2025-08-08 15:09:00,good,anxiety,universal,hurting,86,0.573,positive,True
j_0005133,u_02082,2025-08-09 19:35:00,grateful,gratitude,universal,at_peace,44,0.674,positive,True
j_0005134,u_02082,2025-08-10 07:16:00,grateful,work,deeper_faith,at_peace,65,0.365,positive,True
j_0005135,u_02082,2025-08-16 07:48:00,good,confidence,light_islamic,at_peace,70,0.472,positive,True
j_0005136,u_02082,2025-08-19 10:31:00,neutral,relationships,universal,at_peace,52,-0.239,negative,True
j_0005137,u_02082,2025-08-23 15:30:00,very_low,purpose,universal,questioning,56,-0.747,negative,True
j_0005138,u_02082,2025-08-25 08:19:00,good,habits,universal,at_peace,65,0.523,positive,True
j_0005139,u_02084,2025-10-08 09:05:00,neutral,anxiety,deeper_faith,,72,0.127,neutral,True
j_0005140,u_02084,2025-10-19 07:37:00,good,relationships,light_islamic,distant,47,0.191,positive,True
j_0005141,u_02084,2025-10-29 07:44:00,low,work,universal,at_peace,82,-0.517,negative,True
j_0005142,u_02084,2025-11-03 21:25:00,good,work,light_islamic,at_peace,89,0.518,positive,True
j_0005143,u_02085,2025-01-21 14:52:00,good,work,light_islamic,hurting,59,0.12,neutral,True
j_0005144,u_02085,2025-01-24 14:57:00,good,faith,universal,distant,124,0.348,positive,True
j_0005145,u_02085,2025-02-10 17:23:00,neutral,self,light_islamic,questioning,42,0.127,neutral,True
j_0005146,u_02087,2025-06-12 21:59:00,low,relationships,universal,,142,-0.527,negative,True
j_0005147,u_02087,2025-06-15 20:42:00,good,purpose,universal,,84,0.15,neutral,True
j_0005148,u_02087,2025-06-28 10:30:00,good,gratitude,universal,questioning,216,0.289,positive,True
j_0005149,u_02087,2025-07-12 08:18:00,grateful,faith,universal,at_peace,46,0.378,positive,True
j_0005150,u_02088,2025-05-20 22:17:00,neutral,relationships,deeper_faith,,68,-0.015,neutral,True
j_0005151,u_02088,2025-05-21 10:30:00,good,burnout,deeper_faith,,103,0.049,neutral,True
j_0005152,u_02088,2025-06-14 11:18:00,low,purpose,light_islamic,at_peace,76,-0.31,negative,True
j_0005153,u_02090,2025-07-10 07:44:00,very_low,relationships,light_islamic,,131,-0.57,negative,True
j_0005154,u_02090,2025-07-16 11:00:00,low,relationships,light_islamic,questioning,54,-0.168,negative,True
j_0005155,u_02090,2025-08-06 11:08:00,grateful,purpose,universal,at_peace,81,0.181,positive,True
j_0005156,u_02092,2025-10-06 18:11:00,good,relationships,light_islamic,,136,0.453,positive,True
j_0005157,u_02092,2025-10-10 13:30:00,neutral,faith,universal,at_peace,59,-0.068,neutral,True
j_0005158,u_02092,2025-10-12 14:00:00,neutral,work,light_islamic,at_peace,84,-0.306,negative,True
j_0005159,u_02092,2025-10-20 21:04:00,good,burnout,deeper_faith,at_peace,78,0.199,positive,True
j_0005160,u_02092,2025-10-21 12:11:00,very_low,purpose,light_islamic,distant,66,-0.61,negative,True
j_0005161,u_02092,2025-10-24 18:17:00,grateful,confidence,deeper_faith,hurting,46,0.503,positive,True
j_0005162,u_02093,2025-02-18 17:19:00,good,habits,universal,,129,0.175,positive,True
j_0005163,u_02093,2025-03-04 21:27:00,low,relationships,universal,at_peace,187,-0.374,negative,True
j_0005164,u_02093,2025-03-11 14:12:00,good,burnout,universal,distant,94,0.491,positive,True
j_0005165,u_02094,2025-02-26 08:21:00,good,confidence,light_islamic,,91,0.693,positive,True
j_0005166,u_02094,2025-03-06 16:00:00,good,habits,universal,at_peace,60,0.289,positive,True
j_0005167,u_02094,2025-03-07 09:28:00,grateful,work,universal,at_peace,108,0.765,positive,True
j_0005168,u_02094,2025-03-21 20:04:00,grateful,faith,universal,distant,81,0.649,positive,True
j_0005169,u_02095,2025-01-23 14:06:00,good,anxiety,light_islamic,,173,0.68,positive,True
j_0005170,u_02095,2025-01-30 20:28:00,low,work,universal,at_peace,64,-0.109,neutral,True
j_0005171,u_02095,2025-02-02 20:53:00,very_low,confidence,light_islamic,at_peace,193,-0.414,negative,True
j_0005172,u_02095,2025-02-07 09:42:00,neutral,purpose,light_islamic,hurting,121,-0.237,negative,True
j_0005173,u_02095,2025-02-08 14:04:00,neutral,faith,light_islamic,at_peace,44,-0.025,neutral,True
j_0005174,u_02095,2025-02-09 12:05:00,good,purpose,universal,at_peace,100,0.441,positive,True
j_0005175,u_02095,2025-02-15 20:19:00,very_low,self,universal,at_peace,27,-0.297,negative,True
j_0005176,u_02095,2025-02-18 20:00:00,good,burnout,light_islamic,distant,76,0.439,positive,True
j_0005177,u_02095,2025-02-19 20:45:00,low,purpose,universal,at_peace,37,-0.509,negative,True
j_0005178,u_02095,2025-02-21 15:24:00,good,work,deeper_faith,at_peace,34,0.096,neutral,True
j_0005179,u_02101,2025-03-27 15:28:00,low,self,deeper_faith,,31,-0.096,neutral,True
j_0005180,u_02101,2025-03-28 17:57:00,neutral,self,universal,,116,-0.012,neutral,True
j_0005181,u_02101,2025-04-05 18:21:00,neutral,relationships,light_islamic,questioning,56,-0.153,negative,True
j_0005182,u_02101,2025-04-07 20:45:00,low,gratitude,universal,distant,74,-0.018,neutral,True
j_0005183,u_02101,2025-04-11 16:29:00,neutral,burnout,light_islamic,questioning,48,-0.412,negative,True
j_0005184,u_02101,2025-04-15 12:18:00,grateful,habits,light_islamic,questioning,18,0.261,positive,True
j_0005185,u_02104,2025-12-28 16:27:00,grateful,anxiety,light_islamic,,21,0.799,positive,True
j_0005186,u_02104,2025-12-31 09:23:00,good,confidence,universal,,103,0.061,neutral,True
j_0005187,u_02104,2026-01-01 13:07:00,grateful,relationships,light_islamic,at_peace,82,1.0,positive,True
j_0005188,u_02104,2026-01-03 19:46:00,grateful,work,universal,hurting,186,0.394,positive,True
j_0005189,u_02104,2026-01-06 17:08:00,good,purpose,light_islamic,distant,40,0.656,positive,True
j_0005190,u_02104,2026-01-07 13:33:00,good,burnout,universal,questioning,48,0.254,positive,True
j_0005191,u_02104,2026-01-15 08:21:00,good,habits,universal,at_peace,58,0.171,positive,True
j_0005192,u_02104,2026-01-21 09:51:00,grateful,faith,universal,at_peace,90,0.745,positive,True
j_0005193,u_02104,2026-01-25 13:37:00,low,work,light_islamic,at_peace,97,-0.053,neutral,True
j_0005194,u_02105,2025-08-17 07:35:00,good,purpose,light_islamic,,75,0.232,positive,True
j_0005195,u_02105,2025-08-27 16:24:00,grateful,relationships,light_islamic,at_peace,97,0.341,positive,True
j_0005196,u_02105,2025-08-28 17:01:00,good,work,light_islamic,distant,175,0.715,positive,True
j_0005197,u_02105,2025-08-31 21:52:00,neutral,work,light_islamic,questioning,67,-0.265,negative,True
j_0005198,u_02105,2025-09-03 09:54:00,neutral,purpose,universal,at_peace,54,0.539,positive,True
j_0005199,u_02107,2025-03-05 20:05:00,good,relationships,deeper_faith,,238,0.752,positive,True
j_0005200,u_02107,2025-03-12 11:03:00,good,confidence,universal,questioning,138,0.349,positive,True
j_0005201,u_02107,2025-03-16 08:47:00,good,relationships,universal,at_peace,42,0.611,positive,True
j_0005202,u_02107,2025-03-27 09:24:00,grateful,work,universal,distant,52,0.613,positive,True
j_0005203,u_02107,2025-04-04 16:16:00,low,anxiety,deeper_faith,at_peace,27,-0.065,neutral,True
j_0005204,u_02108,2025-03-21 19:52:00,neutral,purpose,universal,,116,-0.217,negative,True
j_0005205,u_02108,2025-03-22 11:57:00,low,confidence,universal,,502,-0.534,negative,True
j_0005206,u_02108,2025-03-25 20:15:00,neutral,anxiety,light_islamic,at_peace,104,-0.023,neutral,True
j_0005207,u_02108,2025-03-29 17:11:00,good,confidence,universal,at_peace,61,0.403,positive,True
j_0005208,u_02108,2025-04-07 08:46:00,good,work,light_islamic,at_peace,40,0.141,neutral,True
j_0005209,u_02108,2025-04-15 21:27:00,low,anxiety,universal,hurting,101,-0.197,negative,True
j_0005210,u_02110,2025-04-07 10:52:00,neutral,habits,light_islamic,,44,-0.238,negative,True
j_0005211,u_02110,2025-04-10 08:28:00,grateful,habits,universal,,82,0.472,positive,True
j_0005212,u_02110,2025-04-23 21:51:00,good,faith,light_islamic,questioning,62,0.234,positive,True
j_0005213,u_02110,2025-04-30 21:04:00,good,burnout,light_islamic,at_peace,89,0.127,neutral,True
j_0005214,u_02110,2025-05-05 19:34:00,neutral,burnout,light_islamic,at_peace,47,-0.179,negative,True
j_0005215,u_02112,2025-10-25 09:27:00,neutral,habits,deeper_faith,,42,0.14,neutral,True
j_0005216,u_02112,2025-10-26 12:32:00,grateful,anxiety,universal,,43,0.56,positive,True
j_0005217,u_02113,2025-02-20 18:09:00,low,relationships,light_islamic,distant,96,-0.064,neutral,True
j_0005218,u_02113,2025-02-21 17:01:00,neutral,anxiety,deeper_faith,questioning,95,0.223,positive,True
j_0005219,u_02113,2025-02-28 13:13:00,good,burnout,deeper_faith,at_peace,41,0.277,positive,True
j_0005220,u_02113,2025-03-14 10:01:00,good,confidence,light_islamic,at_peace,53,0.19,positive,True
j_0005221,u_02114,2025-01-04 17:19:00,low,relationships,deeper_faith,,102,-0.074,neutral,True
j_0005222,u_02114,2025-01-07 19:25:00,good,faith,light_islamic,,61,0.032,neutral,True
j_0005223,u_02114,2025-01-13 16:08:00,grateful,anxiety,light_islamic,questioning,34,0.748,positive,True
j_0005224,u_02114,2025-02-02 11:34:00,low,work,universal,distant,12,-0.076,neutral,True
j_0005225,u_02124,2025-11-11 09:34:00,good,work,universal,,37,0.238,positive,True
j_0005226,u_02124,2025-11-12 11:10:00,neutral,gratitude,deeper_faith,,49,-0.133,neutral,True
j_0005227,u_02124,2025-11-14 10:22:00,good,confidence,deeper_faith,,108,0.418,positive,True
j_0005228,u_02124,2025-11-15 11:10:00,neutral,anxiety,light_islamic,distant,188,-0.24,negative,True
j_0005229,u_02124,2025-11-19 11:01:00,grateful,burnout,light_islamic,at_peace,175,0.773,positive,True
j_0005230,u_02124,2025-11-22 12:14:00,neutral,anxiety,deeper_faith,questioning,131,-0.077,neutral,True
j_0005231,u_02124,2025-11-24 07:28:00,neutral,work,universal,distant,25,0.252,positive,True
j_0005232,u_02124,2025-11-25 11:16:00,neutral,self,universal,at_peace,70,-0.086,neutral,True
j_0005233,u_02129,2025-08-16 13:04:00,good,confidence,universal,,58,0.476,positive,True
j_0005234,u_02129,2025-08-17 07:16:00,grateful,relationships,light_islamic,,88,0.202,positive,True
j_0005235,u_02129,2025-08-18 10:34:00,low,habits,light_islamic,,42,0.095,neutral,True
j_0005236,u_02129,2025-08-22 14:15:00,grateful,gratitude,universal,at_peace,29,0.609,positive,True
j_0005237,u_02129,2025-08-28 11:46:00,good,habits,universal,questioning,70,0.353,positive,True
j_0005238,u_02129,2025-08-31 12:31:00,neutral,gratitude,light_islamic,at_peace,50,0.226,positive,True
j_0005239,u_02129,2025-09-08 13:20:00,very_low,relationships,light_islamic,distant,64,-0.755,negative,True
j_0005240,u_02131,2025-07-10 10:24:00,grateful,self,deeper_faith,,40,0.523,positive,True
j_0005241,u_02131,2025-07-15 16:38:00,good,purpose,deeper_faith,at_peace,103,0.124,neutral,True
j_0005242,u_02131,2025-07-16 09:33:00,low,faith,deeper_faith,hurting,107,-0.097,neutral,True
j_0005243,u_02131,2025-07-20 07:41:00,good,habits,deeper_faith,at_peace,35,0.299,positive,True
j_0005244,u_02131,2025-07-24 21:37:00,neutral,faith,universal,distant,150,0.52,positive,True
j_0005245,u_02131,2025-07-25 12:19:00,good,anxiety,light_islamic,distant,42,0.365,positive,True
j_0005246,u_02133,2025-02-17 17:49:00,neutral,confidence,universal,,104,-0.159,negative,True
j_0005247,u_02133,2025-02-24 14:57:00,good,relationships,deeper_faith,hurting,170,0.233,positive,True
j_0005248,u_02133,2025-02-25 21:14:00,neutral,work,universal,at_peace,90,0.001,neutral,True
j_0005249,u_02133,2025-02-26 16:32:00,low,self,deeper_faith,at_peace,82,0.208,positive,True
j_0005250,u_02133,2025-03-07 21:39:00,very_low,self,light_islamic,at_peace,107,-0.576,negative,True
j_0005251,u_02133,2025-03-09 10:17:00,neutral,work,light_islamic,at_peace,54,-0.34,negative,True
j_0005252,u_02134,2025-04-06 19:07:00,good,relationships,deeper_faith,at_peace,62,0.203,positive,True
j_0005253,u_02134,2025-04-08 20:45:00,good,gratitude,deeper_faith,questioning,63,0.12,neutral,True
j_0005254,u_02136,2025-09-17 12:55:00,good,self,deeper_faith,,53,0.581,positive,True
j_0005255,u_02136,2025-09-25 16:42:00,low,faith,light_islamic,at_peace,82,-0.166,negative,True
j_0005256,u_02136,2025-09-26 12:43:00,neutral,burnout,light_islamic,questioning,35,0.038,neutral,True
j_0005257,u_02136,2025-10-03 19:55:00,good,self,deeper_faith,at_peace,163,0.024,neutral,True
j_0005258,u_02136,2025-10-10 15:15:00,very_low,purpose,light_islamic,distant,112,-0.284,negative,True
j_0005259,u_02136,2025-10-17 15:07:00,low,work,deeper_faith,at_peace,68,-0.295,negative,True
j_0005260,u_02137,2025-01-11 13:59:00,very_low,burnout,deeper_faith,at_peace,73,-0.614,negative,True
j_0005261,u_02137,2025-01-17 08:18:00,good,purpose,light_islamic,at_peace,124,0.11,neutral,True
j_0005262,u_02137,2025-01-22 17:42:00,low,anxiety,light_islamic,distant,42,-0.325,negative,True
j_0005263,u_02137,2025-01-23 12:12:00,very_low,purpose,light_islamic,at_peace,113,-0.053,neutral,True
j_0005264,u_02137,2025-01-24 17:28:00,grateful,burnout,universal,distant,98,0.324,positive,True
j_0005265,u_02137,2025-01-26 18:20:00,good,relationships,deeper_faith,at_peace,95,-0.012,neutral,True
j_0005266,u_02138,2025-08-05 09:42:00,low,relationships,deeper_faith,distant,443,-0.279,negative,True
j_0005267,u_02138,2025-08-16 21:24:00,good,gratitude,deeper_faith,at_peace,48,0.07,neutral,True
j_0005268,u_02140,2025-10-08 16:33:00,neutral,confidence,light_islamic,,48,0.09,neutral,True
j_0005269,u_02140,2025-10-12 12:47:00,good,anxiety,light_islamic,distant,68,0.364,positive,True
j_0005270,u_02140,2025-10-17 20:21:00,grateful,self,light_islamic,at_peace,59,0.519,positive,True
j_0005271,u_02140,2025-10-24 15:00:00,neutral,faith,light_islamic,questioning,126,-0.134,neutral,True
j_0005272,u_02140,2025-11-01 10:24:00,grateful,habits,universal,questioning,115,0.679,positive,True
j_0005273,u_02141,2025-06-21 15:42:00,good,purpose,universal,,103,0.39,positive,True
j_0005274,u_02141,2025-06-26 21:17:00,grateful,confidence,universal,at_peace,49,-0.024,neutral,True
j_0005275,u_02141,2025-07-04 21:03:00,grateful,gratitude,light_islamic,questioning,106,0.146,neutral,True
j_0005276,u_02141,2025-07-10 18:58:00,good,confidence,universal,at_peace,50,0.202,positive,True
j_0005277,u_02141,2025-07-21 12:53:00,good,faith,universal,at_peace,58,0.164,positive,True
j_0005278,u_02146,2025-04-09 21:30:00,low,faith,light_islamic,,21,-0.318,negative,True
j_0005279,u_02146,2025-04-10 18:40:00,low,anxiety,light_islamic,,38,-0.1,neutral,True
j_0005280,u_02146,2025-04-11 11:40:00,neutral,self,light_islamic,,63,0.244,positive,True
j_0005281,u_02146,2025-04-16 08:02:00,neutral,confidence,light_islamic,at_peace,53,-0.284,negative,True
j_0005282,u_02146,2025-04-25 11:54:00,very_low,confidence,light_islamic,questioning,34,-0.39,negative,True
j_0005283,u_02146,2025-04-28 22:06:00,neutral,self,deeper_faith,at_peace,72,0.033,neutral,True
j_0005284,u_02149,2025-11-24 12:29:00,low,confidence,universal,,311,-0.225,negative,True
j_0005285,u_02149,2025-11-25 13:12:00,good,anxiety,deeper_faith,,72,-0.144,neutral,True
j_0005286,u_02149,2025-12-01 14:31:00,neutral,relationships,deeper_faith,at_peace,93,0.085,neutral,True
j_0005287,u_02149,2025-12-02 12:58:00,grateful,burnout,universal,at_peace,21,0.339,positive,True
j_0005288,u_02149,2025-12-08 07:39:00,neutral,habits,deeper_faith,at_peace,294,-0.372,negative,True
j_0005289,u_02149,2025-12-12 08:11:00,neutral,faith,light_islamic,at_peace,44,0.023,neutral,True
j_0005290,u_02149,2025-12-21 11:36:00,neutral,anxiety,universal,distant,144,0.354,positive,True
j_0005291,u_02152,2025-08-18 09:42:00,good,work,light_islamic,,117,0.25,positive,True
j_0005292,u_02152,2025-08-19 08:03:00,neutral,burnout,light_islamic,,32,-0.185,negative,True
j_0005293,u_02152,2025-08-20 08:47:00,good,confidence,light_islamic,,169,0.408,positive,True
j_0005294,u_02152,2025-08-21 09:37:00,good,gratitude,universal,distant,36,0.213,positive,True
j_0005295,u_02152,2025-08-31 17:17:00,neutral,self,universal,distant,54,-0.394,negative,True
j_0005296,u_02152,2025-09-01 20:48:00,low,faith,light_islamic,at_peace,24,-0.24,negative,True
j_0005297,u_02152,2025-09-04 09:45:00,good,habits,light_islamic,at_peace,53,0.42,positive,True
j_0005298,u_02152,2025-09-09 16:12:00,good,burnout,light_islamic,at_peace,119,0.223,positive,True
j_0005299,u_02152,2025-09-16 20:14:00,low,faith,universal,at_peace,134,-0.272,negative,True
j_0005300,u_02160,2025-06-08 19:01:00,neutral,habits,universal,,80,-0.192,negative,True
j_0005301,u_02160,2025-06-09 20:54:00,good,anxiety,light_islamic,,60,0.49,positive,True
j_0005302,u_02160,2025-06-10 17:29:00,grateful,self,universal,,76,0.671,positive,True
j_0005303,u_02160,2025-06-11 10:47:00,good,anxiety,deeper_faith,,38,0.428,positive,True
j_0005304,u_02160,2025-06-19 17:10:00,neutral,burnout,universal,at_peace,23,0.026,neutral,True
j_0005305,u_02162,2025-05-16 07:42:00,good,confidence,universal,,89,0.036,neutral,True
j_0005306,u_02162,2025-05-19 10:01:00,neutral,self,light_islamic,,20,-0.182,negative,True
j_0005307,u_02162,2025-05-24 08:04:00,grateful,confidence,universal,at_peace,94,0.725,positive,True
j_0005308,u_02162,2025-05-25 14:59:00,neutral,anxiety,universal,at_peace,41,-0.39,negative,True
j_0005309,u_02162,2025-05-28 20:29:00,good,purpose,universal,questioning,301,0.534,positive,True
j_0005310,u_02162,2025-06-03 17:29:00,good,relationships,universal,at_peace,28,0.745,positive,True
j_0005311,u_02164,2025-11-12 11:31:00,good,work,universal,,91,0.775,positive,True
j_0005312,u_02164,2025-11-24 21:31:00,very_low,gratitude,deeper_faith,questioning,159,-0.439,negative,True
j_0005313,u_02165,2025-06-26 19:06:00,low,work,deeper_faith,,132,-0.845,negative,True
j_0005314,u_02165,2025-06-29 09:42:00,good,self,deeper_faith,,55,0.417,positive,True
j_0005315,u_02165,2025-07-01 21:09:00,low,gratitude,universal,at_peace,75,-0.356,negative,True
j_0005316,u_02165,2025-07-03 21:30:00,good,relationships,universal,distant,34,0.362,positive,True
j_0005317,u_02165,2025-07-16 12:18:00,good,purpose,deeper_faith,at_peace,56,0.557,positive,True
j_0005318,u_02165,2025-07-17 11:25:00,low,relationships,light_islamic,hurting,93,-0.075,neutral,True
j_0005319,u_02165,2025-07-25 11:08:00,good,habits,deeper_faith,distant,70,0.658,positive,True
j_0005320,u_02167,2025-09-25 12:38:00,good,self,light_islamic,,95,0.183,positive,True
j_0005321,u_02167,2025-10-03 10:10:00,neutral,self,deeper_faith,at_peace,103,0.301,positive,True
j_0005322,u_02167,2025-10-06 20:49:00,very_low,relationships,light_islamic,questioning,87,-0.678,negative,True
j_0005323,u_02167,2025-10-16 11:59:00,grateful,habits,deeper_faith,at_peace,34,0.329,positive,True
j_0005324,u_02167,2025-10-18 11:15:00,grateful,confidence,deeper_faith,at_peace,63,0.734,positive,True
j_0005325,u_02170,2025-07-11 09:24:00,grateful,confidence,light_islamic,,544,0.564,positive,True
j_0005326,u_02170,2025-07-13 10:51:00,good,work,universal,,40,0.054,neutral,True
j_0005327,u_02170,2025-07-14 18:40:00,good,relationships,light_islamic,,31,0.14,neutral,True
j_0005328,u_02170,2025-07-23 16:18:00,good,self,universal,at_peace,26,0.661,positive,True
j_0005329,u_02170,2025-07-28 20:33:00,low,relationships,deeper_faith,distant,78,-0.129,neutral,True
j_0005330,u_02170,2025-07-31 12:39:00,good,faith,universal,questioning,40,-0.314,negative,True
j_0005331,u_02170,2025-08-01 16:47:00,good,self,light_islamic,distant,131,-0.05,neutral,True
j_0005332,u_02173,2025-11-28 18:50:00,grateful,gratitude,universal,,86,0.003,neutral,True
j_0005333,u_02173,2025-11-29 18:34:00,good,anxiety,light_islamic,,69,0.315,positive,True
j_0005334,u_02173,2025-12-02 15:05:00,good,self,light_islamic,distant,71,0.371,positive,True
j_0005335,u_02173,2025-12-03 16:52:00,good,faith,universal,distant,17,0.369,positive,True
j_0005336,u_02173,2025-12-13 20:12:00,good,relationships,light_islamic,questioning,27,0.285,positive,True
j_0005337,u_02173,2025-12-18 12:48:00,neutral,burnout,light_islamic,at_peace,153,0.063,neutral,True
j_0005338,u_02173,2025-12-21 21:50:00,grateful,relationships,light_islamic,distant,156,0.175,positive,True
j_0005339,u_02173,2025-12-28 18:20:00,neutral,purpose,universal,at_peace,97,-0.042,neutral,True
j_0005340,u_02177,2025-06-21 17:11:00,good,confidence,light_islamic,,39,0.131,neutral,True
j_0005341,u_02177,2025-07-12 16:52:00,low,self,deeper_faith,hurting,51,-0.084,neutral,True
j_0005342,u_02177,2025-07-18 09:18:00,good,faith,light_islamic,questioning,28,0.212,positive,True
j_0005343,u_02178,2025-04-01 16:48:00,neutral,burnout,deeper_faith,,45,0.476,positive,True
j_0005344,u_02178,2025-04-02 11:42:00,grateful,habits,universal,,88,0.353,positive,True
j_0005345,u_02178,2025-04-06 07:56:00,good,burnout,light_islamic,at_peace,132,0.066,neutral,True
j_0005346,u_02178,2025-04-14 20:07:00,low,gratitude,light_islamic,hurting,81,-0.293,negative,True
j_0005347,u_02178,2025-04-17 19:57:00,neutral,confidence,light_islamic,at_peace,58,0.115,neutral,True
j_0005348,u_02178,2025-04-21 15:43:00,very_low,faith,light_islamic,at_peace,22,-0.765,negative,True
j_0005349,u_02178,2025-04-22 22:08:00,neutral,habits,light_islamic,at_peace,312,0.258,positive,True
j_0005350,u_02178,2025-04-30 07:51:00,good,gratitude,universal,questioning,40,0.397,positive,True
j_0005351,u_02179,2025-11-30 17:30:00,good,faith,universal,,98,0.304,positive,True
j_0005352,u_02179,2025-12-18 15:53:00,low,faith,deeper_faith,at_peace,150,-0.163,negative,True
j_0005353,u_02179,2025-12-24 10:31:00,good,self,light_islamic,at_peace,116,0.067,neutral,True
j_0005354,u_02180,2025-08-19 19:09:00,good,burnout,universal,,134,0.434,positive,True
j_0005355,u_02180,2025-08-30 18:56:00,grateful,self,light_islamic,at_peace,178,0.821,positive,True
j_0005356,u_02180,2025-09-07 11:43:00,good,self,light_islamic,questioning,88,0.444,positive,True
j_0005357,u_02180,2025-09-17 21:20:00,good,burnout,universal,at_peace,25,0.128,neutral,True
j_0005358,u_02183,2025-03-30 18:54:00,grateful,relationships,universal,,121,0.509,positive,True
j_0005359,u_02183,2025-04-04 18:08:00,good,burnout,light_islamic,distant,274,0.123,neutral,True
j_0005360,u_02183,2025-04-07 12:22:00,neutral,gratitude,universal,distant,66,-0.293,negative,True
j_0005361,u_02183,2025-04-13 12:22:00,good,gratitude,light_islamic,at_peace,66,0.505,positive,True
j_0005362,u_02183,2025-04-24 20:03:00,neutral,habits,light_islamic,distant,72,0.324,positive,True
j_0005363,u_02183,2025-04-25 15:33:00,neutral,purpose,universal,at_peace,31,-0.096,neutral,True
j_0005364,u_02184,2025-01-13 11:56:00,neutral,habits,universal,,27,0.568,positive,True
j_0005365,u_02184,2025-01-20 16:26:00,grateful,faith,light_islamic,questioning,86,0.742,positive,True
j_0005366,u_02184,2025-01-21 20:26:00,very_low,anxiety,universal,distant,131,-0.47,negative,True
j_0005367,u_02184,2025-02-07 09:41:00,grateful,relationships,deeper_faith,at_peace,160,0.482,positive,True
j_0005368,u_02185,2025-04-16 10:33:00,neutral,self,deeper_faith,,88,0.093,neutral,True
j_0005369,u_02185,2025-04-21 13:30:00,good,faith,universal,distant,95,0.355,positive,True
j_0005370,u_02185,2025-04-27 20:24:00,good,faith,deeper_faith,hurting,59,0.058,neutral,True
j_0005371,u_02185,2025-04-29 16:50:00,neutral,gratitude,universal,at_peace,63,-0.064,neutral,True
j_0005372,u_02185,2025-05-04 16:57:00,neutral,habits,light_islamic,distant,67,-0.673,negative,True
j_0005373,u_02185,2025-05-07 09:19:00,good,faith,universal,questioning,81,0.591,positive,True
j_0005374,u_02185,2025-05-08 10:55:00,neutral,faith,universal,at_peace,118,-0.042,neutral,True
j_0005375,u_02186,2025-01-23 07:49:00,good,confidence,light_islamic,,97,0.285,positive,True
j_0005376,u_02186,2025-01-25 13:33:00,neutral,burnout,universal,at_peace,44,0.235,positive,True
j_0005377,u_02186,2025-01-27 15:24:00,neutral,confidence,universal,questioning,112,-0.242,negative,True
j_0005378,u_02186,2025-02-02 14:25:00,good,faith,light_islamic,questioning,147,0.121,neutral,True
j_0005379,u_02186,2025-02-04 14:47:00,neutral,anxiety,deeper_faith,at_peace,106,-0.394,negative,True
j_0005380,u_02186,2025-02-15 12:49:00,low,confidence,universal,at_peace,40,-0.323,negative,True
j_0005381,u_02190,2025-12-10 14:53:00,low,gratitude,light_islamic,,64,-0.241,negative,True
j_0005382,u_02190,2025-12-11 22:12:00,neutral,faith,universal,,31,-0.246,negative,True
j_0005383,u_02190,2025-12-29 13:54:00,low,gratitude,universal,at_peace,54,-0.337,negative,True
j_0005384,u_02195,2025-01-15 10:54:00,low,work,light_islamic,,107,-0.355,negative,True
j_0005385,u_02195,2025-01-23 11:08:00,good,relationships,light_islamic,questioning,80,0.459,positive,True
j_0005386,u_02195,2025-01-30 19:10:00,good,habits,universal,at_peace,18,0.381,positive,True
j_0005387,u_02195,2025-02-09 17:07:00,neutral,anxiety,universal,at_peace,92,0.195,positive,True
j_0005388,u_02196,2025-01-21 09:17:00,good,faith,universal,,20,0.271,positive,True
j_0005389,u_02196,2025-01-22 08:11:00,good,work,light_islamic,,194,0.161,positive,True
j_0005390,u_02196,2025-01-23 20:21:00,good,gratitude,universal,questioning,376,0.275,positive,True
j_0005391,u_02196,2025-01-24 08:01:00,neutral,habits,deeper_faith,distant,34,0.051,neutral,True
j_0005392,u_02196,2025-01-27 12:54:00,grateful,anxiety,universal,distant,46,0.604,positive,True
j_0005393,u_02196,2025-01-29 10:57:00,neutral,confidence,deeper_faith,distant,122,-0.102,neutral,True
j_0005394,u_02196,2025-02-07 10:13:00,neutral,faith,universal,at_peace,37,-0.28,negative,True
j_0005395,u_02196,2025-02-13 21:25:00,low,habits,universal,at_peace,84,-0.285,negative,True
j_0005396,u_02198,2025-09-08 21:04:00,good,gratitude,universal,,64,0.183,positive,True
j_0005397,u_02198,2025-09-13 10:17:00,neutral,gratitude,universal,questioning,123,-0.2,negative,True
j_0005398,u_02198,2025-09-14 17:06:00,good,self,universal,at_peace,93,0.279,positive,True
j_0005399,u_02198,2025-09-16 10:24:00,neutral,confidence,light_islamic,distant,172,-0.252,negative,True
j_0005400,u_02198,2025-09-18 09:09:00,neutral,anxiety,universal,at_peace,31,0.136,neutral,True
j_0005401,u_02198,2025-09-23 22:00:00,good,habits,universal,at_peace,37,0.422,positive,True
j_0005402,u_02198,2025-09-26 16:39:00,low,anxiety,universal,at_peace,94,-0.332,negative,True
j_0005403,u_02200,2025-10-21 21:35:00,good,work,universal,,73,0.246,positive,True
j_0005404,u_02200,2025-10-25 14:30:00,good,self,light_islamic,questioning,29,0.021,neutral,True
j_0005405,u_02202,2025-09-23 20:43:00,good,self,light_islamic,,34,0.329,positive,True
j_0005406,u_02202,2025-09-24 08:13:00,good,anxiety,deeper_faith,,40,0.508,positive,True
j_0005407,u_02202,2025-09-26 21:52:00,good,work,light_islamic,,250,0.429,positive,True
j_0005408,u_02202,2025-10-03 16:07:00,neutral,relationships,light_islamic,at_peace,72,0.261,positive,True
j_0005409,u_02202,2025-10-04 15:38:00,neutral,burnout,light_islamic,at_peace,60,0.078,neutral,True
j_0005410,u_02202,2025-10-05 14:19:00,neutral,burnout,light_islamic,questioning,84,-0.057,neutral,True
j_0005411,u_02202,2025-10-07 09:20:00,low,anxiety,light_islamic,at_peace,24,-0.029,neutral,True
j_0005412,u_02202,2025-10-19 13:59:00,neutral,confidence,universal,questioning,89,0.407,positive,True
j_0005413,u_02205,2025-04-02 19:11:00,grateful,burnout,universal,,33,0.405,positive,True
j_0005414,u_02205,2025-04-04 12:15:00,grateful,gratitude,light_islamic,distant,18,0.215,positive,True
j_0005415,u_02205,2025-04-09 11:08:00,good,faith,universal,hurting,73,0.359,positive,True
j_0005416,u_02205,2025-04-18 21:57:00,good,self,universal,distant,59,0.389,positive,True
j_0005417,u_02208,2025-05-19 16:56:00,good,anxiety,universal,,56,-0.084,neutral,True
j_0005418,u_02208,2025-05-25 07:27:00,low,work,universal,at_peace,37,0.122,neutral,True
j_0005419,u_02208,2025-06-10 13:20:00,grateful,anxiety,universal,distant,19,0.257,positive,True
j_0005420,u_02208,2025-06-13 21:04:00,neutral,relationships,universal,at_peace,82,-0.035,neutral,True
j_0005421,u_02212,2025-06-02 08:36:00,very_low,anxiety,universal,,51,-0.502,negative,True
j_0005422,u_02212,2025-06-04 09:32:00,good,work,deeper_faith,,45,0.222,positive,True
j_0005423,u_02212,2025-06-15 13:14:00,neutral,work,universal,at_peace,59,-0.153,negative,True
j_0005424,u_02212,2025-06-16 17:53:00,good,work,deeper_faith,questioning,64,0.42,positive,True
j_0005425,u_02213,2025-10-09 10:57:00,neutral,self,universal,,25,-0.481,negative,True
j_0005426,u_02213,2025-10-10 07:38:00,low,confidence,universal,,157,-0.505,negative,True
j_0005427,u_02213,2025-10-19 18:09:00,neutral,gratitude,deeper_faith,at_peace,104,0.407,positive,True
j_0005428,u_02213,2025-10-30 12:56:00,good,burnout,universal,at_peace,76,0.594,positive,True
j_0005429,u_02216,2025-05-10 12:24:00,good,confidence,deeper_faith,,86,0.675,positive,True
j_0005430,u_02216,2025-05-20 15:25:00,good,habits,light_islamic,at_peace,123,0.142,neutral,True
j_0005431,u_02216,2025-05-22 11:10:00,low,confidence,universal,questioning,125,-0.051,neutral,True
j_0005432,u_02216,2025-06-03 15:42:00,good,purpose,light_islamic,questioning,68,0.222,positive,True
j_0005433,u_02218,2025-11-19 21:10:00,good,gratitude,universal,,142,0.447,positive,True
j_0005434,u_02218,2025-11-20 16:11:00,low,burnout,light_islamic,,74,-0.142,neutral,True
j_0005435,u_02218,2025-11-24 19:12:00,good,confidence,universal,at_peace,238,0.564,positive,True
j_0005436,u_02218,2025-11-28 19:27:00,good,gratitude,light_islamic,at_peace,80,0.105,neutral,True
j_0005437,u_02218,2025-12-03 14:08:00,grateful,faith,universal,at_peace,92,0.477,positive,True
j_0005438,u_02218,2025-12-06 09:54:00,good,confidence,universal,at_peace,170,-0.087,neutral,True
j_0005439,u_02222,2025-05-24 12:41:00,neutral,burnout,universal,,40,-0.259,negative,True
j_0005440,u_02222,2025-06-03 19:28:00,neutral,burnout,light_islamic,questioning,125,-0.08,neutral,True
j_0005441,u_02222,2025-06-04 07:34:00,neutral,habits,universal,distant,151,0.533,positive,True
j_0005442,u_02222,2025-06-10 19:39:00,grateful,self,light_islamic,at_peace,204,0.209,positive,True
j_0005443,u_02230,2025-07-08 19:07:00,neutral,gratitude,universal,,107,-0.12,neutral,True
j_0005444,u_02230,2025-07-13 09:23:00,good,purpose,universal,at_peace,161,0.145,neutral,True
j_0005445,u_02230,2025-07-18 08:02:00,grateful,habits,universal,at_peace,225,0.618,positive,True
j_0005446,u_02230,2025-07-20 16:52:00,neutral,purpose,deeper_faith,questioning,81,0.118,neutral,True
j_0005447,u_02230,2025-07-23 20:36:00,neutral,purpose,deeper_faith,at_peace,53,-0.009,neutral,True
j_0005448,u_02230,2025-07-30 09:19:00,low,purpose,universal,questioning,75,-0.296,negative,True
j_0005449,u_02230,2025-07-31 09:41:00,good,habits,universal,at_peace,154,0.414,positive,True
j_0005450,u_02232,2025-06-14 07:35:00,low,habits,universal,at_peace,12,-0.598,negative,True
j_0005451,u_02232,2025-06-15 11:44:00,grateful,anxiety,universal,at_peace,52,0.476,positive,True
j_0005452,u_02234,2025-02-27 18:09:00,low,burnout,universal,,44,-0.621,negative,True
j_0005453,u_02234,2025-02-28 19:57:00,grateful,relationships,universal,,32,0.569,positive,True
j_0005454,u_02234,2025-03-04 16:37:00,good,purpose,universal,at_peace,50,0.235,positive,True
j_0005455,u_02234,2025-03-09 08:44:00,good,work,deeper_faith,questioning,54,-0.27,negative,True
j_0005456,u_02234,2025-03-11 13:40:00,neutral,burnout,universal,at_peace,12,0.071,neutral,True
j_0005457,u_02234,2025-03-15 13:06:00,low,habits,universal,distant,35,-0.358,negative,True
j_0005458,u_02234,2025-03-26 17:46:00,good,work,universal,hurting,45,0.006,neutral,True
j_0005459,u_02234,2025-03-27 18:28:00,neutral,anxiety,universal,at_peace,47,-0.268,negative,True
j_0005460,u_02234,2025-03-29 13:13:00,good,faith,light_islamic,at_peace,82,0.176,positive,True
j_0005461,u_02235,2025-01-17 18:02:00,neutral,burnout,deeper_faith,,89,0.478,positive,True
j_0005462,u_02235,2025-01-19 19:05:00,neutral,confidence,light_islamic,,87,-0.063,neutral,True
j_0005463,u_02235,2025-01-20 09:52:00,grateful,faith,universal,,85,0.478,positive,True
j_0005464,u_02235,2025-01-21 19:44:00,neutral,relationships,light_islamic,questioning,19,-0.001,neutral,True
j_0005465,u_02235,2025-01-31 16:22:00,low,purpose,universal,at_peace,155,-0.091,neutral,True
j_0005466,u_02235,2025-02-10 20:30:00,very_low,habits,universal,at_peace,55,-0.52,negative,True
j_0005467,u_02235,2025-02-15 15:58:00,neutral,faith,universal,distant,34,-0.198,negative,True
j_0005468,u_02237,2025-06-22 07:23:00,good,self,light_islamic,questioning,70,0.33,positive,True
j_0005469,u_02237,2025-06-28 11:35:00,low,confidence,light_islamic,questioning,26,-0.087,neutral,True
j_0005470,u_02237,2025-07-06 22:06:00,good,faith,deeper_faith,hurting,95,0.59,positive,True
j_0005471,u_02238,2025-05-23 21:29:00,good,faith,deeper_faith,,92,0.518,positive,True
j_0005472,u_02238,2025-05-26 14:57:00,neutral,confidence,universal,,44,0.098,neutral,True
j_0005473,u_02238,2025-06-04 13:48:00,neutral,work,light_islamic,at_peace,91,0.015,neutral,True
j_0005474,u_02240,2025-09-05 15:57:00,good,faith,light_islamic,,458,0.044,neutral,True
j_0005475,u_02240,2025-09-06 13:16:00,good,relationships,universal,,181,0.198,positive,True
j_0005476,u_02240,2025-09-17 07:49:00,low,purpose,universal,questioning,40,-0.239,negative,True
j_0005477,u_02240,2025-09-20 16:30:00,low,purpose,universal,at_peace,109,-0.606,negative,True
j_0005478,u_02240,2025-09-25 19:56:00,very_low,anxiety,universal,at_peace,199,-0.469,negative,True
j_0005479,u_02240,2025-09-27 11:31:00,very_low,purpose,universal,at_peace,135,-0.633,negative,True
j_0005480,u_02240,2025-09-30 08:43:00,grateful,work,universal,questioning,43,0.48,positive,True
j_0005481,u_02243,2025-09-12 17:04:00,neutral,anxiety,universal,,43,-0.209,negative,True
j_0005482,u_02243,2025-09-22 07:27:00,neutral,gratitude,universal,questioning,57,-0.145,neutral,True
j_0005483,u_02243,2025-09-28 19:34:00,good,purpose,light_islamic,at_peace,189,0.185,positive,True
j_0005484,u_02243,2025-10-06 19:08:00,neutral,burnout,universal,distant,24,-0.484,negative,True
j_0005485,u_02243,2025-10-08 13:10:00,good,burnout,universal,at_peace,48,0.4,positive,True
j_0005486,u_02245,2025-10-25 15:24:00,good,relationships,deeper_faith,,89,0.531,positive,True
j_0005487,u_02245,2025-10-26 14:58:00,good,work,universal,,24,0.668,positive,True
j_0005488,u_02245,2025-11-03 07:57:00,low,self,deeper_faith,at_peace,138,-0.388,negative,True
j_0005489,u_02245,2025-11-14 11:38:00,neutral,habits,light_islamic,distant,69,0.385,positive,True
j_0005490,u_02245,2025-11-19 15:55:00,very_low,purpose,universal,at_peace,28,-0.267,negative,True
j_0005491,u_02245,2025-11-20 19:54:00,neutral,anxiety,universal,at_peace,70,0.206,positive,True
j_0005492,u_02246,2025-02-14 16:26:00,neutral,confidence,deeper_faith,,284,-0.189,negative,True
j_0005493,u_02246,2025-02-15 09:05:00,neutral,faith,light_islamic,,94,0.262,positive,True
j_0005494,u_02246,2025-02-17 09:54:00,grateful,work,universal,questioning,24,0.265,positive,True
j_0005495,u_02246,2025-02-23 07:30:00,neutral,work,light_islamic,hurting,77,0.467,positive,True
j_0005496,u_02246,2025-03-13 14:11:00,very_low,self,light_islamic,distant,50,-0.735,negative,True
j_0005497,u_02251,2025-12-10 13:15:00,good,faith,universal,,202,0.509,positive,True
j_0005498,u_02251,2025-12-28 19:04:00,neutral,burnout,universal,hurting,51,0.111,neutral,True
j_0005499,u_02251,2026-01-05 15:51:00,neutral,faith,light_islamic,at_peace,90,-0.103,neutral,True
j_0005500,u_02252,2025-10-08 09:26:00,good,purpose,universal,,29,0.483,positive,True
j_0005501,u_02252,2025-10-24 15:57:00,neutral,faith,light_islamic,questioning,35,-0.238,negative,True
j_0005502,u_02252,2025-11-06 12:20:00,neutral,faith,universal,distant,65,-0.206,negative,True
j_0005503,u_02253,2025-09-27 09:19:00,neutral,burnout,universal,,188,-0.207,negative,True
j_0005504,u_02253,2025-10-02 11:03:00,low,purpose,light_islamic,at_peace,109,-0.399,negative,True
j_0005505,u_02253,2025-10-03 09:33:00,neutral,purpose,light_islamic,distant,99,0.506,positive,True
j_0005506,u_02253,2025-10-07 14:31:00,good,relationships,universal,questioning,143,0.16,positive,True
j_0005507,u_02253,2025-10-16 09:28:00,neutral,confidence,light_islamic,at_peace,32,-0.05,neutral,True
j_0005508,u_02253,2025-10-17 12:49:00,neutral,gratitude,universal,at_peace,89,-0.171,negative,True
j_0005509,u_02253,2025-10-25 11:46:00,grateful,anxiety,light_islamic,questioning,47,0.681,positive,True
j_0005510,u_02254,2025-07-17 11:59:00,low,confidence,light_islamic,,55,0.055,neutral,True
j_0005511,u_02254,2025-08-02 11:49:00,very_low,self,universal,at_peace,40,-0.503,negative,True
j_0005512,u_02254,2025-08-08 11:45:00,good,burnout,light_islamic,at_peace,83,0.483,positive,True
j_0005513,u_02254,2025-08-15 21:57:00,good,self,light_islamic,distant,75,0.518,positive,True
j_0005514,u_02255,2025-12-24 15:40:00,good,gratitude,universal,,82,0.47,positive,True
j_0005515,u_02255,2025-12-26 13:12:00,very_low,anxiety,deeper_faith,,59,-0.784,negative,True
j_0005516,u_02255,2026-01-07 15:41:00,good,confidence,universal,distant,71,0.31,positive,True
j_0005517,u_02257,2025-03-14 08:31:00,neutral,anxiety,universal,,22,-0.009,neutral,True
j_0005518,u_02257,2025-03-26 21:43:00,neutral,habits,universal,at_peace,89,-0.141,neutral,True
j_0005519,u_02257,2025-03-28 20:21:00,good,faith,universal,at_peace,120,0.333,positive,True
j_0005520,u_02257,2025-04-03 20:34:00,neutral,self,universal,at_peace,62,0.077,neutral,True
j_0005521,u_02257,2025-04-09 12:51:00,good,self,light_islamic,distant,64,0.289,positive,True
j_0005522,u_02260,2025-10-23 17:50:00,neutral,faith,light_islamic,,47,0.111,neutral,True
j_0005523,u_02260,2025-10-24 10:01:00,neutral,self,deeper_faith,,65,-0.008,neutral,True
j_0005524,u_02260,2025-10-28 13:06:00,very_low,work,universal,at_peace,12,-0.422,negative,True
j_0005525,u_02260,2025-11-02 09:27:00,good,gratitude,universal,at_peace,176,0.033,neutral,True
j_0005526,u_02260,2025-11-05 21:27:00,neutral,gratitude,universal,at_peace,71,-0.434,negative,True
j_0005527,u_02260,2025-11-06 16:05:00,grateful,burnout,light_islamic,at_peace,49,0.301,positive,True
j_0005528,u_02260,2025-11-17 21:38:00,grateful,relationships,deeper_faith,at_peace,151,0.578,positive,True
j_0005529,u_02262,2025-02-05 14:07:00,grateful,work,light_islamic,,38,0.441,positive,True
j_0005530,u_02262,2025-02-17 19:28:00,low,burnout,universal,at_peace,80,-0.632,negative,True
j_0005531,u_02262,2025-02-27 10:25:00,grateful,gratitude,universal,at_peace,59,0.215,positive,True
j_0005532,u_02263,2025-11-07 15:39:00,neutral,burnout,light_islamic,,70,0.154,positive,True
j_0005533,u_02263,2025-11-08 15:50:00,good,burnout,universal,,137,0.136,neutral,True
j_0005534,u_02263,2025-11-10 11:35:00,good,work,light_islamic,,139,0.42,positive,True
j_0005535,u_02263,2025-11-17 13:33:00,good,purpose,universal,hurting,91,0.265,positive,True
j_0005536,u_02263,2025-12-05 15:27:00,neutral,relationships,light_islamic,at_peace,31,-0.103,neutral,True
j_0005537,u_02265,2025-09-28 16:02:00,low,burnout,deeper_faith,,54,-0.138,neutral,True
j_0005538,u_02265,2025-10-03 07:45:00,good,relationships,universal,hurting,84,0.306,positive,True
j_0005539,u_02265,2025-10-06 08:03:00,very_low,purpose,deeper_faith,at_peace,42,-0.58,negative,True
j_0005540,u_02265,2025-10-10 18:16:00,good,work,light_islamic,at_peace,276,0.51,positive,True
j_0005541,u_02265,2025-10-13 08:11:00,good,purpose,light_islamic,at_peace,130,-0.046,neutral,True
j_0005542,u_02268,2025-08-26 11:52:00,very_low,self,universal,,125,-0.632,negative,True
j_0005543,u_02268,2025-09-15 07:16:00,good,purpose,deeper_faith,at_peace,97,0.407,positive,True
j_0005544,u_02270,2025-10-26 11:38:00,good,habits,universal,,48,0.485,positive,True
j_0005545,u_02270,2025-10-29 12:53:00,good,anxiety,universal,,188,0.083,neutral,True
j_0005546,u_02270,2025-10-31 08:07:00,neutral,relationships,deeper_faith,distant,87,-0.052,neutral,True
j_0005547,u_02270,2025-11-02 18:20:00,grateful,relationships,light_islamic,at_peace,111,0.56,positive,True
j_0005548,u_02270,2025-11-06 13:17:00,good,burnout,deeper_faith,questioning,134,0.252,positive,True
j_0005549,u_02270,2025-11-14 11:50:00,good,gratitude,universal,at_peace,31,0.394,positive,True
j_0005550,u_02270,2025-11-24 10:25:00,neutral,relationships,universal,distant,65,-0.456,negative,True
j_0005551,u_02272,2025-12-31 11:16:00,good,relationships,deeper_faith,,51,0.531,positive,True
j_0005552,u_02272,2026-01-06 20:21:00,low,habits,light_islamic,at_peace,73,-0.095,neutral,True
j_0005553,u_02272,2026-01-08 10:08:00,very_low,faith,light_islamic,at_peace,64,-0.042,neutral,True
j_0005554,u_02272,2026-01-11 16:15:00,good,anxiety,light_islamic,distant,95,-0.09,neutral,True
j_0005555,u_02272,2026-01-18 08:50:00,good,burnout,universal,at_peace,77,0.17,positive,True
j_0005556,u_02272,2026-01-28 16:39:00,grateful,purpose,light_islamic,questioning,165,0.642,positive,True
j_0005557,u_02275,2025-09-01 17:33:00,neutral,confidence,universal,,52,-0.1,neutral,True
j_0005558,u_02275,2025-09-06 12:33:00,low,work,universal,questioning,33,-0.216,negative,True
j_0005559,u_02275,2025-09-13 20:03:00,good,purpose,light_islamic,distant,91,0.507,positive,True
j_0005560,u_02275,2025-09-15 12:48:00,good,purpose,universal,questioning,62,0.132,neutral,True
j_0005561,u_02275,2025-09-18 15:28:00,good,purpose,universal,distant,52,0.603,positive,True
j_0005562,u_02275,2025-09-22 15:27:00,good,burnout,deeper_faith,questioning,48,0.52,positive,True
j_0005563,u_02275,2025-09-26 14:19:00,grateful,work,universal,questioning,132,0.634,positive,True
j_0005564,u_02276,2025-08-02 16:24:00,very_low,work,deeper_faith,,103,-0.407,negative,True
j_0005565,u_02276,2025-08-08 18:30:00,good,burnout,deeper_faith,at_peace,169,0.15,positive,True
j_0005566,u_02276,2025-08-12 19:10:00,good,anxiety,deeper_faith,at_peace,41,0.204,positive,True
j_0005567,u_02276,2025-08-18 16:57:00,neutral,anxiety,universal,at_peace,20,-0.187,negative,True
j_0005568,u_02276,2025-08-26 09:07:00,grateful,confidence,light_islamic,at_peace,31,0.258,positive,True
j_0005569,u_02276,2025-08-29 17:02:00,low,habits,light_islamic,at_peace,106,-0.097,neutral,True
j_0005570,u_02278,2025-12-28 22:00:00,grateful,self,light_islamic,,142,0.395,positive,True
j_0005571,u_02278,2025-12-31 13:55:00,good,confidence,deeper_faith,,63,0.002,neutral,True
j_0005572,u_02278,2026-01-03 19:13:00,good,habits,universal,at_peace,25,0.755,positive,True
j_0005573,u_02278,2026-01-10 09:54:00,low,faith,light_islamic,questioning,103,-0.388,negative,True
j_0005574,u_02278,2026-01-11 11:53:00,low,habits,light_islamic,questioning,42,-0.09,neutral,True
j_0005575,u_02278,2026-01-15 20:35:00,low,gratitude,deeper_faith,at_peace,78,-0.064,neutral,True
j_0005576,u_02278,2026-01-19 11:46:00,grateful,confidence,light_islamic,at_peace,41,0.274,positive,True
j_0005577,u_02278,2026-01-26 14:43:00,neutral,burnout,light_islamic,questioning,97,0.122,neutral,True
j_0005578,u_02279,2025-11-11 11:02:00,grateful,faith,light_islamic,at_peace,40,0.687,positive,True
j_0005579,u_02282,2025-08-16 13:50:00,neutral,relationships,universal,,29,0.142,neutral,True
j_0005580,u_02282,2025-08-17 12:26:00,neutral,confidence,universal,,30,-0.192,negative,True
j_0005581,u_02282,2025-08-25 11:01:00,very_low,confidence,light_islamic,at_peace,76,-0.284,negative,True
j_0005582,u_02282,2025-08-27 10:24:00,neutral,confidence,universal,at_peace,42,-0.105,neutral,True
j_0005583,u_02282,2025-08-28 11:30:00,neutral,purpose,universal,at_peace,162,0.246,positive,True
j_0005584,u_02282,2025-09-06 18:19:00,neutral,self,light_islamic,distant,105,0.068,neutral,True
j_0005585,u_02282,2025-09-11 14:31:00,good,faith,light_islamic,questioning,30,0.431,positive,True
j_0005586,u_02284,2025-09-06 19:57:00,good,relationships,light_islamic,,35,0.083,neutral,True
j_0005587,u_02284,2025-09-09 11:59:00,neutral,gratitude,light_islamic,,71,0.005,neutral,True
j_0005588,u_02284,2025-09-10 14:50:00,grateful,faith,universal,questioning,98,0.651,positive,True
j_0005589,u_02284,2025-09-21 08:50:00,grateful,anxiety,universal,at_peace,103,0.392,positive,True
j_0005590,u_02284,2025-09-24 20:41:00,neutral,habits,universal,distant,119,0.148,neutral,True
j_0005591,u_02284,2025-10-01 11:38:00,neutral,habits,light_islamic,questioning,128,0.341,positive,True
j_0005592,u_02285,2025-06-17 16:15:00,good,confidence,deeper_faith,at_peace,83,0.216,positive,True
j_0005593,u_02285,2025-06-21 21:12:00,very_low,purpose,deeper_faith,at_peace,45,-0.61,negative,True
j_0005594,u_02285,2025-06-28 10:03:00,good,burnout,universal,distant,60,0.072,neutral,True
j_0005595,u_02285,2025-07-12 18:58:00,neutral,self,universal,questioning,22,0.135,neutral,True
j_0005596,u_02286,2025-08-01 08:28:00,good,faith,deeper_faith,,285,0.417,positive,True
j_0005597,u_02286,2025-08-02 22:01:00,good,relationships,light_islamic,,49,0.094,neutral,True
j_0005598,u_02286,2025-08-06 16:41:00,neutral,habits,light_islamic,at_peace,146,-0.125,neutral,True
j_0005599,u_02286,2025-08-12 11:26:00,good,burnout,light_islamic,distant,41,0.414,positive,True
j_0005600,u_02286,2025-08-14 20:15:00,neutral,faith,universal,distant,24,-0.15,neutral,True
j_0005601,u_02286,2025-08-16 16:08:00,good,faith,universal,at_peace,82,-0.334,negative,True
j_0005602,u_02286,2025-08-22 10:44:00,grateful,self,light_islamic,questioning,22,0.584,positive,True
j_0005603,u_02287,2025-05-28 16:49:00,grateful,self,universal,,85,0.606,positive,True
j_0005604,u_02287,2025-06-04 21:08:00,good,habits,light_islamic,distant,175,0.46,positive,True
j_0005605,u_02287,2025-06-08 18:52:00,very_low,purpose,universal,distant,70,-0.664,negative,True
j_0005606,u_02287,2025-06-09 21:03:00,good,confidence,light_islamic,at_peace,32,-0.203,negative,True
j_0005607,u_02287,2025-06-24 12:02:00,good,gratitude,universal,hurting,68,-0.069,neutral,True
j_0005608,u_02287,2025-06-27 17:55:00,neutral,faith,deeper_faith,at_peace,56,0.095,neutral,True
j_0005609,u_02288,2025-08-01 12:18:00,neutral,purpose,deeper_faith,,39,0.008,neutral,True
j_0005610,u_02288,2025-08-07 14:21:00,good,relationships,light_islamic,at_peace,52,-0.101,neutral,True
j_0005611,u_02288,2025-08-18 16:08:00,good,faith,light_islamic,at_peace,97,0.205,positive,True
j_0005612,u_02289,2025-03-23 13:59:00,grateful,faith,deeper_faith,,63,0.658,positive,True
j_0005613,u_02289,2025-03-24 17:51:00,grateful,confidence,light_islamic,,26,0.588,positive,True
j_0005614,u_02289,2025-03-25 08:19:00,neutral,burnout,light_islamic,,65,0.004,neutral,True
j_0005615,u_02289,2025-03-30 09:29:00,good,burnout,universal,questioning,302,-0.253,negative,True
j_0005616,u_02289,2025-04-19 20:47:00,grateful,habits,universal,distant,146,0.266,positive,True
j_0005617,u_02289,2025-04-20 17:56:00,neutral,anxiety,deeper_faith,hurting,89,-0.223,negative,True
j_0005618,u_02290,2025-08-14 16:03:00,good,anxiety,universal,at_peace,42,0.057,neutral,True
j_0005619,u_02290,2025-08-16 10:14:00,low,burnout,universal,at_peace,77,-0.601,negative,True
j_0005620,u_02290,2025-08-17 15:33:00,neutral,habits,light_islamic,questioning,56,0.707,positive,True
j_0005621,u_02290,2025-08-19 12:51:00,very_low,relationships,universal,at_peace,87,-0.606,negative,True
j_0005622,u_02290,2025-08-21 13:45:00,very_low,gratitude,light_islamic,at_peace,68,-0.565,negative,True
j_0005623,u_02290,2025-08-22 22:09:00,low,gratitude,universal,distant,71,-0.511,negative,True
j_0005624,u_02290,2025-08-23 16:49:00,very_low,burnout,light_islamic,distant,165,-0.199,negative,True
j_0005625,u_02290,2025-09-03 14:12:00,neutral,burnout,universal,hurting,46,-0.05,neutral,True
j_0005626,u_02293,2025-10-05 09:25:00,grateful,gratitude,universal,,145,0.57,positive,True
j_0005627,u_02293,2025-10-07 20:19:00,good,gratitude,light_islamic,,23,0.34,positive,True
j_0005628,u_02293,2025-10-11 17:03:00,grateful,burnout,light_islamic,at_peace,120,0.533,positive,True
j_0005629,u_02293,2025-10-14 18:18:00,neutral,gratitude,universal,at_peace,112,-0.217,negative,True
j_0005630,u_02293,2025-10-16 15:10:00,good,confidence,universal,at_peace,18,0.05,neutral,True
j_0005631,u_02293,2025-10-19 12:38:00,neutral,anxiety,universal,distant,125,0.208,positive,True
j_0005632,u_02293,2025-10-22 09:17:00,neutral,gratitude,universal,questioning,152,-0.035,neutral,True
j_0005633,u_02293,2025-10-28 21:14:00,good,relationships,universal,at_peace,31,0.392,positive,True
j_0005634,u_02293,2025-11-01 19:30:00,low,confidence,light_islamic,at_peace,47,-0.109,neutral,True
j_0005635,u_02297,2025-04-01 09:14:00,neutral,burnout,light_islamic,,101,-0.257,negative,True
j_0005636,u_02297,2025-04-07 22:03:00,good,confidence,universal,at_peace,101,0.649,positive,True
j_0005637,u_02297,2025-04-09 16:39:00,low,burnout,deeper_faith,at_peace,133,-0.572,negative,True
j_0005638,u_02297,2025-04-24 21:05:00,good,confidence,universal,at_peace,112,0.43,positive,True
j_0005639,u_02302,2025-04-16 10:25:00,low,purpose,light_islamic,,56,0.29,positive,True
j_0005640,u_02302,2025-04-17 18:54:00,neutral,habits,light_islamic,,79,0.419,positive,True
j_0005641,u_02302,2025-04-30 14:49:00,good,faith,deeper_faith,at_peace,114,0.126,neutral,True
j_0005642,u_02302,2025-05-01 15:42:00,good,faith,universal,at_peace,160,-0.11,neutral,True
j_0005643,u_02302,2025-05-07 15:28:00,very_low,faith,universal,questioning,51,-0.311,negative,True
j_0005644,u_02304,2025-09-29 17:02:00,neutral,faith,universal,,98,0.194,positive,True
j_0005645,u_02304,2025-10-04 17:15:00,neutral,work,light_islamic,at_peace,597,-0.365,negative,True
j_0005646,u_02304,2025-10-06 20:00:00,good,confidence,light_islamic,distant,93,0.164,positive,True
j_0005647,u_02304,2025-10-07 07:59:00,good,work,light_islamic,at_peace,51,0.03,neutral,True
j_0005648,u_02304,2025-10-09 09:34:00,low,anxiety,light_islamic,at_peace,45,-0.359,negative,True
j_0005649,u_02304,2025-10-11 19:55:00,good,relationships,universal,hurting,80,0.39,positive,True
j_0005650,u_02304,2025-10-14 12:21:00,good,work,universal,at_peace,157,0.257,positive,True
j_0005651,u_02304,2025-10-25 16:14:00,grateful,faith,light_islamic,at_peace,198,0.831,positive,True
j_0005652,u_02305,2025-02-06 08:35:00,neutral,burnout,deeper_faith,,179,0.002,neutral,True
j_0005653,u_02305,2025-02-13 11:30:00,neutral,confidence,universal,questioning,49,-0.023,neutral,True
j_0005654,u_02305,2025-02-21 14:41:00,low,habits,universal,at_peace,58,0.067,neutral,True
j_0005655,u_02306,2025-03-12 07:27:00,very_low,burnout,light_islamic,,45,-0.306,negative,True
j_0005656,u_02306,2025-03-15 15:57:00,low,relationships,universal,,98,-0.488,negative,True
j_0005657,u_02306,2025-03-17 10:12:00,good,anxiety,universal,distant,122,0.409,positive,True
j_0005658,u_02306,2025-03-25 19:20:00,good,self,universal,at_peace,43,0.17,positive,True
j_0005659,u_02306,2025-04-07 11:14:00,good,relationships,light_islamic,questioning,71,0.356,positive,True
j_0005660,u_02307,2025-02-05 17:44:00,grateful,work,light_islamic,,74,0.59,positive,True
j_0005661,u_02307,2025-02-07 21:43:00,neutral,faith,universal,,103,0.073,neutral,True
j_0005662,u_02307,2025-02-20 14:58:00,grateful,confidence,universal,at_peace,57,0.158,positive,True
j_0005663,u_02307,2025-02-23 07:50:00,good,anxiety,light_islamic,distant,99,0.18,positive,True
j_0005664,u_02307,2025-02-28 07:28:00,neutral,confidence,universal,at_peace,26,0.175,positive,True
j_0005665,u_02308,2025-02-24 09:59:00,good,burnout,universal,,32,0.327,positive,True
j_0005666,u_02308,2025-03-04 11:51:00,neutral,habits,light_islamic,at_peace,89,-0.05,neutral,True
j_0005667,u_02308,2025-03-12 13:41:00,neutral,purpose,universal,distant,98,-0.141,neutral,True
j_0005668,u_02310,2025-11-29 14:18:00,neutral,relationships,universal,,80,-0.168,negative,True
j_0005669,u_02310,2025-12-03 19:35:00,very_low,anxiety,universal,questioning,22,-0.552,negative,True
j_0005670,u_02310,2025-12-04 10:19:00,good,confidence,universal,at_peace,199,0.788,positive,True
j_0005671,u_02310,2025-12-06 13:48:00,grateful,habits,light_islamic,at_peace,268,0.268,positive,True
j_0005672,u_02310,2025-12-07 14:22:00,neutral,confidence,universal,hurting,92,-0.006,neutral,True
j_0005673,u_02310,2025-12-16 10:38:00,good,anxiety,light_islamic,at_peace,16,0.214,positive,True
j_0005674,u_02310,2025-12-20 18:52:00,good,confidence,universal,at_peace,69,0.209,positive,True
j_0005675,u_02310,2025-12-22 12:45:00,low,purpose,light_islamic,questioning,54,-0.042,neutral,True
j_0005676,u_02311,2025-12-14 10:48:00,grateful,relationships,universal,,31,0.461,positive,True
j_0005677,u_02311,2025-12-18 08:13:00,good,anxiety,light_islamic,at_peace,149,-0.025,neutral,True
j_0005678,u_02311,2025-12-24 11:54:00,good,confidence,light_islamic,at_peace,28,0.37,positive,True
j_0005679,u_02312,2025-03-02 08:23:00,good,self,universal,,116,-0.057,neutral,True
j_0005680,u_02312,2025-03-05 14:36:00,neutral,work,universal,,89,0.344,positive,True
j_0005681,u_02312,2025-03-06 17:04:00,neutral,relationships,universal,at_peace,157,-0.25,negative,True
j_0005682,u_02312,2025-03-10 08:07:00,good,burnout,light_islamic,at_peace,203,0.389,positive,True
j_0005683,u_02312,2025-03-11 07:23:00,good,self,light_islamic,distant,45,0.353,positive,True
j_0005684,u_02312,2025-03-18 16:00:00,neutral,anxiety,universal,at_peace,285,0.352,positive,True
j_0005685,u_02312,2025-03-25 07:29:00,neutral,habits,light_islamic,hurting,387,0.106,neutral,True
j_0005686,u_02312,2025-03-28 14:12:00,grateful,relationships,universal,at_peace,85,0.532,positive,True
j_0005687,u_02313,2025-11-13 14:02:00,neutral,relationships,universal,at_peace,115,-0.524,negative,True
j_0005688,u_02313,2025-11-16 21:49:00,neutral,purpose,light_islamic,questioning,161,-0.329,negative,True
j_0005689,u_02313,2025-11-18 17:38:00,low,purpose,universal,at_peace,15,-0.432,negative,True
j_0005690,u_02313,2025-11-22 21:35:00,good,burnout,deeper_faith,distant,128,0.402,positive,True
j_0005691,u_02313,2025-11-23 14:34:00,good,habits,light_islamic,at_peace,70,0.268,positive,True
j_0005692,u_02313,2025-12-01 13:04:00,neutral,burnout,deeper_faith,distant,48,0.368,positive,True
j_0005693,u_02317,2025-12-25 13:26:00,very_low,anxiety,universal,,167,-0.692,negative,True
j_0005694,u_02317,2025-12-30 13:22:00,neutral,habits,deeper_faith,at_peace,36,-0.013,neutral,True
j_0005695,u_02317,2026-01-10 10:51:00,neutral,burnout,deeper_faith,questioning,62,-0.233,negative,True
j_0005696,u_02317,2026-01-18 15:30:00,grateful,burnout,deeper_faith,distant,172,0.224,positive,True
j_0005697,u_02320,2025-10-15 07:19:00,neutral,purpose,universal,,77,0.209,positive,True
j_0005698,u_02320,2025-10-19 08:59:00,good,confidence,deeper_faith,questioning,129,0.143,neutral,True
j_0005699,u_02320,2025-10-23 13:57:00,neutral,burnout,deeper_faith,at_peace,72,-0.347,negative,True
j_0005700,u_02320,2025-10-28 13:13:00,good,gratitude,universal,at_peace,113,0.559,positive,True
j_0005701,u_02320,2025-11-03 08:37:00,grateful,gratitude,deeper_faith,distant,94,0.507,positive,True
j_0005702,u_02320,2025-11-06 20:01:00,neutral,faith,deeper_faith,at_peace,31,-0.396,negative,True
j_0005703,u_02320,2025-11-08 11:46:00,good,burnout,deeper_faith,at_peace,31,0.479,positive,True
j_0005704,u_02323,2025-04-04 21:07:00,good,habits,light_islamic,,48,0.392,positive,True
j_0005705,u_02323,2025-04-10 19:41:00,grateful,anxiety,universal,at_peace,69,0.451,positive,True
j_0005706,u_02323,2025-04-14 12:10:00,grateful,anxiety,light_islamic,at_peace,244,0.495,positive,True
j_0005707,u_02323,2025-04-19 17:09:00,good,faith,universal,questioning,57,-0.175,negative,True
j_0005708,u_02323,2025-04-26 11:16:00,very_low,work,light_islamic,at_peace,87,-0.647,negative,True
j_0005709,u_02323,2025-04-30 14:24:00,neutral,purpose,light_islamic,distant,128,0.09,neutral,True
j_0005710,u_02324,2025-07-28 20:41:00,low,purpose,universal,distant,134,-0.49,negative,True
j_0005711,u_02324,2025-08-10 19:21:00,neutral,self,light_islamic,at_peace,40,-0.205,negative,True
j_0005712,u_02324,2025-08-13 09:19:00,good,burnout,universal,at_peace,50,0.258,positive,True
j_0005713,u_02325,2025-07-01 15:40:00,good,purpose,light_islamic,,55,0.372,positive,True
j_0005714,u_02325,2025-07-06 12:35:00,neutral,self,universal,distant,129,0.166,positive,True
j_0005715,u_02325,2025-07-11 10:25:00,grateful,relationships,universal,at_peace,248,0.315,positive,True
j_0005716,u_02325,2025-07-14 08:35:00,good,burnout,light_islamic,distant,81,-0.014,neutral,True
j_0005717,u_02329,2025-06-10 12:20:00,low,relationships,universal,,50,-0.116,neutral,True
j_0005718,u_02329,2025-06-11 13:18:00,good,faith,universal,,112,0.319,positive,True
j_0005719,u_02329,2025-06-14 09:45:00,low,relationships,universal,questioning,158,-0.417,negative,True
j_0005720,u_02329,2025-06-15 16:43:00,neutral,confidence,light_islamic,at_peace,36,-0.18,negative,True
j_0005721,u_02329,2025-06-21 09:27:00,very_low,confidence,universal,at_peace,204,-0.552,negative,True
j_0005722,u_02330,2025-10-03 11:28:00,neutral,relationships,universal,,81,0.171,positive,True
j_0005723,u_02330,2025-10-05 12:40:00,grateful,gratitude,universal,,168,0.613,positive,True
j_0005724,u_02330,2025-10-07 13:44:00,neutral,anxiety,universal,distant,99,-0.294,negative,True
j_0005725,u_02330,2025-10-09 15:59:00,neutral,habits,light_islamic,hurting,122,0.217,positive,True
j_0005726,u_02330,2025-10-29 16:46:00,neutral,relationships,universal,hurting,148,-0.083,neutral,True
j_0005727,u_02332,2025-12-04 13:04:00,good,purpose,universal,,161,0.482,positive,True
j_0005728,u_02332,2025-12-07 21:23:00,good,anxiety,universal,,57,0.031,neutral,True
j_0005729,u_02332,2025-12-10 18:01:00,neutral,faith,universal,at_peace,54,0.334,positive,True
j_0005730,u_02332,2025-12-11 18:02:00,neutral,work,universal,distant,27,-0.276,negative,True
j_0005731,u_02332,2025-12-13 12:41:00,low,work,universal,at_peace,54,-0.338,negative,True
j_0005732,u_02332,2025-12-24 11:54:00,grateful,anxiety,universal,at_peace,55,0.949,positive,True
j_0005733,u_02333,2025-10-05 17:24:00,grateful,self,universal,,33,0.755,positive,True
j_0005734,u_02333,2025-10-08 18:56:00,good,relationships,light_islamic,,201,0.248,positive,True
j_0005735,u_02333,2025-10-10 15:12:00,good,purpose,light_islamic,distant,255,0.206,positive,True
j_0005736,u_02333,2025-10-16 18:20:00,grateful,relationships,deeper_faith,questioning,95,1.0,positive,True
j_0005737,u_02333,2025-10-19 16:52:00,grateful,self,light_islamic,distant,48,0.416,positive,True
j_0005738,u_02333,2025-10-22 15:18:00,low,work,universal,distant,96,-0.051,neutral,True
j_0005739,u_02333,2025-11-02 07:28:00,neutral,burnout,light_islamic,hurting,127,-0.042,neutral,True
j_0005740,u_02334,2025-10-07 08:21:00,low,work,light_islamic,at_peace,164,-0.319,negative,True
j_0005741,u_02334,2025-10-08 09:27:00,good,anxiety,deeper_faith,at_peace,98,0.389,positive,True
j_0005742,u_02334,2025-10-25 17:09:00,grateful,work,light_islamic,questioning,62,0.35,positive,True
j_0005743,u_02335,2025-03-06 09:12:00,neutral,gratitude,universal,,77,-0.627,negative,True
j_0005744,u_02335,2025-03-07 14:00:00,grateful,gratitude,universal,,17,0.541,positive,True
j_0005745,u_02335,2025-03-11 08:14:00,good,faith,light_islamic,at_peace,82,0.368,positive,True
j_0005746,u_02335,2025-03-16 10:58:00,low,self,universal,at_peace,47,-0.286,negative,True
j_0005747,u_02335,2025-03-18 15:14:00,good,relationships,universal,distant,55,-0.32,negative,True
j_0005748,u_02335,2025-03-24 15:36:00,low,confidence,light_islamic,at_peace,50,-0.159,negative,True
j_0005749,u_02336,2025-07-20 14:44:00,low,relationships,universal,at_peace,141,-0.33,negative,True
j_0005750,u_02336,2025-07-22 12:48:00,very_low,relationships,universal,at_peace,37,-0.614,negative,True
j_0005751,u_02336,2025-07-26 07:52:00,neutral,self,light_islamic,at_peace,108,0.462,positive,True
j_0005752,u_02336,2025-08-04 21:00:00,grateful,work,deeper_faith,at_peace,80,0.393,positive,True
j_0005753,u_02336,2025-08-09 10:50:00,neutral,habits,universal,at_peace,47,0.14,neutral,True
j_0005754,u_02337,2025-02-02 22:12:00,very_low,confidence,universal,,97,-0.421,negative,True
j_0005755,u_02337,2025-02-05 09:40:00,grateful,confidence,light_islamic,,26,0.456,positive,True
j_0005756,u_02337,2025-02-06 14:21:00,grateful,anxiety,universal,at_peace,43,0.19,positive,True
j_0005757,u_02337,2025-02-09 10:21:00,good,faith,universal,at_peace,32,0.199,positive,True
j_0005758,u_02337,2025-02-12 11:42:00,good,confidence,universal,questioning,101,-0.176,negative,True
j_0005759,u_02337,2025-02-16 09:32:00,neutral,purpose,universal,at_peace,90,-0.239,negative,True
j_0005760,u_02337,2025-02-18 16:06:00,good,work,light_islamic,questioning,70,0.628,positive,True
j_0005761,u_02337,2025-03-02 21:40:00,low,anxiety,universal,questioning,29,-0.216,negative,True
j_0005762,u_02339,2025-02-10 21:03:00,neutral,purpose,universal,,82,0.063,neutral,True
j_0005763,u_02339,2025-02-11 18:20:00,low,faith,deeper_faith,,36,0.26,positive,True
j_0005764,u_02339,2025-02-17 17:32:00,neutral,relationships,universal,at_peace,595,0.012,neutral,True
j_0005765,u_02339,2025-02-18 18:06:00,low,self,deeper_faith,questioning,180,-0.303,negative,True
j_0005766,u_02339,2025-03-01 13:59:00,low,purpose,universal,distant,42,-0.13,neutral,True
j_0005767,u_02340,2025-10-03 08:03:00,grateful,purpose,universal,,22,0.516,positive,True
j_0005768,u_02340,2025-10-07 17:43:00,neutral,relationships,light_islamic,distant,61,-0.248,negative,True
j_0005769,u_02340,2025-10-14 13:03:00,good,faith,universal,at_peace,30,0.228,positive,True
j_0005770,u_02340,2025-10-18 10:45:00,grateful,work,universal,hurting,59,0.242,positive,True
j_0005771,u_02342,2025-12-14 19:27:00,good,faith,universal,,121,0.427,positive,True
j_0005772,u_02342,2025-12-16 09:28:00,neutral,anxiety,universal,,130,-0.035,neutral,True
j_0005773,u_02342,2025-12-22 18:36:00,neutral,self,deeper_faith,at_peace,224,0.274,positive,True
j_0005774,u_02342,2026-01-02 15:54:00,neutral,self,universal,at_peace,166,-0.158,negative,True
j_0005775,u_02345,2025-11-04 07:37:00,neutral,faith,universal,,55,-0.469,negative,True
j_0005776,u_02345,2025-11-05 10:08:00,neutral,purpose,universal,,46,0.403,positive,True
j_0005777,u_02345,2025-11-06 08:36:00,neutral,faith,deeper_faith,,374,0.181,positive,True
j_0005778,u_02345,2025-11-10 16:17:00,good,gratitude,light_islamic,at_peace,42,0.266,positive,True
j_0005779,u_02345,2025-11-12 17:12:00,neutral,gratitude,deeper_faith,questioning,147,0.163,positive,True
j_0005780,u_02345,2025-11-16 11:14:00,good,anxiety,universal,questioning,51,0.528,positive,True
j_0005781,u_02345,2025-11-18 16:20:00,neutral,anxiety,universal,distant,47,-0.177,negative,True
j_0005782,u_02345,2025-11-30 11:01:00,low,burnout,light_islamic,at_peace,105,-0.176,negative,True
j_0005783,u_02347,2025-02-26 20:29:00,grateful,work,deeper_faith,,35,0.374,positive,True
j_0005784,u_02347,2025-02-27 17:01:00,neutral,relationships,light_islamic,,150,0.108,neutral,True
j_0005785,u_02347,2025-03-10 10:33:00,neutral,anxiety,deeper_faith,at_peace,39,-0.024,neutral,True
j_0005786,u_02347,2025-03-15 21:31:00,good,confidence,universal,at_peace,189,-0.002,neutral,True
j_0005787,u_02347,2025-03-21 14:57:00,neutral,burnout,deeper_faith,distant,62,-0.103,neutral,True
j_0005788,u_02349,2025-05-16 22:01:00,neutral,habits,light_islamic,,59,-0.198,negative,True
j_0005789,u_02349,2025-05-21 11:09:00,neutral,burnout,light_islamic,distant,184,0.368,positive,True
j_0005790,u_02349,2025-05-24 07:38:00,low,gratitude,universal,distant,61,-0.399,negative,True
j_0005791,u_02349,2025-05-28 07:23:00,good,confidence,light_islamic,at_peace,73,0.589,positive,True
j_0005792,u_02349,2025-05-30 08:06:00,low,purpose,universal,questioning,60,-0.356,negative,True
j_0005793,u_02349,2025-06-01 17:10:00,very_low,work,universal,distant,42,-0.624,negative,True
j_0005794,u_02349,2025-06-04 13:23:00,neutral,work,universal,distant,43,-0.276,negative,True
j_0005795,u_02349,2025-06-10 10:15:00,grateful,gratitude,deeper_faith,at_peace,69,0.75,positive,True
j_0005796,u_02349,2025-06-12 18:10:00,neutral,confidence,universal,distant,97,-0.261,negative,True
j_0005797,u_02349,2025-06-13 18:15:00,low,relationships,universal,questioning,148,-0.603,negative,True
j_0005798,u_02350,2025-05-23 13:11:00,low,habits,universal,,20,-0.563,negative,True
j_0005799,u_02350,2025-05-24 11:14:00,neutral,habits,light_islamic,,64,0.157,positive,True
j_0005800,u_02350,2025-05-30 08:14:00,good,gratitude,light_islamic,at_peace,78,0.598,positive,True
j_0005801,u_02350,2025-05-31 10:59:00,low,purpose,universal,at_peace,52,0.064,neutral,True
j_0005802,u_02350,2025-06-02 16:15:00,good,habits,light_islamic,at_peace,110,0.366,positive,True
j_0005803,u_02350,2025-06-21 17:51:00,good,anxiety,light_islamic,at_peace,148,0.195,positive,True
j_0005804,u_02351,2025-11-12 21:21:00,grateful,burnout,universal,,86,0.069,neutral,True
j_0005805,u_02351,2025-11-19 15:49:00,very_low,habits,light_islamic,hurting,113,-0.28,negative,True
j_0005806,u_02351,2025-11-23 18:11:00,good,work,universal,at_peace,52,0.165,positive,True
j_0005807,u_02351,2025-12-07 18:39:00,grateful,relationships,light_islamic,questioning,87,0.506,positive,True
j_0005808,u_02352,2025-04-07 15:49:00,very_low,gratitude,deeper_faith,,142,-0.617,negative,True
j_0005809,u_02352,2025-04-10 15:10:00,good,burnout,universal,,65,-0.25,negative,True
j_0005810,u_02352,2025-04-13 21:04:00,good,burnout,light_islamic,questioning,56,0.753,positive,True
j_0005811,u_02352,2025-04-18 16:56:00,good,self,universal,at_peace,12,0.302,positive,True
j_0005812,u_02352,2025-04-21 10:09:00,neutral,confidence,universal,at_peace,41,0.028,neutral,True
j_0005813,u_02352,2025-04-24 12:10:00,very_low,self,light_islamic,questioning,96,-0.126,neutral,True
j_0005814,u_02352,2025-05-07 14:57:00,grateful,anxiety,universal,at_peace,58,0.471,positive,True
j_0005815,u_02353,2025-01-07 15:37:00,neutral,purpose,universal,,32,0.361,positive,True
j_0005816,u_02353,2025-01-09 17:28:00,low,habits,universal,,122,0.003,neutral,True
j_0005817,u_02353,2025-01-11 11:42:00,grateful,habits,universal,distant,37,0.425,positive,True
j_0005818,u_02353,2025-01-16 14:20:00,good,relationships,universal,at_peace,72,0.097,neutral,True
j_0005819,u_02353,2025-01-17 16:38:00,neutral,self,universal,at_peace,82,-0.352,negative,True
j_0005820,u_02353,2025-01-19 16:22:00,neutral,burnout,universal,at_peace,46,0.379,positive,True
j_0005821,u_02353,2025-01-20 19:53:00,very_low,work,light_islamic,at_peace,100,-0.382,negative,True
j_0005822,u_02353,2025-01-22 13:24:00,neutral,anxiety,deeper_faith,at_peace,84,0.06,neutral,True
j_0005823,u_02353,2025-01-25 15:17:00,good,relationships,light_islamic,at_peace,226,0.094,neutral,True
j_0005824,u_02364,2025-03-11 14:32:00,neutral,habits,deeper_faith,,52,0.016,neutral,True
j_0005825,u_02364,2025-03-12 21:26:00,good,work,light_islamic,,96,0.328,positive,True
j_0005826,u_02364,2025-03-28 11:26:00,low,anxiety,universal,hurting,92,-0.617,negative,True
j_0005827,u_02364,2025-04-02 09:42:00,neutral,confidence,light_islamic,at_peace,182,-0.265,negative,True
j_0005828,u_02366,2025-10-05 21:07:00,neutral,anxiety,deeper_faith,,109,0.16,positive,True
j_0005829,u_02366,2025-10-06 10:21:00,neutral,gratitude,universal,,21,-0.057,neutral,True
j_0005830,u_02366,2025-10-07 12:35:00,neutral,relationships,deeper_faith,,33,-0.197,negative,True
j_0005831,u_02366,2025-10-17 19:38:00,good,purpose,deeper_faith,questioning,37,0.288,positive,True
j_0005832,u_02366,2025-10-22 12:16:00,neutral,gratitude,universal,hurting,154,-0.166,negative,True
j_0005833,u_02366,2025-10-25 08:12:00,good,self,light_islamic,at_peace,37,0.183,positive,True
j_0005834,u_02367,2025-05-20 21:55:00,grateful,habits,light_islamic,,76,0.592,positive,True
j_0005835,u_02367,2025-05-23 09:45:00,neutral,relationships,universal,,64,-0.316,negative,True
j_0005836,u_02367,2025-05-27 20:16:00,good,relationships,universal,questioning,41,0.095,neutral,True
j_0005837,u_02367,2025-06-04 12:11:00,good,habits,light_islamic,hurting,115,-0.067,neutral,True
j_0005838,u_02367,2025-06-06 16:49:00,neutral,relationships,universal,distant,61,-0.08,neutral,True
j_0005839,u_02367,2025-06-11 12:24:00,very_low,anxiety,universal,hurting,112,-0.179,negative,True
j_0005840,u_02367,2025-06-13 19:02:00,good,relationships,deeper_faith,at_peace,41,0.302,positive,True
j_0005841,u_02370,2025-12-15 17:55:00,neutral,confidence,light_islamic,,77,-0.03,neutral,True
j_0005842,u_02370,2026-01-14 07:55:00,grateful,habits,deeper_faith,questioning,119,0.732,positive,True
j_0005843,u_02375,2025-09-25 16:29:00,neutral,faith,light_islamic,distant,25,-0.221,negative,True
j_0005844,u_02375,2025-10-01 18:25:00,good,habits,light_islamic,at_peace,80,0.333,positive,True
j_0005845,u_02375,2025-10-02 17:13:00,grateful,burnout,universal,distant,71,0.023,neutral,True
j_0005846,u_02375,2025-10-04 09:24:00,good,purpose,light_islamic,questioning,81,0.177,positive,True
j_0005847,u_02375,2025-10-11 11:50:00,neutral,purpose,light_islamic,at_peace,49,-0.189,negative,True
j_0005848,u_02375,2025-10-15 14:52:00,good,work,light_islamic,distant,28,0.605,positive,True
j_0005849,u_02375,2025-10-17 19:27:00,neutral,purpose,light_islamic,at_peace,69,-0.043,neutral,True
j_0005850,u_02375,2025-10-18 17:29:00,neutral,burnout,light_islamic,distant,60,0.24,positive,True
j_0005851,u_02377,2025-06-22 19:15:00,grateful,anxiety,universal,,102,0.811,positive,True
j_0005852,u_02377,2025-06-23 14:15:00,neutral,relationships,universal,,44,0.105,neutral,True
j_0005853,u_02377,2025-06-28 08:26:00,low,burnout,universal,at_peace,56,-0.134,neutral,True
j_0005854,u_02377,2025-06-29 08:27:00,good,relationships,deeper_faith,at_peace,103,0.459,positive,True
j_0005855,u_02377,2025-06-30 12:52:00,very_low,work,universal,at_peace,39,-0.388,negative,True
j_0005856,u_02377,2025-07-07 18:28:00,low,self,light_islamic,hurting,36,-0.286,negative,True
j_0005857,u_02377,2025-07-10 20:16:00,neutral,burnout,universal,at_peace,90,0.143,neutral,True
j_0005858,u_02377,2025-07-17 20:21:00,neutral,relationships,light_islamic,distant,36,0.004,neutral,True
j_0005859,u_02377,2025-07-20 22:11:00,neutral,burnout,light_islamic,distant,34,0.434,positive,True
j_0005860,u_02377,2025-07-21 10:02:00,low,self,universal,hurting,96,-0.408,negative,True
j_0005861,u_02378,2025-07-09 17:56:00,neutral,self,universal,,22,-0.292,negative,True
j_0005862,u_02378,2025-07-24 15:26:00,neutral,anxiety,light_islamic,distant,58,0.322,positive,True
j_0005863,u_02378,2025-07-26 16:08:00,low,self,light_islamic,at_peace,190,-0.491,negative,True
j_0005864,u_02379,2025-03-22 21:11:00,low,confidence,deeper_faith,,113,-0.072,neutral,True
j_0005865,u_02379,2025-03-25 13:54:00,grateful,gratitude,deeper_faith,,62,0.467,positive,True
j_0005866,u_02379,2025-03-28 09:22:00,very_low,habits,light_islamic,questioning,45,-0.628,negative,True
j_0005867,u_02379,2025-03-29 07:34:00,very_low,purpose,light_islamic,at_peace,82,-0.015,neutral,True
j_0005868,u_02379,2025-04-04 21:26:00,neutral,faith,universal,hurting,24,0.105,neutral,True
j_0005869,u_02379,2025-04-06 08:08:00,grateful,work,light_islamic,at_peace,45,0.397,positive,True
j_0005870,u_02379,2025-04-07 20:25:00,good,faith,deeper_faith,at_peace,49,0.583,positive,True
j_0005871,u_02380,2025-03-26 19:12:00,good,faith,universal,,58,0.359,positive,True
j_0005872,u_02380,2025-04-09 10:05:00,neutral,self,universal,questioning,41,-0.128,neutral,True
j_0005873,u_02380,2025-04-10 18:07:00,neutral,anxiety,universal,at_peace,25,-0.26,negative,True
j_0005874,u_02380,2025-04-11 13:23:00,neutral,habits,universal,at_peace,25,0.137,neutral,True
j_0005875,u_02381,2025-07-14 08:23:00,neutral,self,universal,,54,0.206,positive,True
j_0005876,u_02381,2025-07-15 16:26:00,good,anxiety,light_islamic,,78,0.008,neutral,True
j_0005877,u_02381,2025-07-20 18:10:00,grateful,self,universal,distant,117,0.454,positive,True
j_0005878,u_02381,2025-08-02 09:12:00,good,confidence,light_islamic,at_peace,171,0.525,positive,True
j_0005879,u_02381,2025-08-05 20:52:00,grateful,confidence,light_islamic,at_peace,38,0.691,positive,True
j_0005880,u_02382,2026-01-01 21:36:00,grateful,faith,deeper_faith,at_peace,63,0.376,positive,True
j_0005881,u_02382,2026-01-02 07:44:00,neutral,anxiety,universal,at_peace,57,0.391,positive,True
j_0005882,u_02382,2026-01-06 07:35:00,very_low,relationships,light_islamic,at_peace,108,-0.977,negative,True
j_0005883,u_02382,2026-01-07 10:04:00,good,relationships,deeper_faith,at_peace,173,0.463,positive,True
j_0005884,u_02382,2026-01-08 10:43:00,neutral,habits,light_islamic,questioning,84,0.307,positive,True
j_0005885,u_02382,2026-01-11 11:35:00,neutral,work,universal,at_peace,78,0.165,positive,True
j_0005886,u_02382,2026-01-14 08:03:00,low,relationships,universal,at_peace,37,-0.369,negative,True
j_0005887,u_02387,2025-09-18 11:42:00,grateful,confidence,universal,,75,0.135,neutral,True
j_0005888,u_02387,2025-09-19 18:41:00,neutral,faith,light_islamic,,117,-0.199,negative,True
j_0005889,u_02387,2025-09-20 18:46:00,good,confidence,deeper_faith,,219,0.149,neutral,True
j_0005890,u_02387,2025-10-01 18:13:00,grateful,purpose,universal,at_peace,85,0.299,positive,True
j_0005891,u_02390,2025-04-11 20:30:00,low,purpose,light_islamic,,257,-0.404,negative,True
j_0005892,u_02390,2025-04-16 14:08:00,good,relationships,deeper_faith,hurting,40,0.535,positive,True
j_0005893,u_02390,2025-04-19 22:18:00,neutral,anxiety,universal,questioning,164,0.395,positive,True
j_0005894,u_02390,2025-04-23 13:31:00,neutral,purpose,universal,at_peace,212,0.068,neutral,True
j_0005895,u_02391,2025-11-02 18:22:00,low,relationships,light_islamic,,49,-0.122,neutral,True
j_0005896,u_02391,2025-11-03 18:27:00,good,anxiety,deeper_faith,,35,0.123,neutral,True
j_0005897,u_02391,2025-11-05 08:49:00,good,work,universal,,21,0.282,positive,True
j_0005898,u_02391,2025-11-07 15:57:00,good,purpose,light_islamic,hurting,96,0.152,positive,True
j_0005899,u_02391,2025-11-12 09:34:00,good,faith,universal,questioning,119,0.627,positive,True
j_0005900,u_02391,2025-11-16 08:49:00,neutral,habits,universal,questioning,70,0.054,neutral,True
j_0005901,u_02392,2025-10-07 15:42:00,good,self,light_islamic,,42,0.834,positive,True
j_0005902,u_02392,2025-10-08 10:21:00,low,gratitude,universal,,104,0.053,neutral,True
j_0005903,u_02392,2025-10-15 09:09:00,good,relationships,universal,questioning,98,0.431,positive,True
j_0005904,u_02392,2025-10-26 20:44:00,neutral,faith,light_islamic,distant,43,-0.387,negative,True
j_0005905,u_02392,2025-10-30 12:29:00,very_low,burnout,universal,hurting,77,-0.22,negative,True
j_0005906,u_02394,2025-07-31 19:56:00,low,gratitude,light_islamic,,76,-0.233,negative,True
j_0005907,u_02394,2025-08-13 12:02:00,good,faith,light_islamic,at_peace,43,0.706,positive,True
j_0005908,u_02394,2025-08-20 15:32:00,good,purpose,light_islamic,questioning,155,0.215,positive,True
j_0005909,u_02394,2025-08-26 12:24:00,neutral,faith,universal,at_peace,87,-0.076,neutral,True
j_0005910,u_02395,2025-07-03 15:48:00,low,faith,light_islamic,,79,-0.43,negative,True
j_0005911,u_02395,2025-07-05 11:16:00,neutral,confidence,universal,,168,0.193,positive,True
j_0005912,u_02395,2025-07-08 11:25:00,good,gratitude,light_islamic,at_peace,81,0.699,positive,True
j_0005913,u_02395,2025-07-13 19:14:00,good,anxiety,light_islamic,at_peace,87,0.36,positive,True
j_0005914,u_02395,2025-07-14 18:59:00,good,work,universal,at_peace,59,0.301,positive,True
j_0005915,u_02395,2025-07-31 11:43:00,neutral,self,universal,questioning,39,-0.328,negative,True
j_0005916,u_02396,2025-01-26 12:21:00,low,relationships,universal,,34,-0.402,negative,True
j_0005917,u_02396,2025-01-29 19:42:00,low,burnout,deeper_faith,,297,-0.496,negative,True
j_0005918,u_02396,2025-01-30 14:09:00,grateful,confidence,light_islamic,at_peace,51,0.68,positive,True
j_0005919,u_02396,2025-01-31 11:47:00,grateful,confidence,universal,distant,141,0.488,positive,True
j_0005920,u_02396,2025-02-08 21:06:00,grateful,confidence,universal,at_peace,119,0.873,positive,True
j_0005921,u_02396,2025-02-17 21:22:00,good,self,universal,at_peace,115,0.394,positive,True
j_0005922,u_02398,2025-08-04 11:11:00,low,burnout,light_islamic,,69,-0.292,negative,True
j_0005923,u_02398,2025-08-06 17:36:00,grateful,confidence,universal,,107,0.298,positive,True
j_0005924,u_02398,2025-08-22 11:30:00,good,anxiety,light_islamic,questioning,56,0.432,positive,True
j_0005925,u_02398,2025-08-27 19:38:00,low,self,universal,distant,260,-0.017,neutral,True
j_0005926,u_02398,2025-09-03 15:36:00,neutral,faith,deeper_faith,questioning,92,0.107,neutral,True
j_0005927,u_02402,2025-04-14 20:27:00,good,anxiety,deeper_faith,,43,0.244,positive,True
j_0005928,u_02402,2025-05-01 17:11:00,good,gratitude,universal,at_peace,53,0.359,positive,True
j_0005929,u_02402,2025-05-05 20:10:00,good,anxiety,light_islamic,questioning,108,-0.061,neutral,True
j_0005930,u_02402,2025-05-11 09:23:00,grateful,anxiety,universal,distant,41,0.308,positive,True
j_0005931,u_02404,2025-11-29 18:38:00,grateful,gratitude,light_islamic,,72,0.661,positive,True
j_0005932,u_02404,2025-12-03 08:02:00,neutral,confidence,light_islamic,questioning,95,0.344,positive,True
j_0005933,u_02404,2025-12-12 08:35:00,very_low,work,light_islamic,at_peace,29,-0.437,negative,True
j_0005934,u_02404,2025-12-14 20:43:00,low,gratitude,light_islamic,hurting,100,-0.257,negative,True
j_0005935,u_02404,2025-12-19 10:11:00,neutral,relationships,deeper_faith,at_peace,87,0.086,neutral,True
j_0005936,u_02406,2025-04-27 14:51:00,neutral,work,universal,,39,0.042,neutral,True
j_0005937,u_02406,2025-04-29 13:07:00,grateful,confidence,deeper_faith,,104,0.716,positive,True
j_0005938,u_02406,2025-05-09 14:39:00,low,burnout,light_islamic,at_peace,37,-0.186,negative,True
j_0005939,u_02406,2025-05-10 21:29:00,grateful,faith,light_islamic,hurting,68,0.81,positive,True
j_0005940,u_02406,2025-05-20 19:20:00,good,confidence,universal,distant,31,0.148,neutral,True
j_0005941,u_02408,2025-12-20 10:44:00,grateful,burnout,universal,,83,0.642,positive,True
j_0005942,u_02408,2025-12-25 19:42:00,very_low,purpose,universal,at_peace,73,-0.432,negative,True
j_0005943,u_02408,2026-01-04 09:13:00,neutral,purpose,universal,at_peace,108,0.131,neutral,True
j_0005944,u_02408,2026-01-07 10:44:00,grateful,confidence,deeper_faith,questioning,133,0.662,positive,True
j_0005945,u_02408,2026-01-13 21:24:00,low,relationships,universal,questioning,36,-0.264,negative,True
j_0005946,u_02410,2025-06-03 11:06:00,neutral,self,deeper_faith,,70,0.008,neutral,True
j_0005947,u_02410,2025-06-05 15:21:00,good,purpose,light_islamic,,53,0.078,neutral,True
j_0005948,u_02410,2025-06-10 14:33:00,low,burnout,light_islamic,distant,37,-0.238,negative,True
j_0005949,u_02410,2025-06-16 19:17:00,good,anxiety,light_islamic,questioning,119,0.116,neutral,True
j_0005950,u_02410,2025-06-17 09:41:00,good,faith,deeper_faith,at_peace,148,0.584,positive,True
j_0005951,u_02413,2025-05-17 08:58:00,good,habits,light_islamic,,137,-0.025,neutral,True
j_0005952,u_02413,2025-05-20 10:09:00,neutral,work,universal,,131,0.276,positive,True
j_0005953,u_02413,2025-05-22 09:05:00,neutral,confidence,universal,at_peace,71,0.082,neutral,True
j_0005954,u_02413,2025-05-26 07:54:00,good,self,universal,at_peace,25,0.293,positive,True
j_0005955,u_02413,2025-05-31 22:21:00,good,confidence,universal,distant,97,0.391,positive,True
j_0005956,u_02419,2025-08-25 08:25:00,low,burnout,universal,distant,54,-0.213,negative,True
j_0005957,u_02419,2025-08-28 12:43:00,low,burnout,light_islamic,at_peace,126,-0.092,neutral,True
j_0005958,u_02419,2025-08-31 14:31:00,neutral,confidence,universal,at_peace,406,-0.001,neutral,True
j_0005959,u_02419,2025-09-01 15:45:00,good,habits,light_islamic,questioning,41,0.244,positive,True
j_0005960,u_02419,2025-09-02 13:17:00,good,self,light_islamic,at_peace,46,0.336,positive,True
j_0005961,u_02419,2025-09-07 10:01:00,neutral,burnout,deeper_faith,questioning,71,-0.211,negative,True
j_0005962,u_02419,2025-09-10 07:45:00,neutral,confidence,universal,distant,126,0.123,neutral,True
j_0005963,u_02420,2025-12-03 09:11:00,good,gratitude,universal,,73,0.455,positive,True
j_0005964,u_02420,2025-12-05 18:42:00,grateful,faith,universal,,28,0.733,positive,True
j_0005965,u_02420,2025-12-07 19:23:00,good,faith,universal,at_peace,21,0.064,neutral,True
j_0005966,u_02420,2025-12-09 16:45:00,neutral,purpose,universal,questioning,101,-0.077,neutral,True
j_0005967,u_02420,2025-12-15 13:52:00,neutral,relationships,light_islamic,at_peace,121,0.074,neutral,True
j_0005968,u_02420,2025-12-17 21:24:00,neutral,relationships,light_islamic,questioning,74,-0.136,neutral,True
j_0005969,u_02428,2025-06-04 10:52:00,low,self,universal,,25,0.057,neutral,True
j_0005970,u_02428,2025-06-08 11:44:00,good,faith,universal,at_peace,119,0.225,positive,True
j_0005971,u_02428,2025-06-10 17:29:00,neutral,work,universal,at_peace,51,0.158,positive,True
j_0005972,u_02428,2025-06-11 16:09:00,low,self,universal,at_peace,61,-0.665,negative,True
j_0005973,u_02428,2025-06-12 13:07:00,low,relationships,light_islamic,questioning,105,-0.334,negative,True
j_0005974,u_02428,2025-06-15 19:00:00,good,relationships,light_islamic,at_peace,19,0.327,positive,True
j_0005975,u_02428,2025-06-17 18:00:00,neutral,burnout,light_islamic,at_peace,79,-0.574,negative,True
j_0005976,u_02428,2025-06-19 12:28:00,good,confidence,light_islamic,at_peace,48,0.31,positive,True
j_0005977,u_02429,2025-05-07 11:14:00,neutral,work,universal,,40,0.134,neutral,True
j_0005978,u_02429,2025-05-08 08:07:00,neutral,self,universal,,67,0.186,positive,True
j_0005979,u_02429,2025-05-11 07:50:00,good,work,light_islamic,at_peace,66,0.513,positive,True
j_0005980,u_02429,2025-05-16 15:19:00,low,purpose,universal,distant,185,-0.256,negative,True
j_0005981,u_02429,2025-05-18 18:16:00,neutral,anxiety,universal,at_peace,76,-0.402,negative,True
j_0005982,u_02429,2025-05-28 18:49:00,good,faith,universal,questioning,125,0.287,positive,True
j_0005983,u_02429,2025-06-05 09:55:00,good,confidence,universal,at_peace,45,0.147,neutral,True
j_0005984,u_02430,2025-07-17 12:31:00,grateful,habits,light_islamic,,34,0.754,positive,True
j_0005985,u_02430,2025-07-25 08:14:00,good,work,deeper_faith,at_peace,177,0.307,positive,True
j_0005986,u_02430,2025-07-27 18:30:00,good,habits,deeper_faith,at_peace,115,0.253,positive,True
j_0005987,u_02430,2025-08-05 13:01:00,good,burnout,deeper_faith,at_peace,43,0.245,positive,True
j_0005988,u_02430,2025-08-07 15:31:00,neutral,relationships,light_islamic,at_peace,133,0.11,neutral,True
j_0005989,u_02434,2025-07-22 17:38:00,good,gratitude,universal,,33,0.222,positive,True
j_0005990,u_02434,2025-07-28 12:40:00,neutral,self,deeper_faith,questioning,81,0.205,positive,True
j_0005991,u_02434,2025-08-02 18:07:00,good,burnout,universal,at_peace,72,0.217,positive,True
j_0005992,u_02434,2025-08-03 20:28:00,neutral,burnout,light_islamic,at_peace,129,0.366,positive,True
j_0005993,u_02436,2025-02-13 15:18:00,good,work,light_islamic,,212,0.415,positive,True
j_0005994,u_02436,2025-02-17 19:17:00,grateful,work,universal,questioning,56,0.574,positive,True
j_0005995,u_02436,2025-02-26 08:25:00,grateful,relationships,universal,distant,165,0.776,positive,True
j_0005996,u_02436,2025-02-28 14:17:00,good,purpose,universal,at_peace,55,0.288,positive,True
j_0005997,u_02436,2025-03-02 17:01:00,very_low,burnout,universal,distant,261,-1.0,negative,True
j_0005998,u_02438,2025-03-09 08:31:00,neutral,habits,universal,,48,0.03,neutral,True
j_0005999,u_02438,2025-03-10 22:02:00,neutral,self,deeper_faith,,64,0.111,neutral,True
j_0006000,u_02438,2025-03-13 12:05:00,low,anxiety,deeper_faith,at_peace,67,0.31,positive,True
j_0006001,u_02438,2025-03-18 19:51:00,grateful,gratitude,light_islamic,at_peace,92,0.493,positive,True
j_0006002,u_02438,2025-03-19 13:04:00,good,confidence,universal,at_peace,195,0.474,positive,True
j_0006003,u_02438,2025-03-27 16:14:00,good,confidence,light_islamic,at_peace,32,0.433,positive,True
j_0006004,u_02438,2025-03-30 17:08:00,grateful,faith,light_islamic,distant,88,0.558,positive,True
j_0006005,u_02438,2025-04-04 22:14:00,low,self,deeper_faith,hurting,139,-0.055,neutral,True
j_0006006,u_02439,2025-08-31 16:12:00,good,burnout,universal,,22,0.145,neutral,True
j_0006007,u_02439,2025-09-06 21:55:00,low,gratitude,universal,distant,35,-0.681,negative,True
j_0006008,u_02439,2025-09-12 08:10:00,grateful,burnout,light_islamic,questioning,30,0.424,positive,True
j_0006009,u_02439,2025-09-20 14:03:00,good,gratitude,universal,at_peace,41,0.383,positive,True
j_0006010,u_02439,2025-09-28 10:46:00,good,work,light_islamic,distant,72,0.611,positive,True
j_0006011,u_02439,2025-09-30 17:43:00,neutral,confidence,universal,at_peace,63,0.272,positive,True
j_0006012,u_02440,2025-12-28 14:43:00,good,anxiety,universal,,95,0.365,positive,True
j_0006013,u_02440,2026-01-14 18:08:00,grateful,faith,universal,distant,53,0.266,positive,True
j_0006014,u_02440,2026-01-15 16:40:00,low,relationships,deeper_faith,at_peace,29,-0.022,neutral,True
j_0006015,u_02440,2026-01-16 08:09:00,grateful,gratitude,universal,at_peace,49,0.071,neutral,True
j_0006016,u_02440,2026-01-18 21:45:00,good,work,universal,distant,33,0.307,positive,True
j_0006017,u_02442,2025-12-13 21:46:00,neutral,anxiety,deeper_faith,,192,-0.036,neutral,True
j_0006018,u_02442,2025-12-17 10:21:00,grateful,relationships,light_islamic,at_peace,41,1.0,positive,True
j_0006019,u_02442,2025-12-24 15:56:00,good,gratitude,universal,at_peace,247,0.083,neutral,True
j_0006020,u_02442,2025-12-28 10:02:00,very_low,self,light_islamic,at_peace,27,-0.819,negative,True
j_0006021,u_02442,2026-01-04 18:41:00,good,purpose,universal,at_peace,12,-0.112,neutral,True
j_0006022,u_02443,2025-05-15 18:41:00,low,purpose,light_islamic,,52,-0.243,negative,True
j_0006023,u_02443,2025-05-16 09:40:00,good,self,universal,,52,-0.038,neutral,True
j_0006024,u_02443,2025-05-22 10:20:00,good,burnout,light_islamic,distant,75,-0.053,neutral,True
j_0006025,u_02443,2025-05-25 15:46:00,neutral,confidence,deeper_faith,questioning,104,-0.033,neutral,True
j_0006026,u_02443,2025-06-01 11:25:00,neutral,habits,universal,at_peace,40,-0.152,negative,True
j_0006027,u_02443,2025-06-02 16:51:00,neutral,gratitude,light_islamic,at_peace,45,-0.056,neutral,True
j_0006028,u_02443,2025-06-13 09:15:00,neutral,confidence,light_islamic,at_peace,48,-0.185,negative,True
j_0006029,u_02443,2025-06-14 09:51:00,neutral,confidence,universal,at_peace,99,0.016,neutral,True
j_0006030,u_02446,2025-06-22 22:15:00,good,burnout,deeper_faith,,22,0.083,neutral,True
j_0006031,u_02446,2025-07-05 10:56:00,good,self,light_islamic,at_peace,43,0.123,neutral,True
j_0006032,u_02446,2025-07-17 12:11:00,neutral,gratitude,light_islamic,at_peace,51,-0.181,negative,True
j_0006033,u_02449,2025-11-15 13:26:00,grateful,gratitude,deeper_faith,,41,0.575,positive,True
j_0006034,u_02449,2025-11-16 20:14:00,good,purpose,deeper_faith,,84,0.989,positive,True
j_0006035,u_02449,2025-11-21 12:29:00,low,burnout,universal,distant,88,-0.317,negative,True
j_0006036,u_02449,2025-11-25 11:03:00,neutral,faith,deeper_faith,questioning,38,-0.252,negative,True
j_0006037,u_02449,2025-12-02 14:10:00,grateful,relationships,universal,distant,111,0.286,positive,True
j_0006038,u_02450,2025-07-30 14:46:00,neutral,faith,deeper_faith,at_peace,52,-0.26,negative,True
j_0006039,u_02450,2025-08-02 12:00:00,low,burnout,universal,at_peace,104,-0.686,negative,True
j_0006040,u_02450,2025-08-18 13:40:00,good,gratitude,light_islamic,at_peace,25,0.359,positive,True
j_0006041,u_02451,2025-09-14 14:20:00,good,purpose,deeper_faith,,45,0.159,positive,True
j_0006042,u_02451,2025-09-15 20:25:00,neutral,purpose,light_islamic,,84,0.518,positive,True
j_0006043,u_02451,2025-09-17 20:20:00,grateful,purpose,universal,,114,0.827,positive,True
j_0006044,u_02451,2025-09-20 07:50:00,grateful,burnout,universal,at_peace,83,0.408,positive,True
j_0006045,u_02451,2025-10-11 08:17:00,grateful,self,deeper_faith,at_peace,61,0.631,positive,True
j_0006046,u_02452,2025-07-28 15:18:00,good,relationships,deeper_faith,,85,-0.104,neutral,True
j_0006047,u_02452,2025-07-31 17:36:00,good,anxiety,deeper_faith,,94,0.055,neutral,True
j_0006048,u_02452,2025-08-02 09:48:00,grateful,work,light_islamic,at_peace,296,0.8,positive,True
j_0006049,u_02452,2025-08-06 08:05:00,good,relationships,deeper_faith,questioning,144,0.075,neutral,True
j_0006050,u_02452,2025-08-17 11:36:00,grateful,habits,light_islamic,distant,90,0.74,positive,True
j_0006051,u_02452,2025-08-19 19:53:00,good,purpose,light_islamic,distant,51,0.485,positive,True
j_0006052,u_02456,2025-05-05 19:03:00,neutral,anxiety,light_islamic,,74,0.152,positive,True
j_0006053,u_02456,2025-05-16 18:17:00,grateful,purpose,deeper_faith,at_peace,39,0.852,positive,True
j_0006054,u_02456,2025-05-18 20:23:00,good,anxiety,universal,questioning,48,0.122,neutral,True
j_0006055,u_02456,2025-05-21 16:52:00,grateful,burnout,deeper_faith,at_peace,247,0.575,positive,True
j_0006056,u_02456,2025-05-22 08:03:00,neutral,burnout,universal,questioning,71,-0.608,negative,True
j_0006057,u_02456,2025-05-31 19:48:00,good,faith,universal,questioning,23,0.28,positive,True
j_0006058,u_02456,2025-06-03 14:25:00,neutral,confidence,universal,at_peace,165,0.077,neutral,True
j_0006059,u_02457,2025-06-25 18:35:00,good,work,universal,,27,0.401,positive,True
j_0006060,u_02457,2025-06-26 17:28:00,low,burnout,light_islamic,,68,-0.245,negative,True
j_0006061,u_02457,2025-06-27 10:06:00,good,habits,light_islamic,,70,0.493,positive,True
j_0006062,u_02457,2025-06-28 16:01:00,good,relationships,light_islamic,,77,0.574,positive,True
j_0006063,u_02457,2025-07-08 21:41:00,grateful,faith,universal,at_peace,63,0.769,positive,True
j_0006064,u_02457,2025-07-11 20:45:00,very_low,faith,universal,questioning,74,-0.697,negative,True
j_0006065,u_02457,2025-07-22 08:59:00,low,faith,deeper_faith,hurting,33,-0.441,negative,True
j_0006066,u_02458,2025-04-25 10:43:00,good,purpose,light_islamic,,44,-0.105,neutral,True
j_0006067,u_02458,2025-05-01 19:58:00,grateful,work,light_islamic,at_peace,143,0.288,positive,True
j_0006068,u_02458,2025-05-06 19:32:00,good,relationships,light_islamic,questioning,69,0.17,positive,True
j_0006069,u_02458,2025-05-15 18:49:00,neutral,anxiety,universal,at_peace,59,-0.184,negative,True
j_0006070,u_02458,2025-05-17 15:07:00,very_low,purpose,universal,distant,194,-0.745,negative,True
j_0006071,u_02458,2025-05-24 14:45:00,neutral,self,universal,at_peace,101,-0.044,neutral,True
j_0006072,u_02462,2025-08-11 10:55:00,neutral,self,light_islamic,,87,-0.175,negative,True
j_0006073,u_02462,2025-08-14 17:30:00,low,gratitude,light_islamic,,74,-0.167,negative,True
j_0006074,u_02462,2025-08-16 17:50:00,good,gratitude,light_islamic,questioning,136,0.127,neutral,True
j_0006075,u_02462,2025-08-21 15:12:00,grateful,purpose,deeper_faith,questioning,37,0.473,positive,True
j_0006076,u_02462,2025-08-23 14:05:00,good,anxiety,light_islamic,distant,94,0.625,positive,True
j_0006077,u_02462,2025-08-30 18:17:00,neutral,habits,light_islamic,at_peace,37,-0.035,neutral,True
j_0006078,u_02462,2025-09-02 13:49:00,good,work,deeper_faith,questioning,48,0.152,positive,True
j_0006079,u_02464,2025-10-23 20:11:00,grateful,gratitude,deeper_faith,,52,0.82,positive,True
j_0006080,u_02464,2025-10-24 20:26:00,good,relationships,light_islamic,,36,0.579,positive,True
j_0006081,u_02464,2025-10-25 16:07:00,grateful,faith,light_islamic,,144,0.39,positive,True
j_0006082,u_02464,2025-10-29 15:25:00,neutral,purpose,deeper_faith,distant,99,-0.157,negative,True
j_0006083,u_02464,2025-10-31 12:47:00,neutral,relationships,universal,at_peace,89,0.165,positive,True
j_0006084,u_02464,2025-11-02 18:46:00,neutral,purpose,light_islamic,hurting,133,-0.133,neutral,True
j_0006085,u_02464,2025-11-03 13:50:00,good,anxiety,deeper_faith,distant,71,0.295,positive,True
j_0006086,u_02464,2025-11-04 21:45:00,low,anxiety,universal,at_peace,17,-0.406,negative,True
j_0006087,u_02465,2025-08-26 12:08:00,neutral,faith,light_islamic,,52,-0.008,neutral,True
j_0006088,u_02465,2025-08-29 15:17:00,low,work,light_islamic,,89,-0.483,negative,True
j_0006089,u_02465,2025-08-30 18:39:00,good,anxiety,light_islamic,questioning,87,0.122,neutral,True
j_0006090,u_02465,2025-09-02 20:26:00,very_low,confidence,universal,hurting,70,-0.535,negative,True
j_0006091,u_02465,2025-09-24 08:02:00,low,self,universal,at_peace,15,-0.356,negative,True
j_0006092,u_02469,2025-10-06 15:58:00,neutral,faith,light_islamic,,77,0.028,neutral,True
j_0006093,u_02469,2025-10-08 13:55:00,neutral,burnout,light_islamic,,76,0.106,neutral,True
j_0006094,u_02469,2025-10-09 07:57:00,low,faith,light_islamic,,36,-0.356,negative,True
j_0006095,u_02469,2025-10-10 08:33:00,neutral,relationships,light_islamic,hurting,30,0.291,positive,True
j_0006096,u_02469,2025-10-11 21:29:00,neutral,confidence,light_islamic,at_peace,35,-0.093,neutral,True
j_0006097,u_02472,2025-02-06 13:09:00,neutral,habits,universal,,33,-0.379,negative,True
j_0006098,u_02472,2025-02-07 16:28:00,neutral,faith,light_islamic,,98,-0.089,neutral,True
j_0006099,u_02472,2025-02-08 16:07:00,good,work,deeper_faith,,92,0.591,positive,True
j_0006100,u_02472,2025-02-13 08:04:00,good,burnout,universal,distant,44,0.316,positive,True
j_0006101,u_02472,2025-02-19 09:47:00,low,gratitude,light_islamic,distant,17,0.297,positive,True
j_0006102,u_02472,2025-02-22 19:20:00,very_low,burnout,universal,at_peace,54,-0.124,neutral,True
j_0006103,u_02472,2025-03-01 11:32:00,good,anxiety,universal,at_peace,65,0.504,positive,True
j_0006104,u_02473,2025-03-12 20:56:00,neutral,anxiety,light_islamic,,25,-0.194,negative,True
j_0006105,u_02473,2025-03-14 11:45:00,good,work,light_islamic,,21,0.271,positive,True
j_0006106,u_02473,2025-03-15 14:38:00,grateful,burnout,deeper_faith,,65,1.0,positive,True
j_0006107,u_02473,2025-03-16 15:25:00,grateful,self,light_islamic,at_peace,86,0.716,positive,True
j_0006108,u_02473,2025-03-24 19:40:00,good,gratitude,universal,hurting,39,0.423,positive,True
j_0006109,u_02473,2025-03-28 14:10:00,good,self,universal,distant,121,0.272,positive,True
j_0006110,u_02473,2025-04-03 21:49:00,low,confidence,deeper_faith,at_peace,102,-0.271,negative,True
j_0006111,u_02473,2025-04-06 19:01:00,low,relationships,universal,at_peace,53,-0.538,negative,True
j_0006112,u_02475,2025-08-06 12:06:00,good,habits,light_islamic,,41,0.035,neutral,True
j_0006113,u_02475,2025-08-08 21:04:00,good,work,universal,,66,0.201,positive,True
j_0006114,u_02475,2025-08-18 16:34:00,grateful,burnout,deeper_faith,questioning,68,0.588,positive,True
j_0006115,u_02475,2025-08-20 21:07:00,grateful,self,deeper_faith,distant,111,0.264,positive,True
j_0006116,u_02475,2025-08-26 08:05:00,neutral,faith,light_islamic,distant,68,-0.075,neutral,True
j_0006117,u_02475,2025-08-27 20:56:00,good,anxiety,light_islamic,questioning,282,-0.133,neutral,True
j_0006118,u_02477,2025-10-04 21:04:00,grateful,purpose,light_islamic,,145,0.579,positive,True
j_0006119,u_02477,2025-10-09 09:46:00,good,faith,deeper_faith,distant,35,0.422,positive,True
j_0006120,u_02477,2025-10-15 10:29:00,neutral,confidence,universal,questioning,100,0.059,neutral,True
j_0006121,u_02477,2025-10-21 21:33:00,good,self,universal,at_peace,12,0.295,positive,True
j_0006122,u_02477,2025-11-01 19:00:00,low,purpose,deeper_faith,at_peace,187,-0.034,neutral,True
j_0006123,u_02484,2025-11-04 11:03:00,good,work,universal,,57,0.266,positive,True
j_0006124,u_02484,2025-11-13 16:27:00,good,self,light_islamic,distant,163,0.499,positive,True
j_0006125,u_02484,2025-11-15 15:23:00,neutral,work,light_islamic,distant,31,-0.337,negative,True
j_0006126,u_02484,2025-12-01 09:49:00,good,habits,light_islamic,questioning,34,0.62,positive,True
j_0006127,u_02484,2025-12-03 13:17:00,grateful,anxiety,universal,hurting,58,0.373,positive,True
j_0006128,u_02487,2025-04-27 12:26:00,low,faith,universal,,130,-0.176,negative,True
j_0006129,u_02487,2025-05-03 18:36:00,good,self,light_islamic,at_peace,54,0.594,positive,True
j_0006130,u_02487,2025-05-13 09:10:00,very_low,relationships,light_islamic,questioning,66,-0.633,negative,True
j_0006131,u_02489,2025-11-28 09:39:00,good,burnout,light_islamic,,100,0.475,positive,True
j_0006132,u_02489,2025-11-30 14:50:00,good,habits,universal,,108,0.139,neutral,True
j_0006133,u_02489,2025-12-03 12:26:00,good,relationships,deeper_faith,at_peace,16,0.377,positive,True
j_0006134,u_02489,2025-12-04 08:16:00,neutral,habits,light_islamic,at_peace,203,-0.187,negative,True
j_0006135,u_02489,2025-12-05 14:16:00,good,habits,universal,at_peace,67,0.112,neutral,True
j_0006136,u_02489,2025-12-06 14:36:00,neutral,self,light_islamic,questioning,50,0.226,positive,True
j_0006137,u_02489,2025-12-07 14:47:00,grateful,purpose,light_islamic,questioning,28,0.499,positive,True
j_0006138,u_02489,2025-12-18 09:45:00,good,gratitude,universal,questioning,44,0.287,positive,True
j_0006139,u_02489,2025-12-20 16:35:00,good,self,deeper_faith,at_peace,37,-0.022,neutral,True
j_0006140,u_02489,2025-12-28 10:15:00,good,burnout,universal,hurting,154,0.35,positive,True
j_0006141,u_02491,2025-11-26 22:23:00,grateful,habits,universal,,79,0.531,positive,True
j_0006142,u_02491,2025-11-29 14:26:00,neutral,anxiety,light_islamic,,27,-0.08,neutral,True
j_0006143,u_02491,2025-12-03 13:57:00,good,habits,deeper_faith,distant,81,0.203,positive,True
j_0006144,u_02491,2025-12-06 17:27:00,low,purpose,universal,at_peace,125,0.109,neutral,True
j_0006145,u_02491,2025-12-08 15:35:00,low,confidence,universal,hurting,73,-0.436,negative,True
j_0006146,u_02491,2025-12-19 21:43:00,good,relationships,light_islamic,at_peace,206,0.544,positive,True
j_0006147,u_02492,2025-10-30 13:31:00,grateful,faith,universal,,140,0.54,positive,True
j_0006148,u_02492,2025-11-03 14:37:00,low,gratitude,universal,at_peace,12,-0.204,negative,True
j_0006149,u_02492,2025-11-05 10:37:00,good,self,light_islamic,questioning,51,0.206,positive,True
j_0006150,u_02492,2025-11-12 15:10:00,grateful,habits,light_islamic,questioning,28,0.238,positive,True
j_0006151,u_02492,2025-11-26 10:56:00,low,relationships,light_islamic,at_peace,145,-0.096,neutral,True
j_0006152,u_02492,2025-11-27 13:55:00,good,relationships,universal,at_peace,64,-0.036,neutral,True
j_0006153,u_02499,2025-05-12 07:43:00,neutral,gratitude,light_islamic,,58,0.01,neutral,True
j_0006154,u_02499,2025-05-14 07:44:00,grateful,anxiety,deeper_faith,,68,0.627,positive,True
j_0006155,u_02499,2025-05-25 13:58:00,neutral,habits,universal,at_peace,72,-0.429,negative,True
j_0006156,u_02499,2025-06-05 11:07:00,good,self,light_islamic,distant,170,0.555,positive,True
j_0006157,u_02503,2025-12-31 08:17:00,good,confidence,universal,,317,0.383,positive,True
j_0006158,u_02503,2026-01-01 08:35:00,very_low,purpose,light_islamic,,46,-0.431,negative,True
j_0006159,u_02508,2025-12-05 09:43:00,grateful,relationships,light_islamic,,98,0.601,positive,True
j_0006160,u_02508,2025-12-14 09:05:00,low,purpose,universal,at_peace,28,-0.008,neutral,True
j_0006161,u_02508,2025-12-18 13:40:00,neutral,gratitude,universal,questioning,134,0.155,positive,True
j_0006162,u_02508,2025-12-19 16:03:00,very_low,confidence,light_islamic,at_peace,89,-0.375,negative,True
j_0006163,u_02508,2025-12-20 12:19:00,good,purpose,universal,at_peace,36,0.093,neutral,True
j_0006164,u_02508,2025-12-31 18:50:00,grateful,gratitude,universal,at_peace,197,0.849,positive,True
j_0006165,u_02509,2025-10-28 21:54:00,neutral,burnout,light_islamic,,49,-0.059,neutral,True
j_0006166,u_02509,2025-10-30 17:23:00,neutral,work,universal,,128,-0.096,neutral,True
j_0006167,u_02509,2025-11-01 16:52:00,good,purpose,light_islamic,distant,28,0.528,positive,True
j_0006168,u_02509,2025-11-04 10:50:00,good,self,light_islamic,distant,14,0.297,positive,True
j_0006169,u_02509,2025-11-13 16:32:00,good,purpose,light_islamic,at_peace,258,0.471,positive,True
j_0006170,u_02509,2025-11-17 22:02:00,low,gratitude,universal,distant,84,-0.419,negative,True
j_0006171,u_02509,2025-11-24 11:18:00,grateful,self,universal,questioning,66,0.733,positive,True
j_0006172,u_02511,2025-07-19 10:14:00,grateful,burnout,light_islamic,,187,0.004,neutral,True
j_0006173,u_02511,2025-07-21 14:10:00,good,purpose,light_islamic,,146,0.645,positive,True
j_0006174,u_02511,2025-07-26 09:28:00,very_low,anxiety,universal,questioning,63,-0.031,neutral,True
j_0006175,u_02511,2025-08-04 14:41:00,neutral,relationships,light_islamic,at_peace,53,-0.313,negative,True
j_0006176,u_02511,2025-08-08 12:22:00,neutral,gratitude,universal,at_peace,45,-0.201,negative,True
j_0006177,u_02511,2025-08-15 07:54:00,neutral,habits,deeper_faith,distant,20,-0.049,neutral,True
j_0006178,u_02511,2025-08-18 17:31:00,good,confidence,light_islamic,distant,33,0.135,neutral,True
j_0006179,u_02512,2025-09-10 20:13:00,good,burnout,light_islamic,,53,0.328,positive,True
j_0006180,u_02512,2025-09-13 19:52:00,neutral,burnout,deeper_faith,questioning,52,-0.413,negative,True
j_0006181,u_02512,2025-09-15 14:12:00,neutral,gratitude,deeper_faith,questioning,33,0.276,positive,True
j_0006182,u_02512,2025-10-06 17:09:00,very_low,burnout,light_islamic,at_peace,37,-0.554,negative,True
j_0006183,u_02514,2025-03-06 17:14:00,good,relationships,universal,,120,0.24,positive,True
j_0006184,u_02514,2025-03-07 09:52:00,good,confidence,light_islamic,,246,0.446,positive,True
j_0006185,u_02514,2025-03-10 19:44:00,low,work,light_islamic,at_peace,76,-0.637,negative,True
j_0006186,u_02514,2025-03-14 15:22:00,neutral,habits,light_islamic,questioning,57,-0.127,neutral,True
j_0006187,u_02514,2025-03-20 19:29:00,neutral,gratitude,deeper_faith,questioning,105,0.194,positive,True
j_0006188,u_02514,2025-03-27 10:25:00,good,faith,universal,distant,122,0.81,positive,True
j_0006189,u_02514,2025-04-01 08:25:00,good,confidence,light_islamic,at_peace,12,-0.177,negative,True
j_0006190,u_02514,2025-04-05 08:21:00,low,burnout,light_islamic,questioning,96,-0.488,negative,True
j_0006191,u_02515,2025-04-12 12:59:00,very_low,purpose,universal,,86,-0.743,negative,True
j_0006192,u_02515,2025-04-16 17:35:00,neutral,anxiety,universal,at_peace,160,0.12,neutral,True
j_0006193,u_02515,2025-04-17 16:49:00,very_low,anxiety,light_islamic,hurting,71,-0.497,negative,True
j_0006194,u_02515,2025-04-19 13:04:00,good,faith,universal,distant,18,0.652,positive,True
j_0006195,u_02515,2025-04-23 16:53:00,very_low,burnout,deeper_faith,at_peace,103,-0.239,negative,True
j_0006196,u_02515,2025-04-25 14:25:00,grateful,burnout,universal,at_peace,62,0.871,positive,True
j_0006197,u_02515,2025-04-27 18:48:00,grateful,burnout,universal,at_peace,59,1.0,positive,True
j_0006198,u_02515,2025-05-03 14:53:00,good,burnout,universal,questioning,195,0.576,positive,True
j_0006199,u_02515,2025-05-06 16:56:00,neutral,work,universal,at_peace,116,0.262,positive,True
j_0006200,u_02515,2025-05-08 11:24:00,good,purpose,light_islamic,at_peace,29,0.137,neutral,True
j_0006201,u_02515,2025-05-12 20:49:00,good,gratitude,universal,at_peace,104,0.204,positive,True
j_0006202,u_02518,2025-12-17 09:10:00,grateful,self,light_islamic,,75,0.46,positive,True
j_0006203,u_02518,2025-12-18 18:04:00,grateful,anxiety,universal,,75,0.648,positive,True
j_0006204,u_02518,2025-12-21 21:15:00,low,faith,light_islamic,hurting,91,0.056,neutral,True
j_0006205,u_02518,2025-12-23 19:16:00,grateful,work,universal,at_peace,162,0.703,positive,True
j_0006206,u_02518,2026-01-10 17:00:00,neutral,burnout,light_islamic,questioning,141,-0.312,negative,True
j_0006207,u_02522,2025-11-26 19:22:00,good,self,light_islamic,,51,0.254,positive,True
j_0006208,u_02522,2025-11-27 10:28:00,low,purpose,light_islamic,,42,-0.036,neutral,True
j_0006209,u_02522,2025-12-07 11:26:00,good,purpose,light_islamic,at_peace,117,-0.01,neutral,True
j_0006210,u_02522,2025-12-08 19:30:00,low,purpose,light_islamic,at_peace,19,0.005,neutral,True
j_0006211,u_02522,2025-12-13 21:32:00,neutral,self,deeper_faith,at_peace,252,0.045,neutral,True
j_0006212,u_02522,2025-12-17 22:14:00,neutral,habits,universal,distant,257,-0.008,neutral,True
j_0006213,u_02522,2025-12-22 17:04:00,neutral,burnout,light_islamic,questioning,61,-0.003,neutral,True
j_0006214,u_02524,2025-08-17 10:14:00,good,burnout,universal,distant,55,0.282,positive,True
j_0006215,u_02524,2025-08-18 21:21:00,very_low,purpose,light_islamic,distant,62,-0.143,neutral,True
j_0006216,u_02524,2025-08-20 10:33:00,good,faith,light_islamic,questioning,69,0.223,positive,True
j_0006217,u_02524,2025-08-24 19:52:00,grateful,habits,universal,at_peace,130,0.508,positive,True
j_0006218,u_02524,2025-08-30 18:33:00,good,confidence,light_islamic,at_peace,199,0.139,neutral,True
j_0006219,u_02525,2025-02-01 14:41:00,low,burnout,universal,questioning,96,-0.729,negative,True
j_0006220,u_02525,2025-02-02 22:17:00,neutral,faith,universal,hurting,54,-0.122,neutral,True
j_0006221,u_02525,2025-02-07 08:25:00,low,work,light_islamic,at_peace,45,-0.14,neutral,True
j_0006222,u_02525,2025-02-12 21:29:00,low,burnout,light_islamic,at_peace,46,-0.056,neutral,True
j_0006223,u_02525,2025-02-13 08:30:00,neutral,confidence,deeper_faith,questioning,37,0.449,positive,True
j_0006224,u_02525,2025-02-17 18:22:00,good,confidence,universal,questioning,13,0.686,positive,True
j_0006225,u_02525,2025-02-24 11:26:00,good,burnout,deeper_faith,at_peace,78,0.419,positive,True
j_0006226,u_02526,2025-02-04 19:11:00,grateful,anxiety,light_islamic,,240,0.365,positive,True
j_0006227,u_02526,2025-02-10 12:50:00,low,relationships,universal,at_peace,20,-0.082,neutral,True
j_0006228,u_02526,2025-02-16 12:05:00,good,confidence,light_islamic,at_peace,76,0.359,positive,True
j_0006229,u_02526,2025-02-20 18:36:00,good,habits,light_islamic,at_peace,31,0.423,positive,True
j_0006230,u_02526,2025-02-23 13:05:00,good,relationships,universal,distant,38,0.315,positive,True
j_0006231,u_02528,2025-09-01 18:08:00,good,relationships,universal,,44,0.274,positive,True
j_0006232,u_02528,2025-09-03 22:05:00,low,purpose,universal,,105,-0.537,negative,True
j_0006233,u_02528,2025-09-09 07:20:00,low,burnout,universal,distant,41,-0.282,negative,True
j_0006234,u_02528,2025-09-10 10:52:00,good,relationships,universal,at_peace,35,0.178,positive,True
j_0006235,u_02528,2025-09-17 16:06:00,grateful,gratitude,universal,questioning,56,0.113,neutral,True
j_0006236,u_02530,2025-10-08 08:43:00,very_low,habits,light_islamic,,37,-0.887,negative,True
j_0006237,u_02530,2025-10-10 19:19:00,low,habits,universal,,89,-0.235,negative,True
j_0006238,u_02530,2025-10-12 18:52:00,neutral,anxiety,light_islamic,at_peace,68,-0.253,negative,True
j_0006239,u_02530,2025-10-23 22:14:00,good,gratitude,light_islamic,at_peace,18,0.498,positive,True
j_0006240,u_02530,2025-11-05 10:29:00,good,burnout,universal,questioning,134,0.305,positive,True
j_0006241,u_02531,2025-11-06 15:29:00,good,faith,deeper_faith,at_peace,60,0.476,positive,True
j_0006242,u_02532,2025-04-03 15:49:00,good,burnout,light_islamic,,13,0.537,positive,True
j_0006243,u_02532,2025-04-09 17:05:00,neutral,anxiety,light_islamic,at_peace,49,-0.05,neutral,True
j_0006244,u_02532,2025-04-10 16:36:00,neutral,faith,light_islamic,at_peace,121,-0.125,neutral,True
j_0006245,u_02534,2025-03-26 07:42:00,grateful,faith,deeper_faith,,115,0.852,positive,True
j_0006246,u_02534,2025-03-27 19:15:00,neutral,anxiety,universal,,49,0.111,neutral,True
j_0006247,u_02534,2025-03-29 12:14:00,grateful,self,universal,,141,0.792,positive,True
j_0006248,u_02534,2025-04-01 11:29:00,good,self,light_islamic,at_peace,125,0.304,positive,True
j_0006249,u_02534,2025-04-02 18:25:00,low,purpose,universal,questioning,78,-0.131,neutral,True
j_0006250,u_02534,2025-04-05 21:42:00,neutral,habits,universal,distant,225,-0.406,negative,True
j_0006251,u_02534,2025-04-10 10:45:00,neutral,gratitude,deeper_faith,questioning,58,0.509,positive,True
j_0006252,u_02534,2025-04-12 15:27:00,grateful,work,universal,at_peace,191,0.497,positive,True
j_0006253,u_02534,2025-04-14 19:09:00,good,purpose,deeper_faith,at_peace,55,0.425,positive,True
j_0006254,u_02534,2025-04-22 13:47:00,good,relationships,universal,distant,31,0.114,neutral,True
j_0006255,u_02534,2025-04-24 17:31:00,good,work,universal,distant,55,0.277,positive,True
j_0006256,u_02535,2025-07-24 16:49:00,low,self,universal,,115,-0.081,neutral,True
j_0006257,u_02535,2025-07-25 21:40:00,low,self,universal,,22,-0.267,negative,True
j_0006258,u_02535,2025-07-26 12:11:00,neutral,anxiety,universal,,109,0.227,positive,True
j_0006259,u_02535,2025-07-30 16:59:00,grateful,self,universal,distant,56,0.317,positive,True
j_0006260,u_02535,2025-08-03 12:39:00,grateful,habits,light_islamic,questioning,72,0.735,positive,True
j_0006261,u_02535,2025-08-05 21:46:00,low,self,universal,hurting,56,-0.347,negative,True
j_0006262,u_02538,2025-09-30 13:44:00,grateful,work,light_islamic,,144,0.514,positive,True
j_0006263,u_02538,2025-10-05 20:37:00,very_low,purpose,universal,at_peace,190,-0.466,negative,True
j_0006264,u_02538,2025-10-06 11:40:00,good,anxiety,universal,distant,58,0.153,positive,True
j_0006265,u_02538,2025-10-14 20:59:00,neutral,relationships,universal,at_peace,204,0.121,neutral,True
j_0006266,u_02538,2025-10-16 07:27:00,good,purpose,deeper_faith,distant,75,0.225,positive,True
j_0006267,u_02538,2025-10-25 12:38:00,good,gratitude,light_islamic,at_peace,182,0.336,positive,True
j_0006268,u_02542,2025-05-27 20:26:00,neutral,burnout,light_islamic,,354,-0.363,negative,True
j_0006269,u_02542,2025-05-29 14:58:00,neutral,habits,universal,,16,0.006,neutral,True
j_0006270,u_02542,2025-06-08 21:01:00,good,purpose,universal,questioning,319,0.596,positive,True
j_0006271,u_02542,2025-06-22 08:49:00,neutral,relationships,light_islamic,at_peace,233,0.211,positive,True
j_0006272,u_02545,2025-12-27 14:46:00,neutral,burnout,universal,,69,-0.025,neutral,True
j_0006273,u_02545,2025-12-29 21:51:00,grateful,gratitude,universal,,115,0.383,positive,True
j_0006274,u_02545,2026-01-01 14:48:00,grateful,anxiety,universal,distant,80,0.235,positive,True
j_0006275,u_02545,2026-01-03 11:11:00,grateful,anxiety,universal,at_peace,12,0.805,positive,True
j_0006276,u_02545,2026-01-11 17:21:00,neutral,self,light_islamic,questioning,23,-0.348,negative,True
j_0006277,u_02545,2026-01-15 17:14:00,neutral,work,light_islamic,at_peace,47,-0.108,neutral,True
j_0006278,u_02545,2026-01-23 13:22:00,grateful,burnout,light_islamic,questioning,92,0.867,positive,True
j_0006279,u_02547,2025-12-19 14:16:00,neutral,self,universal,,34,0.093,neutral,True
j_0006280,u_02547,2025-12-20 15:12:00,low,habits,universal,,46,-0.245,negative,True
j_0006281,u_02547,2025-12-28 15:19:00,neutral,purpose,universal,at_peace,151,0.238,positive,True
j_0006282,u_02547,2025-12-30 19:27:00,grateful,burnout,universal,distant,99,-0.016,neutral,True
j_0006283,u_02547,2026-01-01 08:36:00,neutral,gratitude,universal,at_peace,31,-0.104,neutral,True
j_0006284,u_02548,2025-11-23 09:44:00,low,burnout,light_islamic,,61,-0.568,negative,True
j_0006285,u_02548,2025-11-27 19:50:00,low,faith,universal,at_peace,113,-0.138,neutral,True
j_0006286,u_02548,2025-12-02 12:23:00,very_low,gratitude,light_islamic,at_peace,74,-0.361,negative,True
j_0006287,u_02548,2025-12-03 19:26:00,good,faith,universal,questioning,115,0.288,positive,True
j_0006288,u_02548,2025-12-05 21:08:00,grateful,work,light_islamic,questioning,47,0.779,positive,True
j_0006289,u_02548,2025-12-08 21:07:00,low,gratitude,light_islamic,at_peace,49,-0.285,negative,True
j_0006290,u_02548,2025-12-13 14:32:00,neutral,faith,light_islamic,questioning,98,-0.296,negative,True
j_0006291,u_02548,2025-12-14 21:03:00,grateful,purpose,light_islamic,distant,159,0.79,positive,True
j_0006292,u_02548,2025-12-15 18:28:00,neutral,burnout,universal,distant,46,-0.162,negative,True
j_0006293,u_02548,2025-12-16 21:01:00,very_low,habits,universal,at_peace,46,-0.36,negative,True
j_0006294,u_02549,2025-01-16 07:58:00,good,relationships,light_islamic,,55,0.671,positive,True
j_0006295,u_02549,2025-01-19 07:41:00,very_low,purpose,light_islamic,,48,-0.49,negative,True
j_0006296,u_02549,2025-01-23 11:03:00,good,anxiety,light_islamic,questioning,126,0.165,positive,True
j_0006297,u_02549,2025-01-28 20:12:00,grateful,purpose,universal,questioning,104,0.462,positive,True
j_0006298,u_02549,2025-02-04 20:06:00,grateful,gratitude,deeper_faith,distant,149,0.544,positive,True
j_0006299,u_02549,2025-02-07 21:16:00,grateful,work,universal,questioning,48,0.886,positive,True
j_0006300,u_02549,2025-02-09 14:06:00,good,confidence,light_islamic,distant,52,0.399,positive,True
j_0006301,u_02550,2026-01-08 18:20:00,good,purpose,light_islamic,at_peace,49,0.534,positive,True
j_0006302,u_02550,2026-01-09 16:54:00,neutral,faith,light_islamic,questioning,142,0.002,neutral,True
j_0006303,u_02550,2026-01-11 08:42:00,good,anxiety,light_islamic,at_peace,48,0.25,positive,True
j_0006304,u_02550,2026-01-15 17:34:00,neutral,purpose,universal,at_peace,123,-0.215,negative,True
j_0006305,u_02550,2026-01-21 14:39:00,good,purpose,universal,at_peace,269,0.096,neutral,True
j_0006306,u_02551,2025-09-19 15:38:00,neutral,confidence,universal,,61,0.126,neutral,True
j_0006307,u_02551,2025-09-27 09:57:00,good,burnout,universal,hurting,53,0.788,positive,True
j_0006308,u_02551,2025-10-01 15:52:00,low,relationships,universal,distant,31,-0.607,negative,True
j_0006309,u_02551,2025-10-02 13:59:00,neutral,relationships,universal,at_peace,246,-0.211,negative,True
j_0006310,u_02551,2025-10-13 17:46:00,good,habits,universal,at_peace,56,0.321,positive,True
j_0006311,u_02556,2025-04-29 20:17:00,very_low,anxiety,light_islamic,,212,-0.559,negative,True
j_0006312,u_02556,2025-04-30 13:56:00,good,purpose,deeper_faith,,41,0.671,positive,True
j_0006313,u_02556,2025-05-04 11:42:00,very_low,relationships,universal,at_peace,50,-0.587,negative,True
j_0006314,u_02556,2025-05-06 15:24:00,good,self,light_islamic,at_peace,83,0.537,positive,True
j_0006315,u_02556,2025-05-13 18:38:00,good,self,light_islamic,at_peace,37,0.304,positive,True
j_0006316,u_02556,2025-05-15 07:54:00,grateful,gratitude,light_islamic,questioning,244,0.312,positive,True
j_0006317,u_02556,2025-05-17 08:53:00,neutral,confidence,universal,questioning,56,0.129,neutral,True
j_0006318,u_02556,2025-05-18 21:33:00,grateful,confidence,light_islamic,at_peace,202,0.325,positive,True
j_0006319,u_02556,2025-05-23 18:06:00,grateful,burnout,light_islamic,questioning,117,0.461,positive,True
j_0006320,u_02557,2025-04-04 19:22:00,good,faith,deeper_faith,,46,0.541,positive,True
j_0006321,u_02557,2025-04-07 09:22:00,neutral,habits,light_islamic,,163,-0.082,neutral,True
j_0006322,u_02557,2025-04-18 14:51:00,low,confidence,light_islamic,questioning,53,-0.006,neutral,True
j_0006323,u_02557,2025-04-20 17:41:00,good,work,light_islamic,at_peace,82,0.389,positive,True
j_0006324,u_02559,2025-09-16 21:07:00,very_low,faith,universal,,51,-0.229,negative,True
j_0006325,u_02559,2025-09-17 16:06:00,neutral,faith,light_islamic,,75,-0.103,neutral,True
j_0006326,u_02559,2025-09-18 12:32:00,good,gratitude,deeper_faith,,107,0.529,positive,True
j_0006327,u_02559,2025-09-21 14:22:00,neutral,work,universal,distant,180,-0.099,neutral,True
j_0006328,u_02559,2025-10-12 20:39:00,very_low,habits,universal,questioning,106,-0.671,negative,True
j_0006329,u_02560,2025-08-02 16:40:00,neutral,anxiety,light_islamic,,64,0.255,positive,True
j_0006330,u_02560,2025-08-03 07:20:00,neutral,anxiety,light_islamic,,91,-0.249,negative,True
j_0006331,u_02560,2025-08-11 11:28:00,good,faith,deeper_faith,distant,45,0.219,positive,True
j_0006332,u_02560,2025-08-24 17:14:00,good,relationships,light_islamic,at_peace,14,0.12,neutral,True
j_0006333,u_02561,2025-12-17 21:18:00,neutral,anxiety,universal,,80,0.121,neutral,True
j_0006334,u_02561,2025-12-19 11:15:00,good,work,deeper_faith,,168,-0.478,negative,True
j_0006335,u_02561,2025-12-20 14:35:00,good,anxiety,light_islamic,,15,-0.296,negative,True
j_0006336,u_02561,2025-12-29 08:01:00,very_low,purpose,universal,at_peace,83,-0.579,negative,True
j_0006337,u_02561,2026-01-03 09:34:00,good,relationships,light_islamic,at_peace,20,0.292,positive,True
j_0006338,u_02563,2025-07-21 12:08:00,low,confidence,universal,,64,-0.419,negative,True
j_0006339,u_02563,2025-07-22 11:36:00,good,faith,universal,,132,0.158,positive,True
j_0006340,u_02563,2025-07-28 13:13:00,neutral,burnout,universal,at_peace,48,0.055,neutral,True
j_0006341,u_02563,2025-08-01 09:34:00,grateful,habits,deeper_faith,at_peace,116,0.797,positive,True
j_0006342,u_02563,2025-08-19 13:18:00,good,purpose,light_islamic,distant,131,0.574,positive,True
j_0006343,u_02565,2025-10-01 21:23:00,low,burnout,universal,,45,-0.546,negative,True
j_0006344,u_02565,2025-10-03 15:09:00,very_low,anxiety,light_islamic,,22,-0.126,neutral,True
j_0006345,u_02565,2025-10-04 16:29:00,good,confidence,universal,at_peace,65,0.354,positive,True
j_0006346,u_02565,2025-10-07 22:03:00,good,gratitude,light_islamic,questioning,69,0.259,positive,True
j_0006347,u_02565,2025-10-11 09:05:00,very_low,self,universal,distant,40,-0.549,negative,True
j_0006348,u_02565,2025-10-12 11:16:00,neutral,gratitude,light_islamic,distant,57,-0.172,negative,True
j_0006349,u_02565,2025-10-13 17:50:00,neutral,gratitude,universal,at_peace,54,-0.421,negative,True
j_0006350,u_02565,2025-10-22 19:06:00,low,confidence,deeper_faith,at_peace,213,-0.699,negative,True
j_0006351,u_02565,2025-10-26 20:46:00,good,faith,light_islamic,at_peace,203,0.423,positive,True
j_0006352,u_02567,2025-04-02 15:43:00,good,relationships,universal,distant,87,0.096,neutral,True
j_0006353,u_02567,2025-04-07 13:23:00,grateful,confidence,universal,questioning,28,0.614,positive,True
j_0006354,u_02572,2025-11-06 21:32:00,neutral,anxiety,light_islamic,,199,-0.025,neutral,True
j_0006355,u_02572,2025-11-07 16:30:00,neutral,relationships,universal,,79,0.17,positive,True
j_0006356,u_02572,2025-11-09 20:21:00,good,relationships,light_islamic,,49,-0.061,neutral,True
j_0006357,u_02572,2025-11-11 13:44:00,good,burnout,universal,questioning,140,0.389,positive,True
j_0006358,u_02572,2025-11-28 10:33:00,good,anxiety,light_islamic,questioning,20,0.389,positive,True
j_0006359,u_02572,2025-12-02 14:10:00,neutral,confidence,universal,questioning,21,-0.15,negative,True
j_0006360,u_02573,2025-03-19 17:04:00,neutral,gratitude,deeper_faith,distant,134,0.003,neutral,True
j_0006361,u_02573,2025-03-20 19:29:00,neutral,purpose,light_islamic,at_peace,59,0.126,neutral,True
j_0006362,u_02573,2025-03-21 15:25:00,grateful,confidence,light_islamic,at_peace,21,0.539,positive,True
j_0006363,u_02577,2025-04-10 11:57:00,good,burnout,deeper_faith,,58,-0.094,neutral,True
j_0006364,u_02577,2025-04-25 12:17:00,neutral,work,light_islamic,at_peace,21,-0.154,negative,True
j_0006365,u_02577,2025-04-30 09:54:00,neutral,work,universal,hurting,76,-0.105,neutral,True
j_0006366,u_02580,2025-08-18 19:06:00,good,confidence,deeper_faith,,60,0.099,neutral,True
j_0006367,u_02580,2025-08-22 22:07:00,very_low,anxiety,universal,at_peace,108,-0.789,negative,True
j_0006368,u_02580,2025-08-26 14:53:00,neutral,burnout,universal,at_peace,83,0.273,positive,True
j_0006369,u_02580,2025-08-29 10:01:00,neutral,confidence,deeper_faith,questioning,67,-0.033,neutral,True
j_0006370,u_02580,2025-09-04 11:59:00,neutral,work,light_islamic,at_peace,36,-0.046,neutral,True
j_0006371,u_02580,2025-09-17 14:42:00,low,habits,universal,hurting,106,0.128,neutral,True
j_0006372,u_02583,2025-10-05 16:25:00,neutral,purpose,light_islamic,,66,0.083,neutral,True
j_0006373,u_02583,2025-10-08 11:14:00,low,gratitude,light_islamic,,52,0.201,positive,True
j_0006374,u_02583,2025-10-09 19:39:00,neutral,burnout,light_islamic,questioning,95,0.065,neutral,True
j_0006375,u_02583,2025-10-11 07:42:00,low,faith,universal,distant,74,0.027,neutral,True
j_0006376,u_02583,2025-10-14 21:00:00,grateful,habits,light_islamic,hurting,82,0.567,positive,True
j_0006377,u_02583,2025-10-17 13:43:00,low,confidence,light_islamic,questioning,72,0.227,positive,True
j_0006378,u_02583,2025-10-31 15:19:00,good,gratitude,light_islamic,distant,63,0.415,positive,True
j_0006379,u_02586,2025-01-21 11:03:00,grateful,relationships,universal,,36,0.441,positive,True
j_0006380,u_02586,2025-01-26 14:23:00,very_low,faith,light_islamic,at_peace,56,-0.569,negative,True
j_0006381,u_02586,2025-01-27 08:55:00,neutral,anxiety,light_islamic,questioning,23,0.083,neutral,True
j_0006382,u_02586,2025-02-05 18:42:00,good,habits,deeper_faith,questioning,41,0.534,positive,True
j_0006383,u_02586,2025-02-18 22:14:00,neutral,burnout,universal,at_peace,37,-0.312,negative,True
j_0006384,u_02589,2025-08-21 19:37:00,neutral,self,light_islamic,,77,0.067,neutral,True
j_0006385,u_02589,2025-08-22 21:18:00,good,anxiety,universal,,155,0.157,positive,True
j_0006386,u_02589,2025-08-27 16:43:00,good,burnout,universal,at_peace,99,0.019,neutral,True
j_0006387,u_02589,2025-09-01 08:56:00,grateful,habits,light_islamic,questioning,116,0.523,positive,True
j_0006388,u_02589,2025-09-03 11:22:00,neutral,work,deeper_faith,at_peace,30,0.045,neutral,True
j_0006389,u_02589,2025-09-08 14:15:00,good,self,light_islamic,questioning,21,0.314,positive,True
j_0006390,u_02589,2025-09-11 11:00:00,low,habits,universal,at_peace,136,-0.881,negative,True
j_0006391,u_02589,2025-09-12 14:39:00,low,gratitude,universal,questioning,16,-0.226,negative,True
j_0006392,u_02592,2025-09-21 10:54:00,good,purpose,deeper_faith,,248,0.116,neutral,True
j_0006393,u_02592,2025-09-24 14:43:00,grateful,faith,light_islamic,,76,0.405,positive,True
j_0006394,u_02592,2025-09-28 20:50:00,good,habits,universal,hurting,55,0.413,positive,True
j_0006395,u_02592,2025-09-30 18:26:00,good,relationships,universal,at_peace,55,0.44,positive,True
j_0006396,u_02592,2025-10-02 15:58:00,low,confidence,deeper_faith,distant,175,-0.211,negative,True
j_0006397,u_02592,2025-10-08 19:00:00,good,confidence,universal,distant,19,0.24,positive,True
j_0006398,u_02592,2025-10-11 08:58:00,good,habits,deeper_faith,at_peace,105,-0.047,neutral,True
j_0006399,u_02592,2025-10-13 21:21:00,grateful,burnout,light_islamic,at_peace,135,0.128,neutral,True
j_0006400,u_02592,2025-10-16 21:01:00,neutral,self,universal,questioning,45,-0.517,negative,True
j_0006401,u_02592,2025-10-21 18:08:00,low,habits,light_islamic,at_peace,22,-0.568,negative,True
j_0006402,u_02594,2025-04-08 21:50:00,good,gratitude,light_islamic,,49,0.637,positive,True
j_0006403,u_02594,2025-04-10 20:46:00,grateful,work,universal,,202,0.424,positive,True
j_0006404,u_02594,2025-04-11 17:16:00,good,anxiety,universal,at_peace,89,0.414,positive,True
j_0006405,u_02594,2025-04-13 09:03:00,low,habits,light_islamic,hurting,42,-0.187,negative,True
j_0006406,u_02594,2025-04-18 20:59:00,neutral,habits,deeper_faith,at_peace,65,-0.066,neutral,True
j_0006407,u_02594,2025-04-19 10:59:00,good,work,light_islamic,hurting,45,0.067,neutral,True
j_0006408,u_02594,2025-04-22 13:04:00,grateful,burnout,universal,at_peace,56,0.295,positive,True
j_0006409,u_02594,2025-04-24 18:04:00,neutral,faith,universal,hurting,108,-0.046,neutral,True
j_0006410,u_02594,2025-04-26 17:02:00,neutral,confidence,light_islamic,questioning,57,-0.112,neutral,True
j_0006411,u_02594,2025-05-04 10:57:00,neutral,work,universal,questioning,47,0.081,neutral,True
j_0006412,u_02596,2025-07-12 21:42:00,low,anxiety,universal,,42,-0.146,neutral,True
j_0006413,u_02596,2025-07-14 14:54:00,neutral,burnout,universal,,40,0.172,positive,True
j_0006414,u_02596,2025-07-20 12:09:00,very_low,confidence,universal,questioning,51,-0.616,negative,True
j_0006415,u_02596,2025-07-21 21:42:00,good,habits,universal,at_peace,133,0.457,positive,True
j_0006416,u_02596,2025-07-29 13:20:00,good,burnout,light_islamic,hurting,59,0.663,positive,True
j_0006417,u_02596,2025-08-05 16:58:00,neutral,burnout,universal,at_peace,44,0.274,positive,True
j_0006418,u_02596,2025-08-09 07:32:00,neutral,burnout,universal,at_peace,77,-0.174,negative,True
j_0006419,u_02598,2025-12-26 19:38:00,very_low,burnout,deeper_faith,,28,-0.8,negative,True
j_0006420,u_02598,2026-01-08 13:58:00,low,faith,light_islamic,distant,146,0.068,neutral,True
j_0006421,u_02598,2026-01-24 20:29:00,neutral,purpose,universal,at_peace,18,0.179,positive,True
j_0006422,u_02598,2026-01-25 08:55:00,grateful,purpose,universal,at_peace,23,0.787,positive,True
j_0006423,u_02599,2025-07-30 20:16:00,grateful,gratitude,universal,,168,-0.084,neutral,True
j_0006424,u_02599,2025-08-06 18:18:00,good,anxiety,deeper_faith,hurting,36,0.215,positive,True
j_0006425,u_02599,2025-08-18 19:16:00,low,self,light_islamic,hurting,64,-0.337,negative,True
j_0006426,u_02601,2025-12-05 12:48:00,neutral,burnout,universal,,114,0.296,positive,True
j_0006427,u_02601,2025-12-06 11:04:00,low,faith,universal,,69,-0.249,negative,True
j_0006428,u_02601,2025-12-08 10:59:00,good,habits,universal,,270,0.219,positive,True
j_0006429,u_02601,2025-12-09 15:01:00,low,habits,universal,at_peace,99,-0.284,negative,True
j_0006430,u_02601,2025-12-11 20:15:00,neutral,relationships,universal,questioning,68,-0.114,neutral,True
j_0006431,u_02601,2025-12-13 20:06:00,good,gratitude,universal,at_peace,36,0.224,positive,True
j_0006432,u_02601,2025-12-15 21:40:00,good,habits,universal,questioning,74,0.65,positive,True
j_0006433,u_02601,2025-12-23 21:15:00,very_low,work,universal,at_peace,138,-0.503,negative,True
j_0006434,u_02601,2025-12-25 13:54:00,grateful,gratitude,universal,distant,56,0.046,neutral,True
j_0006435,u_02603,2025-06-09 14:51:00,good,purpose,universal,,24,0.015,neutral,True
j_0006436,u_02603,2025-06-11 18:16:00,very_low,self,deeper_faith,,53,-0.401,negative,True
j_0006437,u_02603,2025-06-13 11:17:00,very_low,faith,light_islamic,at_peace,108,0.005,neutral,True
j_0006438,u_02603,2025-06-19 14:30:00,neutral,self,universal,questioning,82,0.03,neutral,True
j_0006439,u_02603,2025-06-20 11:14:00,grateful,faith,light_islamic,questioning,40,0.875,positive,True
j_0006440,u_02603,2025-06-27 09:28:00,good,purpose,light_islamic,at_peace,37,0.118,neutral,True
j_0006441,u_02603,2025-06-29 10:48:00,low,confidence,light_islamic,at_peace,92,-0.065,neutral,True
j_0006442,u_02609,2025-09-21 08:24:00,good,habits,light_islamic,,26,0.026,neutral,True
j_0006443,u_02609,2025-10-02 20:36:00,good,confidence,light_islamic,questioning,106,0.151,positive,True
j_0006444,u_02609,2025-10-06 16:38:00,good,purpose,universal,at_peace,79,0.295,positive,True
j_0006445,u_02609,2025-10-13 18:40:00,good,purpose,light_islamic,at_peace,43,0.084,neutral,True
j_0006446,u_02610,2025-04-26 10:37:00,grateful,anxiety,universal,,112,-0.036,neutral,True
j_0006447,u_02610,2025-04-27 17:54:00,grateful,confidence,deeper_faith,,17,0.538,positive,True
j_0006448,u_02610,2025-04-28 19:56:00,neutral,relationships,deeper_faith,at_peace,45,0.211,positive,True
j_0006449,u_02610,2025-05-06 12:30:00,low,gratitude,light_islamic,at_peace,90,-0.229,negative,True
j_0006450,u_02610,2025-05-07 15:38:00,good,confidence,light_islamic,distant,201,0.43,positive,True
j_0006451,u_02610,2025-05-23 19:36:00,low,anxiety,universal,at_peace,68,0.044,neutral,True
j_0006452,u_02613,2025-12-03 08:39:00,good,work,universal,,97,-0.026,neutral,True
j_0006453,u_02613,2025-12-31 20:14:00,good,purpose,universal,at_peace,93,-0.135,neutral,True
j_0006454,u_02614,2025-12-14 13:19:00,grateful,gratitude,light_islamic,,119,0.29,positive,True
j_0006455,u_02614,2025-12-16 14:15:00,low,purpose,universal,,150,-0.248,negative,True
j_0006456,u_02614,2025-12-17 13:07:00,neutral,anxiety,universal,,43,0.161,positive,True
j_0006457,u_02614,2025-12-29 09:49:00,neutral,anxiety,universal,at_peace,47,0.004,neutral,True
j_0006458,u_02616,2025-12-23 14:13:00,good,confidence,light_islamic,,111,0.151,positive,True
j_0006459,u_02616,2025-12-28 09:30:00,neutral,self,light_islamic,questioning,24,0.369,positive,True
j_0006460,u_02616,2025-12-30 19:11:00,neutral,faith,universal,at_peace,12,-0.213,negative,True
j_0006461,u_02616,2026-01-09 09:39:00,grateful,confidence,universal,distant,91,0.477,positive,True
j_0006462,u_02616,2026-01-12 10:37:00,good,anxiety,universal,at_peace,72,0.145,neutral,True
j_0006463,u_02616,2026-01-19 18:17:00,low,confidence,universal,at_peace,29,-0.576,negative,True
j_0006464,u_02617,2025-01-25 21:10:00,good,work,universal,,71,0.393,positive,True
j_0006465,u_02617,2025-01-26 20:36:00,neutral,faith,universal,,96,0.171,positive,True
j_0006466,u_02617,2025-01-28 09:29:00,neutral,anxiety,light_islamic,,54,-0.415,negative,True
j_0006467,u_02617,2025-02-02 16:01:00,good,self,light_islamic,distant,99,0.185,positive,True
j_0006468,u_02617,2025-02-03 18:26:00,low,work,light_islamic,at_peace,90,-0.505,negative,True
j_0006469,u_02617,2025-02-04 10:07:00,low,faith,universal,questioning,77,-0.688,negative,True
j_0006470,u_02617,2025-02-07 19:20:00,good,purpose,light_islamic,hurting,143,0.125,neutral,True
j_0006471,u_02617,2025-02-15 22:16:00,neutral,faith,light_islamic,at_peace,73,-0.483,negative,True
j_0006472,u_02618,2025-08-29 13:56:00,neutral,faith,universal,,36,0.062,neutral,True
j_0006473,u_02618,2025-08-30 15:11:00,very_low,gratitude,light_islamic,,54,-0.553,negative,True
j_0006474,u_02618,2025-09-08 19:57:00,neutral,relationships,universal,distant,65,-0.09,neutral,True
j_0006475,u_02618,2025-09-13 18:19:00,grateful,purpose,universal,hurting,147,0.483,positive,True
j_0006476,u_02618,2025-09-14 15:34:00,good,gratitude,universal,at_peace,51,0.448,positive,True
j_0006477,u_02618,2025-09-28 10:12:00,good,self,universal,questioning,119,0.058,neutral,True
j_0006478,u_02620,2025-06-24 18:32:00,good,confidence,light_islamic,,65,0.074,neutral,True
j_0006479,u_02620,2025-06-27 16:34:00,low,faith,universal,,74,-0.367,negative,True
j_0006480,u_02620,2025-06-30 09:53:00,very_low,relationships,light_islamic,questioning,168,-1.0,negative,True
j_0006481,u_02620,2025-07-19 14:59:00,neutral,gratitude,light_islamic,distant,164,-0.154,negative,True
j_0006482,u_02620,2025-07-22 12:49:00,neutral,work,universal,at_peace,59,-0.136,neutral,True
j_0006483,u_02626,2025-02-24 13:32:00,grateful,anxiety,light_islamic,,48,0.394,positive,True
j_0006484,u_02626,2025-02-26 09:38:00,good,work,light_islamic,,91,0.46,positive,True
j_0006485,u_02626,2025-02-27 13:24:00,good,self,universal,,62,0.285,positive,True
j_0006486,u_02626,2025-03-02 20:52:00,neutral,gratitude,universal,distant,59,-0.078,neutral,True
j_0006487,u_02626,2025-03-05 20:16:00,neutral,purpose,universal,questioning,88,0.151,positive,True
j_0006488,u_02626,2025-03-10 10:49:00,good,work,light_islamic,at_peace,62,-0.104,neutral,True
j_0006489,u_02626,2025-03-12 21:51:00,neutral,burnout,light_islamic,distant,22,-0.552,negative,True
j_0006490,u_02626,2025-03-15 17:30:00,low,confidence,light_islamic,at_peace,133,-0.183,negative,True
j_0006491,u_02626,2025-03-16 18:35:00,grateful,faith,light_islamic,at_peace,41,0.859,positive,True
j_0006492,u_02628,2025-08-02 21:34:00,good,work,deeper_faith,at_peace,84,0.321,positive,True
j_0006493,u_02628,2025-08-03 08:17:00,grateful,anxiety,light_islamic,hurting,103,0.61,positive,True
j_0006494,u_02628,2025-08-04 16:32:00,grateful,purpose,light_islamic,at_peace,101,0.382,positive,True
j_0006495,u_02628,2025-08-08 14:52:00,neutral,burnout,light_islamic,at_peace,48,0.494,positive,True
j_0006496,u_02628,2025-08-18 12:57:00,very_low,anxiety,universal,at_peace,44,-0.781,negative,True
j_0006497,u_02629,2025-12-25 13:00:00,good,relationships,deeper_faith,,91,0.127,neutral,True
j_0006498,u_02629,2025-12-27 20:39:00,neutral,faith,light_islamic,,272,0.158,positive,True
j_0006499,u_02629,2025-12-31 08:08:00,good,work,light_islamic,at_peace,91,0.301,positive,True
j_0006500,u_02629,2026-01-02 10:07:00,grateful,confidence,universal,at_peace,74,0.602,positive,True
j_0006501,u_02629,2026-01-07 19:37:00,low,relationships,light_islamic,distant,61,-0.66,negative,True
j_0006502,u_02630,2025-11-02 17:58:00,very_low,self,light_islamic,,156,-0.264,negative,True
j_0006503,u_02630,2025-11-05 17:59:00,good,faith,light_islamic,at_peace,75,0.509,positive,True
j_0006504,u_02630,2025-11-06 09:18:00,neutral,self,universal,at_peace,29,0.182,positive,True
j_0006505,u_02630,2025-11-11 16:53:00,good,gratitude,light_islamic,questioning,55,0.32,positive,True
j_0006506,u_02630,2025-11-12 10:45:00,neutral,faith,universal,at_peace,197,0.046,neutral,True
j_0006507,u_02630,2025-11-13 10:34:00,good,confidence,light_islamic,at_peace,35,0.166,positive,True
j_0006508,u_02630,2025-11-14 07:45:00,good,work,light_islamic,distant,45,0.157,positive,True
j_0006509,u_02630,2025-11-25 18:02:00,neutral,habits,universal,questioning,129,0.204,positive,True
j_0006510,u_02630,2025-11-30 07:28:00,good,habits,light_islamic,questioning,64,0.274,positive,True
j_0006511,u_02632,2025-10-01 10:06:00,neutral,burnout,deeper_faith,,45,0.164,positive,True
j_0006512,u_02632,2025-10-03 14:34:00,neutral,relationships,universal,,40,-0.452,negative,True
j_0006513,u_02632,2025-10-05 16:34:00,good,faith,universal,questioning,22,-0.04,neutral,True
j_0006514,u_02632,2025-10-08 11:17:00,good,faith,universal,at_peace,108,-0.047,neutral,True
j_0006515,u_02632,2025-10-09 10:41:00,good,confidence,universal,at_peace,26,0.451,positive,True
j_0006516,u_02632,2025-10-10 15:41:00,low,confidence,light_islamic,at_peace,24,-0.555,negative,True
j_0006517,u_02632,2025-10-16 08:18:00,very_low,burnout,universal,at_peace,75,-1.0,negative,True
j_0006518,u_02632,2025-10-25 15:23:00,low,work,universal,at_peace,92,-0.256,negative,True
j_0006519,u_02634,2025-06-17 13:59:00,good,anxiety,light_islamic,,59,0.224,positive,True
j_0006520,u_02634,2025-06-19 12:36:00,grateful,confidence,light_islamic,,138,0.644,positive,True
j_0006521,u_02634,2025-06-20 15:45:00,good,anxiety,universal,,62,0.09,neutral,True
j_0006522,u_02634,2025-06-28 19:52:00,good,self,universal,distant,221,0.611,positive,True
j_0006523,u_02634,2025-06-29 07:53:00,good,faith,light_islamic,distant,45,-0.207,negative,True
j_0006524,u_02634,2025-07-11 13:16:00,good,gratitude,deeper_faith,questioning,268,0.087,neutral,True
j_0006525,u_02637,2025-05-04 13:50:00,low,purpose,universal,distant,42,-0.637,negative,True
j_0006526,u_02637,2025-05-05 19:56:00,neutral,confidence,universal,at_peace,39,0.037,neutral,True
j_0006527,u_02637,2025-05-13 07:49:00,grateful,work,light_islamic,questioning,36,0.689,positive,True
j_0006528,u_02637,2025-05-14 15:01:00,low,self,universal,at_peace,169,-0.647,negative,True
j_0006529,u_02637,2025-05-15 20:33:00,good,relationships,deeper_faith,at_peace,30,0.334,positive,True
j_0006530,u_02639,2025-01-28 21:08:00,neutral,burnout,universal,,156,-0.003,neutral,True
j_0006531,u_02639,2025-01-29 11:53:00,grateful,gratitude,universal,,72,0.337,positive,True
j_0006532,u_02639,2025-01-30 14:56:00,good,relationships,universal,,83,0.145,neutral,True
j_0006533,u_02639,2025-02-04 18:39:00,very_low,gratitude,deeper_faith,questioning,198,-0.435,negative,True
j_0006534,u_02639,2025-02-12 14:11:00,good,habits,universal,at_peace,67,-0.047,neutral,True
j_0006535,u_02639,2025-02-23 10:39:00,good,burnout,universal,at_peace,35,0.212,positive,True
j_0006536,u_02640,2025-01-16 07:22:00,neutral,anxiety,deeper_faith,,49,0.015,neutral,True
j_0006537,u_02640,2025-01-17 12:11:00,grateful,gratitude,deeper_faith,,137,0.717,positive,True
j_0006538,u_02640,2025-01-25 14:05:00,good,purpose,universal,distant,93,0.496,positive,True
j_0006539,u_02641,2025-01-20 09:24:00,good,purpose,universal,at_peace,112,-0.029,neutral,True
j_0006540,u_02641,2025-01-22 10:03:00,low,habits,universal,at_peace,63,-0.184,negative,True
j_0006541,u_02641,2025-01-31 12:57:00,grateful,purpose,universal,at_peace,156,0.405,positive,True
j_0006542,u_02641,2025-02-05 14:05:00,neutral,burnout,universal,at_peace,104,0.155,positive,True
j_0006543,u_02641,2025-02-06 07:53:00,good,habits,light_islamic,at_peace,25,0.642,positive,True
j_0006544,u_02642,2025-10-08 15:58:00,good,confidence,universal,,25,0.608,positive,True
j_0006545,u_02642,2025-10-12 10:29:00,good,burnout,universal,at_peace,73,0.144,neutral,True
j_0006546,u_02642,2025-10-27 10:44:00,good,burnout,light_islamic,at_peace,26,-0.251,negative,True
j_0006547,u_02643,2025-11-24 20:53:00,grateful,relationships,universal,,311,0.394,positive,True
j_0006548,u_02643,2025-11-26 10:01:00,good,burnout,light_islamic,,96,0.067,neutral,True
j_0006549,u_02643,2025-12-02 10:00:00,good,faith,light_islamic,at_peace,48,0.453,positive,True
j_0006550,u_02643,2025-12-06 20:19:00,good,relationships,light_islamic,distant,31,-0.113,neutral,True
j_0006551,u_02643,2025-12-09 19:36:00,neutral,confidence,universal,questioning,81,0.276,positive,True
j_0006552,u_02643,2025-12-10 18:26:00,very_low,habits,light_islamic,questioning,42,-0.197,negative,True
j_0006553,u_02644,2025-09-11 19:12:00,good,relationships,universal,,111,0.415,positive,True
j_0006554,u_02644,2025-09-15 12:15:00,very_low,habits,universal,at_peace,26,-0.383,negative,True
j_0006555,u_02644,2025-09-16 11:20:00,neutral,gratitude,deeper_faith,at_peace,33,0.092,neutral,True
j_0006556,u_02644,2025-09-22 14:44:00,good,anxiety,universal,at_peace,54,-0.332,negative,True
j_0006557,u_02644,2025-09-24 21:12:00,good,relationships,universal,questioning,68,0.145,neutral,True
j_0006558,u_02644,2025-09-26 09:42:00,low,confidence,deeper_faith,at_peace,243,-0.624,negative,True
j_0006559,u_02649,2025-04-16 15:45:00,good,faith,universal,,291,0.012,neutral,True
j_0006560,u_02649,2025-04-25 11:45:00,good,faith,universal,distant,36,0.193,positive,True
j_0006561,u_02649,2025-05-08 15:56:00,good,self,light_islamic,at_peace,45,0.041,neutral,True
j_0006562,u_02653,2025-04-08 11:44:00,neutral,faith,universal,,110,0.121,neutral,True
j_0006563,u_02653,2025-04-17 18:16:00,neutral,relationships,universal,questioning,28,-0.308,negative,True
j_0006564,u_02653,2025-04-20 12:41:00,neutral,gratitude,universal,questioning,138,-0.656,negative,True
j_0006565,u_02653,2025-04-25 19:14:00,grateful,burnout,light_islamic,at_peace,143,0.515,positive,True
j_0006566,u_02654,2025-03-31 21:36:00,good,confidence,light_islamic,,53,0.383,positive,True
j_0006567,u_02654,2025-04-06 19:34:00,very_low,self,universal,hurting,15,-0.157,negative,True
j_0006568,u_02654,2025-04-07 18:19:00,good,work,universal,questioning,233,0.394,positive,True
j_0006569,u_02654,2025-04-10 18:56:00,low,confidence,deeper_faith,hurting,57,-0.066,neutral,True
j_0006570,u_02654,2025-04-11 20:38:00,low,burnout,deeper_faith,at_peace,62,-0.274,negative,True
j_0006571,u_02654,2025-04-13 14:12:00,good,anxiety,universal,at_peace,120,0.299,positive,True
j_0006572,u_02654,2025-04-22 21:09:00,good,relationships,light_islamic,at_peace,64,0.064,neutral,True
j_0006573,u_02656,2025-09-21 17:48:00,low,relationships,universal,,45,-0.499,negative,True
j_0006574,u_02656,2025-09-25 10:41:00,good,gratitude,universal,distant,45,0.469,positive,True
j_0006575,u_02656,2025-09-28 12:52:00,good,confidence,universal,at_peace,122,0.38,positive,True
j_0006576,u_02656,2025-10-02 19:25:00,good,gratitude,light_islamic,questioning,86,0.582,positive,True
j_0006577,u_02656,2025-10-05 12:25:00,good,relationships,light_islamic,questioning,164,0.505,positive,True
j_0006578,u_02656,2025-10-15 16:53:00,neutral,gratitude,universal,at_peace,26,0.254,positive,True
j_0006579,u_02657,2025-05-13 14:18:00,very_low,gratitude,light_islamic,,28,-0.725,negative,True
j_0006580,u_02657,2025-05-14 15:22:00,neutral,relationships,universal,,32,0.24,positive,True
j_0006581,u_02657,2025-05-15 20:23:00,good,anxiety,light_islamic,,31,0.139,neutral,True
j_0006582,u_02657,2025-05-19 12:46:00,good,work,universal,at_peace,49,0.471,positive,True
j_0006583,u_02657,2025-05-21 20:50:00,good,anxiety,light_islamic,hurting,76,0.033,neutral,True
j_0006584,u_02657,2025-05-24 15:04:00,low,faith,universal,at_peace,111,-0.012,neutral,True
j_0006585,u_02657,2025-05-26 21:22:00,low,purpose,light_islamic,distant,25,-0.034,neutral,True
j_0006586,u_02657,2025-06-01 20:29:00,low,self,light_islamic,questioning,46,-0.429,negative,True
j_0006587,u_02658,2025-10-31 17:59:00,grateful,anxiety,deeper_faith,,149,0.171,positive,True
j_0006588,u_02658,2025-11-03 11:49:00,neutral,purpose,light_islamic,,61,-0.009,neutral,True
j_0006589,u_02658,2025-11-04 08:38:00,neutral,self,light_islamic,at_peace,39,0.082,neutral,True
j_0006590,u_02658,2025-11-09 20:12:00,low,relationships,universal,questioning,74,-0.275,negative,True
j_0006591,u_02658,2025-11-11 16:50:00,neutral,relationships,light_islamic,hurting,29,0.135,neutral,True
j_0006592,u_02658,2025-11-16 20:38:00,neutral,burnout,universal,hurting,71,-0.189,negative,True
j_0006593,u_02658,2025-11-20 08:46:00,good,work,universal,at_peace,78,0.507,positive,True
j_0006594,u_02658,2025-11-21 13:13:00,neutral,faith,universal,at_peace,125,-0.103,neutral,True
j_0006595,u_02658,2025-11-25 07:23:00,good,purpose,universal,questioning,87,0.375,positive,True
j_0006596,u_02658,2025-11-29 07:38:00,neutral,burnout,universal,questioning,93,0.075,neutral,True
j_0006597,u_02660,2025-12-02 17:15:00,good,relationships,light_islamic,,92,0.391,positive,True
j_0006598,u_02660,2025-12-03 14:28:00,very_low,purpose,universal,,70,-0.619,negative,True
j_0006599,u_02660,2025-12-04 18:59:00,good,confidence,light_islamic,,49,0.481,positive,True
j_0006600,u_02660,2025-12-09 17:00:00,neutral,relationships,universal,distant,46,-0.055,neutral,True
j_0006601,u_02660,2025-12-22 10:18:00,grateful,relationships,light_islamic,distant,93,0.904,positive,True
j_0006602,u_02660,2025-12-28 14:11:00,low,relationships,deeper_faith,at_peace,62,0.328,positive,True
j_0006603,u_02662,2025-02-28 07:11:00,low,faith,deeper_faith,,32,-0.053,neutral,True
j_0006604,u_02662,2025-03-03 16:57:00,good,purpose,universal,,44,-0.01,neutral,True
j_0006605,u_02662,2025-03-13 12:51:00,good,habits,universal,at_peace,57,0.311,positive,True
j_0006606,u_02662,2025-03-14 19:06:00,grateful,habits,universal,hurting,92,0.49,positive,True
j_0006607,u_02662,2025-03-15 18:10:00,good,work,light_islamic,questioning,107,-0.19,negative,True
j_0006608,u_02662,2025-03-18 21:03:00,good,purpose,light_islamic,at_peace,36,0.502,positive,True
j_0006609,u_02662,2025-03-21 18:30:00,neutral,relationships,universal,at_peace,72,-0.064,neutral,True
j_0006610,u_02664,2025-01-30 14:11:00,low,relationships,light_islamic,,52,-0.193,negative,True
j_0006611,u_02664,2025-02-08 11:51:00,good,habits,universal,at_peace,95,0.328,positive,True
j_0006612,u_02664,2025-02-14 12:33:00,good,purpose,universal,distant,45,0.107,neutral,True
j_0006613,u_02664,2025-02-15 16:04:00,good,purpose,universal,at_peace,89,0.162,positive,True
j_0006614,u_02664,2025-02-22 16:46:00,neutral,habits,light_islamic,hurting,45,0.093,neutral,True
j_0006615,u_02664,2025-02-27 07:12:00,good,self,light_islamic,at_peace,344,0.409,positive,True
j_0006616,u_02665,2025-01-02 17:51:00,neutral,burnout,light_islamic,,46,0.106,neutral,True
j_0006617,u_02665,2025-01-03 10:00:00,grateful,habits,light_islamic,,33,0.473,positive,True
j_0006618,u_02665,2025-01-06 09:20:00,neutral,confidence,light_islamic,distant,108,-0.121,neutral,True
j_0006619,u_02665,2025-01-14 16:11:00,neutral,self,light_islamic,at_peace,82,-0.13,neutral,True
j_0006620,u_02665,2025-01-18 10:12:00,low,habits,light_islamic,at_peace,46,-0.185,negative,True
j_0006621,u_02665,2025-01-25 09:41:00,good,work,deeper_faith,distant,37,-0.263,negative,True
j_0006622,u_02665,2025-01-26 12:39:00,neutral,anxiety,universal,hurting,29,0.31,positive,True
j_0006623,u_02669,2025-05-13 14:30:00,good,relationships,light_islamic,,40,0.262,positive,True
j_0006624,u_02669,2025-05-26 10:22:00,grateful,relationships,deeper_faith,at_peace,37,0.39,positive,True
j_0006625,u_02669,2025-06-03 09:34:00,neutral,burnout,light_islamic,at_peace,25,0.335,positive,True
j_0006626,u_02669,2025-06-12 21:54:00,grateful,gratitude,light_islamic,questioning,153,0.249,positive,True
j_0006627,u_02673,2025-11-06 20:43:00,good,self,universal,distant,50,0.357,positive,True
j_0006628,u_02673,2025-11-09 13:15:00,grateful,burnout,light_islamic,at_peace,60,0.145,neutral,True
j_0006629,u_02673,2025-11-10 17:36:00,low,anxiety,light_islamic,questioning,23,-0.354,negative,True
j_0006630,u_02673,2025-11-25 13:58:00,low,purpose,light_islamic,at_peace,27,-0.405,negative,True
j_0006631,u_02674,2025-10-31 08:05:00,neutral,purpose,universal,,78,0.1,neutral,True
j_0006632,u_02674,2025-11-01 13:22:00,good,anxiety,deeper_faith,,37,0.351,positive,True
j_0006633,u_02674,2025-11-02 19:39:00,low,gratitude,light_islamic,,24,-0.419,negative,True
j_0006634,u_02674,2025-11-04 13:56:00,good,self,universal,at_peace,45,0.574,positive,True
j_0006635,u_02674,2025-11-06 15:52:00,neutral,relationships,deeper_faith,hurting,120,0.268,positive,True
j_0006636,u_02674,2025-11-09 08:21:00,neutral,burnout,universal,hurting,43,0.094,neutral,True
j_0006637,u_02674,2025-11-10 08:19:00,good,burnout,universal,at_peace,43,0.179,positive,True
j_0006638,u_02674,2025-11-11 07:35:00,good,relationships,deeper_faith,distant,196,0.224,positive,True
j_0006639,u_02674,2025-11-16 11:03:00,neutral,anxiety,light_islamic,at_peace,64,-0.241,negative,True
j_0006640,u_02674,2025-11-18 18:52:00,neutral,burnout,universal,questioning,79,-0.248,negative,True
j_0006641,u_02675,2025-11-13 20:37:00,neutral,relationships,light_islamic,at_peace,345,-0.409,negative,True
j_0006642,u_02675,2025-11-14 15:49:00,good,relationships,light_islamic,at_peace,28,0.342,positive,True
j_0006643,u_02675,2025-11-17 10:43:00,good,work,light_islamic,questioning,13,0.807,positive,True
j_0006644,u_02675,2025-11-30 17:42:00,good,habits,universal,at_peace,210,0.176,positive,True
j_0006645,u_02676,2025-05-01 16:12:00,neutral,burnout,light_islamic,,83,-0.066,neutral,True
j_0006646,u_02676,2025-05-06 12:21:00,good,self,universal,at_peace,56,0.565,positive,True
j_0006647,u_02676,2025-05-08 19:54:00,low,faith,universal,at_peace,54,0.149,neutral,True
j_0006648,u_02676,2025-05-09 17:36:00,good,habits,light_islamic,at_peace,326,0.269,positive,True
j_0006649,u_02681,2025-04-01 07:46:00,neutral,self,deeper_faith,,71,0.583,positive,True
j_0006650,u_02681,2025-04-06 11:30:00,good,anxiety,deeper_faith,questioning,131,0.286,positive,True
j_0006651,u_02681,2025-04-11 13:05:00,grateful,faith,universal,at_peace,119,0.515,positive,True
j_0006652,u_02681,2025-04-18 13:22:00,neutral,faith,universal,distant,103,0.217,positive,True
j_0006653,u_02682,2025-04-13 19:45:00,neutral,relationships,universal,,48,0.214,positive,True
j_0006654,u_02682,2025-04-14 16:53:00,good,habits,universal,,129,0.218,positive,True
j_0006655,u_02682,2025-04-20 12:49:00,low,work,light_islamic,at_peace,103,-0.199,negative,True
j_0006656,u_02682,2025-05-05 16:36:00,grateful,confidence,universal,at_peace,57,0.383,positive,True
j_0006657,u_02682,2025-05-08 15:00:00,good,purpose,light_islamic,questioning,64,0.455,positive,True
j_0006658,u_02683,2025-09-27 19:07:00,very_low,burnout,light_islamic,,22,-0.674,negative,True
j_0006659,u_02683,2025-09-28 17:19:00,good,anxiety,light_islamic,,50,0.121,neutral,True
j_0006660,u_02683,2025-10-01 09:18:00,grateful,relationships,universal,questioning,89,0.349,positive,True
j_0006661,u_02683,2025-10-02 10:04:00,neutral,habits,deeper_faith,at_peace,38,0.126,neutral,True
j_0006662,u_02683,2025-10-03 08:38:00,very_low,gratitude,light_islamic,at_peace,78,-0.669,negative,True
j_0006663,u_02683,2025-10-16 15:48:00,good,anxiety,universal,hurting,77,0.772,positive,True
j_0006664,u_02683,2025-10-25 12:32:00,neutral,faith,deeper_faith,questioning,23,0.061,neutral,True
j_0006665,u_02684,2025-11-08 19:26:00,very_low,anxiety,light_islamic,,180,-0.652,negative,True
j_0006666,u_02684,2025-11-15 08:10:00,good,gratitude,universal,at_peace,200,0.19,positive,True
j_0006667,u_02684,2025-11-16 11:14:00,low,anxiety,light_islamic,at_peace,46,-0.501,negative,True
j_0006668,u_02684,2025-11-19 20:01:00,grateful,work,light_islamic,questioning,75,0.355,positive,True
j_0006669,u_02684,2025-11-20 21:36:00,neutral,relationships,deeper_faith,at_peace,60,-0.46,negative,True
j_0006670,u_02684,2025-11-28 08:35:00,neutral,work,universal,hurting,85,0.039,neutral,True
j_0006671,u_02684,2025-11-30 21:57:00,neutral,habits,universal,hurting,65,-0.057,neutral,True
j_0006672,u_02684,2025-12-04 08:00:00,grateful,confidence,universal,at_peace,47,0.765,positive,True
j_0006673,u_02684,2025-12-06 12:37:00,good,relationships,light_islamic,questioning,47,0.347,positive,True
j_0006674,u_02685,2025-05-11 16:13:00,good,burnout,light_islamic,,99,-0.037,neutral,True
j_0006675,u_02685,2025-05-14 14:10:00,low,gratitude,universal,,65,-0.566,negative,True
j_0006676,u_02685,2025-05-17 17:58:00,grateful,work,light_islamic,at_peace,40,0.083,neutral,True
j_0006677,u_02685,2025-05-18 09:11:00,low,gratitude,light_islamic,at_peace,142,-0.04,neutral,True
j_0006678,u_02685,2025-05-27 21:13:00,neutral,confidence,light_islamic,at_peace,118,-0.114,neutral,True
j_0006679,u_02686,2025-06-06 14:25:00,good,confidence,universal,,116,0.057,neutral,True
j_0006680,u_02686,2025-06-10 12:58:00,grateful,anxiety,light_islamic,at_peace,37,0.163,positive,True
j_0006681,u_02686,2025-06-15 12:24:00,neutral,burnout,universal,at_peace,49,-0.036,neutral,True
j_0006682,u_02686,2025-06-17 22:00:00,low,burnout,light_islamic,at_peace,56,-0.548,negative,True
j_0006683,u_02686,2025-06-18 11:05:00,good,burnout,light_islamic,at_peace,30,0.119,neutral,True
j_0006684,u_02687,2025-02-03 07:54:00,neutral,relationships,universal,,60,0.049,neutral,True
j_0006685,u_02687,2025-02-09 13:25:00,low,burnout,universal,questioning,36,-0.352,negative,True
j_0006686,u_02687,2025-02-11 13:11:00,good,gratitude,universal,at_peace,109,0.389,positive,True
j_0006687,u_02687,2025-02-23 10:16:00,grateful,gratitude,light_islamic,at_peace,28,0.603,positive,True
j_0006688,u_02687,2025-02-26 14:44:00,low,confidence,universal,at_peace,24,0.143,neutral,True
j_0006689,u_02689,2025-08-04 08:32:00,neutral,self,universal,,132,0.236,positive,True
j_0006690,u_02689,2025-08-16 16:14:00,good,anxiety,deeper_faith,at_peace,33,0.277,positive,True
j_0006691,u_02689,2025-08-27 14:47:00,neutral,anxiety,light_islamic,hurting,24,-0.002,neutral,True
j_0006692,u_02690,2025-05-20 08:46:00,good,purpose,universal,at_peace,32,0.076,neutral,True
j_0006693,u_02690,2025-05-26 21:21:00,very_low,purpose,light_islamic,questioning,60,-0.512,negative,True
j_0006694,u_02691,2025-12-07 14:43:00,grateful,habits,light_islamic,,135,0.6,positive,True
j_0006695,u_02691,2025-12-08 16:53:00,neutral,anxiety,universal,,61,-0.021,neutral,True
j_0006696,u_02691,2025-12-17 13:23:00,low,work,light_islamic,at_peace,64,-0.326,negative,True
j_0006697,u_02691,2025-12-25 09:30:00,grateful,habits,universal,distant,135,0.463,positive,True
j_0006698,u_02693,2025-02-22 16:36:00,grateful,work,universal,,50,-0.062,neutral,True
j_0006699,u_02693,2025-03-03 17:22:00,good,habits,universal,at_peace,44,0.12,neutral,True
j_0006700,u_02693,2025-03-07 08:32:00,neutral,faith,universal,at_peace,182,0.082,neutral,True
j_0006701,u_02694,2025-01-22 21:22:00,good,burnout,universal,,52,0.28,positive,True
j_0006702,u_02694,2025-01-24 18:51:00,low,habits,universal,,103,-0.242,negative,True
j_0006703,u_02694,2025-02-04 14:52:00,good,purpose,deeper_faith,distant,94,0.789,positive,True
j_0006704,u_02694,2025-02-06 19:10:00,low,anxiety,universal,hurting,85,-0.314,negative,True
j_0006705,u_02694,2025-02-16 10:01:00,neutral,purpose,universal,at_peace,36,0.353,positive,True
j_0006706,u_02698,2025-02-02 16:44:00,neutral,confidence,universal,,79,-0.381,negative,True
j_0006707,u_02698,2025-02-09 17:32:00,good,anxiety,universal,at_peace,103,0.089,neutral,True
j_0006708,u_02699,2025-09-05 19:12:00,neutral,gratitude,light_islamic,,147,-0.29,negative,True
j_0006709,u_02699,2025-09-06 19:52:00,good,relationships,light_islamic,,45,-0.14,neutral,True
j_0006710,u_02699,2025-09-14 12:21:00,good,gratitude,light_islamic,distant,115,0.601,positive,True
j_0006711,u_02699,2025-09-15 14:38:00,neutral,faith,deeper_faith,at_peace,88,-0.131,neutral,True
j_0006712,u_02699,2025-09-16 16:56:00,grateful,confidence,universal,distant,53,0.559,positive,True
j_0006713,u_02699,2025-09-17 08:38:00,neutral,habits,deeper_faith,at_peace,107,0.045,neutral,True
j_0006714,u_02699,2025-09-23 21:14:00,low,habits,universal,at_peace,61,-0.227,negative,True
j_0006715,u_02699,2025-10-01 18:07:00,neutral,burnout,universal,distant,69,0.337,positive,True
j_0006716,u_02701,2025-07-04 12:35:00,good,faith,universal,,56,-0.046,neutral,True
j_0006717,u_02701,2025-07-30 17:26:00,low,habits,light_islamic,at_peace,53,-0.218,negative,True
j_0006718,u_02704,2025-08-15 08:35:00,good,burnout,deeper_faith,,20,0.23,positive,True
j_0006719,u_02704,2025-08-16 11:20:00,very_low,gratitude,light_islamic,,58,-0.56,negative,True
j_0006720,u_02704,2025-08-20 18:49:00,low,gratitude,light_islamic,at_peace,53,-0.053,neutral,True
j_0006721,u_02704,2025-08-21 20:32:00,good,work,universal,at_peace,50,0.507,positive,True
j_0006722,u_02704,2025-08-23 10:27:00,grateful,confidence,universal,hurting,190,0.295,positive,True
j_0006723,u_02704,2025-08-25 21:59:00,grateful,habits,light_islamic,hurting,70,0.559,positive,True
j_0006724,u_02704,2025-08-27 16:39:00,good,habits,universal,questioning,121,0.121,neutral,True
j_0006725,u_02704,2025-09-02 10:37:00,grateful,relationships,light_islamic,at_peace,22,0.451,positive,True
j_0006726,u_02704,2025-09-04 09:13:00,neutral,habits,light_islamic,questioning,15,-0.306,negative,True
j_0006727,u_02704,2025-09-12 14:16:00,low,relationships,deeper_faith,questioning,144,-0.46,negative,True
j_0006728,u_02707,2025-10-11 12:30:00,neutral,faith,universal,,25,-0.007,neutral,True
j_0006729,u_02707,2025-10-15 21:22:00,neutral,work,light_islamic,at_peace,35,0.165,positive,True
j_0006730,u_02707,2025-10-17 14:17:00,low,anxiety,light_islamic,distant,107,-0.093,neutral,True
j_0006731,u_02707,2025-10-24 19:52:00,grateful,habits,light_islamic,at_peace,97,0.482,positive,True
j_0006732,u_02707,2025-11-09 20:37:00,grateful,relationships,deeper_faith,distant,58,0.908,positive,True
j_0006733,u_02709,2025-08-13 17:53:00,good,habits,universal,questioning,59,0.203,positive,True
j_0006734,u_02709,2025-08-18 08:31:00,low,gratitude,light_islamic,questioning,14,0.001,neutral,True
j_0006735,u_02709,2025-08-19 11:08:00,good,work,light_islamic,at_peace,72,0.474,positive,True
j_0006736,u_02709,2025-08-25 19:30:00,grateful,self,light_islamic,at_peace,233,0.581,positive,True
j_0006737,u_02710,2025-12-04 10:23:00,grateful,confidence,light_islamic,,96,0.63,positive,True
j_0006738,u_02710,2025-12-16 09:09:00,low,anxiety,deeper_faith,at_peace,79,-0.1,neutral,True
j_0006739,u_02710,2025-12-20 11:58:00,grateful,habits,deeper_faith,at_peace,82,0.061,neutral,True
j_0006740,u_02712,2025-07-27 16:04:00,good,self,light_islamic,,41,0.404,positive,True
j_0006741,u_02712,2025-07-31 11:34:00,grateful,purpose,deeper_faith,at_peace,27,0.587,positive,True
j_0006742,u_02712,2025-08-03 16:20:00,good,relationships,light_islamic,hurting,82,0.363,positive,True
j_0006743,u_02712,2025-08-08 14:46:00,grateful,work,light_islamic,at_peace,61,0.402,positive,True
j_0006744,u_02716,2025-11-26 13:41:00,good,purpose,deeper_faith,,27,0.089,neutral,True
j_0006745,u_02716,2025-11-28 20:16:00,very_low,burnout,deeper_faith,,129,-0.54,negative,True
j_0006746,u_02716,2025-11-29 14:33:00,good,burnout,universal,,60,0.195,positive,True
j_0006747,u_02716,2025-12-01 16:27:00,good,purpose,universal,questioning,137,0.369,positive,True
j_0006748,u_02716,2025-12-03 11:39:00,grateful,purpose,light_islamic,at_peace,112,0.268,positive,True
j_0006749,u_02716,2025-12-04 10:28:00,good,anxiety,light_islamic,distant,96,0.34,positive,True
j_0006750,u_02716,2025-12-11 11:40:00,neutral,habits,universal,at_peace,81,-0.103,neutral,True
j_0006751,u_02716,2025-12-21 07:21:00,neutral,self,universal,distant,28,0.098,neutral,True
j_0006752,u_02717,2025-06-30 14:05:00,neutral,faith,universal,,111,-0.228,negative,True
j_0006753,u_02717,2025-07-02 18:19:00,good,work,light_islamic,,29,0.466,positive,True
j_0006754,u_02717,2025-07-19 22:02:00,good,habits,light_islamic,at_peace,32,0.405,positive,True
j_0006755,u_02717,2025-07-21 10:40:00,good,purpose,light_islamic,questioning,428,0.501,positive,True
j_0006756,u_02718,2025-05-21 14:22:00,grateful,anxiety,deeper_faith,,140,0.399,positive,True
j_0006757,u_02718,2025-06-03 21:40:00,grateful,anxiety,deeper_faith,distant,103,0.689,positive,True
j_0006758,u_02718,2025-06-14 18:16:00,very_low,relationships,deeper_faith,questioning,48,-0.408,negative,True
j_0006759,u_02720,2025-02-17 09:35:00,neutral,burnout,universal,,59,-0.063,neutral,True
j_0006760,u_02720,2025-02-20 20:48:00,good,confidence,universal,,116,0.262,positive,True
j_0006761,u_02720,2025-02-23 20:26:00,good,burnout,light_islamic,at_peace,23,0.008,neutral,True
j_0006762,u_02720,2025-03-18 17:35:00,low,habits,light_islamic,hurting,238,-0.075,neutral,True
j_0006763,u_02721,2025-09-06 11:24:00,very_low,gratitude,universal,,102,-0.987,negative,True
j_0006764,u_02721,2025-09-08 10:21:00,grateful,relationships,universal,,123,0.575,positive,True
j_0006765,u_02721,2025-09-11 14:06:00,good,anxiety,universal,hurting,136,0.347,positive,True
j_0006766,u_02721,2025-09-12 07:20:00,very_low,anxiety,universal,at_peace,37,-0.872,negative,True
j_0006767,u_02721,2025-09-20 16:10:00,good,burnout,deeper_faith,at_peace,86,0.286,positive,True
j_0006768,u_02724,2025-11-13 19:34:00,neutral,gratitude,deeper_faith,,62,-0.062,neutral,True
j_0006769,u_02724,2025-11-18 09:36:00,neutral,habits,light_islamic,at_peace,85,-0.165,negative,True
j_0006770,u_02724,2025-11-24 19:48:00,grateful,relationships,light_islamic,distant,134,0.417,positive,True
j_0006771,u_02724,2025-12-09 08:55:00,good,confidence,universal,at_peace,100,0.386,positive,True
j_0006772,u_02724,2025-12-10 12:57:00,good,confidence,deeper_faith,at_peace,164,0.428,positive,True
j_0006773,u_02725,2025-10-12 18:34:00,neutral,gratitude,light_islamic,,47,-0.014,neutral,True
j_0006774,u_02725,2025-10-13 11:13:00,good,gratitude,universal,,35,0.397,positive,True
j_0006775,u_02725,2025-10-21 11:23:00,low,self,light_islamic,distant,38,0.052,neutral,True
j_0006776,u_02725,2025-10-30 09:42:00,neutral,work,universal,questioning,46,0.392,positive,True
j_0006777,u_02725,2025-11-08 08:42:00,neutral,anxiety,light_islamic,hurting,71,-0.363,negative,True
j_0006778,u_02726,2025-04-16 16:57:00,grateful,habits,light_islamic,,68,0.807,positive,True
j_0006779,u_02726,2025-04-24 18:25:00,neutral,habits,light_islamic,questioning,56,-0.04,neutral,True
j_0006780,u_02726,2025-04-29 18:46:00,low,self,light_islamic,at_peace,269,-0.863,negative,True
j_0006781,u_02726,2025-05-10 21:11:00,neutral,self,universal,distant,24,-0.137,neutral,True
j_0006782,u_02728,2025-07-24 08:51:00,grateful,habits,universal,,52,1.0,positive,True
j_0006783,u_02728,2025-07-25 10:50:00,neutral,purpose,light_islamic,,38,0.364,positive,True
j_0006784,u_02728,2025-08-11 16:32:00,neutral,gratitude,universal,at_peace,222,-0.303,negative,True
j_0006785,u_02728,2025-08-19 20:53:00,good,burnout,deeper_faith,distant,62,0.419,positive,True
j_0006786,u_02729,2025-11-21 09:21:00,good,gratitude,universal,,64,0.477,positive,True
j_0006787,u_02729,2025-11-22 19:23:00,good,self,universal,,91,0.158,positive,True
j_0006788,u_02729,2025-11-23 19:22:00,grateful,habits,universal,,64,0.353,positive,True
j_0006789,u_02729,2025-11-28 12:19:00,neutral,habits,light_islamic,questioning,136,0.253,positive,True
j_0006790,u_02729,2025-11-30 15:20:00,good,work,universal,questioning,38,-0.301,negative,True
j_0006791,u_02729,2025-12-01 11:58:00,neutral,self,deeper_faith,questioning,64,-0.137,neutral,True
j_0006792,u_02729,2025-12-02 12:06:00,low,burnout,universal,at_peace,70,-0.199,negative,True
j_0006793,u_02729,2025-12-07 09:03:00,neutral,work,universal,distant,81,0.107,neutral,True
j_0006794,u_02729,2025-12-14 08:32:00,good,work,deeper_faith,questioning,195,0.287,positive,True
j_0006795,u_02732,2025-09-06 11:05:00,low,gratitude,light_islamic,,41,-0.186,negative,True
j_0006796,u_02732,2025-09-11 15:39:00,neutral,burnout,light_islamic,at_peace,72,0.246,positive,True
j_0006797,u_02732,2025-09-15 12:46:00,grateful,self,light_islamic,at_peace,50,0.872,positive,True
j_0006798,u_02732,2025-09-19 11:24:00,good,habits,universal,questioning,260,0.111,neutral,True
j_0006799,u_02732,2025-09-24 11:42:00,neutral,self,light_islamic,distant,50,0.152,positive,True
j_0006800,u_02732,2025-09-27 17:08:00,good,work,universal,at_peace,188,0.236,positive,True
j_0006801,u_02732,2025-09-29 21:26:00,neutral,work,light_islamic,distant,34,0.576,positive,True
j_0006802,u_02733,2025-07-30 14:42:00,good,self,universal,,83,0.545,positive,True
j_0006803,u_02733,2025-07-31 20:11:00,good,relationships,deeper_faith,,127,0.303,positive,True
j_0006804,u_02733,2025-08-03 19:14:00,grateful,anxiety,universal,questioning,126,0.597,positive,True
j_0006805,u_02733,2025-08-06 08:08:00,good,self,light_islamic,at_peace,34,-0.262,negative,True
j_0006806,u_02733,2025-08-09 09:03:00,neutral,work,deeper_faith,distant,157,-0.002,neutral,True
j_0006807,u_02733,2025-08-18 12:00:00,neutral,work,universal,questioning,32,0.15,neutral,True
j_0006808,u_02733,2025-08-21 12:23:00,good,faith,universal,distant,37,0.484,positive,True
j_0006809,u_02733,2025-08-26 13:23:00,good,confidence,light_islamic,at_peace,141,0.323,positive,True
j_0006810,u_02733,2025-08-29 14:54:00,good,purpose,deeper_faith,at_peace,37,0.466,positive,True
j_0006811,u_02736,2025-01-03 08:15:00,good,relationships,light_islamic,,21,0.448,positive,True
j_0006812,u_02736,2025-01-07 10:21:00,very_low,burnout,universal,distant,98,-0.527,negative,True
j_0006813,u_02736,2025-01-11 11:22:00,neutral,work,universal,distant,98,-0.184,negative,True
j_0006814,u_02736,2025-01-12 19:44:00,very_low,anxiety,universal,questioning,82,-0.508,negative,True
j_0006815,u_02736,2025-01-15 18:58:00,good,burnout,universal,at_peace,37,-0.077,neutral,True
j_0006816,u_02736,2025-01-18 10:44:00,neutral,work,light_islamic,at_peace,43,0.003,neutral,True
j_0006817,u_02736,2025-01-20 11:22:00,grateful,burnout,universal,at_peace,138,0.562,positive,True
j_0006818,u_02736,2025-01-22 15:36:00,good,anxiety,deeper_faith,distant,47,0.065,neutral,True
j_0006819,u_02738,2025-04-06 21:09:00,low,anxiety,light_islamic,,51,-0.626,negative,True
j_0006820,u_02738,2025-04-07 17:58:00,very_low,anxiety,deeper_faith,,125,-0.283,negative,True
j_0006821,u_02738,2025-04-08 10:35:00,neutral,work,light_islamic,,42,-0.231,negative,True
j_0006822,u_02738,2025-04-20 09:09:00,good,gratitude,universal,at_peace,50,0.445,positive,True
j_0006823,u_02738,2025-04-21 18:31:00,very_low,anxiety,universal,distant,42,-0.418,negative,True
j_0006824,u_02738,2025-05-05 19:20:00,very_low,purpose,light_islamic,at_peace,193,-0.624,negative,True
j_0006825,u_02742,2025-02-05 21:43:00,low,purpose,universal,,94,-0.616,negative,True
j_0006826,u_02742,2025-02-06 09:24:00,good,relationships,universal,,52,0.092,neutral,True
j_0006827,u_02742,2025-02-14 19:48:00,good,work,light_islamic,hurting,27,0.365,positive,True
j_0006828,u_02742,2025-02-16 11:37:00,good,purpose,universal,distant,85,0.289,positive,True
j_0006829,u_02742,2025-02-19 19:10:00,good,faith,light_islamic,at_peace,123,0.147,neutral,True
j_0006830,u_02742,2025-02-26 14:54:00,low,habits,universal,questioning,74,-0.144,neutral,True
j_0006831,u_02743,2025-04-03 17:32:00,neutral,purpose,light_islamic,at_peace,12,0.11,neutral,True
j_0006832,u_02749,2025-02-05 13:04:00,grateful,habits,light_islamic,,50,0.497,positive,True
j_0006833,u_02749,2025-02-08 16:06:00,good,habits,universal,,60,0.275,positive,True
j_0006834,u_02749,2025-02-09 11:54:00,good,gratitude,light_islamic,at_peace,127,0.06,neutral,True
j_0006835,u_02749,2025-02-10 13:44:00,neutral,purpose,universal,at_peace,44,0.381,positive,True
j_0006836,u_02749,2025-02-11 16:45:00,good,anxiety,universal,questioning,104,0.415,positive,True
j_0006837,u_02749,2025-02-15 10:19:00,low,faith,light_islamic,at_peace,25,0.246,positive,True
j_0006838,u_02749,2025-02-16 08:30:00,neutral,purpose,universal,hurting,108,-0.043,neutral,True
j_0006839,u_02750,2025-04-24 21:53:00,neutral,gratitude,light_islamic,,123,-0.539,negative,True
j_0006840,u_02750,2025-04-25 09:35:00,neutral,relationships,light_islamic,,107,0.058,neutral,True
j_0006841,u_02750,2025-04-26 09:18:00,neutral,self,universal,,48,-0.014,neutral,True
j_0006842,u_02750,2025-05-02 21:29:00,good,work,universal,at_peace,132,0.384,positive,True
j_0006843,u_02750,2025-05-11 09:52:00,good,habits,universal,at_peace,92,0.475,positive,True
j_0006844,u_02750,2025-05-16 20:18:00,good,burnout,universal,at_peace,43,0.234,positive,True
j_0006845,u_02752,2025-10-25 16:14:00,low,habits,deeper_faith,,74,-0.433,negative,True
j_0006846,u_02752,2025-10-28 10:40:00,grateful,habits,light_islamic,,43,0.501,positive,True
j_0006847,u_02752,2025-10-31 17:19:00,good,burnout,universal,questioning,75,0.509,positive,True
j_0006848,u_02752,2025-11-03 12:17:00,very_low,anxiety,deeper_faith,hurting,118,-0.414,negative,True
j_0006849,u_02753,2025-06-16 18:35:00,very_low,burnout,universal,,46,-0.564,negative,True
j_0006850,u_02753,2025-06-17 19:14:00,low,habits,universal,,100,-0.296,negative,True
j_0006851,u_02753,2025-06-20 09:34:00,good,anxiety,deeper_faith,at_peace,33,0.374,positive,True
j_0006852,u_02753,2025-06-26 19:22:00,neutral,self,light_islamic,questioning,25,0.436,positive,True
j_0006853,u_02753,2025-07-03 19:03:00,good,burnout,universal,questioning,31,0.307,positive,True
j_0006854,u_02753,2025-07-04 12:48:00,low,self,light_islamic,distant,42,-0.298,negative,True
j_0006855,u_02755,2025-08-11 14:48:00,neutral,anxiety,universal,,91,-0.257,negative,True
j_0006856,u_02755,2025-08-15 20:42:00,low,purpose,light_islamic,at_peace,76,-0.021,neutral,True
j_0006857,u_02755,2025-08-21 16:33:00,low,anxiety,light_islamic,distant,57,-0.125,neutral,True
j_0006858,u_02755,2025-08-23 13:47:00,neutral,confidence,light_islamic,at_peace,83,0.34,positive,True
j_0006859,u_02755,2025-08-27 20:50:00,neutral,work,light_islamic,at_peace,102,0.309,positive,True
j_0006860,u_02755,2025-09-02 12:35:00,good,purpose,universal,at_peace,104,0.19,positive,True
j_0006861,u_02756,2025-12-29 07:52:00,low,self,light_islamic,,52,0.037,neutral,True
j_0006862,u_02756,2025-12-30 18:02:00,neutral,relationships,universal,,41,0.28,positive,True
j_0006863,u_02756,2025-12-31 13:24:00,good,purpose,light_islamic,,142,0.554,positive,True
j_0006864,u_02756,2026-01-06 11:13:00,neutral,faith,universal,at_peace,29,-0.171,negative,True
j_0006865,u_02756,2026-01-18 12:41:00,neutral,faith,light_islamic,at_peace,35,-0.075,neutral,True
j_0006866,u_02757,2025-02-19 14:30:00,good,self,universal,,97,-0.01,neutral,True
j_0006867,u_02757,2025-02-28 16:52:00,good,relationships,deeper_faith,at_peace,85,0.515,positive,True
j_0006868,u_02757,2025-03-01 13:20:00,neutral,burnout,light_islamic,at_peace,102,0.229,positive,True
j_0006869,u_02757,2025-03-13 09:53:00,neutral,purpose,light_islamic,at_peace,71,0.018,neutral,True
j_0006870,u_02757,2025-03-14 19:08:00,good,burnout,deeper_faith,questioning,12,0.09,neutral,True
j_0006871,u_02759,2025-01-27 17:09:00,good,habits,light_islamic,,148,0.871,positive,True
j_0006872,u_02759,2025-01-31 17:52:00,neutral,purpose,light_islamic,at_peace,269,-0.041,neutral,True
j_0006873,u_02759,2025-02-04 17:17:00,low,faith,universal,at_peace,146,-0.033,neutral,True
j_0006874,u_02759,2025-02-09 13:39:00,good,gratitude,universal,distant,41,0.277,positive,True
j_0006875,u_02759,2025-02-19 16:41:00,grateful,purpose,deeper_faith,hurting,145,0.62,positive,True
j_0006876,u_02760,2025-10-01 10:57:00,good,confidence,universal,,74,0.259,positive,True
j_0006877,u_02760,2025-10-04 12:49:00,good,faith,light_islamic,,30,0.457,positive,True
j_0006878,u_02760,2025-10-05 16:18:00,grateful,confidence,universal,distant,107,0.577,positive,True
j_0006879,u_02760,2025-10-09 20:19:00,good,habits,deeper_faith,at_peace,29,0.134,neutral,True
j_0006880,u_02760,2025-10-14 12:11:00,neutral,faith,universal,questioning,38,-0.008,neutral,True
j_0006881,u_02760,2025-10-16 20:39:00,very_low,faith,light_islamic,distant,39,-0.784,negative,True
j_0006882,u_02760,2025-10-28 15:39:00,grateful,work,universal,at_peace,35,0.703,positive,True
j_0006883,u_02761,2025-06-30 11:30:00,neutral,habits,deeper_faith,,83,0.35,positive,True
j_0006884,u_02761,2025-07-06 15:16:00,neutral,habits,light_islamic,distant,151,-0.285,negative,True
j_0006885,u_02761,2025-07-19 15:06:00,good,habits,deeper_faith,hurting,32,-0.166,negative,True
j_0006886,u_02761,2025-07-23 10:29:00,good,burnout,universal,at_peace,26,0.326,positive,True
j_0006887,u_02763,2025-02-28 22:01:00,neutral,burnout,deeper_faith,distant,134,-0.09,neutral,True
j_0006888,u_02763,2025-03-12 21:01:00,neutral,burnout,deeper_faith,at_peace,85,-0.199,negative,True
j_0006889,u_02763,2025-03-14 21:34:00,neutral,relationships,universal,distant,60,-0.277,negative,True
j_0006890,u_02763,2025-03-17 11:14:00,good,work,light_islamic,distant,54,0.089,neutral,True
j_0006891,u_02763,2025-03-19 08:17:00,good,work,universal,questioning,98,0.287,positive,True
j_0006892,u_02763,2025-03-20 19:55:00,grateful,anxiety,universal,distant,74,0.876,positive,True
j_0006893,u_02764,2025-05-15 17:44:00,neutral,habits,universal,,179,0.244,positive,True
j_0006894,u_02764,2025-05-17 14:52:00,good,work,deeper_faith,,110,0.484,positive,True
j_0006895,u_02764,2025-05-19 16:20:00,neutral,confidence,deeper_faith,hurting,46,-0.127,neutral,True
j_0006896,u_02764,2025-05-21 11:37:00,neutral,anxiety,deeper_faith,distant,64,-0.206,negative,True
j_0006897,u_02764,2025-05-31 16:46:00,low,purpose,light_islamic,at_peace,51,-0.213,negative,True
j_0006898,u_02764,2025-06-05 17:20:00,low,relationships,deeper_faith,at_peace,218,-0.565,negative,True
j_0006899,u_02764,2025-06-08 12:07:00,neutral,relationships,universal,questioning,60,-0.114,neutral,True
j_0006900,u_02764,2025-06-10 19:28:00,neutral,habits,deeper_faith,at_peace,81,0.118,neutral,True
j_0006901,u_02773,2025-02-02 16:10:00,very_low,self,light_islamic,,88,-0.3,negative,True
j_0006902,u_02773,2025-02-04 17:35:00,low,burnout,universal,,143,-0.263,negative,True
j_0006903,u_02773,2025-02-08 15:14:00,very_low,burnout,light_islamic,questioning,15,-0.604,negative,True
j_0006904,u_02773,2025-02-19 12:02:00,grateful,habits,deeper_faith,at_peace,39,0.622,positive,True
j_0006905,u_02773,2025-02-21 11:33:00,low,relationships,universal,at_peace,12,-0.508,negative,True
j_0006906,u_02777,2025-07-20 08:23:00,neutral,anxiety,light_islamic,,169,0.094,neutral,True
j_0006907,u_02777,2025-07-22 10:34:00,neutral,purpose,light_islamic,,104,0.072,neutral,True
j_0006908,u_02777,2025-08-03 14:24:00,neutral,work,light_islamic,at_peace,42,0.095,neutral,True
j_0006909,u_02777,2025-08-12 09:26:00,very_low,self,universal,distant,126,-0.821,negative,True
j_0006910,u_02778,2025-01-05 11:57:00,good,confidence,universal,,64,-0.107,neutral,True
j_0006911,u_02778,2025-01-07 15:53:00,neutral,purpose,universal,,103,0.171,positive,True
j_0006912,u_02778,2025-01-08 14:04:00,good,purpose,universal,,33,0.47,positive,True
j_0006913,u_02778,2025-01-11 22:05:00,neutral,purpose,light_islamic,at_peace,23,0.028,neutral,True
j_0006914,u_02778,2025-01-12 19:16:00,good,habits,deeper_faith,distant,114,0.56,positive,True
j_0006915,u_02778,2025-01-14 12:02:00,neutral,burnout,light_islamic,questioning,100,0.365,positive,True
j_0006916,u_02778,2025-01-18 08:34:00,good,habits,universal,at_peace,100,0.538,positive,True
j_0006917,u_02778,2025-01-20 08:24:00,neutral,burnout,universal,questioning,106,-0.174,negative,True
j_0006918,u_02778,2025-01-23 19:11:00,good,confidence,light_islamic,distant,17,0.51,positive,True
j_0006919,u_02778,2025-01-26 20:29:00,neutral,self,deeper_faith,at_peace,69,-0.134,neutral,True
j_0006920,u_02778,2025-01-28 12:05:00,neutral,work,light_islamic,at_peace,144,-0.214,negative,True
j_0006921,u_02778,2025-01-31 16:52:00,neutral,work,light_islamic,at_peace,43,-0.263,negative,True
j_0006922,u_02781,2025-02-16 22:03:00,neutral,relationships,universal,at_peace,119,-0.18,negative,True
j_0006923,u_02781,2025-02-24 16:45:00,good,self,universal,at_peace,29,0.462,positive,True
j_0006924,u_02781,2025-02-25 13:27:00,very_low,work,universal,questioning,206,-0.768,negative,True
j_0006925,u_02781,2025-03-10 12:46:00,good,purpose,deeper_faith,distant,104,0.417,positive,True
j_0006926,u_02785,2025-07-31 09:35:00,good,work,universal,,55,0.091,neutral,True
j_0006927,u_02785,2025-08-05 09:51:00,good,faith,universal,distant,57,-0.018,neutral,True
j_0006928,u_02785,2025-08-09 11:18:00,neutral,anxiety,light_islamic,distant,60,0.016,neutral,True
j_0006929,u_02785,2025-08-10 19:53:00,neutral,purpose,deeper_faith,at_peace,65,-0.341,negative,True
j_0006930,u_02785,2025-08-13 22:00:00,low,faith,light_islamic,distant,84,-0.218,negative,True
j_0006931,u_02785,2025-08-18 18:37:00,good,self,universal,distant,37,0.292,positive,True
j_0006932,u_02785,2025-08-19 20:35:00,neutral,purpose,universal,at_peace,22,0.006,neutral,True
j_0006933,u_02785,2025-08-24 13:40:00,neutral,habits,light_islamic,questioning,136,-0.272,negative,True
j_0006934,u_02785,2025-08-28 21:45:00,low,burnout,universal,at_peace,19,-0.371,negative,True
j_0006935,u_02786,2025-12-03 19:21:00,neutral,anxiety,universal,,16,-0.062,neutral,True
j_0006936,u_02786,2025-12-05 07:42:00,grateful,habits,deeper_faith,,24,0.626,positive,True
j_0006937,u_02786,2025-12-08 09:00:00,very_low,confidence,deeper_faith,questioning,26,-0.474,negative,True
j_0006938,u_02786,2025-12-13 14:19:00,good,confidence,light_islamic,at_peace,60,0.227,positive,True
j_0006939,u_02786,2025-12-18 14:32:00,grateful,habits,light_islamic,questioning,187,0.186,positive,True
j_0006940,u_02786,2025-12-19 14:27:00,grateful,anxiety,light_islamic,questioning,38,1.0,positive,True
j_0006941,u_02786,2025-12-20 20:17:00,neutral,confidence,deeper_faith,distant,60,-0.149,neutral,True
j_0006942,u_02786,2025-12-23 09:18:00,good,purpose,universal,hurting,56,0.114,neutral,True
j_0006943,u_02794,2025-05-01 19:54:00,grateful,self,universal,,47,0.676,positive,True
j_0006944,u_02794,2025-05-04 21:08:00,good,gratitude,light_islamic,distant,124,0.207,positive,True
j_0006945,u_02794,2025-05-08 12:29:00,neutral,faith,deeper_faith,at_peace,103,0.11,neutral,True
j_0006946,u_02794,2025-05-12 17:58:00,grateful,burnout,universal,at_peace,70,0.362,positive,True
j_0006947,u_02794,2025-05-14 18:00:00,low,work,deeper_faith,questioning,136,-0.305,negative,True
j_0006948,u_02794,2025-05-17 21:55:00,neutral,work,light_islamic,distant,162,-0.416,negative,True
j_0006949,u_02794,2025-05-18 11:54:00,grateful,relationships,light_islamic,at_peace,24,0.495,positive,True
j_0006950,u_02796,2025-10-26 14:08:00,good,self,light_islamic,,58,0.244,positive,True
j_0006951,u_02796,2025-10-28 12:00:00,neutral,habits,universal,,42,-0.051,neutral,True
j_0006952,u_02796,2025-10-31 12:44:00,neutral,habits,universal,at_peace,52,-0.099,neutral,True
j_0006953,u_02796,2025-11-01 21:15:00,good,anxiety,deeper_faith,at_peace,29,0.345,positive,True
j_0006954,u_02796,2025-11-06 22:11:00,neutral,anxiety,deeper_faith,hurting,56,-0.271,negative,True
j_0006955,u_02801,2025-06-27 15:05:00,neutral,faith,light_islamic,,107,0.055,neutral,True
j_0006956,u_02801,2025-06-30 15:47:00,neutral,relationships,universal,hurting,107,-0.138,neutral,True
j_0006957,u_02801,2025-07-15 19:08:00,good,burnout,universal,at_peace,43,0.314,positive,True
j_0006958,u_02801,2025-07-19 10:32:00,very_low,gratitude,universal,distant,168,-0.397,negative,True
j_0006959,u_02803,2025-01-14 18:01:00,neutral,confidence,deeper_faith,,42,-0.113,neutral,True
j_0006960,u_02803,2025-01-15 07:12:00,good,habits,universal,,73,0.42,positive,True
j_0006961,u_02803,2025-01-18 08:01:00,good,habits,light_islamic,at_peace,104,0.423,positive,True
j_0006962,u_02803,2025-01-19 09:02:00,neutral,faith,universal,at_peace,116,0.074,neutral,True
j_0006963,u_02803,2025-01-21 09:05:00,neutral,relationships,light_islamic,at_peace,106,-0.248,negative,True
j_0006964,u_02803,2025-01-23 10:08:00,low,burnout,deeper_faith,hurting,37,0.119,neutral,True
j_0006965,u_02803,2025-01-31 10:51:00,good,self,universal,at_peace,16,0.494,positive,True
j_0006966,u_02803,2025-02-06 15:01:00,neutral,anxiety,deeper_faith,questioning,55,-0.142,neutral,True
j_0006967,u_02803,2025-02-10 13:23:00,neutral,gratitude,universal,at_peace,60,0.631,positive,True
j_0006968,u_02804,2025-02-22 13:13:00,good,work,deeper_faith,,20,0.501,positive,True
j_0006969,u_02804,2025-02-27 21:13:00,neutral,purpose,universal,at_peace,98,0.169,positive,True
j_0006970,u_02804,2025-02-28 13:50:00,neutral,habits,universal,at_peace,35,-0.202,negative,True
j_0006971,u_02804,2025-03-13 14:57:00,good,burnout,deeper_faith,at_peace,80,-0.066,neutral,True
j_0006972,u_02812,2025-03-30 16:53:00,good,purpose,light_islamic,,80,0.248,positive,True
j_0006973,u_02812,2025-04-08 22:13:00,neutral,gratitude,deeper_faith,hurting,95,0.048,neutral,True
j_0006974,u_02812,2025-04-11 15:45:00,grateful,relationships,universal,at_peace,54,0.755,positive,True
j_0006975,u_02812,2025-04-12 14:21:00,good,relationships,universal,at_peace,89,0.834,positive,True
j_0006976,u_02812,2025-04-13 18:31:00,grateful,anxiety,light_islamic,at_peace,30,0.621,positive,True
j_0006977,u_02812,2025-04-26 17:01:00,grateful,habits,deeper_faith,distant,75,0.303,positive,True
j_0006978,u_02815,2025-08-30 20:49:00,good,work,universal,,21,-0.217,negative,True
j_0006979,u_02815,2025-09-02 14:51:00,good,purpose,light_islamic,,92,0.116,neutral,True
j_0006980,u_02815,2025-09-06 16:22:00,good,faith,light_islamic,at_peace,49,0.169,positive,True
j_0006981,u_02815,2025-09-23 20:18:00,low,work,deeper_faith,distant,44,-0.255,negative,True
j_0006982,u_02817,2025-06-03 08:21:00,neutral,self,deeper_faith,,71,-0.127,neutral,True
j_0006983,u_02817,2025-06-04 10:17:00,neutral,burnout,deeper_faith,,253,0.081,neutral,True
j_0006984,u_02817,2025-06-05 13:30:00,neutral,self,universal,,21,0.325,positive,True
j_0006985,u_02817,2025-06-07 19:41:00,good,confidence,universal,hurting,145,-0.0,neutral,True
j_0006986,u_02817,2025-06-08 16:35:00,neutral,anxiety,light_islamic,questioning,24,0.517,positive,True
j_0006987,u_02817,2025-06-11 08:27:00,low,confidence,deeper_faith,at_peace,146,-0.113,neutral,True
j_0006988,u_02817,2025-06-12 21:29:00,very_low,gratitude,universal,distant,327,-0.192,negative,True
j_0006989,u_02817,2025-06-14 19:29:00,grateful,work,universal,questioning,271,0.376,positive,True
j_0006990,u_02817,2025-06-16 12:15:00,neutral,habits,universal,at_peace,66,-0.29,negative,True
j_0006991,u_02817,2025-06-17 16:26:00,very_low,work,deeper_faith,at_peace,283,-0.767,negative,True
j_0006992,u_02820,2025-12-31 14:18:00,neutral,faith,universal,,49,-0.088,neutral,True
j_0006993,u_02820,2026-01-05 09:41:00,very_low,faith,universal,distant,45,-0.165,negative,True
j_0006994,u_02820,2026-01-08 13:26:00,neutral,purpose,universal,at_peace,50,-0.122,neutral,True
j_0006995,u_02820,2026-01-14 08:11:00,good,gratitude,light_islamic,distant,97,0.291,positive,True
j_0006996,u_02820,2026-01-15 20:57:00,good,habits,universal,at_peace,80,0.279,positive,True
j_0006997,u_02820,2026-01-16 13:27:00,low,faith,universal,hurting,88,-0.101,neutral,True
j_0006998,u_02820,2026-01-21 16:58:00,neutral,anxiety,light_islamic,at_peace,41,-0.135,neutral,True
j_0006999,u_02820,2026-01-26 17:16:00,good,self,universal,questioning,59,-0.067,neutral,True
j_0007000,u_02820,2026-01-27 09:46:00,low,habits,deeper_faith,at_peace,82,-0.417,negative,True
j_0007001,u_02822,2025-08-11 14:29:00,low,faith,universal,,64,0.06,neutral,True
j_0007002,u_02822,2025-08-13 13:01:00,low,gratitude,light_islamic,distant,27,0.008,neutral,True
j_0007003,u_02822,2025-08-22 13:39:00,grateful,burnout,light_islamic,questioning,22,0.503,positive,True
j_0007004,u_02822,2025-08-27 11:42:00,neutral,anxiety,light_islamic,distant,127,-0.15,neutral,True
j_0007005,u_02822,2025-09-03 07:38:00,good,self,universal,at_peace,49,0.466,positive,True
j_0007006,u_02823,2025-06-19 10:04:00,good,gratitude,universal,,33,0.402,positive,True
j_0007007,u_02823,2025-07-02 21:03:00,low,confidence,light_islamic,at_peace,69,-0.151,negative,True
j_0007008,u_02823,2025-07-18 11:32:00,neutral,habits,deeper_faith,at_peace,109,0.035,neutral,True
j_0007009,u_02826,2025-06-07 09:44:00,very_low,work,deeper_faith,,162,-0.756,negative,True
j_0007010,u_02826,2025-06-08 19:43:00,good,purpose,universal,,82,-0.043,neutral,True
j_0007011,u_02826,2025-06-13 20:43:00,low,habits,light_islamic,at_peace,182,-0.41,negative,True
j_0007012,u_02826,2025-06-15 20:50:00,neutral,burnout,universal,at_peace,104,-0.156,negative,True
j_0007013,u_02826,2025-06-23 11:46:00,neutral,self,light_islamic,questioning,45,-0.142,neutral,True
j_0007014,u_02827,2025-05-11 20:23:00,grateful,burnout,universal,,69,0.379,positive,True
j_0007015,u_02827,2025-05-13 12:46:00,neutral,relationships,light_islamic,,77,0.055,neutral,True
j_0007016,u_02827,2025-05-14 20:18:00,good,anxiety,deeper_faith,at_peace,19,0.357,positive,True
j_0007017,u_02827,2025-05-15 09:53:00,neutral,burnout,light_islamic,questioning,115,-0.272,negative,True
j_0007018,u_02827,2025-05-17 10:11:00,low,habits,light_islamic,at_peace,92,-0.116,neutral,True
j_0007019,u_02827,2025-05-26 08:50:00,low,gratitude,deeper_faith,at_peace,51,-0.365,negative,True
j_0007020,u_02827,2025-06-09 20:01:00,low,purpose,universal,at_peace,32,-0.391,negative,True
j_0007021,u_02832,2025-10-01 11:42:00,low,relationships,light_islamic,,93,-0.364,negative,True
j_0007022,u_02832,2025-10-03 15:55:00,neutral,purpose,universal,,124,0.102,neutral,True
j_0007023,u_02832,2025-10-08 18:30:00,good,self,light_islamic,distant,43,0.358,positive,True
j_0007024,u_02832,2025-10-09 16:27:00,low,work,deeper_faith,questioning,70,-0.106,neutral,True
j_0007025,u_02832,2025-10-13 16:09:00,neutral,gratitude,deeper_faith,questioning,348,0.251,positive,True
j_0007026,u_02832,2025-10-30 09:40:00,neutral,purpose,universal,at_peace,70,-0.016,neutral,True
j_0007027,u_02832,2025-10-31 16:30:00,good,anxiety,deeper_faith,hurting,72,0.204,positive,True
j_0007028,u_02833,2025-01-16 21:22:00,neutral,gratitude,universal,,32,-0.339,negative,True
j_0007029,u_02833,2025-01-21 14:34:00,grateful,purpose,light_islamic,questioning,113,0.346,positive,True
j_0007030,u_02833,2025-01-22 15:12:00,neutral,faith,universal,hurting,126,-0.482,negative,True
j_0007031,u_02833,2025-01-29 08:48:00,neutral,confidence,deeper_faith,at_peace,99,-0.19,negative,True
j_0007032,u_02833,2025-02-04 07:27:00,good,faith,light_islamic,at_peace,141,0.245,positive,True
j_0007033,u_02833,2025-02-06 22:02:00,neutral,burnout,universal,at_peace,18,0.37,positive,True
j_0007034,u_02833,2025-02-07 13:36:00,neutral,burnout,light_islamic,at_peace,54,-0.564,negative,True
j_0007035,u_02833,2025-02-11 17:53:00,neutral,confidence,universal,at_peace,59,-0.41,negative,True
j_0007036,u_02834,2025-06-01 12:08:00,low,habits,light_islamic,distant,19,-0.255,negative,True
j_0007037,u_02834,2025-06-13 11:34:00,good,faith,universal,questioning,99,0.132,neutral,True
j_0007038,u_02838,2025-07-22 11:13:00,grateful,work,light_islamic,,103,0.061,neutral,True
j_0007039,u_02838,2025-07-23 15:59:00,good,relationships,light_islamic,questioning,36,0.215,positive,True
j_0007040,u_02838,2025-07-25 15:31:00,neutral,anxiety,deeper_faith,at_peace,213,-0.268,negative,True
j_0007041,u_02838,2025-08-10 07:56:00,low,anxiety,deeper_faith,at_peace,85,-0.35,negative,True
j_0007042,u_02838,2025-08-14 11:35:00,grateful,habits,light_islamic,at_peace,65,0.897,positive,True
j_0007043,u_02840,2025-09-24 22:07:00,neutral,relationships,light_islamic,,145,-0.363,negative,True
j_0007044,u_02840,2025-09-28 10:13:00,good,relationships,light_islamic,at_peace,84,0.288,positive,True
j_0007045,u_02840,2025-09-29 17:01:00,neutral,burnout,universal,questioning,172,0.038,neutral,True
j_0007046,u_02840,2025-09-30 16:49:00,very_low,work,universal,questioning,58,-0.679,negative,True
j_0007047,u_02840,2025-10-07 10:15:00,good,relationships,light_islamic,at_peace,91,0.542,positive,True
j_0007048,u_02840,2025-10-09 17:51:00,grateful,self,universal,questioning,109,0.771,positive,True
j_0007049,u_02840,2025-10-10 12:06:00,good,confidence,light_islamic,questioning,112,0.687,positive,True
j_0007050,u_02840,2025-10-21 16:12:00,very_low,burnout,light_islamic,at_peace,150,-0.856,negative,True
j_0007051,u_02840,2025-10-22 09:19:00,good,confidence,light_islamic,at_peace,257,0.168,positive,True
j_0007052,u_02842,2025-06-18 21:01:00,neutral,confidence,light_islamic,,237,-0.016,neutral,True
j_0007053,u_02842,2025-06-22 16:45:00,neutral,anxiety,universal,distant,33,-0.369,negative,True
j_0007054,u_02842,2025-06-26 14:28:00,neutral,relationships,light_islamic,at_peace,110,0.317,positive,True
j_0007055,u_02842,2025-07-01 15:55:00,grateful,burnout,universal,questioning,127,0.729,positive,True
j_0007056,u_02842,2025-07-04 08:36:00,grateful,burnout,universal,hurting,23,0.373,positive,True
j_0007057,u_02842,2025-07-15 18:16:00,good,relationships,light_islamic,at_peace,28,0.345,positive,True
j_0007058,u_02844,2025-09-09 15:30:00,good,burnout,universal,,68,0.388,positive,True
j_0007059,u_02844,2025-09-10 17:43:00,good,work,universal,,28,0.459,positive,True
j_0007060,u_02844,2025-09-21 08:23:00,good,purpose,light_islamic,at_peace,141,0.123,neutral,True
j_0007061,u_02845,2025-05-30 14:59:00,neutral,anxiety,universal,,24,-0.075,neutral,True
j_0007062,u_02845,2025-06-02 18:43:00,neutral,self,universal,,334,-0.218,negative,True
j_0007063,u_02845,2025-06-05 18:35:00,good,relationships,deeper_faith,at_peace,53,0.277,positive,True
j_0007064,u_02845,2025-06-06 18:32:00,good,gratitude,universal,at_peace,391,0.296,positive,True
j_0007065,u_02845,2025-06-07 11:18:00,neutral,anxiety,universal,at_peace,253,-0.022,neutral,True
j_0007066,u_02845,2025-06-27 07:29:00,neutral,relationships,light_islamic,distant,24,-0.162,negative,True
j_0007067,u_02854,2025-07-20 15:06:00,good,confidence,deeper_faith,,46,0.523,positive,True
j_0007068,u_02854,2025-07-21 14:18:00,low,gratitude,universal,,64,-0.665,negative,True
j_0007069,u_02854,2025-07-22 13:47:00,neutral,self,universal,,17,-0.158,negative,True
j_0007070,u_02854,2025-07-26 16:34:00,very_low,self,light_islamic,hurting,89,-0.32,negative,True
j_0007071,u_02854,2025-08-08 19:15:00,low,confidence,universal,at_peace,76,-0.658,negative,True
j_0007072,u_02854,2025-08-15 11:40:00,low,burnout,light_islamic,questioning,41,-0.685,negative,True
j_0007073,u_02855,2025-03-17 10:49:00,grateful,work,universal,,40,-0.026,neutral,True
j_0007074,u_02855,2025-03-21 14:35:00,grateful,habits,light_islamic,at_peace,85,0.38,positive,True
j_0007075,u_02855,2025-03-22 18:08:00,neutral,anxiety,light_islamic,at_peace,30,0.194,positive,True
j_0007076,u_02855,2025-03-26 12:23:00,good,work,light_islamic,distant,174,0.191,positive,True
j_0007077,u_02855,2025-03-31 09:35:00,good,self,deeper_faith,at_peace,123,0.354,positive,True
j_0007078,u_02855,2025-04-06 11:48:00,good,gratitude,deeper_faith,at_peace,70,0.292,positive,True
j_0007079,u_02856,2025-03-14 12:28:00,low,confidence,light_islamic,,36,-0.515,negative,True
j_0007080,u_02856,2025-03-15 08:55:00,low,work,deeper_faith,,171,-0.45,negative,True
j_0007081,u_02856,2025-03-17 16:57:00,grateful,habits,universal,,71,0.181,positive,True
j_0007082,u_02856,2025-03-19 19:47:00,neutral,confidence,universal,distant,46,-0.04,neutral,True
j_0007083,u_02856,2025-03-22 10:24:00,neutral,anxiety,universal,distant,35,0.112,neutral,True
j_0007084,u_02856,2025-03-25 10:27:00,neutral,habits,light_islamic,questioning,38,-0.119,neutral,True
j_0007085,u_02856,2025-03-26 12:23:00,low,relationships,light_islamic,at_peace,53,-0.423,negative,True
j_0007086,u_02856,2025-03-29 18:10:00,grateful,relationships,light_islamic,at_peace,44,0.799,positive,True
j_0007087,u_02856,2025-04-11 09:52:00,low,relationships,universal,at_peace,299,-0.157,negative,True
j_0007088,u_02858,2025-08-11 13:45:00,good,gratitude,deeper_faith,,40,-0.18,negative,True
j_0007089,u_02858,2025-08-13 16:07:00,good,purpose,universal,,25,-0.117,neutral,True
j_0007090,u_02858,2025-08-19 17:55:00,neutral,faith,universal,at_peace,128,-0.206,negative,True
j_0007091,u_02858,2025-08-29 21:51:00,neutral,gratitude,universal,at_peace,28,-0.479,negative,True
j_0007092,u_02858,2025-08-31 15:52:00,good,habits,universal,questioning,38,-0.277,negative,True
j_0007093,u_02858,2025-09-10 15:55:00,neutral,confidence,deeper_faith,at_peace,60,-0.205,negative,True
j_0007094,u_02861,2025-08-12 15:41:00,neutral,anxiety,light_islamic,,98,-0.178,negative,True
j_0007095,u_02865,2025-02-03 11:08:00,grateful,self,light_islamic,,230,0.163,positive,True
j_0007096,u_02865,2025-02-06 16:07:00,neutral,habits,universal,,47,0.346,positive,True
j_0007097,u_02865,2025-02-10 12:12:00,neutral,faith,universal,questioning,37,-0.206,negative,True
j_0007098,u_02865,2025-02-22 21:30:00,good,faith,universal,at_peace,81,0.388,positive,True
j_0007099,u_02865,2025-02-25 21:14:00,good,habits,light_islamic,distant,72,-0.202,negative,True
j_0007100,u_02865,2025-03-03 14:15:00,neutral,self,light_islamic,hurting,184,0.354,positive,True
j_0007101,u_02865,2025-03-05 10:30:00,good,confidence,light_islamic,at_peace,97,-0.001,neutral,True
j_0007102,u_02867,2025-06-23 10:29:00,neutral,confidence,universal,,33,0.238,positive,True
j_0007103,u_02867,2025-06-28 13:47:00,good,habits,light_islamic,at_peace,138,-0.009,neutral,True
j_0007104,u_02867,2025-07-02 15:12:00,good,faith,light_islamic,at_peace,72,-0.239,negative,True
j_0007105,u_02867,2025-07-10 10:11:00,very_low,confidence,universal,at_peace,117,-0.949,negative,True
j_0007106,u_02867,2025-07-13 08:32:00,grateful,anxiety,universal,questioning,22,0.515,positive,True
j_0007107,u_02867,2025-07-18 11:54:00,good,gratitude,light_islamic,at_peace,58,0.531,positive,True
j_0007108,u_02868,2025-08-31 18:52:00,neutral,gratitude,universal,,95,-0.13,neutral,True
j_0007109,u_02868,2025-09-05 07:42:00,low,burnout,light_islamic,questioning,27,-0.072,neutral,True
j_0007110,u_02868,2025-09-09 19:11:00,good,purpose,universal,distant,13,0.503,positive,True
j_0007111,u_02868,2025-09-15 08:09:00,good,anxiety,light_islamic,at_peace,79,0.234,positive,True
j_0007112,u_02868,2025-09-24 14:49:00,neutral,purpose,light_islamic,at_peace,63,0.413,positive,True
j_0007113,u_02869,2025-07-28 08:11:00,low,faith,light_islamic,,41,-0.283,negative,True
j_0007114,u_02869,2025-08-03 18:03:00,good,work,universal,at_peace,47,0.284,positive,True
j_0007115,u_02869,2025-08-13 07:18:00,good,burnout,universal,questioning,320,0.418,positive,True
j_0007116,u_02870,2025-03-01 10:27:00,good,gratitude,universal,,152,0.565,positive,True
j_0007117,u_02870,2025-03-02 12:44:00,neutral,faith,light_islamic,,37,-0.183,negative,True
j_0007118,u_02870,2025-03-04 14:41:00,grateful,relationships,light_islamic,,42,0.306,positive,True
j_0007119,u_02870,2025-03-28 20:53:00,neutral,purpose,universal,distant,69,-0.252,negative,True
j_0007120,u_02872,2025-11-27 20:35:00,neutral,anxiety,deeper_faith,,156,-0.148,neutral,True
j_0007121,u_02872,2025-12-09 18:12:00,good,faith,deeper_faith,questioning,81,0.632,positive,True
j_0007122,u_02872,2025-12-13 20:21:00,good,work,universal,at_peace,26,0.308,positive,True
j_0007123,u_02872,2025-12-26 10:57:00,very_low,gratitude,deeper_faith,at_peace,159,-0.309,negative,True
j_0007124,u_02873,2025-12-02 08:08:00,good,work,universal,,163,0.184,positive,True
j_0007125,u_02873,2025-12-03 17:54:00,neutral,habits,deeper_faith,,70,-0.289,negative,True
j_0007126,u_02873,2025-12-09 13:55:00,very_low,relationships,universal,questioning,139,-1.0,negative,True
j_0007127,u_02873,2025-12-11 12:18:00,good,faith,universal,at_peace,268,-0.029,neutral,True
j_0007128,u_02873,2025-12-13 19:59:00,good,confidence,universal,at_peace,45,0.209,positive,True
j_0007129,u_02873,2025-12-30 20:32:00,very_low,self,light_islamic,at_peace,24,-0.481,negative,True
j_0007130,u_02875,2025-01-24 12:52:00,low,confidence,deeper_faith,,28,-0.066,neutral,True
j_0007131,u_02875,2025-01-25 15:40:00,grateful,self,deeper_faith,,125,0.584,positive,True
j_0007132,u_02875,2025-01-26 12:08:00,good,work,universal,,138,0.181,positive,True
j_0007133,u_02875,2025-01-31 07:21:00,grateful,self,universal,at_peace,32,0.789,positive,True
j_0007134,u_02875,2025-02-03 18:22:00,grateful,anxiety,universal,at_peace,29,0.426,positive,True
j_0007135,u_02875,2025-02-21 09:24:00,good,gratitude,universal,at_peace,203,0.212,positive,True
j_0007136,u_02876,2025-08-29 07:28:00,good,relationships,light_islamic,,174,-0.039,neutral,True
j_0007137,u_02876,2025-08-30 18:03:00,low,burnout,universal,,66,-0.352,negative,True
j_0007138,u_02876,2025-09-02 11:43:00,very_low,faith,universal,at_peace,39,-0.727,negative,True
j_0007139,u_02876,2025-09-03 12:16:00,low,relationships,light_islamic,questioning,81,0.154,positive,True
j_0007140,u_02876,2025-09-06 17:33:00,very_low,relationships,universal,at_peace,128,-0.632,negative,True
j_0007141,u_02876,2025-09-10 14:09:00,good,anxiety,deeper_faith,questioning,53,0.41,positive,True
j_0007142,u_02876,2025-09-21 10:43:00,neutral,burnout,universal,questioning,329,0.343,positive,True
j_0007143,u_02876,2025-09-23 21:46:00,good,faith,universal,at_peace,62,0.015,neutral,True
j_0007144,u_02876,2025-09-25 21:46:00,good,purpose,light_islamic,hurting,203,0.001,neutral,True
j_0007145,u_02877,2025-05-21 15:30:00,good,burnout,light_islamic,,317,0.5,positive,True
j_0007146,u_02877,2025-05-24 12:47:00,low,confidence,light_islamic,,35,-0.319,negative,True
j_0007147,u_02877,2025-06-01 17:13:00,neutral,gratitude,light_islamic,questioning,279,0.055,neutral,True
j_0007148,u_02878,2025-07-29 11:49:00,grateful,purpose,universal,,47,0.37,positive,True
j_0007149,u_02878,2025-08-06 16:27:00,low,habits,light_islamic,at_peace,45,-0.565,negative,True
j_0007150,u_02878,2025-08-09 08:29:00,good,gratitude,light_islamic,at_peace,176,0.505,positive,True
j_0007151,u_02878,2025-08-15 18:02:00,neutral,anxiety,light_islamic,questioning,137,-0.086,neutral,True
j_0007152,u_02880,2025-11-21 12:49:00,good,confidence,universal,,32,0.151,positive,True
j_0007153,u_02880,2025-11-28 12:45:00,good,work,universal,at_peace,276,0.39,positive,True
j_0007154,u_02880,2025-12-03 12:45:00,low,purpose,light_islamic,at_peace,113,-0.535,negative,True
j_0007155,u_02880,2025-12-06 08:16:00,good,purpose,universal,hurting,58,0.095,neutral,True
j_0007156,u_02880,2025-12-10 19:10:00,neutral,faith,universal,at_peace,91,0.015,neutral,True
j_0007157,u_02880,2025-12-14 14:20:00,neutral,relationships,universal,at_peace,25,0.287,positive,True
j_0007158,u_02881,2025-08-28 07:44:00,neutral,burnout,universal,,53,0.091,neutral,True
j_0007159,u_02881,2025-08-30 09:27:00,good,work,universal,,99,0.612,positive,True
j_0007160,u_02881,2025-09-02 10:33:00,low,confidence,light_islamic,questioning,42,-0.255,negative,True
j_0007161,u_02881,2025-09-03 07:49:00,good,purpose,light_islamic,at_peace,100,-0.026,neutral,True
j_0007162,u_02883,2025-04-02 13:23:00,grateful,faith,universal,,50,-0.027,neutral,True
j_0007163,u_02883,2025-04-04 11:16:00,neutral,purpose,universal,,33,-0.05,neutral,True
j_0007164,u_02883,2025-04-07 16:11:00,neutral,faith,light_islamic,at_peace,48,0.084,neutral,True
j_0007165,u_02883,2025-04-18 14:39:00,very_low,confidence,light_islamic,questioning,82,-0.373,negative,True
j_0007166,u_02883,2025-04-19 12:51:00,good,habits,universal,at_peace,176,0.45,positive,True
j_0007167,u_02883,2025-04-22 07:48:00,very_low,faith,universal,at_peace,97,-0.159,negative,True
j_0007168,u_02883,2025-04-23 11:52:00,good,purpose,deeper_faith,distant,66,0.227,positive,True
j_0007169,u_02885,2025-05-18 15:08:00,good,faith,universal,,76,0.28,positive,True
j_0007170,u_02885,2025-05-22 10:28:00,good,confidence,universal,at_peace,111,0.26,positive,True
j_0007171,u_02885,2025-05-23 11:46:00,neutral,purpose,universal,at_peace,81,-0.144,neutral,True
j_0007172,u_02885,2025-05-29 13:58:00,good,faith,light_islamic,at_peace,44,0.305,positive,True
j_0007173,u_02885,2025-05-30 20:49:00,low,relationships,light_islamic,at_peace,133,-0.117,neutral,True
j_0007174,u_02885,2025-06-01 12:00:00,low,faith,universal,questioning,48,-0.745,negative,True
j_0007175,u_02885,2025-06-03 10:26:00,very_low,anxiety,deeper_faith,distant,98,-0.41,negative,True
j_0007176,u_02885,2025-06-10 13:57:00,good,burnout,deeper_faith,questioning,41,0.005,neutral,True
j_0007177,u_02885,2025-06-12 09:09:00,neutral,habits,universal,at_peace,86,-0.404,negative,True
j_0007178,u_02885,2025-06-15 10:21:00,grateful,burnout,universal,questioning,165,0.332,positive,True
j_0007179,u_02885,2025-06-17 22:20:00,low,burnout,universal,hurting,99,-0.306,negative,True
j_0007180,u_02886,2025-02-26 14:24:00,neutral,work,deeper_faith,,81,-0.346,negative,True
j_0007181,u_02886,2025-03-03 09:10:00,low,confidence,light_islamic,at_peace,23,-0.317,negative,True
j_0007182,u_02886,2025-03-08 09:01:00,grateful,work,universal,at_peace,217,0.554,positive,True
j_0007183,u_02886,2025-03-16 16:41:00,neutral,relationships,universal,at_peace,95,0.202,positive,True
j_0007184,u_02886,2025-03-17 14:48:00,good,confidence,deeper_faith,at_peace,21,0.187,positive,True
j_0007185,u_02886,2025-03-19 18:03:00,neutral,purpose,universal,questioning,86,-0.146,neutral,True
j_0007186,u_02886,2025-03-25 11:23:00,neutral,habits,universal,at_peace,70,0.102,neutral,True
j_0007187,u_02887,2025-04-23 15:55:00,good,confidence,light_islamic,,121,0.992,positive,True
j_0007188,u_02887,2025-04-26 08:30:00,neutral,habits,light_islamic,,432,-0.425,negative,True
j_0007189,u_02887,2025-04-27 15:51:00,good,purpose,light_islamic,at_peace,70,0.362,positive,True
j_0007190,u_02887,2025-05-01 17:49:00,neutral,work,universal,at_peace,109,-0.037,neutral,True
j_0007191,u_02887,2025-05-02 09:10:00,neutral,habits,universal,at_peace,80,-0.268,negative,True
j_0007192,u_02887,2025-05-11 21:03:00,grateful,purpose,light_islamic,at_peace,42,0.496,positive,True
j_0007193,u_02887,2025-05-13 08:56:00,neutral,burnout,universal,questioning,117,-0.021,neutral,True
j_0007194,u_02887,2025-05-20 17:22:00,neutral,faith,universal,at_peace,108,0.082,neutral,True
j_0007195,u_02887,2025-05-22 10:21:00,good,relationships,universal,hurting,320,0.461,positive,True
j_0007196,u_02887,2025-05-23 14:33:00,low,habits,light_islamic,at_peace,74,-0.472,negative,True
j_0007197,u_02888,2025-09-19 20:48:00,grateful,purpose,universal,at_peace,75,0.195,positive,True
j_0007198,u_02888,2025-09-23 12:16:00,grateful,confidence,universal,distant,151,0.601,positive,True
j_0007199,u_02888,2025-09-26 09:48:00,good,habits,light_islamic,at_peace,16,-0.144,neutral,True
j_0007200,u_02888,2025-10-03 22:00:00,good,confidence,light_islamic,hurting,13,0.467,positive,True
j_0007201,u_02888,2025-10-04 12:04:00,neutral,relationships,universal,questioning,87,0.32,positive,True
j_0007202,u_02888,2025-10-05 11:27:00,grateful,confidence,universal,at_peace,137,0.33,positive,True
j_0007203,u_02888,2025-10-08 07:57:00,good,habits,deeper_faith,at_peace,84,0.303,positive,True
j_0007204,u_02888,2025-10-09 15:30:00,good,self,light_islamic,distant,26,0.093,neutral,True
j_0007205,u_02891,2025-05-12 10:02:00,grateful,self,deeper_faith,,80,0.482,positive,True
j_0007206,u_02891,2025-05-17 07:23:00,good,faith,deeper_faith,at_peace,34,0.132,neutral,True
j_0007207,u_02891,2025-05-21 12:45:00,good,confidence,light_islamic,distant,28,0.232,positive,True
j_0007208,u_02891,2025-05-24 12:52:00,good,work,deeper_faith,at_peace,73,0.324,positive,True
j_0007209,u_02891,2025-05-26 08:38:00,good,burnout,light_islamic,questioning,93,0.377,positive,True
j_0007210,u_02891,2025-05-28 18:58:00,neutral,burnout,deeper_faith,at_peace,100,-0.284,negative,True
j_0007211,u_02891,2025-06-08 16:12:00,low,gratitude,universal,at_peace,125,-0.108,neutral,True
j_0007212,u_02892,2025-04-26 08:17:00,good,self,deeper_faith,,22,-0.033,neutral,True
j_0007213,u_02892,2025-05-03 12:35:00,good,purpose,light_islamic,at_peace,248,0.264,positive,True
j_0007214,u_02892,2025-05-07 21:30:00,good,burnout,universal,at_peace,48,0.377,positive,True
j_0007215,u_02892,2025-05-12 20:59:00,neutral,faith,light_islamic,at_peace,47,0.383,positive,True
j_0007216,u_02892,2025-05-14 20:20:00,good,gratitude,light_islamic,hurting,53,0.169,positive,True
j_0007217,u_02892,2025-05-23 18:40:00,good,gratitude,universal,at_peace,37,0.476,positive,True
j_0007218,u_02893,2025-04-13 09:43:00,grateful,purpose,light_islamic,,25,0.148,neutral,True
j_0007219,u_02893,2025-04-24 17:38:00,good,work,deeper_faith,at_peace,42,0.105,neutral,True
j_0007220,u_02893,2025-04-30 08:37:00,grateful,purpose,deeper_faith,questioning,27,0.142,neutral,True
j_0007221,u_02893,2025-05-02 12:50:00,grateful,purpose,deeper_faith,at_peace,60,0.481,positive,True
j_0007222,u_02893,2025-05-10 19:24:00,good,gratitude,deeper_faith,distant,102,0.512,positive,True
j_0007223,u_02894,2025-10-24 15:00:00,grateful,purpose,deeper_faith,questioning,99,0.523,positive,True
j_0007224,u_02894,2025-10-25 12:57:00,good,confidence,universal,at_peace,273,0.269,positive,True
j_0007225,u_02894,2025-11-03 13:46:00,neutral,self,light_islamic,questioning,20,-0.531,negative,True
j_0007226,u_02895,2025-10-22 19:13:00,good,work,universal,,78,0.566,positive,True
j_0007227,u_02895,2025-10-25 13:39:00,low,work,deeper_faith,,26,-0.218,negative,True
j_0007228,u_02895,2025-10-28 14:58:00,grateful,confidence,deeper_faith,at_peace,81,0.595,positive,True
j_0007229,u_02895,2025-10-29 11:49:00,very_low,purpose,light_islamic,distant,67,-0.759,negative,True
j_0007230,u_02895,2025-10-30 10:27:00,low,confidence,deeper_faith,distant,24,-0.578,negative,True
j_0007231,u_02895,2025-11-03 13:31:00,neutral,anxiety,universal,at_peace,81,0.139,neutral,True
j_0007232,u_02895,2025-11-05 07:09:00,grateful,habits,light_islamic,at_peace,51,0.393,positive,True
j_0007233,u_02895,2025-11-11 12:15:00,good,self,light_islamic,at_peace,294,0.104,neutral,True
j_0007234,u_02900,2025-12-13 19:45:00,good,purpose,deeper_faith,,94,0.748,positive,True
j_0007235,u_02900,2025-12-15 21:44:00,neutral,anxiety,light_islamic,,35,0.009,neutral,True
j_0007236,u_02900,2025-12-22 09:46:00,good,gratitude,universal,distant,219,0.489,positive,True
j_0007237,u_02900,2025-12-25 10:34:00,very_low,purpose,light_islamic,at_peace,81,-0.83,negative,True
j_0007238,u_02900,2025-12-29 18:18:00,neutral,self,universal,questioning,58,0.255,positive,True
j_0007239,u_02900,2026-01-02 21:40:00,good,habits,universal,questioning,46,0.578,positive,True
j_0007240,u_02900,2026-01-05 17:46:00,neutral,anxiety,universal,distant,70,-0.386,negative,True
j_0007241,u_02900,2026-01-11 20:41:00,grateful,anxiety,deeper_faith,hurting,36,0.385,positive,True
j_0007242,u_02903,2025-03-12 17:30:00,good,anxiety,light_islamic,,23,-0.154,negative,True
j_0007243,u_02903,2025-03-14 18:13:00,low,burnout,light_islamic,,108,-0.598,negative,True
j_0007244,u_02904,2025-03-26 21:04:00,good,habits,universal,,50,0.551,positive,True
j_0007245,u_02904,2025-03-27 17:20:00,low,habits,light_islamic,,53,0.021,neutral,True
j_0007246,u_02904,2025-03-28 19:07:00,good,anxiety,light_islamic,,55,0.317,positive,True
j_0007247,u_02904,2025-04-05 18:29:00,low,confidence,light_islamic,questioning,70,-0.308,negative,True
j_0007248,u_02905,2025-08-01 16:02:00,neutral,relationships,light_islamic,,76,0.397,positive,True
j_0007249,u_02905,2025-08-03 13:57:00,grateful,habits,universal,,88,0.982,positive,True
j_0007250,u_02905,2025-08-06 07:42:00,neutral,relationships,deeper_faith,at_peace,39,0.04,neutral,True
j_0007251,u_02905,2025-08-13 10:47:00,neutral,faith,universal,at_peace,94,-0.169,negative,True
j_0007252,u_02907,2025-02-21 15:16:00,neutral,relationships,light_islamic,,329,0.368,positive,True
j_0007253,u_02907,2025-02-28 11:47:00,neutral,anxiety,light_islamic,hurting,82,-0.037,neutral,True
j_0007254,u_02907,2025-03-06 13:34:00,grateful,gratitude,universal,questioning,22,0.791,positive,True
j_0007255,u_02907,2025-03-16 09:15:00,neutral,gratitude,universal,at_peace,42,0.35,positive,True
j_0007256,u_02909,2025-10-13 15:10:00,good,habits,light_islamic,,64,0.083,neutral,True
j_0007257,u_02909,2025-10-17 19:54:00,good,gratitude,universal,hurting,47,0.133,neutral,True
j_0007258,u_02909,2025-10-19 09:48:00,low,gratitude,universal,distant,95,-0.059,neutral,True
j_0007259,u_02909,2025-10-22 16:29:00,neutral,gratitude,deeper_faith,questioning,180,-0.313,negative,True
j_0007260,u_02909,2025-10-24 18:10:00,low,confidence,light_islamic,questioning,62,-0.074,neutral,True
j_0007261,u_02909,2025-10-31 20:49:00,neutral,purpose,universal,questioning,155,0.111,neutral,True
j_0007262,u_02909,2025-11-07 10:15:00,good,gratitude,light_islamic,at_peace,119,0.601,positive,True
j_0007263,u_02911,2025-03-10 21:40:00,low,gratitude,universal,,96,-0.126,neutral,True
j_0007264,u_02911,2025-03-18 19:33:00,good,gratitude,universal,at_peace,85,0.069,neutral,True
j_0007265,u_02911,2025-03-20 14:55:00,grateful,gratitude,light_islamic,at_peace,55,0.479,positive,True
j_0007266,u_02916,2025-07-20 07:37:00,neutral,confidence,universal,,242,0.431,positive,True
j_0007267,u_02916,2025-07-21 19:50:00,very_low,habits,universal,,43,-0.476,negative,True
j_0007268,u_02916,2025-07-22 16:13:00,low,anxiety,light_islamic,,53,-0.484,negative,True
j_0007269,u_02916,2025-08-07 12:50:00,good,anxiety,universal,hurting,45,0.361,positive,True
j_0007270,u_02916,2025-08-19 15:20:00,grateful,habits,universal,at_peace,56,0.66,positive,True
j_0007271,u_02920,2025-06-23 20:48:00,neutral,faith,universal,,51,0.266,positive,True
j_0007272,u_02920,2025-06-26 11:25:00,neutral,confidence,universal,,73,-0.051,neutral,True
j_0007273,u_02920,2025-06-28 20:16:00,low,gratitude,universal,questioning,83,-0.238,negative,True
j_0007274,u_02920,2025-07-01 09:44:00,good,faith,deeper_faith,at_peace,17,0.125,neutral,True
j_0007275,u_02920,2025-07-07 13:46:00,neutral,self,universal,distant,73,0.021,neutral,True
j_0007276,u_02920,2025-07-09 15:36:00,very_low,burnout,light_islamic,at_peace,229,-0.741,negative,True
j_0007277,u_02920,2025-07-15 18:29:00,good,self,universal,questioning,89,0.649,positive,True
j_0007278,u_02921,2025-09-08 19:50:00,low,relationships,universal,,224,-0.133,neutral,True
j_0007279,u_02921,2025-09-22 18:33:00,low,faith,universal,at_peace,24,-0.414,negative,True
j_0007280,u_02921,2025-09-23 17:19:00,neutral,relationships,universal,at_peace,43,-0.25,negative,True
j_0007281,u_02921,2025-09-29 17:27:00,low,work,universal,hurting,101,-0.057,neutral,True
j_0007282,u_02922,2025-02-24 20:32:00,grateful,purpose,light_islamic,,215,0.271,positive,True
j_0007283,u_02922,2025-02-26 11:44:00,neutral,habits,universal,,74,0.095,neutral,True
j_0007284,u_02922,2025-02-28 20:53:00,neutral,relationships,deeper_faith,at_peace,43,0.39,positive,True
j_0007285,u_02922,2025-03-02 07:26:00,very_low,self,universal,at_peace,97,-0.934,negative,True
j_0007286,u_02922,2025-03-12 16:27:00,neutral,anxiety,light_islamic,at_peace,55,0.01,neutral,True
j_0007287,u_02922,2025-03-15 15:55:00,low,gratitude,light_islamic,hurting,179,-0.237,negative,True
j_0007288,u_02922,2025-03-18 12:22:00,neutral,self,universal,at_peace,49,0.102,neutral,True
j_0007289,u_02922,2025-03-23 19:05:00,low,habits,deeper_faith,hurting,54,-0.352,negative,True
j_0007290,u_02923,2025-12-27 18:46:00,low,relationships,universal,,36,-0.046,neutral,True
j_0007291,u_02923,2025-12-30 11:32:00,neutral,purpose,light_islamic,,316,0.171,positive,True
j_0007292,u_02923,2026-01-01 13:07:00,good,work,universal,questioning,109,0.108,neutral,True
j_0007293,u_02923,2026-01-05 16:01:00,good,burnout,universal,at_peace,92,0.203,positive,True
j_0007294,u_02923,2026-01-06 20:59:00,good,faith,universal,hurting,25,0.254,positive,True
j_0007295,u_02923,2026-01-24 15:42:00,neutral,relationships,light_islamic,distant,64,-0.199,negative,True
j_0007296,u_02925,2025-11-11 19:04:00,good,self,deeper_faith,,40,0.245,positive,True
j_0007297,u_02925,2025-11-14 18:22:00,neutral,work,universal,,89,-0.289,negative,True
j_0007298,u_02925,2025-11-15 19:09:00,very_low,confidence,light_islamic,questioning,82,-0.678,negative,True
j_0007299,u_02925,2025-11-23 21:46:00,neutral,gratitude,universal,distant,33,0.383,positive,True
j_0007300,u_02925,2025-11-26 19:05:00,neutral,habits,universal,distant,228,-0.071,neutral,True
j_0007301,u_02925,2025-12-03 16:22:00,low,burnout,light_islamic,at_peace,67,-0.403,negative,True
j_0007302,u_02925,2025-12-09 10:53:00,grateful,purpose,universal,questioning,95,0.331,positive,True
j_0007303,u_02926,2025-06-21 11:30:00,good,confidence,universal,,76,0.557,positive,True
j_0007304,u_02926,2025-06-22 20:39:00,good,relationships,deeper_faith,,33,0.318,positive,True
j_0007305,u_02926,2025-06-26 18:01:00,good,habits,universal,at_peace,25,0.2,positive,True
j_0007306,u_02931,2025-08-27 20:46:00,good,anxiety,light_islamic,,215,0.329,positive,True
j_0007307,u_02931,2025-08-29 19:04:00,neutral,habits,deeper_faith,,64,0.285,positive,True
j_0007308,u_02931,2025-09-03 08:36:00,neutral,gratitude,universal,questioning,80,0.001,neutral,True
j_0007309,u_02931,2025-09-04 17:44:00,good,self,universal,at_peace,101,0.411,positive,True
j_0007310,u_02931,2025-09-09 10:01:00,good,self,light_islamic,at_peace,80,0.046,neutral,True
j_0007311,u_02931,2025-09-15 17:15:00,low,gratitude,universal,questioning,95,0.131,neutral,True
j_0007312,u_02931,2025-09-22 07:54:00,good,purpose,light_islamic,at_peace,43,-0.102,neutral,True
j_0007313,u_02934,2025-12-03 13:20:00,good,burnout,universal,,47,0.267,positive,True
j_0007314,u_02934,2025-12-06 15:39:00,neutral,gratitude,light_islamic,,174,0.166,positive,True
j_0007315,u_02934,2025-12-10 14:29:00,neutral,gratitude,universal,at_peace,94,-0.412,negative,True
j_0007316,u_02934,2025-12-12 17:21:00,good,burnout,universal,distant,187,0.262,positive,True
j_0007317,u_02934,2025-12-15 11:42:00,good,habits,light_islamic,at_peace,58,0.355,positive,True
j_0007318,u_02934,2025-12-22 16:01:00,neutral,confidence,universal,distant,141,-0.049,neutral,True
j_0007319,u_02934,2025-12-31 07:36:00,good,anxiety,universal,distant,32,0.658,positive,True
j_0007320,u_02934,2026-01-02 17:22:00,good,gratitude,deeper_faith,distant,47,0.09,neutral,True
j_0007321,u_02940,2025-01-27 17:38:00,low,relationships,universal,,123,-0.273,negative,True
j_0007322,u_02940,2025-01-28 09:17:00,neutral,burnout,universal,,151,-0.147,neutral,True
j_0007323,u_02940,2025-01-29 17:51:00,very_low,purpose,universal,at_peace,63,-0.77,negative,True
j_0007324,u_02940,2025-01-31 09:11:00,good,anxiety,universal,questioning,93,-0.261,negative,True
j_0007325,u_02940,2025-02-05 17:36:00,good,relationships,light_islamic,at_peace,69,0.227,positive,True
j_0007326,u_02940,2025-02-15 14:45:00,neutral,faith,light_islamic,questioning,182,-0.121,neutral,True
j_0007327,u_02940,2025-02-18 16:07:00,low,anxiety,light_islamic,distant,48,-0.269,negative,True
j_0007328,u_02941,2025-08-07 14:19:00,grateful,purpose,universal,,55,0.333,positive,True
j_0007329,u_02941,2025-08-08 17:46:00,good,burnout,light_islamic,,54,0.321,positive,True
j_0007330,u_02941,2025-08-11 16:03:00,grateful,self,light_islamic,at_peace,54,0.701,positive,True
j_0007331,u_02941,2025-08-16 18:52:00,good,burnout,light_islamic,distant,61,0.429,positive,True
j_0007332,u_02945,2025-11-14 14:56:00,grateful,confidence,light_islamic,,54,0.303,positive,True
j_0007333,u_02945,2025-11-20 14:16:00,good,gratitude,light_islamic,questioning,72,0.763,positive,True
j_0007334,u_02945,2025-11-21 20:21:00,neutral,habits,light_islamic,distant,162,-0.08,neutral,True
j_0007335,u_02945,2025-11-23 14:08:00,good,purpose,universal,questioning,104,0.208,positive,True
j_0007336,u_02945,2025-11-25 12:46:00,grateful,relationships,universal,at_peace,60,0.305,positive,True
j_0007337,u_02945,2025-11-28 15:30:00,low,relationships,universal,questioning,56,0.096,neutral,True
j_0007338,u_02945,2025-12-06 22:08:00,neutral,purpose,light_islamic,at_peace,15,-0.148,neutral,True
j_0007339,u_02945,2025-12-07 12:42:00,good,work,universal,at_peace,36,0.355,positive,True
j_0007340,u_02948,2025-09-12 14:25:00,good,burnout,universal,,120,0.36,positive,True
j_0007341,u_02948,2025-09-20 21:17:00,neutral,gratitude,universal,at_peace,117,0.427,positive,True
j_0007342,u_02950,2025-11-15 19:30:00,very_low,confidence,light_islamic,,211,-1.0,negative,True
j_0007343,u_02950,2025-11-18 13:25:00,neutral,faith,light_islamic,,143,0.13,neutral,True
j_0007344,u_02950,2025-11-19 14:41:00,neutral,self,light_islamic,at_peace,141,-0.303,negative,True
j_0007345,u_02950,2025-11-24 08:34:00,neutral,habits,light_islamic,at_peace,158,0.16,positive,True
j_0007346,u_02950,2025-12-06 14:31:00,grateful,work,universal,questioning,39,0.62,positive,True
j_0007347,u_02950,2025-12-08 18:09:00,good,work,light_islamic,at_peace,40,-0.003,neutral,True
j_0007348,u_02950,2025-12-09 16:42:00,grateful,habits,universal,at_peace,30,0.785,positive,True
j_0007349,u_02950,2025-12-11 21:18:00,neutral,work,deeper_faith,questioning,76,0.043,neutral,True
j_0007350,u_02950,2025-12-14 14:12:00,good,work,universal,at_peace,33,0.37,positive,True
j_0007351,u_02955,2025-05-22 20:05:00,neutral,burnout,deeper_faith,,34,-0.394,negative,True
j_0007352,u_02955,2025-05-25 13:49:00,neutral,anxiety,deeper_faith,,64,-0.079,neutral,True
j_0007353,u_02955,2025-05-27 19:33:00,neutral,habits,light_islamic,distant,340,-0.179,negative,True
j_0007354,u_02955,2025-06-10 09:31:00,low,gratitude,universal,at_peace,45,-0.141,neutral,True
j_0007355,u_02955,2025-06-13 12:30:00,grateful,gratitude,universal,at_peace,125,0.343,positive,True
j_0007356,u_02956,2025-12-22 14:47:00,neutral,confidence,universal,at_peace,43,-0.03,neutral,True
j_0007357,u_02956,2025-12-28 14:53:00,neutral,self,deeper_faith,at_peace,125,0.165,positive,True
j_0007358,u_02956,2025-12-29 14:22:00,good,relationships,light_islamic,questioning,229,0.294,positive,True
j_0007359,u_02956,2025-12-30 21:45:00,low,relationships,universal,at_peace,32,-0.537,negative,True
j_0007360,u_02956,2026-01-04 19:09:00,neutral,confidence,light_islamic,at_peace,53,0.254,positive,True
j_0007361,u_02958,2025-08-12 16:34:00,good,self,universal,,20,-0.203,negative,True
j_0007362,u_02958,2025-08-23 15:23:00,neutral,anxiety,universal,questioning,93,0.028,neutral,True
j_0007363,u_02959,2025-10-04 16:22:00,good,relationships,light_islamic,,127,0.198,positive,True
j_0007364,u_02959,2025-10-07 10:18:00,low,relationships,light_islamic,,231,-0.397,negative,True
j_0007365,u_02959,2025-10-08 14:07:00,neutral,faith,universal,at_peace,71,0.073,neutral,True
j_0007366,u_02959,2025-10-14 09:02:00,neutral,work,deeper_faith,at_peace,114,0.199,positive,True
j_0007367,u_02959,2025-10-15 10:07:00,neutral,habits,universal,distant,28,-0.079,neutral,True
j_0007368,u_02959,2025-10-18 17:56:00,very_low,gratitude,deeper_faith,at_peace,254,-0.471,negative,True
j_0007369,u_02959,2025-10-30 08:19:00,good,anxiety,light_islamic,at_peace,72,0.398,positive,True
j_0007370,u_02961,2025-07-25 12:55:00,grateful,work,universal,,107,0.298,positive,True
j_0007371,u_02961,2025-07-26 13:02:00,good,habits,light_islamic,,156,0.455,positive,True
j_0007372,u_02961,2025-07-29 12:33:00,grateful,anxiety,deeper_faith,at_peace,84,0.318,positive,True
j_0007373,u_02961,2025-08-05 16:24:00,grateful,faith,light_islamic,at_peace,61,0.588,positive,True
j_0007374,u_02963,2025-07-21 16:45:00,neutral,work,deeper_faith,,53,0.148,neutral,True
j_0007375,u_02963,2025-07-25 12:41:00,good,confidence,light_islamic,distant,58,-0.034,neutral,True
j_0007376,u_02964,2025-05-19 08:51:00,low,gratitude,universal,,33,0.063,neutral,True
j_0007377,u_02964,2025-05-21 11:41:00,neutral,gratitude,universal,,95,0.36,positive,True
j_0007378,u_02964,2025-05-25 19:07:00,good,habits,light_islamic,at_peace,71,0.343,positive,True
j_0007379,u_02966,2025-07-01 20:30:00,grateful,confidence,light_islamic,,160,0.634,positive,True
j_0007380,u_02966,2025-07-05 21:23:00,grateful,self,universal,distant,31,0.662,positive,True
j_0007381,u_02966,2025-07-16 16:13:00,neutral,faith,universal,distant,12,-0.153,negative,True
j_0007382,u_02966,2025-07-23 16:00:00,grateful,purpose,universal,distant,58,0.719,positive,True
j_0007383,u_02966,2025-07-30 20:41:00,good,faith,universal,questioning,78,0.338,positive,True
j_0007384,u_02969,2025-05-31 17:25:00,neutral,anxiety,light_islamic,,135,0.371,positive,True
j_0007385,u_02969,2025-06-02 20:30:00,neutral,confidence,deeper_faith,,166,-0.13,neutral,True
j_0007386,u_02969,2025-06-04 19:06:00,neutral,habits,deeper_faith,at_peace,117,0.185,positive,True
j_0007387,u_02969,2025-06-06 10:24:00,low,burnout,light_islamic,at_peace,168,-0.521,negative,True
j_0007388,u_02969,2025-06-07 19:34:00,neutral,burnout,light_islamic,hurting,74,0.258,positive,True
j_0007389,u_02969,2025-06-10 21:25:00,grateful,gratitude,light_islamic,at_peace,57,0.443,positive,True
j_0007390,u_02969,2025-06-12 07:35:00,neutral,relationships,universal,questioning,108,0.14,neutral,True
j_0007391,u_02971,2025-11-24 13:55:00,good,gratitude,universal,,38,0.389,positive,True
j_0007392,u_02971,2025-11-25 07:33:00,good,habits,deeper_faith,,58,-0.161,negative,True
j_0007393,u_02971,2025-11-26 17:20:00,good,confidence,deeper_faith,,116,0.173,positive,True
j_0007394,u_02971,2025-11-29 11:37:00,good,habits,light_islamic,at_peace,38,0.333,positive,True
j_0007395,u_02971,2025-12-09 19:13:00,good,work,deeper_faith,at_peace,22,0.436,positive,True
j_0007396,u_02971,2025-12-22 21:09:00,neutral,work,universal,questioning,56,0.229,positive,True
j_0007397,u_02973,2025-03-03 17:40:00,low,gratitude,light_islamic,,71,-0.454,negative,True
j_0007398,u_02973,2025-03-05 08:26:00,good,self,universal,,210,0.15,neutral,True
j_0007399,u_02973,2025-03-08 07:31:00,grateful,habits,universal,questioning,24,0.28,positive,True
j_0007400,u_02973,2025-03-15 18:32:00,neutral,purpose,light_islamic,questioning,21,0.23,positive,True
j_0007401,u_02973,2025-03-18 18:16:00,good,anxiety,universal,at_peace,81,0.273,positive,True
j_0007402,u_02973,2025-03-20 09:44:00,neutral,relationships,universal,questioning,80,0.259,positive,True
j_0007403,u_02973,2025-03-23 18:28:00,neutral,faith,universal,questioning,136,-0.025,neutral,True
j_0007404,u_02974,2025-11-15 17:40:00,low,confidence,deeper_faith,questioning,17,-0.05,neutral,True
j_0007405,u_02974,2025-11-20 09:11:00,grateful,relationships,universal,distant,177,0.58,positive,True
j_0007406,u_02974,2025-11-23 11:19:00,good,burnout,deeper_faith,questioning,103,0.363,positive,True
j_0007407,u_02974,2025-11-24 16:49:00,grateful,gratitude,light_islamic,questioning,113,0.962,positive,True
j_0007408,u_02976,2025-09-08 09:34:00,neutral,gratitude,light_islamic,,293,-0.126,neutral,True
j_0007409,u_02976,2025-09-11 18:14:00,good,work,light_islamic,,56,0.334,positive,True
j_0007410,u_02976,2025-09-14 18:11:00,neutral,relationships,deeper_faith,at_peace,113,0.37,positive,True
j_0007411,u_02976,2025-09-17 08:06:00,good,gratitude,deeper_faith,at_peace,23,0.145,neutral,True
j_0007412,u_02976,2025-09-18 09:23:00,very_low,habits,light_islamic,at_peace,79,-0.49,negative,True
j_0007413,u_02976,2025-10-03 11:26:00,low,confidence,universal,at_peace,36,-0.107,neutral,True
j_0007414,u_02977,2025-09-03 14:20:00,grateful,confidence,light_islamic,,58,0.718,positive,True
j_0007415,u_02977,2025-09-07 19:39:00,very_low,faith,universal,hurting,125,-0.726,negative,True
j_0007416,u_02977,2025-09-14 14:44:00,good,burnout,light_islamic,at_peace,46,0.068,neutral,True
j_0007417,u_02977,2025-09-21 14:41:00,low,self,light_islamic,hurting,512,-0.282,negative,True
j_0007418,u_02977,2025-09-24 07:40:00,good,faith,universal,at_peace,275,0.184,positive,True
j_0007419,u_02979,2025-07-15 08:12:00,good,faith,light_islamic,at_peace,136,0.183,positive,True
j_0007420,u_02980,2025-07-01 17:24:00,good,confidence,light_islamic,,74,0.382,positive,True
j_0007421,u_02980,2025-07-06 15:25:00,good,anxiety,universal,at_peace,81,0.461,positive,True
j_0007422,u_02980,2025-07-11 11:48:00,good,burnout,universal,questioning,109,0.31,positive,True
j_0007423,u_02980,2025-07-13 09:07:00,very_low,work,deeper_faith,distant,61,-0.628,negative,True
j_0007424,u_02980,2025-07-20 21:44:00,neutral,self,universal,at_peace,90,-0.165,negative,True
j_0007425,u_02980,2025-07-23 16:10:00,good,relationships,light_islamic,distant,328,0.224,positive,True
j_0007426,u_02982,2025-06-25 19:17:00,neutral,work,universal,,93,0.49,positive,True
j_0007427,u_02982,2025-06-28 14:44:00,grateful,relationships,light_islamic,,152,0.431,positive,True
j_0007428,u_02982,2025-07-01 19:50:00,neutral,faith,universal,at_peace,45,-0.089,neutral,True
j_0007429,u_02982,2025-07-02 09:53:00,good,confidence,light_islamic,distant,31,0.47,positive,True
j_0007430,u_02982,2025-07-10 19:57:00,very_low,burnout,universal,at_peace,136,-0.582,negative,True
j_0007431,u_02982,2025-07-13 12:57:00,neutral,burnout,light_islamic,at_peace,58,0.259,positive,True
j_0007432,u_02982,2025-07-18 11:13:00,low,confidence,universal,at_peace,92,-0.244,negative,True
j_0007433,u_02982,2025-07-19 15:38:00,neutral,work,universal,at_peace,165,0.073,neutral,True
j_0007434,u_02982,2025-07-20 10:06:00,neutral,gratitude,deeper_faith,distant,35,0.339,positive,True
j_0007435,u_02982,2025-07-23 21:16:00,very_low,purpose,light_islamic,distant,202,-0.69,negative,True
j_0007436,u_02984,2025-11-04 12:44:00,low,habits,deeper_faith,,114,-0.374,negative,True
j_0007437,u_02984,2025-11-06 13:46:00,neutral,confidence,universal,,96,0.096,neutral,True
j_0007438,u_02984,2025-11-07 15:18:00,neutral,habits,light_islamic,,34,-0.175,negative,True
j_0007439,u_02984,2025-11-10 18:06:00,good,anxiety,light_islamic,distant,60,-0.039,neutral,True
j_0007440,u_02984,2025-11-14 13:20:00,good,gratitude,deeper_faith,at_peace,90,0.236,positive,True
j_0007441,u_02984,2025-11-19 13:57:00,good,confidence,light_islamic,hurting,579,0.281,positive,True
j_0007442,u_02985,2025-07-11 12:09:00,neutral,anxiety,light_islamic,,35,0.164,positive,True
j_0007443,u_02985,2025-07-15 14:30:00,good,confidence,deeper_faith,distant,79,0.161,positive,True
j_0007444,u_02985,2025-07-17 13:28:00,neutral,anxiety,universal,at_peace,232,-0.062,neutral,True
j_0007445,u_02985,2025-07-23 11:44:00,good,habits,universal,questioning,98,0.17,positive,True
j_0007446,u_02985,2025-07-26 17:20:00,low,self,light_islamic,distant,49,-0.272,negative,True
j_0007447,u_02986,2025-03-22 10:44:00,good,work,universal,,43,0.365,positive,True
j_0007448,u_02986,2025-03-23 09:02:00,good,work,universal,,66,0.146,neutral,True
j_0007449,u_02986,2025-03-24 13:58:00,grateful,work,light_islamic,,115,0.145,neutral,True
j_0007450,u_02986,2025-03-26 15:10:00,neutral,faith,deeper_faith,at_peace,35,-0.175,negative,True
j_0007451,u_02986,2025-03-27 14:35:00,neutral,habits,universal,distant,61,-0.194,negative,True
j_0007452,u_02986,2025-03-30 09:20:00,neutral,gratitude,universal,questioning,55,-0.11,neutral,True
j_0007453,u_02986,2025-04-01 13:38:00,grateful,purpose,universal,questioning,73,0.668,positive,True
j_0007454,u_02986,2025-04-02 11:47:00,low,relationships,light_islamic,distant,75,-0.176,negative,True
j_0007455,u_02986,2025-04-08 10:55:00,low,self,light_islamic,at_peace,89,-0.24,negative,True
j_0007456,u_02986,2025-04-13 09:03:00,neutral,burnout,universal,distant,122,-0.413,negative,True
j_0007457,u_02986,2025-04-17 19:33:00,grateful,purpose,light_islamic,at_peace,47,0.133,neutral,True
j_0007458,u_02986,2025-04-21 07:21:00,low,anxiety,deeper_faith,at_peace,77,-0.186,negative,True
j_0007459,u_02988,2025-04-19 12:18:00,good,faith,universal,,46,0.273,positive,True
j_0007460,u_02992,2025-09-11 08:38:00,neutral,anxiety,deeper_faith,,33,0.01,neutral,True
j_0007461,u_02992,2025-09-12 14:03:00,good,gratitude,light_islamic,,442,0.548,positive,True
j_0007462,u_02992,2025-09-13 19:49:00,low,habits,light_islamic,,15,-0.385,negative,True
j_0007463,u_02992,2025-09-17 21:42:00,low,purpose,deeper_faith,at_peace,39,-0.225,negative,True
j_0007464,u_02992,2025-09-22 21:29:00,good,habits,deeper_faith,questioning,95,-0.339,negative,True
j_0007465,u_02992,2025-10-06 16:22:00,good,habits,deeper_faith,questioning,58,0.353,positive,True
j_0007466,u_02999,2025-04-19 09:07:00,grateful,work,light_islamic,,12,0.344,positive,True
j_0007467,u_02999,2025-04-28 13:44:00,neutral,burnout,light_islamic,questioning,33,0.016,neutral,True
j_0007468,u_02999,2025-05-11 18:48:00,good,purpose,universal,at_peace,31,0.669,positive,True
j_0007469,u_02999,2025-05-17 20:54:00,neutral,anxiety,deeper_faith,at_peace,224,-0.272,negative,True
