notification_id,user_id,sent_at,notification_type,delivery_status,tapped,tapped_at
n_0000001,u_01128,2025-05-23 14:00:00,inspire,delivered,False,
n_0000002,u_00063,2025-05-10 16:00:00,programme_day,delivered,True,2025-05-10 16:04:00
n_0000003,u_00063,2025-05-07 12:00:00,daily_reflection,delivered,False,
n_0000004,u_01098,2025-12-08 10:00:00,programme_day,delivered,False,
n_0000005,u_01098,2025-12-15 13:00:00,programme_day,delivered,False,
n_0000006,u_02800,2025-08-05 11:00:00,inspire,delivered,False,
n_0000007,u_02800,2025-08-03 09:00:00,daily_reflection,delivered,False,
n_0000008,u_02800,2025-08-02 11:00:00,daily_reflection,delivered,False,
n_0000009,u_01809,2025-02-13 08:00:00,inspire,delivered,False,
n_0000010,u_00401,2025-05-23 17:00:00,inspire,delivered,False,
n_0000011,u_02788,2026-01-08 13:00:00,daily_reflection,delivered,False,
n_0000012,u_02788,2025-12-31 18:00:00,daily_reflection,delivered,True,2025-12-31 18:05:00
n_0000013,u_02788,2026-01-05 13:00:00,inspire,delivered,False,
n_0000014,u_00895,2025-09-28 09:00:00,inspire,delivered,False,
n_0000015,u_01932,2025-11-24 18:00:00,daily_reflection,delivered,False,
n_0000016,u_01932,2025-12-03 10:00:00,daily_reflection,delivered,False,
n_0000017,u_01932,2025-11-29 14:00:00,daily_reflection,delivered,False,
n_0000018,u_01042,2025-08-28 08:00:00,programme_day,delivered,False,
n_0000019,u_00969,2025-10-31 18:00:00,daily_reflection,delivered,False,
n_0000020,u_00969,2025-11-08 19:00:00,daily_reflection,delivered,True,2025-11-08 21:37:00
n_0000021,u_00708,2025-07-27 11:00:00,inspire,delivered,False,
n_0000022,u_00904,2025-04-05 08:00:00,inspire,delivered,True,2025-04-05 08:37:00
n_0000023,u_00904,2025-04-02 14:00:00,programme_day,delivered,False,
n_0000024,u_00904,2025-04-01 10:00:00,daily_reflection,delivered,False,
n_0000025,u_01122,2025-12-16 12:00:00,daily_reflection,delivered,False,
n_0000026,u_01122,2025-12-25 08:00:00,programme_day,delivered,False,
n_0000027,u_01122,2025-12-21 11:00:00,programme_day,delivered,True,2025-12-21 12:04:00
n_0000028,u_00342,2025-11-17 13:00:00,inspire,delivered,True,2025-11-17 13:55:00
n_0000029,u_00342,2025-11-18 20:00:00,daily_reflection,delivered,False,
n_0000030,u_02979,2025-06-19 10:00:00,programme_day,delivered,False,
n_0000031,u_02979,2025-06-24 20:00:00,daily_reflection,delivered,False,
n_0000032,u_02979,2025-06-20 13:00:00,inspire,delivered,False,
n_0000033,u_00051,2025-12-06 16:00:00,inspire,delivered,False,
n_0000034,u_01950,2025-10-20 08:00:00,inspire,delivered,False,
n_0000035,u_01950,2025-10-09 08:00:00,daily_reflection,delivered,False,
n_0000036,u_01729,2025-11-21 16:00:00,inspire,delivered,True,2025-11-21 18:25:00
n_0000037,u_01729,2025-11-30 11:00:00,daily_reflection,delivered,True,2025-11-30 13:44:00
n_0000038,u_01729,2025-11-27 11:00:00,programme_day,delivered,False,
n_0000039,u_01945,2026-01-06 08:00:00,inspire,delivered,False,
n_0000040,u_01945,2025-12-19 20:00:00,daily_reflection,delivered,False,
n_0000041,u_01945,2026-01-02 15:00:00,inspire,delivered,False,
n_0000042,u_02664,2025-02-10 19:00:00,inspire,delivered,False,
n_0000043,u_02942,2025-07-05 19:00:00,daily_reflection,delivered,False,
n_0000044,u_02942,2025-07-04 20:00:00,daily_reflection,delivered,False,
n_0000045,u_01022,2025-08-08 19:00:00,daily_reflection,delivered,False,
n_0000046,u_01022,2025-08-17 18:00:00,daily_reflection,delivered,False,
n_0000047,u_01033,2025-03-21 12:00:00,daily_reflection,delivered,False,
n_0000048,u_01033,2025-03-22 18:00:00,programme_day,delivered,False,
n_0000049,u_01033,2025-03-07 14:00:00,inspire,delivered,False,
n_0000050,u_02317,2026-01-09 13:00:00,programme_day,delivered,False,
n_0000051,u_02815,2025-09-28 08:00:00,daily_reflection,delivered,False,
n_0000052,u_02815,2025-09-03 20:00:00,daily_reflection,delivered,False,
n_0000053,u_02815,2025-09-03 11:00:00,inspire,delivered,False,
n_0000054,u_00757,2025-12-06 17:00:00,programme_day,delivered,True,2025-12-06 19:25:00
n_0000055,u_00757,2025-12-09 19:00:00,inspire,delivered,False,
n_0000056,u_02906,2025-09-09 09:00:00,inspire,delivered,False,
n_0000057,u_01654,2025-12-09 10:00:00,inspire,delivered,False,
n_0000058,u_01654,2025-12-14 17:00:00,inspire,delivered,False,
n_0000059,u_01654,2025-12-04 11:00:00,inspire,delivered,False,
n_0000060,u_01520,2025-12-20 18:00:00,inspire,delivered,False,
n_0000061,u_01520,2025-12-05 19:00:00,daily_reflection,delivered,False,
n_0000062,u_01344,2025-10-26 14:00:00,daily_reflection,delivered,True,2025-10-26 14:07:00
n_0000063,u_01344,2025-10-16 20:00:00,inspire,delivered,False,
n_0000064,u_01344,2025-10-29 09:00:00,programme_day,delivered,False,
n_0000065,u_01330,2025-06-25 16:00:00,inspire,delivered,True,2025-06-25 17:49:00
n_0000066,u_00503,2025-05-27 19:00:00,daily_reflection,delivered,False,
n_0000067,u_01375,2025-06-24 19:00:00,inspire,delivered,False,
n_0000068,u_01775,2025-10-27 13:00:00,programme_day,delivered,False,
n_0000069,u_01394,2026-01-06 16:00:00,programme_day,delivered,False,
n_0000070,u_01394,2026-01-15 11:00:00,inspire,delivered,True,2026-01-15 11:21:00
n_0000071,u_00939,2025-02-03 13:00:00,daily_reflection,delivered,False,
n_0000072,u_00939,2025-02-06 17:00:00,daily_reflection,delivered,False,
n_0000073,u_00568,2025-02-04 15:00:00,daily_reflection,delivered,True,2025-02-04 16:40:00
n_0000074,u_01834,2025-10-05 11:00:00,inspire,delivered,False,
n_0000075,u_01834,2025-10-17 15:00:00,daily_reflection,delivered,False,
n_0000076,u_01834,2025-10-19 10:00:00,programme_day,delivered,False,
n_0000077,u_02452,2025-08-03 11:00:00,programme_day,delivered,False,
n_0000078,u_02452,2025-08-07 17:00:00,inspire,delivered,False,
n_0000079,u_02452,2025-08-06 10:00:00,daily_reflection,delivered,False,
n_0000080,u_01726,2025-03-29 08:00:00,daily_reflection,delivered,False,
n_0000081,u_01726,2025-03-24 14:00:00,inspire,delivered,False,
n_0000082,u_00945,2025-03-01 18:00:00,daily_reflection,delivered,False,
n_0000083,u_00945,2025-03-02 15:00:00,daily_reflection,delivered,False,
n_0000084,u_00945,2025-03-08 20:00:00,inspire,delivered,False,
n_0000085,u_01452,2025-02-04 17:00:00,daily_reflection,delivered,True,2025-02-04 19:14:00
n_0000086,u_01452,2025-01-18 10:00:00,inspire,delivered,False,
n_0000087,u_01452,2025-01-25 12:00:00,daily_reflection,delivered,True,2025-01-25 12:49:00
n_0000088,u_01442,2025-04-13 11:00:00,inspire,delivered,False,
n_0000089,u_01442,2025-04-16 16:00:00,inspire,delivered,False,
n_0000090,u_00262,2025-12-23 14:00:00,daily_reflection,delivered,False,
n_0000091,u_00885,2025-11-08 13:00:00,programme_day,delivered,True,2025-11-08 13:50:00
n_0000092,u_00885,2025-11-30 20:00:00,programme_day,delivered,True,2025-11-30 20:01:00
n_0000093,u_02611,2025-09-09 08:00:00,inspire,delivered,False,
n_0000094,u_00679,2025-01-05 13:00:00,inspire,delivered,False,
n_0000095,u_00679,2025-01-27 14:00:00,inspire,delivered,True,2025-01-27 15:39:00
n_0000096,u_00679,2025-01-14 16:00:00,daily_reflection,delivered,True,2025-01-14 17:16:00
n_0000097,u_00702,2025-01-17 10:00:00,programme_day,delivered,False,
n_0000098,u_00702,2025-01-24 19:00:00,programme_day,delivered,False,
n_0000099,u_01248,2025-12-29 19:00:00,daily_reflection,delivered,False,
n_0000100,u_01248,2025-12-20 12:00:00,inspire,delivered,False,
n_0000101,u_01959,2025-02-05 17:00:00,inspire,delivered,False,
n_0000102,u_01262,2025-09-24 18:00:00,daily_reflection,delivered,False,
n_0000103,u_01262,2025-09-09 14:00:00,daily_reflection,delivered,False,
n_0000104,u_01262,2025-09-13 15:00:00,inspire,delivered,True,2025-09-13 17:09:00
n_0000105,u_02701,2025-08-03 12:00:00,daily_reflection,delivered,True,2025-08-03 13:58:00
n_0000106,u_02701,2025-07-23 17:00:00,daily_reflection,delivered,False,
n_0000107,u_01277,2025-12-31 16:00:00,daily_reflection,delivered,False,
n_0000108,u_01277,2026-01-01 20:00:00,daily_reflection,delivered,False,
n_0000109,u_02051,2025-07-09 15:00:00,daily_reflection,delivered,True,2025-07-09 17:34:00
n_0000110,u_02051,2025-06-13 10:00:00,inspire,delivered,True,2025-06-13 11:42:00
n_0000111,u_02051,2025-07-08 16:00:00,inspire,delivered,True,2025-07-08 17:45:00
n_0000112,u_00215,2025-05-16 11:00:00,daily_reflection,failed,False,
n_0000113,u_00215,2025-05-28 18:00:00,daily_reflection,delivered,False,
n_0000114,u_00215,2025-05-14 11:00:00,daily_reflection,delivered,False,
n_0000115,u_02110,2025-04-18 18:00:00,inspire,delivered,False,
n_0000116,u_00671,2025-07-24 18:00:00,daily_reflection,delivered,True,2025-07-24 18:34:00
n_0000117,u_02315,2025-09-25 18:00:00,inspire,delivered,True,2025-09-25 20:03:00
n_0000118,u_00260,2025-10-18 18:00:00,daily_reflection,delivered,False,
n_0000119,u_00260,2025-10-30 08:00:00,daily_reflection,delivered,False,
n_0000120,u_00260,2025-10-29 15:00:00,programme_day,delivered,False,
n_0000121,u_00722,2025-10-20 09:00:00,daily_reflection,delivered,True,2025-10-20 09:55:00
n_0000122,u_00722,2025-10-18 12:00:00,inspire,delivered,False,
n_0000123,u_00468,2025-11-29 14:00:00,inspire,delivered,False,
n_0000124,u_00468,2025-12-03 10:00:00,daily_reflection,delivered,False,
n_0000125,u_00330,2025-11-13 14:00:00,daily_reflection,delivered,False,
n_0000126,u_00330,2025-10-25 16:00:00,programme_day,delivered,False,
n_0000127,u_01518,2025-08-04 16:00:00,daily_reflection,delivered,False,
n_0000128,u_02235,2025-02-11 10:00:00,daily_reflection,delivered,True,2025-02-11 11:47:00
n_0000129,u_01151,2025-07-27 11:00:00,inspire,delivered,True,2025-07-27 12:51:00
n_0000130,u_01151,2025-08-21 14:00:00,inspire,delivered,False,
n_0000131,u_01151,2025-07-26 12:00:00,inspire,delivered,False,
n_0000132,u_02561,2026-01-08 20:00:00,inspire,delivered,False,
n_0000133,u_00047,2025-03-23 08:00:00,daily_reflection,failed,False,
n_0000134,u_00047,2025-03-28 09:00:00,inspire,delivered,False,
n_0000135,u_00047,2025-03-18 09:00:00,programme_day,delivered,False,
n_0000136,u_02076,2025-11-18 13:00:00,inspire,delivered,False,
n_0000137,u_01169,2025-02-16 10:00:00,programme_day,delivered,False,
n_0000138,u_01169,2025-01-28 15:00:00,programme_day,delivered,False,
n_0000139,u_01169,2025-02-05 14:00:00,inspire,delivered,False,
n_0000140,u_00498,2025-06-15 12:00:00,programme_day,delivered,False,
n_0000141,u_02198,2025-09-13 14:00:00,daily_reflection,delivered,False,
n_0000142,u_02425,2025-02-19 18:00:00,programme_day,delivered,False,
n_0000143,u_02425,2025-03-14 09:00:00,inspire,delivered,False,
n_0000144,u_02425,2025-02-26 18:00:00,inspire,delivered,False,
n_0000145,u_02981,2025-04-27 16:00:00,daily_reflection,failed,False,
n_0000146,u_02981,2025-05-06 18:00:00,programme_day,delivered,False,
n_0000147,u_02981,2025-05-02 17:00:00,programme_day,delivered,False,
n_0000148,u_00231,2025-12-14 10:00:00,programme_day,delivered,True,2025-12-14 10:53:00
n_0000149,u_00231,2025-12-28 12:00:00,inspire,delivered,False,
n_0000150,u_00520,2025-11-19 11:00:00,inspire,delivered,False,
n_0000151,u_00520,2025-11-27 19:00:00,programme_day,delivered,True,2025-11-27 19:31:00
n_0000152,u_02398,2025-08-14 08:00:00,daily_reflection,delivered,False,
n_0000153,u_02398,2025-09-02 10:00:00,programme_day,delivered,False,
n_0000154,u_02682,2025-04-25 09:00:00,daily_reflection,delivered,True,2025-04-25 09:48:00
n_0000155,u_02682,2025-05-03 16:00:00,daily_reflection,delivered,True,2025-05-03 17:54:00
n_0000156,u_02682,2025-05-01 17:00:00,daily_reflection,delivered,False,
n_0000157,u_00459,2025-07-21 18:00:00,programme_day,delivered,False,
n_0000158,u_00459,2025-07-26 11:00:00,inspire,delivered,False,
n_0000159,u_01519,2025-08-03 09:00:00,daily_reflection,delivered,True,2025-08-03 09:17:00
n_0000160,u_02900,2026-01-10 11:00:00,daily_reflection,delivered,True,2026-01-10 13:54:00
n_0000161,u_01843,2025-07-31 17:00:00,daily_reflection,delivered,False,
n_0000162,u_01843,2025-08-11 16:00:00,inspire,delivered,False,
n_0000163,u_02208,2025-05-30 19:00:00,programme_day,delivered,False,
n_0000164,u_01045,2026-01-17 14:00:00,programme_day,delivered,False,
n_0000165,u_01045,2026-01-09 09:00:00,daily_reflection,delivered,False,
n_0000166,u_01045,2026-01-12 20:00:00,inspire,delivered,False,
n_0000167,u_01611,2025-09-21 12:00:00,daily_reflection,delivered,False,
n_0000168,u_01962,2025-08-22 08:00:00,inspire,delivered,True,2025-08-22 08:34:00
n_0000169,u_01962,2025-09-17 19:00:00,daily_reflection,delivered,False,
n_0000170,u_02905,2025-08-05 16:00:00,inspire,delivered,False,
n_0000171,u_02905,2025-08-04 14:00:00,inspire,delivered,True,2025-08-04 14:44:00
n_0000172,u_02648,2025-11-02 08:00:00,inspire,delivered,True,2025-11-02 09:45:00
n_0000173,u_00862,2025-06-25 08:00:00,daily_reflection,delivered,False,
n_0000174,u_00862,2025-07-10 09:00:00,programme_day,delivered,True,2025-07-10 09:16:00
n_0000175,u_00862,2025-07-17 18:00:00,inspire,delivered,False,
n_0000176,u_00174,2025-05-28 12:00:00,inspire,delivered,False,
n_0000177,u_02945,2025-11-21 12:00:00,inspire,delivered,False,
n_0000178,u_02061,2026-01-09 10:00:00,daily_reflection,delivered,False,
n_0000179,u_02061,2026-01-27 08:00:00,daily_reflection,delivered,False,
n_0000180,u_02825,2025-08-31 17:00:00,inspire,delivered,False,
n_0000181,u_02825,2025-09-22 09:00:00,inspire,delivered,False,
n_0000182,u_02825,2025-08-24 17:00:00,daily_reflection,delivered,False,
n_0000183,u_02634,2025-07-12 14:00:00,programme_day,delivered,True,2025-07-12 14:43:00
n_0000184,u_02634,2025-07-08 18:00:00,daily_reflection,delivered,True,2025-07-08 20:04:00
n_0000185,u_01882,2025-08-14 14:00:00,daily_reflection,delivered,False,
n_0000186,u_02457,2025-06-27 08:00:00,programme_day,delivered,False,
n_0000187,u_02457,2025-06-26 13:00:00,programme_day,delivered,True,2025-06-26 14:16:00
n_0000188,u_02499,2025-05-31 19:00:00,programme_day,delivered,False,
n_0000189,u_02499,2025-06-04 12:00:00,programme_day,delivered,False,
n_0000190,u_01681,2025-03-18 15:00:00,daily_reflection,delivered,False,
n_0000191,u_01681,2025-03-28 11:00:00,daily_reflection,delivered,False,
n_0000192,u_00016,2025-03-16 18:00:00,daily_reflection,delivered,False,
n_0000193,u_01710,2025-06-07 10:00:00,daily_reflection,delivered,True,2025-06-07 10:35:00
n_0000194,u_01710,2025-06-05 10:00:00,programme_day,delivered,False,
n_0000195,u_01710,2025-05-27 10:00:00,inspire,delivered,False,
n_0000196,u_00074,2025-11-16 14:00:00,inspire,delivered,False,
n_0000197,u_00074,2025-10-27 15:00:00,programme_day,delivered,False,
n_0000198,u_01672,2025-12-02 08:00:00,daily_reflection,delivered,False,
n_0000199,u_02173,2025-12-07 11:00:00,inspire,delivered,True,2025-12-07 13:12:00
n_0000200,u_01594,2025-02-09 16:00:00,inspire,delivered,True,2025-02-09 18:16:00
n_0000201,u_01594,2025-02-19 16:00:00,programme_day,delivered,True,2025-02-19 17:01:00
n_0000202,u_01594,2025-02-26 11:00:00,inspire,delivered,False,
n_0000203,u_02980,2025-07-21 11:00:00,daily_reflection,delivered,False,
n_0000204,u_02996,2025-06-30 15:00:00,daily_reflection,delivered,False,
n_0000205,u_00924,2025-04-18 20:00:00,daily_reflection,delivered,False,
n_0000206,u_00924,2025-05-15 10:00:00,programme_day,delivered,False,
n_0000207,u_02567,2025-04-26 19:00:00,inspire,delivered,False,
n_0000208,u_02567,2025-04-25 17:00:00,daily_reflection,delivered,False,
n_0000209,u_02567,2025-04-10 09:00:00,daily_reflection,delivered,False,
n_0000210,u_00868,2025-04-08 09:00:00,inspire,delivered,False,
n_0000211,u_02536,2026-01-17 18:00:00,daily_reflection,delivered,False,
n_0000212,u_02240,2025-09-09 17:00:00,inspire,delivered,False,
n_0000213,u_02396,2025-02-24 11:00:00,daily_reflection,delivered,False,
n_0000214,u_02396,2025-02-20 11:00:00,daily_reflection,delivered,False,
n_0000215,u_00485,2025-02-12 08:00:00,daily_reflection,delivered,False,
n_0000216,u_02487,2025-05-13 12:00:00,daily_reflection,delivered,False,
n_0000217,u_01185,2025-02-15 19:00:00,inspire,delivered,False,
n_0000218,u_01185,2025-02-16 09:00:00,daily_reflection,delivered,True,2025-02-16 09:29:00
n_0000219,u_01185,2025-02-07 16:00:00,inspire,delivered,False,
n_0000220,u_01380,2025-04-04 09:00:00,programme_day,delivered,True,2025-04-04 09:17:00
n_0000221,u_00516,2025-10-02 14:00:00,inspire,delivered,False,
n_0000222,u_00516,2025-09-28 11:00:00,inspire,delivered,False,
n_0000223,u_00516,2025-10-11 19:00:00,programme_day,delivered,False,
n_0000224,u_00755,2025-07-16 16:00:00,programme_day,delivered,False,
n_0000225,u_01511,2025-12-26 15:00:00,daily_reflection,delivered,False,
n_0000226,u_01511,2026-01-14 13:00:00,inspire,delivered,False,
n_0000227,u_00637,2025-08-23 18:00:00,daily_reflection,delivered,False,
n_0000228,u_00741,2025-10-07 16:00:00,daily_reflection,delivered,False,
n_0000229,u_00741,2025-10-23 20:00:00,programme_day,delivered,False,
n_0000230,u_00741,2025-10-03 09:00:00,inspire,delivered,False,
n_0000231,u_00214,2026-01-01 14:00:00,daily_reflection,delivered,False,
n_0000232,u_01486,2025-12-17 17:00:00,inspire,delivered,True,2025-12-17 19:44:00
n_0000233,u_01486,2026-01-03 13:00:00,programme_day,delivered,False,
n_0000234,u_01486,2025-12-31 08:00:00,daily_reflection,delivered,True,2025-12-31 10:01:00
n_0000235,u_00641,2025-01-30 11:00:00,daily_reflection,delivered,False,
n_0000236,u_00641,2025-02-03 20:00:00,daily_reflection,delivered,False,
n_0000237,u_00641,2025-02-19 18:00:00,inspire,delivered,False,
n_0000238,u_01290,2025-10-02 15:00:00,inspire,delivered,False,
n_0000239,u_01290,2025-10-09 19:00:00,inspire,delivered,False,
n_0000240,u_01290,2025-10-16 14:00:00,programme_day,delivered,True,2025-10-16 14:16:00
n_0000241,u_01129,2025-01-19 11:00:00,daily_reflection,delivered,False,
n_0000242,u_01129,2025-02-12 15:00:00,programme_day,delivered,False,
n_0000243,u_01552,2025-08-23 18:00:00,programme_day,delivered,False,
n_0000244,u_01552,2025-08-06 20:00:00,programme_day,delivered,True,2025-08-06 20:49:00
n_0000245,u_01552,2025-08-15 08:00:00,programme_day,delivered,True,2025-08-15 10:45:00
n_0000246,u_01005,2025-06-01 19:00:00,daily_reflection,delivered,False,
n_0000247,u_01005,2025-05-14 13:00:00,daily_reflection,delivered,True,2025-05-14 14:36:00
n_0000248,u_02652,2026-01-10 15:00:00,daily_reflection,delivered,True,2026-01-10 17:18:00
n_0000249,u_02652,2026-01-03 17:00:00,programme_day,delivered,False,
n_0000250,u_01585,2025-11-20 10:00:00,daily_reflection,delivered,False,
n_0000251,u_01281,2025-09-30 17:00:00,programme_day,delivered,False,
n_0000252,u_01281,2025-09-21 18:00:00,inspire,delivered,True,2025-09-21 18:48:00
n_0000253,u_02159,2025-12-26 13:00:00,daily_reflection,delivered,False,
n_0000254,u_01419,2025-06-08 20:00:00,programme_day,delivered,True,2025-06-08 22:48:00
n_0000255,u_01419,2025-05-30 19:00:00,inspire,delivered,True,2025-05-30 19:43:00
n_0000256,u_00578,2025-08-26 19:00:00,inspire,delivered,False,
n_0000257,u_00578,2025-08-11 15:00:00,programme_day,delivered,False,
n_0000258,u_02607,2025-08-03 16:00:00,daily_reflection,delivered,False,
n_0000259,u_02607,2025-07-08 08:00:00,inspire,delivered,False,
n_0000260,u_02607,2025-08-02 17:00:00,programme_day,delivered,True,2025-08-02 18:38:00
n_0000261,u_00019,2025-05-31 09:00:00,programme_day,delivered,False,
n_0000262,u_00019,2025-05-18 16:00:00,programme_day,delivered,True,2025-05-18 18:50:00
n_0000263,u_00019,2025-05-30 15:00:00,inspire,delivered,False,
n_0000264,u_02835,2025-01-27 12:00:00,daily_reflection,delivered,True,2025-01-27 13:34:00
n_0000265,u_01231,2025-10-07 13:00:00,inspire,delivered,False,
n_0000266,u_00071,2025-10-18 20:00:00,daily_reflection,delivered,True,2025-10-18 22:31:00
n_0000267,u_00071,2025-10-15 14:00:00,daily_reflection,delivered,True,2025-10-15 14:46:00
n_0000268,u_02333,2025-10-07 11:00:00,daily_reflection,delivered,True,2025-10-07 11:10:00
n_0000269,u_00453,2025-08-31 11:00:00,inspire,delivered,False,
n_0000270,u_00453,2025-09-04 13:00:00,programme_day,delivered,True,2025-09-04 13:06:00
n_0000271,u_00453,2025-09-19 10:00:00,inspire,delivered,False,
n_0000272,u_02339,2025-02-21 13:00:00,inspire,delivered,True,2025-02-21 14:44:00
n_0000273,u_02339,2025-02-26 18:00:00,programme_day,delivered,False,
n_0000274,u_02339,2025-03-01 17:00:00,daily_reflection,delivered,False,
n_0000275,u_01114,2025-10-06 09:00:00,programme_day,delivered,False,
n_0000276,u_00229,2025-09-08 09:00:00,daily_reflection,delivered,False,
n_0000277,u_01365,2025-06-14 12:00:00,inspire,delivered,False,
n_0000278,u_01245,2025-01-24 13:00:00,daily_reflection,delivered,False,
n_0000279,u_00676,2025-12-11 09:00:00,daily_reflection,delivered,False,
n_0000280,u_00676,2025-11-28 13:00:00,programme_day,delivered,False,
n_0000281,u_00676,2025-11-27 19:00:00,daily_reflection,delivered,True,2025-11-27 21:56:00
n_0000282,u_02756,2026-01-02 10:00:00,inspire,delivered,False,
n_0000283,u_02756,2026-01-11 14:00:00,inspire,delivered,False,
n_0000284,u_01913,2025-07-02 19:00:00,inspire,delivered,False,
n_0000285,u_00698,2025-05-23 11:00:00,inspire,delivered,False,
n_0000286,u_02890,2025-12-17 09:00:00,daily_reflection,delivered,True,2025-12-17 11:53:00
n_0000287,u_02873,2025-12-14 14:00:00,inspire,delivered,False,
n_0000288,u_02873,2025-12-09 13:00:00,daily_reflection,delivered,False,
n_0000289,u_02806,2025-12-16 11:00:00,daily_reflection,delivered,True,2025-12-16 12:13:00
n_0000290,u_02806,2025-12-17 16:00:00,inspire,delivered,True,2025-12-17 18:53:00
n_0000291,u_02806,2025-12-08 12:00:00,daily_reflection,delivered,False,
n_0000292,u_02424,2025-02-23 17:00:00,inspire,delivered,True,2025-02-23 18:09:00
n_0000293,u_02424,2025-03-15 08:00:00,inspire,delivered,False,
n_0000294,u_02580,2025-08-19 09:00:00,inspire,delivered,True,2025-08-19 11:49:00
n_0000295,u_02580,2025-09-15 17:00:00,daily_reflection,delivered,True,2025-09-15 17:45:00
n_0000296,u_01416,2025-08-24 08:00:00,inspire,delivered,False,
n_0000297,u_01416,2025-09-09 12:00:00,daily_reflection,delivered,True,2025-09-09 13:03:00
n_0000298,u_01416,2025-08-27 16:00:00,inspire,delivered,False,
n_0000299,u_01133,2025-03-01 14:00:00,daily_reflection,delivered,True,2025-03-01 16:28:00
n_0000300,u_02694,2025-02-13 14:00:00,programme_day,delivered,False,
n_0000301,u_02694,2025-01-27 13:00:00,daily_reflection,delivered,False,
n_0000302,u_02853,2025-10-06 11:00:00,inspire,delivered,False,
n_0000303,u_00884,2025-12-21 13:00:00,inspire,delivered,False,
n_0000304,u_00066,2025-09-14 16:00:00,daily_reflection,delivered,False,
n_0000305,u_00066,2025-09-06 14:00:00,inspire,delivered,False,
n_0000306,u_00066,2025-09-21 17:00:00,programme_day,delivered,False,
n_0000307,u_01551,2025-07-10 10:00:00,daily_reflection,delivered,True,2025-07-10 10:49:00
n_0000308,u_00196,2025-08-07 10:00:00,daily_reflection,delivered,False,
n_0000309,u_00196,2025-08-04 08:00:00,inspire,delivered,True,2025-08-04 08:51:00
n_0000310,u_00196,2025-08-16 11:00:00,daily_reflection,delivered,True,2025-08-16 11:29:00
n_0000311,u_00766,2025-06-15 11:00:00,programme_day,delivered,False,
n_0000312,u_00766,2025-06-14 20:00:00,daily_reflection,delivered,False,
n_0000313,u_01521,2025-03-02 09:00:00,daily_reflection,delivered,False,
n_0000314,u_01521,2025-03-04 15:00:00,daily_reflection,failed,False,
n_0000315,u_01521,2025-02-27 17:00:00,daily_reflection,delivered,False,
n_0000316,u_00318,2025-09-25 09:00:00,inspire,delivered,False,
n_0000317,u_00318,2025-10-02 09:00:00,daily_reflection,delivered,False,
n_0000318,u_00060,2025-07-05 13:00:00,inspire,delivered,False,
n_0000319,u_00480,2025-09-30 12:00:00,inspire,delivered,False,
n_0000320,u_00480,2025-09-26 10:00:00,daily_reflection,delivered,False,
n_0000321,u_01690,2025-07-14 20:00:00,programme_day,delivered,True,2025-07-14 21:31:00
n_0000322,u_01690,2025-07-02 09:00:00,inspire,delivered,False,
n_0000323,u_01690,2025-07-25 20:00:00,inspire,delivered,False,
n_0000324,u_02132,2025-05-05 17:00:00,inspire,delivered,True,2025-05-05 19:12:00
n_0000325,u_02132,2025-05-01 14:00:00,inspire,delivered,False,
n_0000326,u_02599,2025-08-10 11:00:00,daily_reflection,delivered,False,
n_0000327,u_00733,2025-07-26 16:00:00,daily_reflection,delivered,False,
n_0000328,u_00886,2025-08-08 12:00:00,programme_day,delivered,False,
n_0000329,u_00886,2025-07-16 10:00:00,daily_reflection,delivered,False,
n_0000330,u_02992,2025-09-21 12:00:00,inspire,delivered,False,
n_0000331,u_01463,2025-08-22 16:00:00,programme_day,delivered,True,2025-08-22 17:29:00
n_0000332,u_01463,2025-08-01 09:00:00,daily_reflection,delivered,False,
n_0000333,u_00689,2025-03-21 08:00:00,inspire,delivered,False,
n_0000334,u_00689,2025-04-12 10:00:00,inspire,delivered,False,
n_0000335,u_01893,2025-05-06 14:00:00,daily_reflection,delivered,False,
n_0000336,u_01893,2025-05-06 14:00:00,programme_day,delivered,True,2025-05-06 16:34:00
n_0000337,u_01453,2025-05-30 09:00:00,programme_day,delivered,False,
n_0000338,u_01453,2025-05-05 16:00:00,inspire,delivered,True,2025-05-05 18:40:00
n_0000339,u_02103,2025-09-03 19:00:00,daily_reflection,delivered,False,
n_0000340,u_02103,2025-09-21 10:00:00,daily_reflection,delivered,True,2025-09-21 12:15:00
n_0000341,u_02103,2025-09-16 10:00:00,daily_reflection,delivered,False,
n_0000342,u_00004,2026-01-02 11:00:00,inspire,delivered,True,2026-01-02 13:18:00
n_0000343,u_00860,2025-12-28 08:00:00,daily_reflection,delivered,True,2025-12-28 08:24:00
n_0000344,u_00524,2025-10-08 17:00:00,daily_reflection,delivered,False,
n_0000345,u_00993,2025-06-09 20:00:00,daily_reflection,delivered,True,2025-06-09 21:03:00
n_0000346,u_01793,2025-05-09 09:00:00,programme_day,delivered,False,
n_0000347,u_00588,2025-10-23 09:00:00,daily_reflection,delivered,False,
n_0000348,u_00588,2025-10-28 08:00:00,inspire,delivered,False,
n_0000349,u_01565,2025-04-26 09:00:00,daily_reflection,delivered,False,
n_0000350,u_01565,2025-04-23 09:00:00,programme_day,delivered,False,
n_0000351,u_01565,2025-04-03 17:00:00,programme_day,delivered,False,
n_0000352,u_00889,2025-04-17 10:00:00,inspire,delivered,False,
n_0000353,u_00889,2025-04-08 09:00:00,daily_reflection,delivered,True,2025-04-08 10:57:00
n_0000354,u_00889,2025-04-16 19:00:00,daily_reflection,delivered,False,
n_0000355,u_00099,2025-04-28 10:00:00,daily_reflection,failed,False,
n_0000356,u_00099,2025-04-25 08:00:00,programme_day,delivered,False,
n_0000357,u_00099,2025-04-08 18:00:00,programme_day,delivered,False,
n_0000358,u_02057,2025-12-24 14:00:00,programme_day,delivered,True,2025-12-24 15:01:00
n_0000359,u_02057,2025-12-19 12:00:00,inspire,delivered,False,
n_0000360,u_02057,2026-01-08 08:00:00,programme_day,delivered,True,2026-01-08 09:24:00
n_0000361,u_02606,2025-11-06 16:00:00,programme_day,delivered,False,
n_0000362,u_02606,2025-10-27 10:00:00,daily_reflection,delivered,False,
n_0000363,u_02606,2025-10-23 18:00:00,daily_reflection,delivered,False,
n_0000364,u_00960,2025-03-07 11:00:00,daily_reflection,delivered,False,
n_0000365,u_00960,2025-03-08 17:00:00,inspire,delivered,False,
n_0000366,u_01912,2025-12-19 11:00:00,programme_day,failed,False,
n_0000367,u_01912,2025-12-26 16:00:00,programme_day,delivered,False,
n_0000368,u_02497,2025-06-28 16:00:00,daily_reflection,delivered,False,
n_0000369,u_00773,2025-03-03 09:00:00,inspire,delivered,True,2025-03-03 09:34:00
n_0000370,u_00773,2025-03-19 16:00:00,daily_reflection,failed,False,
n_0000371,u_00773,2025-02-26 17:00:00,inspire,delivered,False,
n_0000372,u_01445,2025-11-14 17:00:00,daily_reflection,delivered,False,
n_0000373,u_00156,2025-11-29 10:00:00,inspire,delivered,False,
n_0000374,u_00761,2025-10-19 12:00:00,daily_reflection,delivered,False,
n_0000375,u_01644,2025-10-15 20:00:00,daily_reflection,delivered,False,
n_0000376,u_01143,2025-09-24 14:00:00,inspire,delivered,False,
n_0000377,u_01143,2025-09-04 14:00:00,daily_reflection,delivered,False,
n_0000378,u_02437,2025-05-29 13:00:00,inspire,delivered,True,2025-05-29 14:49:00
n_0000379,u_02437,2025-05-26 19:00:00,daily_reflection,delivered,True,2025-05-26 21:27:00
n_0000380,u_02437,2025-05-20 15:00:00,inspire,delivered,False,
n_0000381,u_01991,2025-11-12 13:00:00,programme_day,delivered,False,
n_0000382,u_01991,2025-11-07 20:00:00,inspire,failed,False,
n_0000383,u_01991,2025-11-12 16:00:00,inspire,delivered,False,
n_0000384,u_00284,2025-06-24 13:00:00,daily_reflection,delivered,False,
n_0000385,u_00284,2025-06-07 14:00:00,programme_day,delivered,False,
n_0000386,u_00284,2025-06-15 15:00:00,daily_reflection,delivered,True,2025-06-15 17:42:00
n_0000387,u_00609,2025-11-25 16:00:00,daily_reflection,delivered,False,
n_0000388,u_02405,2025-03-07 20:00:00,daily_reflection,delivered,False,
n_0000389,u_02405,2025-03-06 08:00:00,daily_reflection,delivered,False,
n_0000390,u_00469,2025-03-13 12:00:00,daily_reflection,delivered,False,
n_0000391,u_01166,2025-09-02 08:00:00,daily_reflection,delivered,True,2025-09-02 08:01:00
n_0000392,u_00035,2025-09-07 19:00:00,daily_reflection,delivered,True,2025-09-07 21:21:00
n_0000393,u_00035,2025-09-23 11:00:00,programme_day,delivered,False,
n_0000394,u_00035,2025-09-21 12:00:00,daily_reflection,delivered,False,
n_0000395,u_01297,2025-05-05 09:00:00,programme_day,delivered,False,
n_0000396,u_00852,2025-07-15 19:00:00,daily_reflection,delivered,False,
n_0000397,u_02439,2025-09-11 15:00:00,daily_reflection,delivered,False,
n_0000398,u_02439,2025-09-19 19:00:00,inspire,delivered,True,2025-09-19 20:20:00
n_0000399,u_02439,2025-09-22 15:00:00,inspire,delivered,False,
n_0000400,u_00580,2025-06-27 14:00:00,daily_reflection,delivered,True,2025-06-27 16:52:00
n_0000401,u_00580,2025-07-24 09:00:00,programme_day,failed,False,
n_0000402,u_02743,2025-04-18 12:00:00,daily_reflection,delivered,True,2025-04-18 14:46:00
n_0000403,u_02743,2025-04-12 17:00:00,inspire,delivered,False,
n_0000404,u_02743,2025-03-29 11:00:00,daily_reflection,failed,False,
n_0000405,u_01483,2025-07-26 20:00:00,inspire,delivered,False,
n_0000406,u_01483,2025-08-09 12:00:00,daily_reflection,delivered,False,
n_0000407,u_01483,2025-07-28 12:00:00,daily_reflection,failed,False,
n_0000408,u_02916,2025-08-07 17:00:00,daily_reflection,delivered,False,
n_0000409,u_02916,2025-07-22 10:00:00,daily_reflection,delivered,True,2025-07-22 10:26:00
n_0000410,u_02916,2025-07-23 17:00:00,daily_reflection,delivered,False,
n_0000411,u_00002,2025-03-20 17:00:00,daily_reflection,delivered,False,
n_0000412,u_01964,2025-10-14 10:00:00,inspire,delivered,False,
n_0000413,u_01964,2025-10-22 17:00:00,inspire,delivered,False,
n_0000414,u_01674,2025-05-19 14:00:00,inspire,delivered,False,
n_0000415,u_01674,2025-05-16 12:00:00,inspire,delivered,False,
n_0000416,u_02446,2025-07-09 18:00:00,daily_reflection,delivered,False,
n_0000417,u_02446,2025-07-15 08:00:00,inspire,delivered,False,
n_0000418,u_02446,2025-07-19 12:00:00,daily_reflection,delivered,False,
n_0000419,u_02986,2025-04-11 18:00:00,inspire,delivered,False,
n_0000420,u_02986,2025-03-29 19:00:00,inspire,delivered,True,2025-03-29 19:17:00
n_0000421,u_00053,2025-12-20 10:00:00,programme_day,delivered,True,2025-12-20 10:43:00
n_0000422,u_00053,2025-12-19 16:00:00,inspire,delivered,False,
n_0000423,u_00053,2025-12-27 12:00:00,daily_reflection,delivered,False,
n_0000424,u_02589,2025-08-22 12:00:00,inspire,delivered,True,2025-08-22 13:18:00
n_0000425,u_02589,2025-09-07 18:00:00,inspire,delivered,False,
n_0000426,u_02589,2025-09-03 10:00:00,programme_day,delivered,True,2025-09-03 10:32:00
n_0000427,u_01647,2025-09-03 13:00:00,daily_reflection,delivered,True,2025-09-03 13:46:00
n_0000428,u_01647,2025-08-23 15:00:00,daily_reflection,delivered,False,
n_0000429,u_00877,2025-04-30 12:00:00,programme_day,delivered,False,
n_0000430,u_00877,2025-04-12 19:00:00,inspire,delivered,True,2025-04-12 21:18:00
n_0000431,u_02706,2025-10-11 12:00:00,daily_reflection,delivered,False,
n_0000432,u_02706,2025-11-02 08:00:00,inspire,delivered,False,
n_0000433,u_02645,2025-09-03 09:00:00,programme_day,delivered,False,
n_0000434,u_02927,2025-03-25 18:00:00,inspire,delivered,True,2025-03-25 19:44:00
n_0000435,u_00847,2025-03-29 16:00:00,inspire,delivered,False,
n_0000436,u_00847,2025-04-27 18:00:00,daily_reflection,delivered,False,
n_0000437,u_01474,2025-07-09 09:00:00,inspire,delivered,True,2025-07-09 09:58:00
n_0000438,u_01474,2025-07-03 09:00:00,programme_day,delivered,False,
n_0000439,u_01031,2025-02-01 08:00:00,daily_reflection,delivered,True,2025-02-01 09:51:00
n_0000440,u_01574,2025-08-24 08:00:00,inspire,delivered,False,
n_0000441,u_01574,2025-08-24 09:00:00,programme_day,delivered,False,
n_0000442,u_01574,2025-08-06 08:00:00,programme_day,delivered,False,
n_0000443,u_00911,2025-09-10 14:00:00,daily_reflection,delivered,False,
n_0000444,u_00911,2025-09-11 13:00:00,daily_reflection,delivered,False,
n_0000445,u_00911,2025-08-20 10:00:00,daily_reflection,delivered,False,
n_0000446,u_01438,2025-07-30 14:00:00,daily_reflection,delivered,False,
n_0000447,u_01438,2025-07-27 10:00:00,daily_reflection,delivered,False,
n_0000448,u_01438,2025-07-14 13:00:00,programme_day,delivered,False,
n_0000449,u_01308,2025-01-18 11:00:00,programme_day,delivered,True,2025-01-18 11:37:00
n_0000450,u_01308,2025-01-08 08:00:00,daily_reflection,delivered,False,
n_0000451,u_00771,2025-07-09 16:00:00,daily_reflection,delivered,False,
n_0000452,u_00771,2025-07-12 08:00:00,programme_day,delivered,True,2025-07-12 09:03:00
n_0000453,u_02321,2025-04-28 15:00:00,programme_day,delivered,False,
n_0000454,u_02321,2025-04-29 18:00:00,programme_day,delivered,False,
n_0000455,u_02321,2025-05-14 20:00:00,programme_day,delivered,False,
n_0000456,u_01100,2025-11-19 11:00:00,inspire,delivered,False,
n_0000457,u_01100,2025-10-26 10:00:00,inspire,delivered,True,2025-10-26 11:38:00
n_0000458,u_02016,2025-11-29 09:00:00,daily_reflection,delivered,False,
n_0000459,u_02016,2025-11-17 19:00:00,daily_reflection,delivered,True,2025-11-17 19:37:00
n_0000460,u_02016,2025-12-09 20:00:00,daily_reflection,delivered,False,
n_0000461,u_02924,2025-08-01 15:00:00,inspire,delivered,False,
n_0000462,u_00965,2025-02-05 14:00:00,inspire,delivered,False,
n_0000463,u_00965,2025-02-23 11:00:00,programme_day,delivered,True,2025-02-23 11:49:00
n_0000464,u_00965,2025-02-12 18:00:00,daily_reflection,delivered,False,
n_0000465,u_02513,2025-09-08 10:00:00,inspire,delivered,False,
n_0000466,u_02513,2025-08-29 10:00:00,daily_reflection,delivered,False,
n_0000467,u_00667,2025-02-16 20:00:00,inspire,delivered,False,
n_0000468,u_00667,2025-02-21 19:00:00,inspire,delivered,False,
n_0000469,u_02684,2025-11-19 12:00:00,daily_reflection,delivered,False,
n_0000470,u_00553,2025-11-16 09:00:00,daily_reflection,delivered,False,
n_0000471,u_00553,2025-11-08 13:00:00,inspire,delivered,False,
n_0000472,u_00208,2025-06-26 15:00:00,daily_reflection,delivered,False,
n_0000473,u_00630,2025-11-23 14:00:00,daily_reflection,delivered,True,2025-11-23 15:36:00
n_0000474,u_00334,2025-10-29 16:00:00,daily_reflection,delivered,False,
n_0000475,u_00334,2025-11-15 18:00:00,inspire,delivered,True,2025-11-15 18:30:00
n_0000476,u_00334,2025-11-17 20:00:00,inspire,delivered,False,
n_0000477,u_00627,2025-09-16 17:00:00,daily_reflection,delivered,False,
n_0000478,u_00627,2025-09-02 19:00:00,programme_day,delivered,False,
n_0000479,u_00627,2025-09-18 17:00:00,inspire,delivered,False,
n_0000480,u_01556,2025-12-06 10:00:00,daily_reflection,delivered,True,2025-12-06 10:48:00
n_0000481,u_00742,2025-10-20 17:00:00,inspire,delivered,False,
n_0000482,u_00742,2025-11-02 19:00:00,daily_reflection,delivered,True,2025-11-02 20:39:00
n_0000483,u_00742,2025-11-15 13:00:00,inspire,delivered,True,2025-11-15 14:35:00
n_0000484,u_00631,2025-06-15 14:00:00,daily_reflection,delivered,True,2025-06-15 14:59:00
n_0000485,u_00631,2025-06-19 16:00:00,programme_day,delivered,False,
n_0000486,u_00631,2025-06-11 15:00:00,programme_day,delivered,False,
n_0000487,u_01104,2025-05-11 19:00:00,daily_reflection,delivered,True,2025-05-11 20:27:00
n_0000488,u_00244,2025-05-31 15:00:00,inspire,delivered,False,
n_0000489,u_00244,2025-05-23 14:00:00,programme_day,delivered,False,
n_0000490,u_01837,2025-04-06 15:00:00,daily_reflection,delivered,False,
n_0000491,u_01837,2025-04-11 08:00:00,programme_day,delivered,False,
n_0000492,u_01837,2025-04-03 16:00:00,inspire,delivered,False,
n_0000493,u_02108,2025-04-16 10:00:00,programme_day,delivered,False,
n_0000494,u_02108,2025-03-26 09:00:00,inspire,delivered,True,2025-03-26 11:04:00
n_0000495,u_02937,2025-11-22 11:00:00,inspire,delivered,False,
n_0000496,u_02937,2025-12-04 20:00:00,daily_reflection,delivered,False,
n_0000497,u_02937,2025-11-16 15:00:00,inspire,delivered,False,
n_0000498,u_00841,2026-01-08 14:00:00,daily_reflection,delivered,True,2026-01-08 15:01:00
n_0000499,u_01819,2025-04-21 11:00:00,daily_reflection,delivered,False,
n_0000500,u_01819,2025-04-25 11:00:00,inspire,delivered,False,
n_0000501,u_01300,2025-11-17 10:00:00,daily_reflection,delivered,False,
n_0000502,u_01300,2025-11-03 12:00:00,programme_day,delivered,True,2025-11-03 12:59:00
n_0000503,u_00464,2025-04-16 17:00:00,programme_day,delivered,False,
n_0000504,u_00464,2025-05-11 13:00:00,daily_reflection,delivered,False,
n_0000505,u_02530,2025-10-30 18:00:00,daily_reflection,delivered,False,
n_0000506,u_02530,2025-10-09 18:00:00,programme_day,delivered,True,2025-10-09 19:28:00
n_0000507,u_02872,2025-12-22 17:00:00,programme_day,delivered,True,2025-12-22 19:05:00
n_0000508,u_02872,2025-12-17 11:00:00,inspire,delivered,False,
n_0000509,u_02872,2025-12-04 14:00:00,daily_reflection,delivered,False,
n_0000510,u_01908,2025-03-19 11:00:00,programme_day,delivered,True,2025-03-19 12:26:00
n_0000511,u_02592,2025-10-02 14:00:00,programme_day,delivered,False,
n_0000512,u_02592,2025-10-02 13:00:00,programme_day,delivered,False,
n_0000513,u_02592,2025-09-26 08:00:00,daily_reflection,delivered,True,2025-09-26 09:27:00
n_0000514,u_02377,2025-07-13 18:00:00,inspire,delivered,False,
n_0000515,u_02377,2025-07-07 13:00:00,daily_reflection,delivered,False,
n_0000516,u_02117,2025-02-06 15:00:00,inspire,delivered,False,
n_0000517,u_02117,2025-01-19 15:00:00,programme_day,delivered,False,
n_0000518,u_02117,2025-01-20 11:00:00,daily_reflection,delivered,False,
n_0000519,u_00078,2025-10-08 09:00:00,daily_reflection,delivered,True,2025-10-08 11:28:00
n_0000520,u_01728,2025-12-30 19:00:00,inspire,delivered,False,
n_0000521,u_01336,2026-01-04 09:00:00,daily_reflection,delivered,True,2026-01-04 11:58:00
n_0000522,u_00775,2025-10-24 11:00:00,daily_reflection,delivered,False,
n_0000523,u_00775,2025-10-17 08:00:00,daily_reflection,delivered,False,
n_0000524,u_00775,2025-10-14 19:00:00,inspire,delivered,False,
n_0000525,u_01961,2025-09-07 20:00:00,daily_reflection,delivered,True,2025-09-07 22:49:00
n_0000526,u_01961,2025-09-20 17:00:00,daily_reflection,delivered,False,
n_0000527,u_01874,2025-11-12 20:00:00,daily_reflection,delivered,False,
n_0000528,u_01936,2025-10-26 18:00:00,programme_day,delivered,False,
n_0000529,u_01936,2025-10-13 12:00:00,inspire,delivered,False,
n_0000530,u_01936,2025-11-07 10:00:00,programme_day,delivered,False,
n_0000531,u_00639,2025-01-29 14:00:00,inspire,delivered,False,
n_0000532,u_00639,2025-01-14 09:00:00,programme_day,delivered,False,
n_0000533,u_00419,2025-09-20 18:00:00,daily_reflection,delivered,False,
n_0000534,u_02745,2025-12-10 09:00:00,daily_reflection,delivered,True,2025-12-10 11:42:00
n_0000535,u_02745,2025-12-19 18:00:00,inspire,delivered,False,
n_0000536,u_02745,2025-12-23 09:00:00,programme_day,delivered,False,
n_0000537,u_02629,2026-01-17 18:00:00,programme_day,delivered,False,
n_0000538,u_02629,2026-01-13 15:00:00,daily_reflection,delivered,False,
n_0000539,u_02757,2025-03-07 15:00:00,programme_day,delivered,False,
n_0000540,u_02757,2025-03-11 17:00:00,daily_reflection,delivered,False,
n_0000541,u_01121,2025-08-12 11:00:00,programme_day,delivered,True,2025-08-12 13:13:00
n_0000542,u_01121,2025-08-28 17:00:00,daily_reflection,delivered,False,
n_0000543,u_01417,2025-12-03 08:00:00,programme_day,delivered,False,
n_0000544,u_01417,2025-12-10 17:00:00,daily_reflection,delivered,False,
n_0000545,u_01417,2025-11-24 12:00:00,daily_reflection,delivered,False,
n_0000546,u_00411,2025-05-07 14:00:00,daily_reflection,delivered,False,
n_0000547,u_02812,2025-04-03 15:00:00,inspire,delivered,False,
n_0000548,u_02812,2025-04-01 12:00:00,programme_day,delivered,False,
n_0000549,u_01822,2025-06-13 17:00:00,programme_day,delivered,False,
n_0000550,u_01822,2025-06-10 17:00:00,daily_reflection,delivered,True,2025-06-10 17:17:00
n_0000551,u_01106,2025-11-30 17:00:00,daily_reflection,delivered,False,
n_0000552,u_01106,2025-11-25 18:00:00,daily_reflection,delivered,False,
n_0000553,u_01106,2025-12-13 16:00:00,programme_day,delivered,True,2025-12-13 18:58:00
n_0000554,u_00194,2025-05-15 19:00:00,programme_day,delivered,False,
n_0000555,u_00194,2025-04-30 19:00:00,daily_reflection,delivered,False,
n_0000556,u_01115,2025-12-03 08:00:00,programme_day,delivered,False,
n_0000557,u_01115,2025-12-21 09:00:00,inspire,delivered,False,
n_0000558,u_01139,2025-09-12 17:00:00,daily_reflection,delivered,False,
n_0000559,u_00925,2025-06-06 13:00:00,programme_day,failed,False,
n_0000560,u_00925,2025-06-23 19:00:00,daily_reflection,delivered,False,
n_0000561,u_00815,2025-08-01 20:00:00,daily_reflection,delivered,True,2025-08-01 22:44:00
n_0000562,u_00815,2025-07-26 14:00:00,inspire,delivered,False,
n_0000563,u_02037,2025-06-08 12:00:00,daily_reflection,delivered,False,
n_0000564,u_02037,2025-06-20 14:00:00,programme_day,delivered,True,2025-06-20 16:06:00
n_0000565,u_02037,2025-05-28 13:00:00,daily_reflection,delivered,False,
n_0000566,u_01374,2025-11-06 12:00:00,daily_reflection,delivered,True,2025-11-06 13:53:00
n_0000567,u_00648,2025-05-08 13:00:00,inspire,delivered,False,
n_0000568,u_01198,2025-04-04 08:00:00,inspire,delivered,False,
n_0000569,u_02254,2025-08-13 16:00:00,daily_reflection,failed,False,
n_0000570,u_02254,2025-07-29 12:00:00,inspire,delivered,True,2025-07-29 12:36:00
n_0000571,u_01225,2025-05-06 13:00:00,inspire,delivered,False,
n_0000572,u_01225,2025-05-25 18:00:00,inspire,delivered,False,
n_0000573,u_01225,2025-05-13 17:00:00,daily_reflection,delivered,False,
n_0000574,u_02832,2025-10-13 12:00:00,inspire,delivered,False,
n_0000575,u_01785,2025-06-03 10:00:00,inspire,delivered,False,
n_0000576,u_01785,2025-05-24 09:00:00,inspire,delivered,True,2025-05-24 09:58:00
n_0000577,u_00162,2025-11-22 10:00:00,daily_reflection,failed,False,
n_0000578,u_00162,2025-12-01 13:00:00,inspire,delivered,False,
n_0000579,u_00162,2025-11-27 11:00:00,daily_reflection,delivered,True,2025-11-27 12:04:00
n_0000580,u_02093,2025-03-19 20:00:00,inspire,delivered,True,2025-03-19 20:26:00
n_0000581,u_02093,2025-02-24 08:00:00,programme_day,delivered,False,
n_0000582,u_02093,2025-03-14 14:00:00,daily_reflection,delivered,False,
n_0000583,u_02013,2025-02-03 18:00:00,daily_reflection,delivered,True,2025-02-03 18:38:00
n_0000584,u_02401,2025-11-29 14:00:00,daily_reflection,delivered,True,2025-11-29 14:24:00
n_0000585,u_02401,2025-11-19 13:00:00,programme_day,delivered,True,2025-11-19 13:08:00
n_0000586,u_00987,2025-06-14 14:00:00,programme_day,delivered,True,2025-06-14 15:58:00
n_0000587,u_00987,2025-06-11 13:00:00,inspire,delivered,False,
n_0000588,u_00987,2025-07-01 12:00:00,daily_reflection,delivered,False,
n_0000589,u_00448,2025-10-28 18:00:00,programme_day,delivered,False,
n_0000590,u_00448,2025-11-06 16:00:00,programme_day,delivered,True,2025-11-06 18:15:00
n_0000591,u_02577,2025-04-28 16:00:00,inspire,delivered,False,
n_0000592,u_02577,2025-04-18 11:00:00,daily_reflection,delivered,False,
n_0000593,u_01293,2025-04-02 11:00:00,daily_reflection,delivered,False,
n_0000594,u_01293,2025-04-05 17:00:00,daily_reflection,delivered,False,
n_0000595,u_01197,2025-06-14 13:00:00,inspire,delivered,True,2025-06-14 14:45:00
n_0000596,u_00926,2025-02-13 17:00:00,daily_reflection,delivered,False,
n_0000597,u_00926,2025-03-10 08:00:00,programme_day,delivered,False,
n_0000598,u_02984,2025-11-16 09:00:00,daily_reflection,delivered,False,
n_0000599,u_01253,2025-05-22 10:00:00,programme_day,delivered,False,
n_0000600,u_02575,2025-07-11 14:00:00,daily_reflection,delivered,False,
n_0000601,u_00832,2025-05-02 10:00:00,inspire,delivered,False,
n_0000602,u_00832,2025-05-17 13:00:00,daily_reflection,delivered,True,2025-05-17 14:30:00
n_0000603,u_00832,2025-05-03 18:00:00,inspire,delivered,False,
n_0000604,u_00178,2025-03-16 20:00:00,daily_reflection,delivered,True,2025-03-16 20:35:00
n_0000605,u_00452,2025-03-01 16:00:00,programme_day,delivered,False,
n_0000606,u_00452,2025-03-05 14:00:00,daily_reflection,delivered,False,
n_0000607,u_01050,2025-03-09 15:00:00,programme_day,delivered,True,2025-03-09 15:08:00
n_0000608,u_01050,2025-03-28 18:00:00,inspire,delivered,False,
n_0000609,u_01050,2025-03-16 17:00:00,programme_day,delivered,False,
n_0000610,u_00116,2025-09-28 17:00:00,programme_day,delivered,False,
n_0000611,u_00116,2025-10-04 12:00:00,daily_reflection,delivered,True,2025-10-04 12:16:00
n_0000612,u_00863,2025-12-30 15:00:00,daily_reflection,delivered,False,
n_0000613,u_00863,2025-12-31 10:00:00,inspire,delivered,True,2025-12-31 10:45:00
n_0000614,u_00863,2025-12-20 19:00:00,daily_reflection,delivered,True,2025-12-20 21:47:00
n_0000615,u_01719,2025-04-21 18:00:00,daily_reflection,delivered,False,
n_0000616,u_02453,2025-07-04 10:00:00,daily_reflection,delivered,False,
n_0000617,u_02451,2025-10-05 16:00:00,inspire,delivered,False,
n_0000618,u_02451,2025-09-30 13:00:00,inspire,delivered,True,2025-09-30 15:57:00
n_0000619,u_02451,2025-09-17 13:00:00,daily_reflection,delivered,False,
n_0000620,u_01687,2025-08-11 11:00:00,programme_day,delivered,False,
n_0000621,u_01687,2025-08-20 19:00:00,inspire,delivered,False,
n_0000622,u_01364,2025-09-25 14:00:00,daily_reflection,delivered,False,
n_0000623,u_01364,2025-09-22 09:00:00,daily_reflection,delivered,False,
n_0000624,u_00898,2025-11-04 17:00:00,daily_reflection,delivered,False,
n_0000625,u_00898,2025-11-05 18:00:00,programme_day,delivered,False,
n_0000626,u_01120,2025-04-08 08:00:00,inspire,delivered,False,
n_0000627,u_01120,2025-04-06 14:00:00,inspire,delivered,False,
n_0000628,u_01584,2025-06-23 09:00:00,inspire,delivered,False,
n_0000629,u_02502,2025-10-18 08:00:00,inspire,delivered,False,
n_0000630,u_02502,2025-09-26 08:00:00,programme_day,delivered,False,
n_0000631,u_02502,2025-10-14 09:00:00,daily_reflection,delivered,True,2025-10-14 10:32:00
n_0000632,u_02848,2025-06-27 16:00:00,inspire,delivered,False,
n_0000633,u_01444,2025-02-27 20:00:00,programme_day,delivered,False,
n_0000634,u_01444,2025-02-16 12:00:00,programme_day,delivered,False,
n_0000635,u_02894,2025-10-24 15:00:00,daily_reflection,delivered,True,2025-10-24 17:56:00
n_0000636,u_01801,2025-10-30 13:00:00,programme_day,delivered,False,
n_0000637,u_01801,2025-11-16 09:00:00,inspire,delivered,True,2025-11-16 10:25:00
n_0000638,u_01124,2025-06-11 15:00:00,daily_reflection,delivered,False,
n_0000639,u_01124,2025-05-29 20:00:00,daily_reflection,delivered,False,
n_0000640,u_01124,2025-06-22 11:00:00,daily_reflection,delivered,False,
n_0000641,u_01810,2025-03-04 15:00:00,daily_reflection,delivered,False,
n_0000642,u_01810,2025-03-03 13:00:00,programme_day,delivered,False,
n_0000643,u_01810,2025-03-18 16:00:00,programme_day,delivered,False,
n_0000644,u_02307,2025-02-06 19:00:00,daily_reflection,delivered,False,
n_0000645,u_01586,2025-11-10 20:00:00,programme_day,delivered,False,
n_0000646,u_01586,2025-12-01 16:00:00,daily_reflection,delivered,True,2025-12-01 16:47:00
n_0000647,u_01969,2026-01-10 17:00:00,programme_day,delivered,True,2026-01-10 18:27:00
n_0000648,u_01969,2026-01-16 17:00:00,programme_day,delivered,False,
n_0000649,u_01969,2026-01-01 18:00:00,programme_day,delivered,False,
n_0000650,u_01515,2025-12-22 14:00:00,daily_reflection,delivered,False,
n_0000651,u_01658,2025-12-24 15:00:00,daily_reflection,delivered,False,
n_0000652,u_01658,2025-12-29 12:00:00,inspire,delivered,True,2025-12-29 13:37:00
n_0000653,u_01658,2026-01-18 09:00:00,daily_reflection,delivered,True,2026-01-18 10:16:00
n_0000654,u_00616,2025-12-16 14:00:00,daily_reflection,delivered,False,
n_0000655,u_01480,2025-02-04 16:00:00,daily_reflection,delivered,True,2025-02-04 18:25:00
n_0000656,u_01070,2025-03-17 09:00:00,daily_reflection,delivered,False,
n_0000657,u_02003,2025-07-12 15:00:00,inspire,delivered,True,2025-07-12 16:59:00
n_0000658,u_00317,2025-09-06 19:00:00,inspire,delivered,False,
n_0000659,u_00317,2025-09-13 10:00:00,inspire,delivered,False,
n_0000660,u_00317,2025-08-26 19:00:00,daily_reflection,delivered,False,
n_0000661,u_00461,2025-06-30 14:00:00,daily_reflection,delivered,False,
n_0000662,u_00461,2025-06-06 20:00:00,daily_reflection,delivered,False,
n_0000663,u_00509,2025-03-11 16:00:00,inspire,delivered,False,
n_0000664,u_00509,2025-03-18 09:00:00,programme_day,failed,False,
n_0000665,u_00509,2025-03-12 15:00:00,inspire,delivered,False,
n_0000666,u_00666,2026-01-14 11:00:00,programme_day,delivered,False,
n_0000667,u_01963,2025-05-04 10:00:00,programme_day,delivered,True,2025-05-04 11:29:00
n_0000668,u_02410,2025-06-22 19:00:00,daily_reflection,delivered,False,
n_0000669,u_02410,2025-06-17 17:00:00,daily_reflection,delivered,False,
n_0000670,u_02962,2025-05-05 16:00:00,programme_day,delivered,False,
n_0000671,u_02179,2025-12-13 19:00:00,programme_day,delivered,True,2025-12-13 19:02:00
n_0000672,u_02179,2025-12-21 17:00:00,daily_reflection,delivered,False,
n_0000673,u_02133,2025-03-07 15:00:00,daily_reflection,delivered,False,
n_0000674,u_02133,2025-02-20 08:00:00,daily_reflection,delivered,False,
n_0000675,u_02133,2025-02-18 10:00:00,daily_reflection,delivered,False,
n_0000676,u_00992,2025-10-24 15:00:00,daily_reflection,delivered,True,2025-10-24 15:58:00
n_0000677,u_01301,2025-08-14 14:00:00,daily_reflection,delivered,True,2025-08-14 15:53:00
n_0000678,u_01301,2025-07-27 15:00:00,inspire,delivered,True,2025-07-27 16:29:00
n_0000679,u_01301,2025-08-13 13:00:00,inspire,delivered,False,
n_0000680,u_00045,2025-09-02 17:00:00,daily_reflection,delivered,True,2025-09-02 18:15:00
n_0000681,u_00793,2025-09-04 19:00:00,programme_day,delivered,False,
n_0000682,u_02903,2025-03-14 19:00:00,daily_reflection,delivered,False,
n_0000683,u_02903,2025-03-16 20:00:00,programme_day,delivered,False,
n_0000684,u_02903,2025-03-28 09:00:00,inspire,delivered,False,
n_0000685,u_02829,2025-12-10 20:00:00,daily_reflection,delivered,False,
n_0000686,u_01889,2025-06-27 13:00:00,programme_day,delivered,False,
n_0000687,u_01889,2025-06-14 17:00:00,programme_day,delivered,False,
n_0000688,u_01614,2025-09-14 20:00:00,daily_reflection,delivered,False,
n_0000689,u_01614,2025-09-09 17:00:00,daily_reflection,delivered,True,2025-09-09 19:33:00
n_0000690,u_02230,2025-07-23 16:00:00,daily_reflection,delivered,False,
n_0000691,u_02230,2025-07-19 14:00:00,inspire,delivered,True,2025-07-19 16:24:00
n_0000692,u_02230,2025-07-13 17:00:00,programme_day,delivered,True,2025-07-13 18:37:00
n_0000693,u_00358,2025-07-08 19:00:00,programme_day,delivered,False,
n_0000694,u_00358,2025-06-30 15:00:00,daily_reflection,delivered,False,
n_0000695,u_00358,2025-06-23 10:00:00,daily_reflection,delivered,True,2025-06-23 10:29:00
n_0000696,u_02143,2025-04-23 15:00:00,daily_reflection,delivered,False,
n_0000697,u_02481,2025-06-28 08:00:00,daily_reflection,delivered,True,2025-06-28 10:08:00
n_0000698,u_00958,2025-09-01 11:00:00,daily_reflection,delivered,True,2025-09-01 11:10:00
n_0000699,u_00958,2025-08-30 08:00:00,programme_day,delivered,False,
n_0000700,u_02139,2025-06-30 13:00:00,daily_reflection,delivered,False,
n_0000701,u_02139,2025-06-21 15:00:00,programme_day,delivered,False,
n_0000702,u_02237,2025-06-22 13:00:00,daily_reflection,delivered,False,
n_0000703,u_02237,2025-07-07 16:00:00,programme_day,delivered,False,
n_0000704,u_01371,2025-05-19 11:00:00,programme_day,delivered,False,
n_0000705,u_01371,2025-04-28 16:00:00,inspire,delivered,False,
n_0000706,u_01371,2025-05-13 13:00:00,daily_reflection,delivered,False,
n_0000707,u_02969,2025-06-20 18:00:00,inspire,delivered,True,2025-06-20 19:26:00
n_0000708,u_02969,2025-06-04 11:00:00,daily_reflection,delivered,False,
n_0000709,u_01826,2025-05-26 09:00:00,inspire,delivered,False,
n_0000710,u_00829,2025-08-20 16:00:00,programme_day,delivered,False,
n_0000711,u_00354,2026-01-10 09:00:00,daily_reflection,delivered,False,
n_0000712,u_00354,2026-01-04 12:00:00,daily_reflection,delivered,False,
n_0000713,u_00354,2026-01-09 14:00:00,daily_reflection,delivered,False,
n_0000714,u_01256,2025-08-17 16:00:00,inspire,delivered,False,
n_0000715,u_01256,2025-08-05 09:00:00,inspire,delivered,True,2025-08-05 10:23:00
n_0000716,u_00148,2025-04-23 10:00:00,daily_reflection,delivered,False,
n_0000717,u_01015,2025-02-09 16:00:00,daily_reflection,delivered,False,
n_0000718,u_01995,2025-09-05 17:00:00,daily_reflection,delivered,False,
n_0000719,u_00807,2025-10-14 11:00:00,daily_reflection,failed,False,
n_0000720,u_00807,2025-10-26 15:00:00,daily_reflection,delivered,False,
n_0000721,u_00971,2025-08-12 13:00:00,daily_reflection,delivered,False,
n_0000722,u_00404,2025-06-04 16:00:00,daily_reflection,delivered,False,
n_0000723,u_00057,2025-11-05 17:00:00,inspire,delivered,False,
n_0000724,u_00057,2025-11-05 11:00:00,inspire,delivered,False,
n_0000725,u_00006,2025-03-28 09:00:00,inspire,delivered,False,
n_0000726,u_00006,2025-03-31 13:00:00,inspire,delivered,False,
n_0000727,u_00006,2025-04-08 19:00:00,inspire,delivered,False,
n_0000728,u_00916,2025-03-28 11:00:00,inspire,delivered,False,
n_0000729,u_00916,2025-03-08 08:00:00,daily_reflection,delivered,False,
n_0000730,u_01423,2025-10-08 11:00:00,daily_reflection,delivered,False,
n_0000731,u_01423,2025-09-21 15:00:00,daily_reflection,delivered,False,
n_0000732,u_02458,2025-05-21 15:00:00,daily_reflection,delivered,False,
n_0000733,u_02458,2025-05-23 18:00:00,inspire,delivered,False,
n_0000734,u_00011,2025-08-28 11:00:00,programme_day,delivered,False,
n_0000735,u_00011,2025-09-03 08:00:00,daily_reflection,delivered,False,
n_0000736,u_00011,2025-09-05 16:00:00,daily_reflection,delivered,False,
n_0000737,u_01270,2025-02-26 11:00:00,programme_day,delivered,False,
n_0000738,u_02351,2025-12-06 16:00:00,daily_reflection,delivered,False,
n_0000739,u_02351,2025-12-06 16:00:00,daily_reflection,delivered,False,
n_0000740,u_02351,2025-12-12 17:00:00,daily_reflection,delivered,False,
n_0000741,u_00393,2025-11-08 13:00:00,inspire,delivered,False,
n_0000742,u_02386,2025-03-01 11:00:00,programme_day,delivered,False,
n_0000743,u_02386,2025-02-25 11:00:00,daily_reflection,delivered,False,
n_0000744,u_02386,2025-03-21 15:00:00,inspire,delivered,True,2025-03-21 15:11:00
n_0000745,u_00878,2025-11-13 16:00:00,programme_day,delivered,False,
n_0000746,u_01847,2025-08-27 20:00:00,inspire,delivered,False,
n_0000747,u_01847,2025-08-31 12:00:00,programme_day,delivered,False,
n_0000748,u_01847,2025-08-22 12:00:00,daily_reflection,delivered,False,
n_0000749,u_02399,2025-07-25 17:00:00,daily_reflection,delivered,False,
n_0000750,u_02399,2025-07-05 10:00:00,inspire,delivered,False,
n_0000751,u_02399,2025-07-09 14:00:00,inspire,delivered,False,
n_0000752,u_02152,2025-09-01 14:00:00,inspire,delivered,False,
n_0000753,u_02152,2025-09-02 19:00:00,daily_reflection,delivered,False,
n_0000754,u_02152,2025-08-29 17:00:00,daily_reflection,delivered,False,
n_0000755,u_01806,2025-02-25 08:00:00,inspire,delivered,True,2025-02-25 09:22:00
n_0000756,u_01468,2025-02-24 16:00:00,daily_reflection,delivered,True,2025-02-24 16:25:00
n_0000757,u_02371,2025-01-29 09:00:00,daily_reflection,delivered,False,
n_0000758,u_02371,2025-02-06 18:00:00,inspire,delivered,False,
n_0000759,u_02080,2025-04-23 14:00:00,daily_reflection,delivered,True,2025-04-23 14:52:00
n_0000760,u_02314,2025-08-03 14:00:00,inspire,delivered,False,
n_0000761,u_02314,2025-07-18 19:00:00,programme_day,delivered,True,2025-07-18 21:53:00
n_0000762,u_02364,2025-04-02 10:00:00,daily_reflection,delivered,False,
n_0000763,u_02747,2025-09-29 18:00:00,inspire,delivered,True,2025-09-29 20:44:00
n_0000764,u_02747,2025-09-14 08:00:00,daily_reflection,delivered,True,2025-09-14 10:03:00
n_0000765,u_01767,2025-06-29 08:00:00,daily_reflection,delivered,False,
n_0000766,u_01767,2025-06-30 20:00:00,inspire,delivered,True,2025-06-30 21:14:00
n_0000767,u_01767,2025-06-14 16:00:00,daily_reflection,delivered,False,
n_0000768,u_01803,2025-02-27 18:00:00,programme_day,delivered,False,
n_0000769,u_00422,2025-06-28 20:00:00,daily_reflection,delivered,False,
n_0000770,u_00422,2025-07-01 20:00:00,daily_reflection,delivered,True,2025-07-01 20:17:00
n_0000771,u_00251,2026-01-01 18:00:00,daily_reflection,delivered,False,
n_0000772,u_00251,2025-12-13 09:00:00,daily_reflection,failed,False,
n_0000773,u_01113,2025-03-04 08:00:00,inspire,delivered,False,
n_0000774,u_01113,2025-03-16 20:00:00,inspire,delivered,False,
n_0000775,u_00340,2025-09-24 14:00:00,programme_day,delivered,False,
n_0000776,u_00340,2025-09-20 12:00:00,programme_day,delivered,False,
n_0000777,u_00340,2025-09-07 13:00:00,inspire,delivered,False,
n_0000778,u_00713,2025-09-20 08:00:00,inspire,delivered,False,
n_0000779,u_00713,2025-09-05 17:00:00,programme_day,delivered,False,
n_0000780,u_00713,2025-08-25 16:00:00,daily_reflection,delivered,True,2025-08-25 18:08:00
n_0000781,u_01182,2025-07-15 20:00:00,programme_day,delivered,False,
n_0000782,u_01182,2025-07-22 09:00:00,daily_reflection,delivered,False,
n_0000783,u_02279,2025-11-29 09:00:00,daily_reflection,delivered,False,
n_0000784,u_02323,2025-04-16 09:00:00,daily_reflection,delivered,False,
n_0000785,u_02323,2025-04-17 15:00:00,inspire,delivered,False,
n_0000786,u_00039,2025-12-12 09:00:00,daily_reflection,delivered,False,
n_0000787,u_00039,2026-01-07 13:00:00,inspire,delivered,False,
n_0000788,u_00039,2025-12-16 09:00:00,daily_reflection,delivered,False,
n_0000789,u_02073,2025-03-16 15:00:00,daily_reflection,delivered,True,2025-03-16 15:41:00
n_0000790,u_00999,2025-09-16 11:00:00,inspire,delivered,True,2025-09-16 12:55:00
n_0000791,u_02740,2025-06-18 10:00:00,daily_reflection,delivered,True,2025-06-18 10:54:00
n_0000792,u_02740,2025-07-08 12:00:00,daily_reflection,delivered,True,2025-07-08 13:30:00
n_0000793,u_01195,2025-08-01 18:00:00,programme_day,delivered,False,
n_0000794,u_00347,2025-05-07 08:00:00,daily_reflection,delivered,False,
n_0000795,u_00347,2025-04-16 20:00:00,daily_reflection,delivered,True,2025-04-16 20:52:00
n_0000796,u_02374,2025-03-25 12:00:00,daily_reflection,delivered,False,
n_0000797,u_01747,2025-01-24 09:00:00,programme_day,delivered,False,
n_0000798,u_01747,2025-01-24 20:00:00,programme_day,delivered,True,2025-01-24 22:07:00
n_0000799,u_01747,2025-02-12 18:00:00,daily_reflection,delivered,False,
n_0000800,u_01967,2025-09-24 11:00:00,daily_reflection,delivered,True,2025-09-24 13:48:00
n_0000801,u_01967,2025-09-27 11:00:00,inspire,delivered,False,
n_0000802,u_00455,2025-12-22 16:00:00,daily_reflection,delivered,True,2025-12-22 16:51:00
n_0000803,u_00604,2025-05-26 15:00:00,daily_reflection,delivered,True,2025-05-26 15:34:00
n_0000804,u_00604,2025-05-21 10:00:00,inspire,delivered,True,2025-05-21 12:55:00
n_0000805,u_00604,2025-05-20 08:00:00,daily_reflection,delivered,True,2025-05-20 09:11:00
n_0000806,u_02547,2026-01-06 20:00:00,daily_reflection,delivered,False,
n_0000807,u_02547,2025-12-25 18:00:00,daily_reflection,delivered,False,
n_0000808,u_01538,2026-01-01 09:00:00,daily_reflection,delivered,False,
n_0000809,u_01538,2026-01-03 12:00:00,daily_reflection,delivered,True,2026-01-03 13:13:00
n_0000810,u_01538,2026-01-07 20:00:00,programme_day,delivered,False,
n_0000811,u_01935,2025-04-15 15:00:00,inspire,delivered,False,
n_0000812,u_01935,2025-04-17 12:00:00,daily_reflection,delivered,True,2025-04-17 12:42:00
n_0000813,u_01736,2025-03-05 14:00:00,inspire,delivered,False,
n_0000814,u_01736,2025-03-26 17:00:00,inspire,delivered,False,
n_0000815,u_01736,2025-03-07 09:00:00,daily_reflection,delivered,False,
n_0000816,u_00225,2025-07-28 08:00:00,programme_day,delivered,False,
n_0000817,u_00225,2025-07-20 10:00:00,daily_reflection,delivered,False,
n_0000818,u_00998,2025-09-30 12:00:00,inspire,delivered,False,
n_0000819,u_00998,2025-10-08 14:00:00,inspire,delivered,False,
n_0000820,u_00998,2025-10-03 20:00:00,daily_reflection,delivered,False,
n_0000821,u_02058,2025-12-06 20:00:00,daily_reflection,delivered,False,
n_0000822,u_01355,2025-03-06 15:00:00,programme_day,delivered,False,
n_0000823,u_01355,2025-03-13 11:00:00,inspire,delivered,False,
n_0000824,u_01355,2025-03-24 08:00:00,daily_reflection,delivered,False,
n_0000825,u_02970,2025-01-19 11:00:00,programme_day,delivered,False,
n_0000826,u_02970,2025-01-21 13:00:00,inspire,delivered,False,
n_0000827,u_00752,2025-06-17 09:00:00,inspire,delivered,False,
n_0000828,u_00715,2025-08-13 17:00:00,daily_reflection,delivered,False,
n_0000829,u_00715,2025-08-09 12:00:00,inspire,delivered,False,
n_0000830,u_00715,2025-07-29 09:00:00,daily_reflection,delivered,False,
n_0000831,u_02150,2025-05-27 12:00:00,inspire,delivered,False,
n_0000832,u_02150,2025-05-22 12:00:00,inspire,delivered,False,
n_0000833,u_02150,2025-05-22 10:00:00,daily_reflection,delivered,False,
n_0000834,u_02311,2026-01-11 16:00:00,daily_reflection,delivered,False,
n_0000835,u_02311,2025-12-30 09:00:00,programme_day,delivered,False,
n_0000836,u_00213,2025-09-12 15:00:00,daily_reflection,delivered,False,
n_0000837,u_01524,2025-10-14 09:00:00,programme_day,delivered,False,
n_0000838,u_01524,2025-10-03 18:00:00,daily_reflection,delivered,False,
n_0000839,u_01524,2025-10-13 19:00:00,daily_reflection,delivered,False,
n_0000840,u_01076,2025-09-06 09:00:00,daily_reflection,delivered,False,
n_0000841,u_01076,2025-09-04 14:00:00,daily_reflection,delivered,False,
n_0000842,u_02523,2025-12-01 09:00:00,inspire,delivered,False,
n_0000843,u_02523,2025-12-01 17:00:00,daily_reflection,delivered,False,
n_0000844,u_02523,2025-11-21 19:00:00,inspire,delivered,False,
n_0000845,u_00533,2025-07-28 08:00:00,daily_reflection,delivered,False,
n_0000846,u_00533,2025-07-24 12:00:00,daily_reflection,delivered,True,2025-07-24 14:39:00
n_0000847,u_02725,2025-11-04 15:00:00,daily_reflection,delivered,False,
n_0000848,u_02725,2025-10-29 19:00:00,daily_reflection,delivered,False,
n_0000849,u_01064,2025-04-25 18:00:00,inspire,delivered,False,
n_0000850,u_00876,2025-07-26 13:00:00,inspire,delivered,False,
n_0000851,u_00876,2025-07-23 14:00:00,daily_reflection,delivered,True,2025-07-23 16:14:00
n_0000852,u_01862,2025-05-22 14:00:00,inspire,delivered,True,2025-05-22 15:39:00
n_0000853,u_01862,2025-05-17 17:00:00,inspire,delivered,False,
n_0000854,u_01862,2025-05-12 10:00:00,daily_reflection,delivered,False,
n_0000855,u_02859,2025-07-22 20:00:00,daily_reflection,delivered,False,
n_0000856,u_00810,2025-02-11 09:00:00,inspire,delivered,False,
n_0000857,u_00810,2025-02-22 13:00:00,inspire,delivered,False,
n_0000858,u_02570,2025-06-13 20:00:00,programme_day,delivered,False,
n_0000859,u_02926,2025-07-11 10:00:00,daily_reflection,delivered,False,
n_0000860,u_02926,2025-07-18 13:00:00,inspire,delivered,False,
n_0000861,u_01065,2025-04-22 18:00:00,inspire,delivered,False,
n_0000862,u_00200,2025-03-13 09:00:00,daily_reflection,delivered,False,
n_0000863,u_02352,2025-04-20 17:00:00,inspire,delivered,False,
n_0000864,u_02352,2025-05-02 11:00:00,inspire,delivered,True,2025-05-02 11:12:00
n_0000865,u_02352,2025-04-20 14:00:00,programme_day,delivered,False,
n_0000866,u_00921,2025-03-31 20:00:00,inspire,delivered,False,
n_0000867,u_00921,2025-04-17 11:00:00,inspire,delivered,True,2025-04-17 11:29:00
n_0000868,u_00482,2025-10-14 09:00:00,daily_reflection,delivered,False,
n_0000869,u_01091,2025-12-30 14:00:00,programme_day,delivered,False,
n_0000870,u_01091,2025-12-28 16:00:00,programme_day,delivered,False,
n_0000871,u_01091,2026-01-16 13:00:00,daily_reflection,delivered,False,
n_0000872,u_02779,2025-08-30 18:00:00,daily_reflection,delivered,False,
n_0000873,u_01596,2025-03-18 19:00:00,daily_reflection,delivered,True,2025-03-18 19:45:00
n_0000874,u_02428,2025-07-01 14:00:00,inspire,delivered,False,
n_0000875,u_01505,2025-06-23 18:00:00,inspire,delivered,False,
n_0000876,u_01505,2025-07-09 10:00:00,programme_day,delivered,False,
n_0000877,u_01059,2025-03-29 18:00:00,inspire,delivered,False,
n_0000878,u_01059,2025-03-17 16:00:00,programme_day,delivered,False,
n_0000879,u_02044,2025-07-21 14:00:00,daily_reflection,delivered,False,
n_0000880,u_02044,2025-07-04 10:00:00,programme_day,delivered,False,
n_0000881,u_02044,2025-07-15 14:00:00,daily_reflection,delivered,True,2025-07-15 16:55:00
n_0000882,u_01498,2025-10-27 20:00:00,inspire,delivered,True,2025-10-27 20:48:00
n_0000883,u_01498,2025-10-26 14:00:00,daily_reflection,delivered,False,
n_0000884,u_00613,2025-06-07 18:00:00,daily_reflection,delivered,True,2025-06-07 19:20:00
n_0000885,u_01056,2025-01-25 20:00:00,inspire,delivered,False,
n_0000886,u_01056,2025-01-15 17:00:00,daily_reflection,delivered,False,
n_0000887,u_01056,2025-02-12 14:00:00,daily_reflection,delivered,True,2025-02-12 15:25:00
n_0000888,u_01735,2025-02-01 16:00:00,daily_reflection,delivered,False,
n_0000889,u_01756,2025-08-13 08:00:00,inspire,delivered,False,
n_0000890,u_02087,2025-06-17 13:00:00,daily_reflection,delivered,False,
n_0000891,u_02087,2025-07-10 17:00:00,daily_reflection,delivered,False,
n_0000892,u_01403,2025-09-09 15:00:00,programme_day,delivered,False,
n_0000893,u_01403,2025-08-18 08:00:00,daily_reflection,delivered,False,
n_0000894,u_01057,2025-04-14 12:00:00,daily_reflection,delivered,False,
n_0000895,u_01325,2025-10-25 17:00:00,daily_reflection,delivered,False,
n_0000896,u_01325,2025-10-27 20:00:00,daily_reflection,delivered,False,
n_0000897,u_01325,2025-10-19 08:00:00,daily_reflection,delivered,False,
n_0000898,u_00465,2025-12-11 13:00:00,daily_reflection,delivered,True,2025-12-11 13:40:00
n_0000899,u_02358,2025-04-27 08:00:00,inspire,delivered,False,
n_0000900,u_00236,2025-02-07 09:00:00,inspire,delivered,False,
n_0000901,u_00236,2025-01-24 13:00:00,programme_day,delivered,False,
n_0000902,u_00236,2025-02-10 11:00:00,inspire,delivered,False,
n_0000903,u_00839,2025-11-24 12:00:00,inspire,delivered,False,
n_0000904,u_02151,2025-03-13 16:00:00,daily_reflection,delivered,False,
n_0000905,u_02151,2025-03-21 18:00:00,programme_day,delivered,False,
n_0000906,u_02817,2025-07-01 09:00:00,programme_day,delivered,True,2025-07-01 09:50:00
n_0000907,u_02817,2025-06-24 15:00:00,daily_reflection,delivered,True,2025-06-24 16:59:00
n_0000908,u_02817,2025-06-23 19:00:00,daily_reflection,delivered,True,2025-06-23 21:46:00
n_0000909,u_01731,2025-06-25 18:00:00,inspire,delivered,False,
n_0000910,u_01731,2025-07-05 15:00:00,programme_day,delivered,False,
n_0000911,u_01731,2025-06-18 08:00:00,inspire,delivered,True,2025-06-18 10:32:00
n_0000912,u_01743,2025-09-08 15:00:00,daily_reflection,delivered,False,
n_0000913,u_01864,2025-07-07 16:00:00,programme_day,delivered,True,2025-07-07 18:34:00
n_0000914,u_01864,2025-07-11 20:00:00,daily_reflection,delivered,False,
n_0000915,u_01864,2025-07-24 08:00:00,programme_day,delivered,False,
n_0000916,u_02186,2025-01-26 12:00:00,inspire,delivered,False,
n_0000917,u_00258,2025-12-18 08:00:00,inspire,delivered,False,
n_0000918,u_00477,2025-03-27 10:00:00,inspire,delivered,False,
n_0000919,u_02286,2025-08-10 18:00:00,daily_reflection,delivered,False,
n_0000920,u_02286,2025-08-05 14:00:00,daily_reflection,delivered,False,
n_0000921,u_02286,2025-08-22 14:00:00,daily_reflection,delivered,False,
n_0000922,u_00845,2025-01-10 13:00:00,inspire,delivered,False,
n_0000923,u_02202,2025-10-14 12:00:00,daily_reflection,delivered,False,
n_0000924,u_02256,2025-06-25 12:00:00,daily_reflection,delivered,True,2025-06-25 13:22:00
n_0000925,u_01784,2025-11-23 17:00:00,daily_reflection,delivered,False,
n_0000926,u_01784,2025-11-27 17:00:00,programme_day,delivered,True,2025-11-27 18:29:00
n_0000927,u_01784,2025-11-22 10:00:00,daily_reflection,delivered,False,
n_0000928,u_00716,2025-09-14 09:00:00,programme_day,delivered,False,
n_0000929,u_01383,2025-03-03 16:00:00,daily_reflection,delivered,False,
n_0000930,u_01383,2025-02-24 14:00:00,inspire,delivered,False,
n_0000931,u_01383,2025-02-17 19:00:00,programme_day,delivered,True,2025-02-17 19:04:00
n_0000932,u_02802,2025-03-05 12:00:00,programme_day,delivered,False,
n_0000933,u_01036,2025-07-09 18:00:00,programme_day,delivered,False,
n_0000934,u_01036,2025-07-12 08:00:00,programme_day,delivered,False,
n_0000935,u_01036,2025-07-26 11:00:00,programme_day,delivered,True,2025-07-26 11:40:00
n_0000936,u_02423,2025-03-05 16:00:00,inspire,delivered,False,
n_0000937,u_02610,2025-05-24 13:00:00,daily_reflection,delivered,True,2025-05-24 15:15:00
n_0000938,u_02892,2025-04-28 20:00:00,daily_reflection,delivered,False,
n_0000939,u_00619,2025-06-25 08:00:00,programme_day,delivered,True,2025-06-25 09:20:00
n_0000940,u_00619,2025-07-01 12:00:00,daily_reflection,delivered,False,
n_0000941,u_00730,2025-07-01 16:00:00,daily_reflection,delivered,False,
n_0000942,u_00730,2025-06-17 13:00:00,inspire,delivered,True,2025-06-17 13:41:00
n_0000943,u_00730,2025-07-07 16:00:00,inspire,delivered,False,
n_0000944,u_01668,2025-01-17 15:00:00,daily_reflection,delivered,False,
n_0000945,u_01668,2025-01-19 11:00:00,inspire,failed,False,
n_0000946,u_02889,2025-04-28 20:00:00,daily_reflection,delivered,False,
n_0000947,u_00101,2025-03-04 16:00:00,programme_day,failed,False,
n_0000948,u_00101,2025-02-21 11:00:00,programme_day,delivered,False,
n_0000949,u_00101,2025-03-05 10:00:00,daily_reflection,delivered,False,
n_0000950,u_00089,2025-09-09 15:00:00,inspire,delivered,False,
n_0000951,u_00089,2025-09-05 08:00:00,inspire,delivered,False,
n_0000952,u_02881,2025-09-03 14:00:00,daily_reflection,delivered,False,
n_0000953,u_01062,2025-12-05 08:00:00,daily_reflection,delivered,False,
n_0000954,u_01062,2025-11-24 16:00:00,inspire,delivered,False,
n_0000955,u_00462,2025-12-17 08:00:00,inspire,delivered,True,2025-12-17 09:02:00
n_0000956,u_00462,2025-12-19 18:00:00,daily_reflection,delivered,False,
n_0000957,u_00462,2025-11-29 20:00:00,daily_reflection,delivered,False,
n_0000958,u_01296,2025-01-25 16:00:00,inspire,delivered,False,
n_0000959,u_01296,2025-02-07 16:00:00,programme_day,delivered,False,
n_0000960,u_01296,2025-02-03 10:00:00,inspire,delivered,False,
n_0000961,u_01535,2025-05-10 13:00:00,daily_reflection,delivered,False,
n_0000962,u_01535,2025-05-18 14:00:00,daily_reflection,delivered,True,2025-05-18 14:40:00
n_0000963,u_01535,2025-05-22 16:00:00,inspire,delivered,False,
n_0000964,u_02673,2025-11-23 12:00:00,programme_day,delivered,False,
n_0000965,u_02673,2025-11-28 14:00:00,programme_day,delivered,False,
n_0000966,u_02847,2025-07-09 14:00:00,daily_reflection,delivered,False,
n_0000967,u_01204,2025-02-15 08:00:00,daily_reflection,delivered,False,
n_0000968,u_01528,2025-03-28 13:00:00,daily_reflection,delivered,False,
n_0000969,u_01528,2025-03-27 11:00:00,daily_reflection,failed,False,
n_0000970,u_02090,2025-08-05 19:00:00,daily_reflection,delivered,True,2025-08-05 20:21:00
n_0000971,u_02090,2025-07-21 13:00:00,daily_reflection,delivered,False,
n_0000972,u_02090,2025-08-02 09:00:00,programme_day,delivered,False,
n_0000973,u_00364,2025-01-29 12:00:00,programme_day,delivered,False,
n_0000974,u_00364,2025-02-14 08:00:00,inspire,delivered,True,2025-02-14 08:56:00
n_0000975,u_00364,2025-02-13 14:00:00,inspire,failed,False,
n_0000976,u_00979,2025-02-24 13:00:00,daily_reflection,delivered,False,
n_0000977,u_00242,2025-09-13 13:00:00,daily_reflection,delivered,False,
n_0000978,u_01979,2025-05-18 09:00:00,daily_reflection,delivered,False,
n_0000979,u_00341,2025-10-18 17:00:00,inspire,delivered,False,
n_0000980,u_01762,2025-08-14 15:00:00,daily_reflection,delivered,False,
n_0000981,u_01762,2025-07-17 09:00:00,daily_reflection,delivered,False,
n_0000982,u_01092,2025-12-04 15:00:00,programme_day,delivered,False,
n_0000983,u_01092,2025-11-29 10:00:00,programme_day,delivered,False,
n_0000984,u_01092,2025-12-02 10:00:00,daily_reflection,delivered,True,2025-12-02 10:51:00
n_0000985,u_00491,2025-03-08 20:00:00,inspire,failed,False,
n_0000986,u_00491,2025-02-22 11:00:00,daily_reflection,delivered,False,
n_0000987,u_02309,2025-10-24 13:00:00,inspire,delivered,False,
n_0000988,u_02309,2025-10-14 18:00:00,daily_reflection,delivered,True,2025-10-14 20:27:00
n_0000989,u_02837,2025-02-08 12:00:00,inspire,delivered,False,
n_0000990,u_02837,2025-01-29 13:00:00,inspire,delivered,True,2025-01-29 15:15:00
n_0000991,u_02837,2025-02-06 11:00:00,inspire,delivered,True,2025-02-06 12:26:00
n_0000992,u_02077,2025-10-05 08:00:00,inspire,delivered,False,
n_0000993,u_02077,2025-10-12 17:00:00,daily_reflection,delivered,False,
n_0000994,u_02670,2025-08-05 13:00:00,daily_reflection,delivered,False,
n_0000995,u_02670,2025-07-29 11:00:00,daily_reflection,delivered,False,
n_0000996,u_01329,2025-09-28 15:00:00,inspire,delivered,False,
n_0000997,u_01329,2025-09-16 13:00:00,inspire,delivered,False,
n_0000998,u_00923,2025-03-20 08:00:00,inspire,delivered,False,
n_0000999,u_00923,2025-04-04 08:00:00,programme_day,delivered,False,
n_0001000,u_00923,2025-03-17 13:00:00,daily_reflection,delivered,False,
n_0001001,u_01711,2025-07-29 15:00:00,inspire,delivered,False,
n_0001002,u_00396,2025-11-22 18:00:00,daily_reflection,delivered,False,
n_0001003,u_02196,2025-02-17 19:00:00,programme_day,delivered,False,
n_0001004,u_02196,2025-02-02 08:00:00,daily_reflection,delivered,False,
n_0001005,u_00787,2025-02-15 14:00:00,programme_day,delivered,True,2025-02-15 14:43:00
n_0001006,u_00787,2025-02-18 17:00:00,daily_reflection,delivered,False,
n_0001007,u_02617,2025-02-05 16:00:00,daily_reflection,delivered,False,
n_0001008,u_02617,2025-02-09 11:00:00,daily_reflection,delivered,False,
n_0001009,u_01037,2025-08-07 14:00:00,daily_reflection,delivered,False,
n_0001010,u_01037,2025-08-11 15:00:00,inspire,delivered,False,
n_0001011,u_02161,2025-08-22 10:00:00,programme_day,delivered,True,2025-08-22 12:23:00
n_0001012,u_02161,2025-09-01 08:00:00,programme_day,delivered,False,
n_0001013,u_02161,2025-09-13 08:00:00,daily_reflection,delivered,False,
n_0001014,u_01879,2025-05-02 18:00:00,inspire,delivered,False,
n_0001015,u_01879,2025-04-14 13:00:00,daily_reflection,delivered,False,
n_0001016,u_01466,2025-10-15 14:00:00,inspire,delivered,False,
n_0001017,u_01466,2025-10-19 08:00:00,programme_day,delivered,False,
n_0001018,u_01466,2025-10-31 20:00:00,programme_day,delivered,False,
n_0001019,u_02375,2025-10-16 20:00:00,daily_reflection,delivered,False,
n_0001020,u_02375,2025-10-02 14:00:00,inspire,delivered,False,
n_0001021,u_02375,2025-10-12 13:00:00,daily_reflection,delivered,False,
n_0001022,u_00077,2025-03-08 16:00:00,programme_day,delivered,True,2025-03-08 18:59:00
n_0001023,u_00077,2025-02-20 10:00:00,daily_reflection,delivered,False,
n_0001024,u_02154,2025-08-18 19:00:00,daily_reflection,delivered,True,2025-08-18 21:27:00
n_0001025,u_02154,2025-09-03 09:00:00,inspire,delivered,False,
n_0001026,u_02154,2025-08-15 12:00:00,daily_reflection,delivered,False,
n_0001027,u_02882,2025-09-01 17:00:00,inspire,delivered,False,
n_0001028,u_02882,2025-08-10 20:00:00,programme_day,delivered,True,2025-08-10 20:37:00
n_0001029,u_02813,2025-05-12 10:00:00,programme_day,delivered,False,
n_0001030,u_02813,2025-05-31 14:00:00,programme_day,delivered,False,
n_0001031,u_01220,2025-09-06 10:00:00,inspire,delivered,False,
n_0001032,u_01220,2025-09-14 11:00:00,daily_reflection,delivered,True,2025-09-14 11:31:00
n_0001033,u_01220,2025-09-03 18:00:00,daily_reflection,delivered,False,
n_0001034,u_01691,2025-03-06 10:00:00,daily_reflection,delivered,False,
n_0001035,u_01691,2025-03-03 13:00:00,daily_reflection,delivered,False,
n_0001036,u_01691,2025-02-20 20:00:00,daily_reflection,delivered,False,
n_0001037,u_00792,2025-11-08 19:00:00,daily_reflection,delivered,True,2025-11-08 20:25:00
n_0001038,u_01183,2025-08-28 15:00:00,daily_reflection,delivered,False,
n_0001039,u_01183,2025-08-27 14:00:00,daily_reflection,failed,False,
n_0001040,u_01183,2025-08-27 17:00:00,daily_reflection,delivered,False,
n_0001041,u_02612,2025-02-09 17:00:00,programme_day,delivered,False,
n_0001042,u_02746,2025-06-21 11:00:00,daily_reflection,delivered,False,
n_0001043,u_02746,2025-06-23 14:00:00,inspire,delivered,False,
n_0001044,u_02251,2025-12-27 20:00:00,daily_reflection,delivered,False,
n_0001045,u_02251,2026-01-02 17:00:00,daily_reflection,delivered,False,
n_0001046,u_02507,2025-03-28 17:00:00,inspire,delivered,False,
n_0001047,u_02014,2025-02-19 12:00:00,daily_reflection,delivered,False,
n_0001048,u_02014,2025-02-06 11:00:00,programme_day,delivered,False,
n_0001049,u_02014,2025-02-17 20:00:00,daily_reflection,delivered,False,
n_0001050,u_00160,2025-07-02 12:00:00,inspire,delivered,False,
n_0001051,u_02373,2025-05-23 09:00:00,inspire,delivered,True,2025-05-23 10:13:00
n_0001052,u_02373,2025-06-03 15:00:00,inspire,delivered,False,
n_0001053,u_01878,2025-04-19 12:00:00,programme_day,delivered,False,
n_0001054,u_01878,2025-04-30 12:00:00,programme_day,delivered,False,
n_0001055,u_01878,2025-05-01 12:00:00,inspire,delivered,False,
n_0001056,u_00557,2025-10-30 15:00:00,programme_day,delivered,False,
n_0001057,u_00557,2025-10-20 13:00:00,inspire,delivered,False,
n_0001058,u_01147,2025-02-20 10:00:00,inspire,delivered,False,
n_0001059,u_01147,2025-03-02 17:00:00,inspire,delivered,False,
n_0001060,u_01147,2025-02-09 20:00:00,daily_reflection,delivered,False,
n_0001061,u_01210,2025-09-01 17:00:00,daily_reflection,delivered,False,
n_0001062,u_02850,2025-03-17 11:00:00,programme_day,delivered,True,2025-03-17 13:59:00
n_0001063,u_02850,2025-03-29 15:00:00,daily_reflection,delivered,False,
n_0001064,u_02850,2025-03-20 13:00:00,programme_day,delivered,True,2025-03-20 14:27:00
n_0001065,u_02340,2025-10-12 20:00:00,inspire,delivered,False,
n_0001066,u_02340,2025-10-24 17:00:00,inspire,delivered,True,2025-10-24 17:23:00
n_0001067,u_02340,2025-10-27 18:00:00,daily_reflection,delivered,False,
n_0001068,u_02791,2025-11-13 08:00:00,daily_reflection,delivered,True,2025-11-13 10:43:00
n_0001069,u_02019,2025-03-23 13:00:00,programme_day,delivered,False,
n_0001070,u_00395,2025-03-21 19:00:00,daily_reflection,delivered,True,2025-03-21 21:03:00
n_0001071,u_00395,2025-03-30 18:00:00,inspire,delivered,True,2025-03-30 19:42:00
n_0001072,u_00343,2025-02-17 16:00:00,daily_reflection,delivered,False,
n_0001073,u_02789,2025-04-23 12:00:00,daily_reflection,delivered,True,2025-04-23 13:08:00
n_0001074,u_00612,2025-07-30 17:00:00,inspire,delivered,False,
n_0001075,u_00612,2025-07-26 15:00:00,daily_reflection,delivered,False,
n_0001076,u_02541,2025-07-07 08:00:00,programme_day,delivered,False,
n_0001077,u_00710,2025-04-28 18:00:00,programme_day,delivered,False,
n_0001078,u_00710,2025-05-12 18:00:00,daily_reflection,delivered,False,
n_0001079,u_00710,2025-05-23 19:00:00,inspire,delivered,True,2025-05-23 20:35:00
n_0001080,u_02463,2025-05-18 15:00:00,daily_reflection,delivered,False,
n_0001081,u_02463,2025-06-12 10:00:00,daily_reflection,delivered,False,
n_0001082,u_02463,2025-06-02 14:00:00,inspire,delivered,False,
n_0001083,u_02138,2025-08-05 09:00:00,programme_day,delivered,False,
n_0001084,u_02138,2025-08-10 12:00:00,inspire,delivered,True,2025-08-10 13:07:00
n_0001085,u_02138,2025-07-29 20:00:00,inspire,delivered,False,
n_0001086,u_00076,2026-01-24 11:00:00,daily_reflection,delivered,False,
n_0001087,u_00581,2025-03-20 18:00:00,inspire,delivered,True,2025-03-20 20:18:00
n_0001088,u_00581,2025-03-17 19:00:00,daily_reflection,delivered,False,
n_0001089,u_01980,2025-10-27 18:00:00,inspire,delivered,False,
n_0001090,u_01980,2025-09-30 14:00:00,daily_reflection,delivered,True,2025-09-30 15:51:00
n_0001091,u_00430,2025-02-26 18:00:00,programme_day,delivered,False,
n_0001092,u_00430,2025-02-26 13:00:00,daily_reflection,delivered,False,
n_0001093,u_01598,2025-06-13 11:00:00,programme_day,delivered,False,
n_0001094,u_01598,2025-06-09 11:00:00,programme_day,delivered,False,
n_0001095,u_01598,2025-06-18 15:00:00,inspire,delivered,False,
n_0001096,u_02079,2025-12-13 09:00:00,inspire,delivered,False,
n_0001097,u_02079,2025-12-09 19:00:00,inspire,delivered,False,
n_0001098,u_02998,2025-04-04 17:00:00,inspire,delivered,False,
n_0001099,u_00705,2025-02-24 16:00:00,daily_reflection,delivered,False,
n_0001100,u_02723,2025-11-29 19:00:00,daily_reflection,delivered,False,
n_0001101,u_02723,2025-11-21 13:00:00,inspire,delivered,True,2025-11-21 13:51:00
n_0001102,u_02723,2025-11-18 19:00:00,programme_day,delivered,False,
n_0001103,u_01795,2025-05-06 11:00:00,daily_reflection,delivered,True,2025-05-06 11:56:00
n_0001104,u_01421,2025-03-04 15:00:00,programme_day,delivered,False,
n_0001105,u_01047,2025-05-20 08:00:00,inspire,delivered,False,
n_0001106,u_01047,2025-05-29 13:00:00,daily_reflection,delivered,False,
n_0001107,u_01047,2025-05-06 15:00:00,programme_day,delivered,True,2025-05-06 15:45:00
n_0001108,u_00082,2025-01-23 08:00:00,daily_reflection,delivered,True,2025-01-23 08:53:00
n_0001109,u_00082,2025-01-29 15:00:00,inspire,delivered,True,2025-01-29 15:38:00
n_0001110,u_00082,2025-01-21 14:00:00,daily_reflection,delivered,True,2025-01-21 16:03:00
n_0001111,u_02389,2025-08-25 10:00:00,daily_reflection,delivered,False,
n_0001112,u_02389,2025-09-02 14:00:00,programme_day,delivered,False,
n_0001113,u_02389,2025-08-31 11:00:00,programme_day,delivered,False,
n_0001114,u_01623,2025-10-25 19:00:00,inspire,delivered,False,
n_0001115,u_01623,2025-11-03 16:00:00,daily_reflection,delivered,False,
n_0001116,u_01623,2025-11-11 14:00:00,daily_reflection,delivered,True,2025-11-11 14:39:00
n_0001117,u_00007,2025-12-30 16:00:00,inspire,delivered,False,
n_0001118,u_01137,2025-02-08 16:00:00,programme_day,failed,False,
n_0001119,u_02164,2025-12-11 14:00:00,daily_reflection,delivered,False,
n_0001120,u_00623,2025-07-04 11:00:00,programme_day,delivered,False,
n_0001121,u_00623,2025-07-08 17:00:00,programme_day,delivered,False,
n_0001122,u_00623,2025-07-07 20:00:00,inspire,delivered,False,
n_0001123,u_00933,2025-03-29 16:00:00,inspire,delivered,True,2025-03-29 16:31:00
n_0001124,u_01720,2025-08-21 20:00:00,inspire,delivered,False,
n_0001125,u_01720,2025-08-25 11:00:00,inspire,delivered,False,
n_0001126,u_01170,2025-07-15 12:00:00,daily_reflection,delivered,False,
n_0001127,u_01170,2025-07-27 15:00:00,inspire,failed,False,
n_0001128,u_00867,2025-10-23 17:00:00,daily_reflection,delivered,False,
n_0001129,u_00867,2025-11-04 09:00:00,inspire,delivered,True,2025-11-04 10:01:00
n_0001130,u_00867,2025-10-27 16:00:00,inspire,delivered,False,
n_0001131,u_00769,2025-06-23 16:00:00,inspire,delivered,False,
n_0001132,u_00769,2025-06-24 20:00:00,programme_day,delivered,False,
n_0001133,u_00769,2025-07-06 09:00:00,programme_day,delivered,False,
n_0001134,u_00304,2025-12-27 15:00:00,programme_day,delivered,False,
n_0001135,u_02260,2025-11-03 17:00:00,daily_reflection,delivered,False,
n_0001136,u_02260,2025-10-28 19:00:00,daily_reflection,failed,False,
n_0001137,u_02260,2025-11-11 16:00:00,inspire,delivered,False,
n_0001138,u_01782,2025-02-06 20:00:00,inspire,delivered,False,
n_0001139,u_01782,2025-02-10 11:00:00,programme_day,delivered,False,
n_0001140,u_00646,2025-08-21 13:00:00,daily_reflection,delivered,True,2025-08-21 14:40:00
n_0001141,u_00646,2025-08-01 13:00:00,programme_day,delivered,False,
n_0001142,u_02672,2025-03-11 16:00:00,programme_day,delivered,True,2025-03-11 18:48:00
n_0001143,u_02455,2025-03-30 10:00:00,daily_reflection,delivered,False,
n_0001144,u_02455,2025-03-15 16:00:00,daily_reflection,delivered,True,2025-03-15 17:09:00
n_0001145,u_01484,2025-12-19 20:00:00,inspire,delivered,True,2025-12-19 22:30:00
n_0001146,u_01484,2025-12-10 16:00:00,programme_day,delivered,False,
n_0001147,u_01484,2025-12-20 08:00:00,daily_reflection,delivered,False,
n_0001148,u_00429,2025-03-06 08:00:00,daily_reflection,delivered,False,
n_0001149,u_00429,2025-03-24 13:00:00,programme_day,delivered,False,
n_0001150,u_02130,2025-02-19 12:00:00,daily_reflection,delivered,False,
n_0001151,u_00765,2025-04-10 20:00:00,programme_day,delivered,True,2025-04-10 22:21:00
n_0001152,u_00765,2025-04-05 20:00:00,daily_reflection,delivered,False,
n_0001153,u_02680,2025-03-18 11:00:00,daily_reflection,delivered,False,
n_0001154,u_02680,2025-03-13 17:00:00,inspire,delivered,False,
n_0001155,u_01997,2025-12-30 16:00:00,inspire,delivered,False,
n_0001156,u_01997,2025-12-25 19:00:00,daily_reflection,delivered,False,
n_0001157,u_02783,2025-01-24 12:00:00,programme_day,delivered,False,
n_0001158,u_02783,2025-01-26 10:00:00,daily_reflection,delivered,False,
n_0001159,u_02783,2025-02-16 17:00:00,daily_reflection,failed,False,
n_0001160,u_01422,2025-05-28 16:00:00,programme_day,delivered,False,
n_0001161,u_01422,2025-06-03 10:00:00,daily_reflection,delivered,False,
n_0001162,u_01422,2025-06-14 14:00:00,programme_day,delivered,False,
n_0001163,u_02839,2025-06-26 12:00:00,inspire,delivered,False,
n_0001164,u_02064,2025-04-17 09:00:00,daily_reflection,delivered,False,
n_0001165,u_02064,2025-04-11 20:00:00,inspire,delivered,False,
n_0001166,u_02064,2025-04-17 09:00:00,inspire,delivered,False,
n_0001167,u_00554,2025-06-05 08:00:00,inspire,delivered,True,2025-06-05 09:33:00
n_0001168,u_00554,2025-06-23 12:00:00,daily_reflection,delivered,False,
n_0001169,u_00554,2025-06-25 09:00:00,inspire,delivered,False,
n_0001170,u_00105,2025-08-13 14:00:00,daily_reflection,delivered,False,
n_0001171,u_00105,2025-07-23 08:00:00,inspire,delivered,False,
n_0001172,u_01624,2025-03-31 10:00:00,inspire,delivered,False,
n_0001173,u_01624,2025-03-03 19:00:00,daily_reflection,delivered,False,
n_0001174,u_01624,2025-03-21 20:00:00,inspire,delivered,False,
n_0001175,u_01510,2025-08-07 10:00:00,daily_reflection,delivered,True,2025-08-07 12:39:00
n_0001176,u_01510,2025-08-03 08:00:00,inspire,delivered,False,
n_0001177,u_01510,2025-07-27 15:00:00,programme_day,delivered,False,
n_0001178,u_02840,2025-10-01 08:00:00,daily_reflection,delivered,False,
n_0001179,u_01034,2025-12-24 18:00:00,programme_day,delivered,False,
n_0001180,u_01859,2025-05-06 14:00:00,daily_reflection,delivered,False,
n_0001181,u_01859,2025-04-17 20:00:00,programme_day,delivered,True,2025-04-17 20:52:00
n_0001182,u_01859,2025-05-09 15:00:00,inspire,delivered,False,
n_0001183,u_02598,2026-01-19 11:00:00,programme_day,delivered,False,
n_0001184,u_02598,2026-01-16 13:00:00,programme_day,delivered,True,2026-01-16 13:54:00
n_0001185,u_02598,2026-01-22 14:00:00,programme_day,delivered,True,2026-01-22 15:27:00
n_0001186,u_01588,2025-07-26 10:00:00,daily_reflection,failed,False,
n_0001187,u_01588,2025-07-25 09:00:00,daily_reflection,delivered,True,2025-07-25 09:29:00
n_0001188,u_01588,2025-07-31 12:00:00,programme_day,delivered,False,
n_0001189,u_00052,2025-03-07 16:00:00,programme_day,delivered,True,2025-03-07 18:20:00
n_0001190,u_00052,2025-03-23 19:00:00,programme_day,delivered,False,
n_0001191,u_02305,2025-03-02 13:00:00,daily_reflection,delivered,True,2025-03-02 14:16:00
n_0001192,u_02305,2025-02-27 08:00:00,daily_reflection,delivered,True,2025-02-27 09:20:00
n_0001193,u_00719,2025-08-20 15:00:00,daily_reflection,delivered,True,2025-08-20 16:52:00
n_0001194,u_00719,2025-08-19 11:00:00,programme_day,delivered,False,
n_0001195,u_00719,2025-08-16 08:00:00,programme_day,delivered,False,
n_0001196,u_00143,2025-09-20 09:00:00,inspire,delivered,False,
n_0001197,u_00143,2025-09-08 17:00:00,daily_reflection,delivered,False,
n_0001198,u_01851,2025-08-31 12:00:00,daily_reflection,delivered,False,
n_0001199,u_01851,2025-08-31 13:00:00,daily_reflection,delivered,False,
n_0001200,u_01127,2025-08-13 17:00:00,inspire,failed,False,
n_0001201,u_02707,2025-11-01 10:00:00,programme_day,delivered,False,
n_0001202,u_02707,2025-10-18 12:00:00,daily_reflection,delivered,True,2025-10-18 14:03:00
n_0001203,u_02707,2025-10-13 13:00:00,daily_reflection,delivered,False,
n_0001204,u_01990,2025-05-17 10:00:00,daily_reflection,delivered,False,
n_0001205,u_01990,2025-04-30 10:00:00,programme_day,delivered,False,
n_0001206,u_00786,2025-02-15 19:00:00,inspire,delivered,False,
n_0001207,u_00786,2025-03-04 17:00:00,daily_reflection,delivered,False,
n_0001208,u_00786,2025-02-26 11:00:00,programme_day,delivered,False,
n_0001209,u_02961,2025-08-24 08:00:00,daily_reflection,delivered,False,
n_0001210,u_02961,2025-08-05 09:00:00,daily_reflection,delivered,False,
n_0001211,u_00536,2025-11-08 19:00:00,daily_reflection,delivered,False,
n_0001212,u_00536,2025-11-08 10:00:00,programme_day,delivered,True,2025-11-08 10:03:00
n_0001213,u_00536,2025-11-13 18:00:00,inspire,delivered,False,
n_0001214,u_01850,2025-02-24 19:00:00,inspire,delivered,True,2025-02-24 20:47:00
n_0001215,u_00331,2025-01-22 19:00:00,daily_reflection,delivered,False,
n_0001216,u_00331,2025-02-14 10:00:00,daily_reflection,delivered,False,
n_0001217,u_00331,2025-02-18 15:00:00,daily_reflection,delivered,False,
n_0001218,u_01617,2025-06-06 10:00:00,daily_reflection,delivered,False,
n_0001219,u_01617,2025-06-07 13:00:00,daily_reflection,delivered,False,
n_0001220,u_01617,2025-06-07 18:00:00,daily_reflection,delivered,False,
n_0001221,u_00130,2025-03-29 17:00:00,daily_reflection,delivered,False,
n_0001222,u_02310,2025-12-04 20:00:00,programme_day,delivered,False,
n_0001223,u_02310,2025-12-16 10:00:00,daily_reflection,delivered,True,2025-12-16 12:24:00
n_0001224,u_00935,2026-01-03 09:00:00,daily_reflection,delivered,False,
n_0001225,u_00935,2026-01-03 13:00:00,daily_reflection,delivered,False,
n_0001226,u_00935,2025-12-31 15:00:00,programme_day,delivered,False,
n_0001227,u_02326,2025-11-01 19:00:00,daily_reflection,delivered,True,2025-11-01 21:34:00
n_0001228,u_01378,2025-07-04 11:00:00,inspire,delivered,False,
n_0001229,u_01378,2025-07-11 09:00:00,programme_day,delivered,False,
n_0001230,u_01378,2025-07-20 20:00:00,programme_day,delivered,False,
n_0001231,u_02657,2025-05-29 20:00:00,programme_day,delivered,False,
n_0001232,u_02657,2025-06-09 16:00:00,daily_reflection,delivered,False,
n_0001233,u_02030,2025-02-24 14:00:00,daily_reflection,delivered,False,
n_0001234,u_02030,2025-03-01 16:00:00,inspire,delivered,True,2025-03-01 18:20:00
n_0001235,u_00756,2025-05-06 17:00:00,inspire,delivered,False,
n_0001236,u_00756,2025-04-16 20:00:00,daily_reflection,delivered,False,
n_0001237,u_00756,2025-05-10 08:00:00,daily_reflection,delivered,False,
n_0001238,u_01312,2025-07-13 19:00:00,daily_reflection,delivered,False,
n_0001239,u_01312,2025-07-15 09:00:00,daily_reflection,delivered,False,
n_0001240,u_02233,2025-01-20 13:00:00,inspire,delivered,False,
n_0001241,u_02233,2025-01-15 12:00:00,daily_reflection,delivered,False,
n_0001242,u_02233,2025-01-21 17:00:00,daily_reflection,delivered,True,2025-01-21 19:25:00
n_0001243,u_01868,2025-09-23 15:00:00,daily_reflection,delivered,False,
n_0001244,u_01868,2025-10-05 17:00:00,inspire,delivered,True,2025-10-05 18:41:00
n_0001245,u_02122,2025-08-11 10:00:00,programme_day,delivered,True,2025-08-11 10:39:00
n_0001246,u_02122,2025-08-29 13:00:00,daily_reflection,delivered,False,
n_0001247,u_02122,2025-08-12 12:00:00,daily_reflection,delivered,False,
n_0001248,u_02106,2025-05-04 08:00:00,daily_reflection,delivered,False,
n_0001249,u_02106,2025-05-07 09:00:00,inspire,delivered,False,
n_0001250,u_01761,2025-08-24 15:00:00,programme_day,delivered,False,
n_0001251,u_01761,2025-09-14 17:00:00,daily_reflection,delivered,False,
n_0001252,u_02623,2025-11-20 20:00:00,inspire,delivered,False,
n_0001253,u_02623,2025-11-07 14:00:00,programme_day,delivered,False,
n_0001254,u_02623,2025-11-17 14:00:00,daily_reflection,delivered,False,
n_0001255,u_00123,2025-03-08 14:00:00,programme_day,delivered,False,
n_0001256,u_00123,2025-03-05 17:00:00,daily_reflection,delivered,False,
n_0001257,u_00123,2025-03-23 11:00:00,daily_reflection,delivered,True,2025-03-23 12:31:00
n_0001258,u_02479,2025-08-05 17:00:00,inspire,delivered,True,2025-08-05 18:31:00
n_0001259,u_02495,2025-05-19 08:00:00,daily_reflection,delivered,True,2025-05-19 08:43:00
n_0001260,u_01497,2025-08-03 12:00:00,inspire,delivered,False,
n_0001261,u_00336,2025-05-17 09:00:00,daily_reflection,delivered,True,2025-05-17 10:07:00
n_0001262,u_02099,2025-09-06 20:00:00,programme_day,delivered,False,
n_0001263,u_02099,2025-09-13 14:00:00,daily_reflection,delivered,False,
n_0001264,u_02685,2025-05-16 12:00:00,inspire,delivered,False,
n_0001265,u_00288,2025-03-03 19:00:00,inspire,delivered,False,
n_0001266,u_02887,2025-05-23 15:00:00,programme_day,delivered,False,
n_0001267,u_02887,2025-05-02 14:00:00,programme_day,delivered,True,2025-05-02 14:17:00
n_0001268,u_02887,2025-05-02 13:00:00,daily_reflection,delivered,True,2025-05-02 13:12:00
n_0001269,u_01470,2025-10-29 10:00:00,inspire,delivered,False,
n_0001270,u_01881,2025-10-08 11:00:00,daily_reflection,delivered,False,
n_0001271,u_01881,2025-10-22 18:00:00,daily_reflection,delivered,False,
n_0001272,u_01881,2025-10-07 09:00:00,inspire,delivered,False,
n_0001273,u_00043,2025-10-05 19:00:00,inspire,delivered,False,
n_0001274,u_00102,2025-05-30 12:00:00,inspire,delivered,False,
n_0001275,u_00102,2025-06-11 12:00:00,daily_reflection,delivered,True,2025-06-11 14:46:00
n_0001276,u_00102,2025-06-10 17:00:00,programme_day,delivered,False,
n_0001277,u_00908,2025-08-20 10:00:00,daily_reflection,delivered,True,2025-08-20 11:16:00
n_0001278,u_00908,2025-08-06 12:00:00,inspire,delivered,True,2025-08-06 14:28:00
n_0001279,u_02904,2025-04-02 09:00:00,programme_day,delivered,False,
n_0001280,u_02904,2025-04-25 13:00:00,inspire,delivered,False,
n_0001281,u_00866,2025-03-03 15:00:00,daily_reflection,delivered,False,
n_0001282,u_00866,2025-03-07 09:00:00,daily_reflection,delivered,True,2025-03-07 09:36:00
n_0001283,u_00142,2025-11-12 16:00:00,daily_reflection,delivered,True,2025-11-12 18:39:00
n_0001284,u_00142,2025-12-02 18:00:00,programme_day,delivered,False,
n_0001285,u_01153,2025-03-14 15:00:00,inspire,delivered,False,
n_0001286,u_01861,2025-05-20 13:00:00,inspire,delivered,False,
n_0001287,u_00594,2025-05-15 12:00:00,daily_reflection,delivered,False,
n_0001288,u_00594,2025-05-02 08:00:00,daily_reflection,delivered,True,2025-05-02 10:30:00
n_0001289,u_00594,2025-05-16 14:00:00,daily_reflection,delivered,True,2025-05-16 16:30:00
n_0001290,u_01488,2025-11-20 10:00:00,daily_reflection,delivered,False,
n_0001291,u_01488,2025-11-10 15:00:00,programme_day,delivered,False,
n_0001292,u_02050,2025-04-20 14:00:00,inspire,delivered,False,
n_0001293,u_00718,2025-09-18 11:00:00,programme_day,delivered,False,
n_0001294,u_00718,2025-09-26 11:00:00,daily_reflection,delivered,False,
n_0001295,u_00718,2025-09-17 17:00:00,programme_day,delivered,False,
n_0001296,u_00289,2025-08-02 13:00:00,programme_day,delivered,False,
n_0001297,u_00289,2025-08-01 15:00:00,programme_day,delivered,True,2025-08-01 16:56:00
n_0001298,u_02467,2025-08-03 18:00:00,inspire,delivered,False,
n_0001299,u_02467,2025-07-29 09:00:00,daily_reflection,delivered,False,
n_0001300,u_00968,2026-01-02 17:00:00,inspire,delivered,False,
n_0001301,u_00968,2026-01-13 14:00:00,inspire,delivered,False,
n_0001302,u_00968,2025-12-29 13:00:00,programme_day,delivered,False,
n_0001303,u_02127,2025-08-24 08:00:00,daily_reflection,delivered,False,
n_0001304,u_02808,2025-10-16 11:00:00,programme_day,delivered,False,
n_0001305,u_02808,2025-10-16 20:00:00,programme_day,delivered,False,
n_0001306,u_00812,2025-11-14 16:00:00,inspire,delivered,True,2025-11-14 18:21:00
n_0001307,u_01501,2025-09-26 16:00:00,programme_day,delivered,False,
n_0001308,u_00814,2025-10-25 18:00:00,programme_day,delivered,False,
n_0001309,u_00814,2025-09-27 16:00:00,inspire,delivered,False,
n_0001310,u_00814,2025-10-05 17:00:00,inspire,delivered,False,
n_0001311,u_00759,2025-11-10 10:00:00,programme_day,delivered,False,
n_0001312,u_00759,2025-11-16 13:00:00,inspire,delivered,False,
n_0001313,u_00759,2025-10-20 12:00:00,daily_reflection,delivered,True,2025-10-20 14:46:00
n_0001314,u_00823,2025-03-30 15:00:00,daily_reflection,failed,False,
n_0001315,u_02354,2025-08-08 12:00:00,inspire,failed,False,
n_0001316,u_02354,2025-08-10 19:00:00,daily_reflection,delivered,False,
n_0001317,u_02354,2025-08-02 15:00:00,inspire,delivered,False,
n_0001318,u_00534,2025-11-27 11:00:00,programme_day,delivered,False,
n_0001319,u_00167,2025-06-17 15:00:00,daily_reflection,delivered,False,
n_0001320,u_00167,2025-06-07 16:00:00,programme_day,delivered,True,2025-06-07 16:18:00
n_0001321,u_01923,2025-12-15 12:00:00,daily_reflection,delivered,False,
n_0001322,u_01923,2026-01-03 11:00:00,programme_day,delivered,True,2026-01-03 12:29:00
n_0001323,u_01923,2025-12-18 16:00:00,programme_day,delivered,False,
n_0001324,u_01727,2025-08-30 19:00:00,programme_day,delivered,True,2025-08-30 21:05:00
n_0001325,u_00290,2025-03-26 15:00:00,daily_reflection,delivered,True,2025-03-26 15:37:00
n_0001326,u_00290,2025-03-29 19:00:00,inspire,delivered,False,
n_0001327,u_00290,2025-04-15 20:00:00,daily_reflection,delivered,False,
n_0001328,u_02042,2025-04-30 09:00:00,daily_reflection,delivered,False,
n_0001329,u_02042,2025-05-04 14:00:00,programme_day,delivered,False,
n_0001330,u_02042,2025-04-25 17:00:00,inspire,delivered,False,
n_0001331,u_02814,2025-07-30 17:00:00,inspire,delivered,False,
n_0001332,u_02814,2025-07-09 12:00:00,daily_reflection,delivered,False,
n_0001333,u_02814,2025-07-18 16:00:00,daily_reflection,delivered,False,
n_0001334,u_01431,2025-09-24 09:00:00,inspire,delivered,False,
n_0001335,u_01431,2025-09-05 18:00:00,daily_reflection,delivered,False,
n_0001336,u_01431,2025-09-10 10:00:00,programme_day,delivered,True,2025-09-10 12:52:00
n_0001337,u_02503,2026-01-18 19:00:00,daily_reflection,delivered,True,2026-01-18 20:53:00
n_0001338,u_02503,2026-01-14 12:00:00,inspire,delivered,False,
n_0001339,u_02385,2025-09-11 09:00:00,daily_reflection,delivered,True,2025-09-11 10:50:00
n_0001340,u_01081,2025-10-19 15:00:00,daily_reflection,delivered,False,
n_0001341,u_00930,2025-07-02 08:00:00,inspire,delivered,True,2025-07-02 09:43:00
n_0001342,u_01897,2025-02-11 12:00:00,daily_reflection,delivered,True,2025-02-11 13:58:00
n_0001343,u_02319,2025-07-17 11:00:00,programme_day,delivered,False,
n_0001344,u_02319,2025-08-13 20:00:00,inspire,delivered,False,
n_0001345,u_02319,2025-08-03 18:00:00,inspire,delivered,False,
n_0001346,u_02703,2025-05-10 19:00:00,programme_day,delivered,True,2025-05-10 20:26:00
n_0001347,u_02703,2025-05-20 17:00:00,inspire,delivered,False,
n_0001348,u_02714,2026-01-15 12:00:00,inspire,delivered,False,
n_0001349,u_02714,2026-01-24 19:00:00,daily_reflection,delivered,False,
n_0001350,u_02714,2026-01-20 15:00:00,inspire,delivered,True,2026-01-20 15:08:00
n_0001351,u_02501,2025-03-19 20:00:00,daily_reflection,delivered,False,
n_0001352,u_02501,2025-03-30 15:00:00,inspire,delivered,True,2025-03-30 17:21:00
n_0001353,u_01354,2025-04-24 19:00:00,daily_reflection,delivered,False,
n_0001354,u_02007,2025-07-30 14:00:00,daily_reflection,delivered,False,
n_0001355,u_00274,2026-01-06 16:00:00,daily_reflection,delivered,False,
n_0001356,u_00274,2026-01-14 13:00:00,inspire,delivered,False,
n_0001357,u_01765,2025-08-06 16:00:00,daily_reflection,delivered,False,
n_0001358,u_01765,2025-07-21 09:00:00,inspire,delivered,False,
n_0001359,u_02135,2025-05-12 12:00:00,programme_day,delivered,True,2025-05-12 12:16:00
n_0001360,u_02135,2025-05-08 14:00:00,programme_day,delivered,False,
n_0001361,u_02135,2025-05-05 09:00:00,daily_reflection,delivered,False,
n_0001362,u_00813,2025-06-19 12:00:00,daily_reflection,delivered,True,2025-06-19 12:37:00
n_0001363,u_00813,2025-06-13 08:00:00,programme_day,delivered,False,
n_0001364,u_00813,2025-06-20 17:00:00,inspire,delivered,False,
n_0001365,u_00912,2025-06-30 16:00:00,daily_reflection,delivered,False,
n_0001366,u_00912,2025-07-08 15:00:00,daily_reflection,delivered,False,
n_0001367,u_00307,2025-07-01 17:00:00,inspire,delivered,True,2025-07-01 17:45:00
n_0001368,u_00307,2025-07-02 14:00:00,inspire,delivered,True,2025-07-02 14:23:00
n_0001369,u_00307,2025-06-20 10:00:00,daily_reflection,delivered,False,
n_0001370,u_01633,2025-02-12 17:00:00,programme_day,delivered,False,
n_0001371,u_01633,2025-02-23 09:00:00,inspire,delivered,False,
n_0001372,u_00972,2025-12-04 08:00:00,programme_day,failed,False,
n_0001373,u_00603,2025-06-19 11:00:00,daily_reflection,delivered,False,
n_0001374,u_02781,2025-02-28 18:00:00,daily_reflection,delivered,False,
n_0001375,u_01860,2025-06-18 17:00:00,inspire,delivered,False,
n_0001376,u_00388,2025-08-02 16:00:00,daily_reflection,delivered,False,
n_0001377,u_00388,2025-08-10 18:00:00,daily_reflection,delivered,False,
n_0001378,u_00388,2025-08-17 11:00:00,inspire,delivered,True,2025-08-17 11:54:00
n_0001379,u_02422,2025-12-26 13:00:00,daily_reflection,delivered,False,
n_0001380,u_02571,2025-09-02 09:00:00,programme_day,delivered,False,
n_0001381,u_02571,2025-08-15 09:00:00,inspire,delivered,False,
n_0001382,u_02571,2025-08-30 14:00:00,inspire,delivered,True,2025-08-30 14:50:00
n_0001383,u_01499,2025-05-14 14:00:00,inspire,failed,False,
n_0001384,u_01499,2025-05-25 19:00:00,inspire,delivered,False,
n_0001385,u_01838,2025-05-21 16:00:00,inspire,delivered,False,
n_0001386,u_01838,2025-05-01 09:00:00,daily_reflection,delivered,False,
n_0001387,u_01838,2025-05-24 12:00:00,daily_reflection,delivered,False,
n_0001388,u_00504,2025-05-20 17:00:00,inspire,delivered,False,
n_0001389,u_02919,2025-06-19 17:00:00,daily_reflection,delivered,True,2025-06-19 18:43:00
n_0001390,u_02919,2025-06-28 08:00:00,programme_day,delivered,False,
n_0001391,u_02919,2025-06-13 10:00:00,daily_reflection,delivered,True,2025-06-13 12:01:00
n_0001392,u_02420,2025-12-12 11:00:00,programme_day,delivered,False,
n_0001393,u_02420,2025-12-07 18:00:00,daily_reflection,delivered,False,
n_0001394,u_02420,2025-12-18 19:00:00,programme_day,delivered,True,2025-12-18 20:08:00
n_0001395,u_02974,2025-12-05 11:00:00,inspire,delivered,True,2025-12-05 11:46:00
n_0001396,u_02974,2025-11-18 13:00:00,daily_reflection,delivered,False,
n_0001397,u_02302,2025-05-12 08:00:00,programme_day,delivered,False,
n_0001398,u_02302,2025-05-08 14:00:00,inspire,delivered,False,
n_0001399,u_02302,2025-05-07 18:00:00,daily_reflection,failed,False,
n_0001400,u_00432,2025-06-05 08:00:00,inspire,delivered,False,
n_0001401,u_00432,2025-06-05 11:00:00,daily_reflection,delivered,False,
n_0001402,u_00432,2025-05-27 14:00:00,inspire,delivered,False,
n_0001403,u_01363,2025-02-20 11:00:00,programme_day,delivered,True,2025-02-20 11:44:00
n_0001404,u_01363,2025-02-25 10:00:00,inspire,delivered,False,
n_0001405,u_01763,2025-08-09 17:00:00,daily_reflection,delivered,False,
n_0001406,u_01763,2025-08-06 09:00:00,daily_reflection,delivered,False,
n_0001407,u_00403,2025-08-03 19:00:00,daily_reflection,delivered,True,2025-08-03 20:06:00
n_0001408,u_02679,2025-05-24 16:00:00,inspire,delivered,False,
n_0001409,u_01010,2025-03-12 12:00:00,inspire,delivered,True,2025-03-12 13:00:00
n_0001410,u_00770,2025-06-18 08:00:00,programme_day,delivered,False,
n_0001411,u_00770,2025-06-04 14:00:00,programme_day,delivered,True,2025-06-04 15:44:00
n_0001412,u_02923,2025-12-28 13:00:00,programme_day,delivered,False,
n_0001413,u_02504,2025-01-21 16:00:00,daily_reflection,delivered,False,
n_0001414,u_02750,2025-05-14 10:00:00,programme_day,delivered,True,2025-05-14 12:56:00
n_0001415,u_02750,2025-05-18 15:00:00,inspire,delivered,True,2025-05-18 15:29:00
n_0001416,u_01177,2025-08-25 13:00:00,daily_reflection,delivered,False,
n_0001417,u_00528,2025-11-28 14:00:00,daily_reflection,delivered,True,2025-11-28 14:55:00
n_0001418,u_00528,2025-12-08 11:00:00,daily_reflection,delivered,False,
n_0001419,u_00528,2025-12-06 15:00:00,programme_day,delivered,False,
n_0001420,u_01993,2025-07-09 16:00:00,daily_reflection,delivered,False,
n_0001421,u_01993,2025-07-03 09:00:00,daily_reflection,delivered,False,
n_0001422,u_00118,2025-08-04 13:00:00,inspire,delivered,False,
n_0001423,u_00118,2025-08-07 12:00:00,daily_reflection,delivered,False,
n_0001424,u_00118,2025-08-12 09:00:00,daily_reflection,delivered,False,
n_0001425,u_00774,2025-07-12 15:00:00,daily_reflection,delivered,False,
n_0001426,u_01769,2025-04-25 09:00:00,inspire,delivered,False,
n_0001427,u_00690,2025-04-29 09:00:00,programme_day,delivered,False,
n_0001428,u_00690,2025-04-25 16:00:00,daily_reflection,delivered,False,
n_0001429,u_01566,2025-06-05 12:00:00,daily_reflection,delivered,False,
n_0001430,u_01566,2025-06-14 11:00:00,programme_day,delivered,False,
n_0001431,u_01653,2025-10-31 12:00:00,programme_day,delivered,False,
n_0001432,u_01653,2025-10-28 18:00:00,daily_reflection,delivered,False,
n_0001433,u_02178,2025-04-27 14:00:00,inspire,delivered,False,
n_0001434,u_02178,2025-04-20 15:00:00,programme_day,delivered,True,2025-04-20 17:29:00
n_0001435,u_02178,2025-04-05 15:00:00,inspire,delivered,False,
n_0001436,u_00335,2025-06-07 08:00:00,daily_reflection,delivered,False,
n_0001437,u_00335,2025-05-28 08:00:00,programme_day,delivered,False,
n_0001438,u_00335,2025-05-12 08:00:00,programme_day,delivered,True,2025-05-12 10:21:00
n_0001439,u_00584,2025-12-02 16:00:00,daily_reflection,delivered,False,
n_0001440,u_00584,2025-11-27 13:00:00,programme_day,delivered,False,
n_0001441,u_00584,2025-12-02 09:00:00,inspire,delivered,False,
n_0001442,u_02419,2025-09-02 16:00:00,programme_day,delivered,True,2025-09-02 17:49:00
n_0001443,u_02419,2025-09-04 18:00:00,inspire,delivered,False,
n_0001444,u_02419,2025-09-12 13:00:00,daily_reflection,delivered,True,2025-09-12 14:32:00
n_0001445,u_00083,2025-09-12 20:00:00,daily_reflection,delivered,False,
n_0001446,u_00009,2025-01-19 16:00:00,inspire,delivered,False,
n_0001447,u_00009,2025-01-18 11:00:00,inspire,delivered,True,2025-01-18 12:55:00
n_0001448,u_02796,2025-11-12 16:00:00,programme_day,delivered,False,
n_0001449,u_02796,2025-11-03 15:00:00,inspire,delivered,False,
n_0001450,u_02796,2025-10-28 14:00:00,daily_reflection,delivered,True,2025-10-28 14:37:00
n_0001451,u_01247,2025-04-05 14:00:00,daily_reflection,delivered,False,
n_0001452,u_01247,2025-04-02 19:00:00,daily_reflection,delivered,False,
n_0001453,u_01247,2025-04-25 19:00:00,programme_day,delivered,False,
n_0001454,u_02762,2025-08-26 18:00:00,inspire,delivered,False,
n_0001455,u_02762,2025-09-22 08:00:00,programme_day,delivered,False,
n_0001456,u_02695,2025-08-21 12:00:00,inspire,delivered,False,
n_0001457,u_02478,2025-02-07 09:00:00,inspire,delivered,False,
n_0001458,u_02478,2025-02-15 15:00:00,daily_reflection,delivered,False,
n_0001459,u_02478,2025-02-08 13:00:00,daily_reflection,delivered,False,
n_0001460,u_02456,2025-05-28 10:00:00,programme_day,delivered,True,2025-05-28 11:49:00
n_0001461,u_01766,2025-03-02 19:00:00,inspire,delivered,False,
n_0001462,u_00954,2025-12-11 12:00:00,inspire,delivered,False,
n_0001463,u_00954,2026-01-03 14:00:00,inspire,delivered,False,
n_0001464,u_00107,2025-10-17 10:00:00,daily_reflection,delivered,False,
n_0001465,u_00107,2025-10-24 17:00:00,inspire,delivered,False,
n_0001466,u_00107,2025-09-30 14:00:00,programme_day,delivered,True,2025-09-30 16:55:00
n_0001467,u_01870,2025-06-11 20:00:00,inspire,delivered,True,2025-06-11 22:37:00
n_0001468,u_01870,2025-06-16 19:00:00,programme_day,delivered,False,
n_0001469,u_02443,2025-06-09 17:00:00,inspire,delivered,False,
n_0001470,u_02443,2025-05-25 09:00:00,daily_reflection,delivered,False,
n_0001471,u_00824,2025-04-02 08:00:00,inspire,delivered,False,
n_0001472,u_02034,2025-09-05 13:00:00,programme_day,delivered,True,2025-09-05 15:06:00
n_0001473,u_02034,2025-09-16 09:00:00,daily_reflection,delivered,True,2025-09-16 10:20:00
n_0001474,u_02734,2025-11-07 11:00:00,daily_reflection,delivered,False,
n_0001475,u_02002,2025-06-09 18:00:00,inspire,delivered,False,
n_0001476,u_02002,2025-07-05 10:00:00,programme_day,delivered,False,
n_0001477,u_02584,2025-07-11 19:00:00,programme_day,delivered,False,
n_0001478,u_02584,2025-06-24 11:00:00,inspire,delivered,True,2025-06-24 11:29:00
n_0001479,u_00436,2025-06-19 08:00:00,inspire,delivered,True,2025-06-19 10:24:00
n_0001480,u_00436,2025-06-20 10:00:00,daily_reflection,delivered,False,
n_0001481,u_00649,2025-11-22 19:00:00,daily_reflection,delivered,False,
n_0001482,u_00649,2025-12-04 17:00:00,daily_reflection,delivered,False,
n_0001483,u_00649,2025-11-20 15:00:00,programme_day,delivered,False,
n_0001484,u_01702,2025-09-16 10:00:00,daily_reflection,delivered,False,
n_0001485,u_02158,2025-03-14 18:00:00,daily_reflection,delivered,False,
n_0001486,u_02158,2025-04-05 15:00:00,daily_reflection,delivered,False,
n_0001487,u_02158,2025-03-25 18:00:00,daily_reflection,delivered,True,2025-03-25 19:23:00
n_0001488,u_02851,2025-12-18 12:00:00,inspire,delivered,False,
n_0001489,u_02851,2025-12-26 13:00:00,daily_reflection,delivered,False,
n_0001490,u_01439,2025-04-08 19:00:00,daily_reflection,delivered,False,
n_0001491,u_00384,2025-04-15 16:00:00,daily_reflection,delivered,False,
n_0001492,u_00384,2025-05-03 13:00:00,inspire,delivered,False,
n_0001493,u_01202,2025-08-13 19:00:00,daily_reflection,delivered,False,
n_0001494,u_01202,2025-09-05 08:00:00,daily_reflection,delivered,False,
n_0001495,u_02713,2025-12-16 12:00:00,inspire,delivered,False,
n_0001496,u_01044,2025-07-19 15:00:00,programme_day,delivered,False,
n_0001497,u_01044,2025-07-05 17:00:00,programme_day,delivered,False,
n_0001498,u_00975,2025-09-05 15:00:00,programme_day,delivered,False,
n_0001499,u_01789,2025-03-12 14:00:00,programme_day,delivered,False,
n_0001500,u_01789,2025-03-12 14:00:00,daily_reflection,delivered,False,
n_0001501,u_00127,2025-02-15 08:00:00,daily_reflection,delivered,True,2025-02-15 10:11:00
n_0001502,u_00127,2025-02-07 19:00:00,programme_day,delivered,False,
n_0001503,u_00127,2025-02-14 12:00:00,inspire,delivered,False,
n_0001504,u_01068,2025-02-05 10:00:00,inspire,delivered,False,
n_0001505,u_01068,2025-02-14 10:00:00,daily_reflection,delivered,False,
n_0001506,u_00967,2025-10-22 12:00:00,inspire,delivered,False,
n_0001507,u_00967,2025-10-24 19:00:00,inspire,delivered,False,
n_0001508,u_00967,2025-11-01 18:00:00,programme_day,delivered,False,
n_0001509,u_00880,2025-10-20 19:00:00,daily_reflection,delivered,False,
n_0001510,u_00351,2025-04-06 12:00:00,daily_reflection,delivered,False,
n_0001511,u_00351,2025-04-15 08:00:00,daily_reflection,delivered,False,
n_0001512,u_00351,2025-04-19 20:00:00,daily_reflection,delivered,False,
n_0001513,u_02816,2025-10-02 19:00:00,programme_day,delivered,False,
n_0001514,u_02816,2025-09-19 16:00:00,inspire,delivered,False,
n_0001515,u_02816,2025-09-26 16:00:00,programme_day,delivered,False,
n_0001516,u_01260,2025-10-11 12:00:00,inspire,delivered,False,
n_0001517,u_01260,2025-10-19 12:00:00,daily_reflection,delivered,False,
n_0001518,u_00098,2025-09-30 16:00:00,daily_reflection,delivered,False,
n_0001519,u_00098,2025-09-14 19:00:00,daily_reflection,delivered,False,
n_0001520,u_00511,2025-02-02 20:00:00,inspire,delivered,False,
n_0001521,u_00511,2025-01-30 17:00:00,programme_day,delivered,True,2025-01-30 17:20:00
n_0001522,u_00511,2025-01-23 19:00:00,daily_reflection,delivered,True,2025-01-23 21:54:00
n_0001523,u_01791,2025-06-16 08:00:00,programme_day,delivered,False,
n_0001524,u_01791,2025-06-21 10:00:00,programme_day,delivered,False,
n_0001525,u_01791,2025-06-08 12:00:00,programme_day,delivered,False,
n_0001526,u_01525,2025-09-09 19:00:00,daily_reflection,delivered,True,2025-09-09 19:19:00
n_0001527,u_00400,2025-08-15 19:00:00,inspire,delivered,False,
n_0001528,u_02294,2025-04-11 17:00:00,programme_day,delivered,False,
n_0001529,u_02294,2025-04-28 14:00:00,daily_reflection,delivered,True,2025-04-28 14:35:00
n_0001530,u_01604,2025-10-30 19:00:00,daily_reflection,delivered,False,
n_0001531,u_01604,2025-10-14 15:00:00,daily_reflection,delivered,True,2025-10-14 17:45:00
n_0001532,u_01604,2025-10-10 10:00:00,programme_day,delivered,False,
n_0001533,u_02563,2025-08-02 20:00:00,daily_reflection,delivered,False,
n_0001534,u_01362,2025-03-22 15:00:00,daily_reflection,delivered,False,
n_0001535,u_01318,2025-02-01 13:00:00,daily_reflection,delivered,False,
n_0001536,u_01318,2025-01-28 19:00:00,daily_reflection,delivered,False,
n_0001537,u_01982,2025-11-16 10:00:00,inspire,delivered,False,
n_0001538,u_01982,2025-11-29 19:00:00,daily_reflection,delivered,False,
n_0001539,u_00518,2025-11-16 09:00:00,daily_reflection,delivered,True,2025-11-16 10:56:00
n_0001540,u_02210,2025-02-26 10:00:00,daily_reflection,delivered,False,
n_0001541,u_02210,2025-03-01 08:00:00,inspire,delivered,False,
n_0001542,u_02210,2025-02-24 17:00:00,inspire,delivered,False,
n_0001543,u_00254,2025-12-29 14:00:00,programme_day,delivered,True,2025-12-29 14:55:00
n_0001544,u_00254,2025-12-06 08:00:00,inspire,delivered,False,
n_0001545,u_00254,2025-12-11 16:00:00,daily_reflection,delivered,False,
n_0001546,u_00778,2025-02-13 19:00:00,daily_reflection,delivered,False,
n_0001547,u_00778,2025-02-19 08:00:00,programme_day,delivered,False,
n_0001548,u_00778,2025-02-13 17:00:00,daily_reflection,delivered,True,2025-02-13 18:14:00
n_0001549,u_02276,2025-08-20 18:00:00,inspire,delivered,True,2025-08-20 19:55:00
n_0001550,u_02276,2025-08-28 18:00:00,programme_day,delivered,False,
n_0001551,u_02276,2025-08-22 19:00:00,daily_reflection,delivered,False,
n_0001552,u_02538,2025-10-10 12:00:00,daily_reflection,delivered,False,
n_0001553,u_00909,2025-02-17 20:00:00,daily_reflection,delivered,True,2025-02-17 22:49:00
n_0001554,u_00909,2025-02-09 20:00:00,daily_reflection,delivered,False,
n_0001555,u_00909,2025-01-29 08:00:00,inspire,delivered,True,2025-01-29 10:24:00
n_0001556,u_02287,2025-05-31 12:00:00,daily_reflection,delivered,True,2025-05-31 13:33:00
n_0001557,u_02287,2025-06-25 14:00:00,programme_day,delivered,False,
n_0001558,u_00168,2025-01-19 18:00:00,inspire,delivered,False,
n_0001559,u_02268,2025-09-20 14:00:00,inspire,delivered,False,
n_0001560,u_02268,2025-09-08 19:00:00,daily_reflection,delivered,False,
n_0001561,u_02268,2025-08-31 11:00:00,daily_reflection,delivered,True,2025-08-31 12:37:00
n_0001562,u_02618,2025-09-28 09:00:00,programme_day,delivered,True,2025-09-28 10:33:00
n_0001563,u_01942,2025-08-12 16:00:00,inspire,delivered,False,
n_0001564,u_01376,2025-11-13 11:00:00,inspire,delivered,False,
n_0001565,u_00306,2025-08-06 09:00:00,daily_reflection,delivered,False,
n_0001566,u_00306,2025-07-16 08:00:00,daily_reflection,delivered,False,
n_0001567,u_00306,2025-08-01 14:00:00,daily_reflection,delivered,False,
n_0001568,u_00041,2025-10-14 15:00:00,inspire,delivered,True,2025-10-14 15:42:00
n_0001569,u_00041,2025-10-23 14:00:00,daily_reflection,delivered,False,
n_0001570,u_02833,2025-01-30 17:00:00,daily_reflection,delivered,False,
n_0001571,u_02833,2025-02-09 09:00:00,inspire,delivered,False,
n_0001572,u_02833,2025-02-05 20:00:00,daily_reflection,delivered,True,2025-02-05 22:40:00
n_0001573,u_01772,2025-08-31 13:00:00,programme_day,delivered,False,
n_0001574,u_01772,2025-08-08 10:00:00,daily_reflection,delivered,False,
n_0001575,u_01772,2025-08-28 19:00:00,inspire,delivered,False,
n_0001576,u_00638,2025-08-06 14:00:00,inspire,delivered,False,
n_0001577,u_00986,2025-08-30 18:00:00,programme_day,delivered,False,
n_0001578,u_02263,2025-12-03 18:00:00,daily_reflection,delivered,False,
n_0001579,u_02263,2025-11-26 20:00:00,inspire,delivered,False,
n_0001580,u_01615,2025-12-20 17:00:00,programme_day,delivered,False,
n_0001581,u_00893,2025-06-29 14:00:00,daily_reflection,delivered,False,
n_0001582,u_00201,2025-09-30 16:00:00,programme_day,delivered,False,
n_0001583,u_00201,2025-09-21 13:00:00,programme_day,delivered,True,2025-09-21 15:46:00
n_0001584,u_01872,2025-03-22 14:00:00,daily_reflection,delivered,False,
n_0001585,u_01872,2025-03-27 15:00:00,programme_day,delivered,False,
n_0001586,u_01872,2025-03-21 18:00:00,daily_reflection,delivered,True,2025-03-21 19:40:00
n_0001587,u_00943,2025-04-29 10:00:00,daily_reflection,delivered,False,
n_0001588,u_00943,2025-05-14 09:00:00,daily_reflection,delivered,False,
n_0001589,u_00943,2025-05-04 14:00:00,inspire,delivered,False,
n_0001590,u_00394,2025-06-07 13:00:00,inspire,delivered,False,
n_0001591,u_00394,2025-06-10 19:00:00,daily_reflection,delivered,False,
n_0001592,u_02807,2025-03-07 10:00:00,daily_reflection,delivered,True,2025-03-07 12:44:00
n_0001593,u_02807,2025-03-13 18:00:00,daily_reflection,delivered,True,2025-03-13 18:39:00
n_0001594,u_02807,2025-03-11 17:00:00,daily_reflection,delivered,False,
n_0001595,u_00797,2026-01-10 18:00:00,programme_day,delivered,False,
n_0001596,u_00797,2026-01-03 08:00:00,programme_day,delivered,False,
n_0001597,u_00797,2025-12-23 14:00:00,programme_day,delivered,False,
n_0001598,u_00008,2025-07-02 16:00:00,daily_reflection,delivered,False,
n_0001599,u_00587,2025-08-12 16:00:00,inspire,delivered,False,
n_0001600,u_00587,2025-08-05 11:00:00,programme_day,delivered,False,
n_0001601,u_01326,2025-03-26 09:00:00,programme_day,delivered,False,
n_0001602,u_01326,2025-03-28 18:00:00,daily_reflection,delivered,False,
n_0001603,u_02221,2025-02-23 19:00:00,daily_reflection,delivered,False,
n_0001604,u_00382,2025-03-10 09:00:00,inspire,delivered,False,
n_0001605,u_00382,2025-03-26 16:00:00,daily_reflection,delivered,False,
n_0001606,u_00382,2025-03-03 15:00:00,programme_day,delivered,True,2025-03-03 17:05:00
n_0001607,u_00370,2025-09-01 17:00:00,daily_reflection,delivered,False,
n_0001608,u_00370,2025-09-05 10:00:00,programme_day,delivered,False,
n_0001609,u_01473,2025-08-17 13:00:00,inspire,delivered,False,
n_0001610,u_01473,2025-08-26 18:00:00,daily_reflection,delivered,False,
n_0001611,u_01473,2025-08-26 12:00:00,programme_day,delivered,False,
n_0001612,u_02242,2025-12-21 14:00:00,inspire,delivered,False,
n_0001613,u_02242,2025-12-14 11:00:00,programme_day,delivered,False,
n_0001614,u_02242,2025-12-02 11:00:00,daily_reflection,delivered,False,
n_0001615,u_02182,2025-05-15 10:00:00,daily_reflection,delivered,False,
n_0001616,u_01382,2025-04-27 08:00:00,inspire,delivered,True,2025-04-27 09:08:00
n_0001617,u_01382,2025-04-23 15:00:00,daily_reflection,delivered,False,
n_0001618,u_01382,2025-04-22 11:00:00,programme_day,delivered,False,
n_0001619,u_00497,2025-06-02 15:00:00,daily_reflection,delivered,False,
n_0001620,u_00918,2025-09-26 14:00:00,daily_reflection,delivered,False,
n_0001621,u_00918,2025-10-02 08:00:00,inspire,delivered,False,
n_0001622,u_01219,2025-08-20 09:00:00,inspire,delivered,False,
n_0001623,u_01542,2025-06-23 20:00:00,daily_reflection,delivered,False,
n_0001624,u_01542,2025-06-25 15:00:00,programme_day,delivered,False,
n_0001625,u_00435,2025-06-19 18:00:00,programme_day,delivered,True,2025-06-19 20:24:00
n_0001626,u_00435,2025-06-21 15:00:00,daily_reflection,delivered,False,
n_0001627,u_00559,2025-12-22 19:00:00,daily_reflection,delivered,False,
n_0001628,u_00559,2026-01-01 14:00:00,daily_reflection,delivered,False,
n_0001629,u_02524,2025-08-29 11:00:00,daily_reflection,delivered,True,2025-08-29 11:35:00
n_0001630,u_02524,2025-08-05 15:00:00,inspire,delivered,False,
n_0001631,u_02524,2025-08-06 20:00:00,inspire,delivered,False,
n_0001632,u_02763,2025-03-09 15:00:00,programme_day,delivered,False,
n_0001633,u_02763,2025-03-10 17:00:00,inspire,delivered,True,2025-03-10 17:31:00
n_0001634,u_02509,2025-11-08 10:00:00,inspire,delivered,False,
n_0001635,u_02509,2025-11-13 18:00:00,programme_day,delivered,False,
n_0001636,u_02509,2025-11-16 08:00:00,inspire,delivered,False,
n_0001637,u_00303,2025-10-04 17:00:00,daily_reflection,delivered,False,
n_0001638,u_00303,2025-09-21 18:00:00,programme_day,delivered,False,
n_0001639,u_01919,2025-01-20 14:00:00,inspire,delivered,True,2025-01-20 14:43:00
n_0001640,u_02442,2025-12-20 09:00:00,daily_reflection,delivered,True,2025-12-20 10:38:00
n_0001641,u_00871,2025-05-24 18:00:00,programme_day,delivered,False,
n_0001642,u_00871,2025-05-23 09:00:00,inspire,delivered,False,
n_0001643,u_00871,2025-05-09 10:00:00,daily_reflection,delivered,False,
n_0001644,u_02988,2025-05-19 19:00:00,inspire,delivered,False,
n_0001645,u_02988,2025-04-28 15:00:00,inspire,delivered,False,
n_0001646,u_02988,2025-04-26 20:00:00,daily_reflection,delivered,False,
n_0001647,u_00245,2025-07-24 16:00:00,programme_day,delivered,False,
n_0001648,u_02043,2025-05-08 20:00:00,daily_reflection,delivered,False,
n_0001649,u_02043,2025-05-20 13:00:00,programme_day,delivered,False,
n_0001650,u_00853,2025-06-09 09:00:00,inspire,delivered,False,
n_0001651,u_00197,2025-05-31 10:00:00,daily_reflection,delivered,True,2025-05-31 11:56:00
n_0001652,u_00197,2025-06-10 20:00:00,daily_reflection,delivered,False,
n_0001653,u_00197,2025-06-13 14:00:00,inspire,failed,False,
n_0001654,u_00887,2025-11-12 20:00:00,daily_reflection,delivered,False,
n_0001655,u_00887,2025-11-28 17:00:00,programme_day,delivered,False,
n_0001656,u_00887,2025-11-30 09:00:00,daily_reflection,delivered,False,
n_0001657,u_02203,2025-06-07 16:00:00,programme_day,delivered,True,2025-06-07 16:54:00
n_0001658,u_02203,2025-06-26 18:00:00,daily_reflection,delivered,True,2025-06-26 19:48:00
n_0001659,u_01152,2025-11-04 11:00:00,daily_reflection,delivered,True,2025-11-04 11:27:00
n_0001660,u_01152,2025-11-28 09:00:00,inspire,delivered,False,
n_0001661,u_02247,2025-10-13 08:00:00,daily_reflection,delivered,True,2025-10-13 10:16:00
n_0001662,u_02247,2025-10-08 16:00:00,inspire,delivered,True,2025-10-08 16:43:00
n_0001663,u_00079,2025-08-04 18:00:00,daily_reflection,delivered,False,
n_0001664,u_00079,2025-07-14 12:00:00,daily_reflection,delivered,False,
n_0001665,u_01459,2025-10-21 19:00:00,daily_reflection,delivered,False,
n_0001666,u_01459,2025-10-28 18:00:00,programme_day,delivered,False,
n_0001667,u_02689,2025-09-02 18:00:00,programme_day,delivered,False,
n_0001668,u_02689,2025-08-12 13:00:00,programme_day,delivered,False,
n_0001669,u_02689,2025-08-05 14:00:00,inspire,delivered,True,2025-08-05 16:25:00
n_0001670,u_02771,2025-09-01 13:00:00,daily_reflection,delivered,False,
n_0001671,u_02771,2025-09-08 16:00:00,daily_reflection,delivered,False,
n_0001672,u_00541,2025-02-11 18:00:00,inspire,delivered,True,2025-02-11 18:35:00
n_0001673,u_00541,2025-02-24 10:00:00,programme_day,delivered,False,
n_0001674,u_00541,2025-02-25 13:00:00,daily_reflection,delivered,True,2025-02-25 15:22:00
n_0001675,u_00687,2025-11-20 14:00:00,inspire,delivered,False,
n_0001676,u_01346,2025-05-05 14:00:00,inspire,delivered,True,2025-05-05 16:47:00
n_0001677,u_01346,2025-04-13 10:00:00,inspire,delivered,False,
n_0001678,u_01346,2025-04-08 12:00:00,inspire,delivered,False,
n_0001679,u_01001,2025-10-01 19:00:00,daily_reflection,delivered,False,
n_0001680,u_01001,2025-09-21 20:00:00,daily_reflection,delivered,False,
n_0001681,u_01053,2025-06-21 12:00:00,inspire,delivered,False,
n_0001682,u_00445,2025-02-09 13:00:00,programme_day,delivered,False,
n_0001683,u_00445,2025-03-03 18:00:00,programme_day,delivered,False,
n_0001684,u_00445,2025-02-22 11:00:00,daily_reflection,delivered,False,
n_0001685,u_02742,2025-02-28 13:00:00,daily_reflection,delivered,True,2025-02-28 14:57:00
n_0001686,u_00723,2025-11-27 16:00:00,programme_day,delivered,False,
n_0001687,u_00723,2025-11-13 14:00:00,daily_reflection,delivered,False,
n_0001688,u_00723,2025-11-26 16:00:00,inspire,failed,False,
n_0001689,u_02165,2025-07-20 18:00:00,programme_day,delivered,False,
n_0001690,u_02165,2025-07-02 12:00:00,daily_reflection,delivered,True,2025-07-02 14:12:00
n_0001691,u_02165,2025-07-13 16:00:00,programme_day,delivered,False,
n_0001692,u_02768,2025-06-03 09:00:00,daily_reflection,delivered,False,
n_0001693,u_02768,2025-05-18 13:00:00,inspire,delivered,False,
n_0001694,u_02768,2025-05-12 15:00:00,inspire,delivered,True,2025-05-12 16:34:00
n_0001695,u_02414,2025-05-10 20:00:00,daily_reflection,delivered,True,2025-05-10 20:37:00
n_0001696,u_00699,2025-07-28 12:00:00,inspire,delivered,True,2025-07-28 14:56:00
n_0001697,u_02884,2025-02-19 09:00:00,daily_reflection,delivered,False,
n_0001698,u_02144,2025-04-15 13:00:00,inspire,delivered,True,2025-04-15 15:14:00
n_0001699,u_02144,2025-04-27 17:00:00,programme_day,delivered,False,
n_0001700,u_02144,2025-04-08 14:00:00,daily_reflection,delivered,True,2025-04-08 15:00:00
n_0001701,u_00964,2025-09-07 14:00:00,inspire,delivered,True,2025-09-07 15:50:00
n_0001702,u_00964,2025-09-16 14:00:00,daily_reflection,delivered,False,
n_0001703,u_00964,2025-09-23 19:00:00,inspire,delivered,False,
n_0001704,u_00128,2025-10-21 13:00:00,inspire,delivered,False,
n_0001705,u_00128,2025-10-25 09:00:00,inspire,delivered,False,
n_0001706,u_00128,2025-10-22 17:00:00,daily_reflection,delivered,False,
n_0001707,u_00780,2025-06-07 20:00:00,programme_day,delivered,False,
n_0001708,u_00780,2025-06-06 16:00:00,inspire,delivered,True,2025-06-06 18:47:00
n_0001709,u_02614,2026-01-07 15:00:00,daily_reflection,delivered,False,
n_0001710,u_01228,2025-08-30 11:00:00,daily_reflection,delivered,True,2025-08-30 12:35:00
n_0001711,u_01228,2025-09-10 09:00:00,daily_reflection,delivered,False,
n_0001712,u_02688,2025-07-28 10:00:00,daily_reflection,delivered,False,
n_0001713,u_02688,2025-08-11 17:00:00,daily_reflection,delivered,True,2025-08-11 18:07:00
n_0001714,u_02939,2025-06-01 10:00:00,daily_reflection,delivered,False,
n_0001715,u_02939,2025-06-15 08:00:00,daily_reflection,delivered,True,2025-06-15 09:09:00
n_0001716,u_01479,2025-05-08 15:00:00,programme_day,delivered,False,
n_0001717,u_01479,2025-05-17 11:00:00,daily_reflection,delivered,False,
n_0001718,u_02155,2025-10-29 18:00:00,inspire,delivered,True,2025-10-29 19:59:00
n_0001719,u_00701,2025-10-01 13:00:00,inspire,delivered,False,
n_0001720,u_02858,2025-09-02 11:00:00,programme_day,delivered,False,
n_0001721,u_00783,2025-06-13 20:00:00,programme_day,delivered,False,
n_0001722,u_02156,2025-03-04 12:00:00,programme_day,delivered,False,
n_0001723,u_01323,2025-04-06 12:00:00,programme_day,delivered,False,
n_0001724,u_01323,2025-03-20 12:00:00,daily_reflection,delivered,False,
n_0001725,u_01323,2025-04-05 12:00:00,inspire,delivered,True,2025-04-05 13:25:00
n_0001726,u_00952,2025-11-10 16:00:00,inspire,delivered,True,2025-11-10 18:38:00
n_0001727,u_00184,2025-04-01 19:00:00,daily_reflection,delivered,False,
n_0001728,u_00833,2026-01-24 14:00:00,daily_reflection,delivered,True,2026-01-24 16:07:00
n_0001729,u_00833,2026-01-23 16:00:00,daily_reflection,delivered,False,
n_0001730,u_02733,2025-08-13 08:00:00,programme_day,delivered,False,
n_0001731,u_02733,2025-08-20 19:00:00,inspire,delivered,False,
n_0001732,u_00543,2025-01-28 08:00:00,daily_reflection,delivered,True,2025-01-28 08:32:00
n_0001733,u_02954,2025-03-13 08:00:00,programme_day,delivered,False,
n_0001734,u_00427,2025-11-08 17:00:00,programme_day,delivered,True,2025-11-08 18:56:00
n_0001735,u_00427,2025-11-07 19:00:00,inspire,delivered,False,
n_0001736,u_00427,2025-11-03 08:00:00,inspire,delivered,False,
n_0001737,u_01983,2025-10-09 14:00:00,daily_reflection,delivered,False,
n_0001738,u_02098,2025-10-12 16:00:00,daily_reflection,delivered,False,
n_0001739,u_02098,2025-10-04 19:00:00,programme_day,delivered,False,
n_0001740,u_00287,2025-11-26 08:00:00,inspire,delivered,False,
n_0001741,u_00287,2025-12-20 12:00:00,daily_reflection,delivered,False,
n_0001742,u_01159,2025-07-20 20:00:00,daily_reflection,delivered,False,
n_0001743,u_01159,2025-07-25 14:00:00,inspire,delivered,True,2025-07-25 16:40:00
n_0001744,u_01159,2025-07-25 08:00:00,programme_day,delivered,False,
n_0001745,u_01194,2025-10-14 19:00:00,inspire,delivered,False,
n_0001746,u_01194,2025-10-20 13:00:00,inspire,delivered,False,
n_0001747,u_01194,2025-10-20 14:00:00,programme_day,delivered,True,2025-10-20 16:49:00
n_0001748,u_01335,2025-08-02 11:00:00,inspire,delivered,False,
n_0001749,u_01335,2025-07-27 19:00:00,daily_reflection,delivered,False,
n_0001750,u_00668,2025-10-30 13:00:00,daily_reflection,delivered,False,
n_0001751,u_01291,2025-09-27 14:00:00,inspire,delivered,False,
n_0001752,u_01291,2025-10-09 16:00:00,inspire,delivered,False,
n_0001753,u_02739,2025-09-03 11:00:00,programme_day,delivered,False,
n_0001754,u_01119,2025-11-13 13:00:00,inspire,delivered,False,
n_0001755,u_01119,2025-10-29 10:00:00,programme_day,delivered,True,2025-10-29 10:49:00
n_0001756,u_01369,2025-12-06 16:00:00,inspire,delivered,False,
n_0001757,u_01369,2025-11-23 14:00:00,daily_reflection,delivered,False,
n_0001758,u_00095,2025-04-22 19:00:00,daily_reflection,delivered,False,
n_0001759,u_00095,2025-04-09 08:00:00,programme_day,delivered,False,
n_0001760,u_00095,2025-04-05 08:00:00,programme_day,delivered,False,
n_0001761,u_00724,2025-03-13 17:00:00,programme_day,delivered,False,
n_0001762,u_01176,2025-12-11 11:00:00,daily_reflection,delivered,False,
n_0001763,u_01176,2025-12-03 17:00:00,programme_day,delivered,False,
n_0001764,u_00380,2025-11-18 19:00:00,daily_reflection,delivered,False,
n_0001765,u_00380,2025-11-07 13:00:00,programme_day,delivered,False,
n_0001766,u_00380,2025-11-30 10:00:00,inspire,delivered,False,
n_0001767,u_02864,2025-12-18 09:00:00,daily_reflection,delivered,True,2025-12-18 09:53:00
n_0001768,u_02864,2026-01-06 08:00:00,programme_day,delivered,False,
n_0001769,u_02864,2026-01-03 16:00:00,inspire,delivered,True,2026-01-03 16:09:00
n_0001770,u_00590,2025-05-11 20:00:00,daily_reflection,delivered,False,
n_0001771,u_00590,2025-06-03 08:00:00,inspire,delivered,True,2025-06-03 10:57:00
n_0001772,u_01739,2025-10-23 17:00:00,programme_day,delivered,False,
n_0001773,u_01739,2025-10-01 08:00:00,daily_reflection,delivered,True,2025-10-01 10:21:00
n_0001774,u_01739,2025-10-07 14:00:00,daily_reflection,delivered,False,
n_0001775,u_00158,2025-07-13 10:00:00,inspire,delivered,False,
n_0001776,u_01436,2025-10-14 13:00:00,daily_reflection,delivered,False,
n_0001777,u_01436,2025-10-13 20:00:00,daily_reflection,delivered,False,
n_0001778,u_00440,2025-06-13 16:00:00,inspire,delivered,True,2025-06-13 18:31:00
n_0001779,u_00440,2025-05-15 10:00:00,inspire,delivered,False,
n_0001780,u_00440,2025-06-11 08:00:00,daily_reflection,delivered,True,2025-06-11 09:37:00
n_0001781,u_02911,2025-03-27 14:00:00,programme_day,delivered,False,
n_0001782,u_02911,2025-03-23 18:00:00,daily_reflection,delivered,True,2025-03-23 19:44:00
n_0001783,u_01472,2025-09-15 08:00:00,inspire,delivered,False,
n_0001784,u_00550,2025-02-08 08:00:00,daily_reflection,delivered,False,
n_0001785,u_00550,2025-03-04 18:00:00,inspire,delivered,False,
n_0001786,u_02245,2025-11-06 08:00:00,programme_day,delivered,False,
n_0001787,u_02245,2025-11-05 18:00:00,programme_day,delivered,False,
n_0001788,u_00249,2025-09-12 12:00:00,inspire,delivered,True,2025-09-12 12:52:00
n_0001789,u_00249,2025-09-11 13:00:00,programme_day,delivered,True,2025-09-11 15:13:00
n_0001790,u_00249,2025-09-04 19:00:00,daily_reflection,delivered,False,
n_0001791,u_01025,2025-12-16 13:00:00,daily_reflection,delivered,True,2025-12-16 15:31:00
n_0001792,u_02176,2025-12-18 17:00:00,daily_reflection,delivered,False,
n_0001793,u_02176,2026-01-06 09:00:00,daily_reflection,delivered,False,
n_0001794,u_02176,2025-12-14 14:00:00,inspire,delivered,False,
n_0001795,u_02303,2025-10-22 19:00:00,daily_reflection,delivered,False,
n_0001796,u_02303,2025-10-29 09:00:00,inspire,delivered,False,
n_0001797,u_02303,2025-10-06 12:00:00,inspire,delivered,False,
n_0001798,u_01181,2025-10-29 18:00:00,inspire,delivered,True,2025-10-29 20:33:00
n_0001799,u_01181,2025-10-31 19:00:00,daily_reflection,delivered,False,
n_0001800,u_01181,2025-10-25 17:00:00,programme_day,delivered,True,2025-10-25 17:10:00
n_0001801,u_02461,2025-02-08 18:00:00,inspire,delivered,False,
n_0001802,u_02104,2026-01-01 14:00:00,daily_reflection,delivered,True,2026-01-01 16:50:00
n_0001803,u_02104,2026-01-02 14:00:00,inspire,delivered,False,
n_0001804,u_00261,2025-07-12 14:00:00,programme_day,delivered,False,
n_0001805,u_00261,2025-06-24 19:00:00,daily_reflection,delivered,False,
n_0001806,u_01361,2025-08-02 11:00:00,daily_reflection,delivered,True,2025-08-02 11:51:00
n_0001807,u_01258,2025-11-20 19:00:00,inspire,delivered,False,
n_0001808,u_01258,2025-11-08 12:00:00,programme_day,delivered,False,
n_0001809,u_00955,2025-08-20 09:00:00,programme_day,delivered,False,
n_0001810,u_00955,2025-08-09 15:00:00,inspire,delivered,False,
n_0001811,u_00955,2025-08-27 18:00:00,daily_reflection,delivered,False,
n_0001812,u_02355,2025-08-31 13:00:00,programme_day,delivered,False,
n_0001813,u_01058,2025-07-26 12:00:00,daily_reflection,delivered,True,2025-07-26 13:21:00
n_0001814,u_01570,2025-05-22 17:00:00,daily_reflection,delivered,False,
n_0001815,u_02023,2025-07-30 16:00:00,programme_day,delivered,False,
n_0001816,u_02023,2025-07-26 18:00:00,daily_reflection,delivered,False,
n_0001817,u_00820,2025-07-14 17:00:00,inspire,delivered,False,
n_0001818,u_00820,2025-07-10 16:00:00,daily_reflection,delivered,True,2025-07-10 18:39:00
n_0001819,u_00820,2025-07-28 08:00:00,inspire,delivered,True,2025-07-28 09:20:00
n_0001820,u_01916,2025-08-30 08:00:00,programme_day,delivered,False,
n_0001821,u_02933,2025-09-09 11:00:00,daily_reflection,delivered,True,2025-09-09 11:31:00
n_0001822,u_02933,2025-08-29 13:00:00,daily_reflection,failed,False,
n_0001823,u_02933,2025-08-28 13:00:00,inspire,delivered,True,2025-08-28 13:03:00
n_0001824,u_02581,2025-04-29 13:00:00,inspire,delivered,False,
n_0001825,u_00020,2025-03-03 11:00:00,daily_reflection,delivered,False,
n_0001826,u_00020,2025-03-10 19:00:00,daily_reflection,delivered,True,2025-03-10 19:30:00
n_0001827,u_00020,2025-03-13 10:00:00,programme_day,delivered,False,
n_0001828,u_01768,2025-08-24 16:00:00,daily_reflection,delivered,False,
n_0001829,u_01768,2025-09-18 11:00:00,daily_reflection,delivered,True,2025-09-18 11:03:00
n_0001830,u_01768,2025-09-13 11:00:00,programme_day,delivered,False,
n_0001831,u_02474,2025-10-06 09:00:00,daily_reflection,delivered,False,
n_0001832,u_02474,2025-10-09 09:00:00,daily_reflection,delivered,True,2025-10-09 11:31:00
n_0001833,u_02474,2025-10-22 13:00:00,daily_reflection,delivered,False,
n_0001834,u_01097,2025-01-28 11:00:00,inspire,delivered,True,2025-01-28 13:46:00
n_0001835,u_02284,2025-09-07 10:00:00,programme_day,delivered,False,
n_0001836,u_02284,2025-10-05 16:00:00,programme_day,delivered,False,
n_0001837,u_00378,2025-08-19 19:00:00,daily_reflection,delivered,False,
n_0001838,u_00378,2025-09-12 14:00:00,programme_day,delivered,False,
n_0001839,u_00378,2025-08-21 14:00:00,inspire,delivered,False,
n_0001840,u_02214,2025-08-10 10:00:00,programme_day,delivered,True,2025-08-10 10:17:00
n_0001841,u_02784,2025-02-24 13:00:00,inspire,delivered,True,2025-02-24 14:59:00
n_0001842,u_02784,2025-02-24 11:00:00,inspire,delivered,False,
n_0001843,u_01704,2025-09-15 20:00:00,programme_day,delivered,False,
n_0001844,u_01704,2025-09-09 09:00:00,inspire,delivered,False,
n_0001845,u_00721,2025-12-12 18:00:00,inspire,failed,False,
n_0001846,u_00721,2025-12-12 20:00:00,inspire,delivered,False,
n_0001847,u_01773,2025-02-15 20:00:00,daily_reflection,delivered,True,2025-02-15 20:29:00
n_0001848,u_01773,2025-02-22 11:00:00,inspire,delivered,False,
n_0001849,u_01773,2025-03-01 20:00:00,daily_reflection,delivered,False,
n_0001850,u_00135,2025-07-01 13:00:00,daily_reflection,delivered,True,2025-07-01 13:34:00
n_0001851,u_00135,2025-06-18 10:00:00,inspire,delivered,False,
n_0001852,u_00135,2025-06-25 11:00:00,daily_reflection,delivered,False,
n_0001853,u_02325,2025-07-13 16:00:00,inspire,delivered,False,
n_0001854,u_01060,2025-08-14 20:00:00,daily_reflection,delivered,False,
n_0001855,u_01060,2025-08-12 09:00:00,programme_day,delivered,False,
n_0001856,u_01060,2025-08-04 19:00:00,programme_day,delivered,False,
n_0001857,u_02516,2025-03-19 13:00:00,daily_reflection,delivered,False,
n_0001858,u_02516,2025-03-25 14:00:00,inspire,delivered,False,
n_0001859,u_02516,2025-03-06 09:00:00,programme_day,delivered,False,
n_0001860,u_02643,2025-11-25 10:00:00,inspire,delivered,False,
n_0001861,u_00221,2025-07-31 09:00:00,daily_reflection,delivered,False,
n_0001862,u_00221,2025-07-23 13:00:00,inspire,delivered,False,
n_0001863,u_02416,2025-07-28 19:00:00,daily_reflection,delivered,False,
n_0001864,u_02416,2025-07-21 20:00:00,daily_reflection,delivered,False,
n_0001865,u_02416,2025-07-14 10:00:00,inspire,delivered,True,2025-07-14 11:39:00
n_0001866,u_02515,2025-05-09 12:00:00,daily_reflection,delivered,False,
n_0001867,u_02515,2025-04-15 08:00:00,daily_reflection,delivered,False,
n_0001868,u_01471,2025-12-12 11:00:00,inspire,delivered,False,
n_0001869,u_01471,2025-12-05 08:00:00,daily_reflection,delivered,False,
n_0001870,u_01471,2025-12-27 08:00:00,programme_day,delivered,False,
n_0001871,u_02676,2025-05-08 18:00:00,daily_reflection,delivered,False,
n_0001872,u_02676,2025-05-25 08:00:00,daily_reflection,delivered,False,
n_0001873,u_02676,2025-05-30 16:00:00,inspire,failed,False,
n_0001874,u_01941,2025-02-19 16:00:00,inspire,delivered,True,2025-02-19 16:29:00
n_0001875,u_01370,2026-01-16 13:00:00,daily_reflection,delivered,False,
n_0001876,u_00164,2025-12-30 13:00:00,programme_day,delivered,True,2025-12-30 15:04:00
n_0001877,u_00164,2026-01-24 11:00:00,daily_reflection,delivered,False,
n_0001878,u_00164,2025-12-26 12:00:00,daily_reflection,delivered,True,2025-12-26 12:31:00
n_0001879,u_02826,2025-07-05 20:00:00,programme_day,delivered,False,
n_0001880,u_02826,2025-06-22 09:00:00,daily_reflection,delivered,True,2025-06-22 09:53:00
n_0001881,u_01802,2025-08-20 16:00:00,programme_day,delivered,False,
n_0001882,u_01802,2025-08-26 16:00:00,daily_reflection,delivered,False,
n_0001883,u_01802,2025-09-11 17:00:00,inspire,delivered,True,2025-09-11 18:56:00
n_0001884,u_01888,2025-11-19 10:00:00,inspire,delivered,False,
n_0001885,u_02361,2025-07-06 16:00:00,inspire,delivered,False,
n_0001886,u_02361,2025-06-24 09:00:00,daily_reflection,delivered,False,
n_0001887,u_01866,2025-05-18 14:00:00,daily_reflection,delivered,False,
n_0001888,u_01866,2025-06-01 13:00:00,daily_reflection,delivered,False,
n_0001889,u_01357,2025-10-02 10:00:00,inspire,delivered,False,
n_0001890,u_02365,2025-12-29 15:00:00,daily_reflection,delivered,False,
n_0001891,u_02365,2025-12-27 11:00:00,inspire,delivered,False,
n_0001892,u_02365,2025-12-26 09:00:00,programme_day,delivered,False,
n_0001893,u_01977,2025-05-19 17:00:00,programme_day,delivered,True,2025-05-19 18:43:00
n_0001894,u_01977,2025-05-25 09:00:00,daily_reflection,delivered,False,
n_0001895,u_01977,2025-05-29 11:00:00,daily_reflection,delivered,False,
n_0001896,u_02912,2025-06-04 15:00:00,programme_day,delivered,False,
n_0001897,u_02912,2025-05-22 14:00:00,programme_day,delivered,False,
n_0001898,u_01367,2025-05-31 12:00:00,inspire,delivered,False,
n_0001899,u_02082,2025-08-24 11:00:00,inspire,delivered,False,
n_0001900,u_02082,2025-08-10 12:00:00,inspire,delivered,False,
n_0001901,u_01807,2025-11-06 10:00:00,inspire,delivered,True,2025-11-06 12:59:00
n_0001902,u_01984,2025-05-24 19:00:00,programme_day,delivered,False,
n_0001903,u_01984,2025-05-15 11:00:00,daily_reflection,delivered,False,
n_0001904,u_00941,2025-02-06 18:00:00,inspire,delivered,False,
n_0001905,u_02941,2025-09-03 15:00:00,daily_reflection,delivered,False,
n_0001906,u_02941,2025-09-02 15:00:00,programme_day,delivered,False,
n_0001907,u_02941,2025-08-15 18:00:00,daily_reflection,delivered,False,
n_0001908,u_01582,2025-08-13 13:00:00,inspire,delivered,False,
n_0001909,u_01582,2025-08-11 12:00:00,daily_reflection,delivered,True,2025-08-11 13:44:00
n_0001910,u_01582,2025-08-11 19:00:00,daily_reflection,delivered,False,
n_0001911,u_02367,2025-06-19 13:00:00,inspire,delivered,True,2025-06-19 14:02:00
n_0001912,u_02367,2025-06-16 08:00:00,programme_day,delivered,True,2025-06-16 09:00:00
n_0001913,u_02367,2025-05-25 17:00:00,daily_reflection,delivered,False,
n_0001914,u_00273,2025-02-17 14:00:00,programme_day,delivered,False,
n_0001915,u_00273,2025-02-17 16:00:00,daily_reflection,delivered,True,2025-02-17 17:15:00
n_0001916,u_00704,2025-05-02 17:00:00,programme_day,delivered,False,
n_0001917,u_00316,2025-03-20 13:00:00,daily_reflection,delivered,False,
n_0001918,u_00316,2025-04-05 12:00:00,daily_reflection,delivered,False,
n_0001919,u_01268,2025-03-16 13:00:00,inspire,delivered,False,
n_0001920,u_01268,2025-03-11 15:00:00,programme_day,delivered,True,2025-03-11 16:12:00
n_0001921,u_01294,2025-10-11 17:00:00,programme_day,delivered,False,
n_0001922,u_01414,2025-01-29 16:00:00,programme_day,delivered,False,
n_0001923,u_01313,2025-12-27 19:00:00,daily_reflection,delivered,False,
n_0001924,u_01313,2026-01-11 19:00:00,daily_reflection,delivered,True,2026-01-11 20:31:00
n_0001925,u_02830,2025-11-08 15:00:00,daily_reflection,delivered,False,
n_0001926,u_00748,2025-11-24 12:00:00,daily_reflection,delivered,False,
n_0001927,u_00748,2025-12-03 14:00:00,inspire,delivered,True,2025-12-03 16:06:00
n_0001928,u_00748,2025-11-30 12:00:00,daily_reflection,delivered,True,2025-11-30 13:23:00
n_0001929,u_00015,2025-11-19 15:00:00,daily_reflection,delivered,False,
n_0001930,u_01386,2025-12-27 12:00:00,inspire,delivered,False,
n_0001931,u_02234,2025-03-13 19:00:00,inspire,delivered,False,
n_0001932,u_02187,2025-11-11 10:00:00,inspire,delivered,False,
n_0001933,u_02187,2025-11-19 11:00:00,daily_reflection,delivered,False,
n_0001934,u_02187,2025-10-31 15:00:00,inspire,delivered,True,2025-10-31 17:03:00
n_0001935,u_02568,2025-05-08 10:00:00,programme_day,delivered,False,
n_0001936,u_02568,2025-05-28 17:00:00,daily_reflection,delivered,False,
n_0001937,u_02568,2025-05-07 16:00:00,daily_reflection,delivered,False,
n_0001938,u_02031,2025-05-19 18:00:00,inspire,delivered,True,2025-05-19 19:54:00
n_0001939,u_00049,2025-05-04 16:00:00,daily_reflection,delivered,False,
n_0001940,u_00874,2025-01-03 11:00:00,daily_reflection,delivered,False,
n_0001941,u_00874,2025-01-30 08:00:00,daily_reflection,delivered,False,
n_0001942,u_01087,2025-06-27 18:00:00,programme_day,delivered,False,
n_0001943,u_01087,2025-06-15 18:00:00,daily_reflection,delivered,True,2025-06-15 18:19:00
n_0001944,u_01087,2025-06-25 11:00:00,daily_reflection,delivered,False,
n_0001945,u_01352,2025-11-12 18:00:00,programme_day,delivered,False,
n_0001946,u_01352,2025-11-22 19:00:00,programme_day,delivered,False,
n_0001947,u_00179,2025-11-03 14:00:00,daily_reflection,delivered,False,
n_0001948,u_00179,2025-10-17 12:00:00,daily_reflection,delivered,False,
n_0001949,u_01116,2025-02-20 18:00:00,programme_day,delivered,False,
n_0001950,u_01116,2025-03-13 14:00:00,programme_day,delivered,False,
n_0001951,u_00037,2025-08-22 17:00:00,daily_reflection,delivered,True,2025-08-22 17:49:00
n_0001952,u_00037,2025-08-21 20:00:00,daily_reflection,delivered,False,
n_0001953,u_00037,2025-08-23 08:00:00,inspire,delivered,False,
n_0001954,u_01464,2025-07-20 13:00:00,daily_reflection,delivered,False,
n_0001955,u_00409,2025-10-29 11:00:00,inspire,delivered,False,
n_0001956,u_00409,2025-10-17 19:00:00,inspire,delivered,False,
n_0001957,u_00545,2025-09-22 10:00:00,daily_reflection,delivered,False,
n_0001958,u_00545,2025-10-02 14:00:00,programme_day,delivered,True,2025-10-02 14:37:00
n_0001959,u_00670,2025-02-22 13:00:00,inspire,delivered,False,
n_0001960,u_01557,2025-09-21 10:00:00,daily_reflection,delivered,False,
n_0001961,u_01557,2025-09-09 18:00:00,programme_day,delivered,False,
n_0001962,u_01781,2025-12-25 08:00:00,programme_day,delivered,False,
n_0001963,u_02032,2025-01-11 18:00:00,inspire,delivered,False,
n_0001964,u_02032,2025-01-21 19:00:00,programme_day,delivered,False,
n_0001965,u_02032,2025-01-31 18:00:00,inspire,delivered,False,
n_0001966,u_00740,2026-01-08 11:00:00,inspire,delivered,True,2026-01-08 12:46:00
n_0001967,u_00740,2026-01-05 13:00:00,daily_reflection,delivered,True,2026-01-05 13:25:00
n_0001968,u_02778,2025-01-27 16:00:00,daily_reflection,delivered,False,
n_0001969,u_02778,2025-01-12 15:00:00,inspire,delivered,False,
n_0001970,u_02514,2025-04-04 10:00:00,daily_reflection,delivered,True,2025-04-04 12:35:00
n_0001971,u_02514,2025-03-09 14:00:00,daily_reflection,delivered,True,2025-03-09 15:32:00
n_0001972,u_02514,2025-03-20 18:00:00,programme_day,delivered,True,2025-03-20 20:40:00
n_0001973,u_01987,2025-09-11 19:00:00,daily_reflection,delivered,True,2025-09-11 21:32:00
n_0001974,u_01406,2025-06-11 14:00:00,inspire,delivered,True,2025-06-11 14:16:00
n_0001975,u_01406,2025-06-13 16:00:00,inspire,delivered,False,
n_0001976,u_01406,2025-05-22 17:00:00,programme_day,delivered,False,
n_0001977,u_02102,2025-06-29 11:00:00,inspire,delivered,False,
n_0001978,u_02102,2025-06-25 13:00:00,inspire,delivered,True,2025-06-25 15:25:00
n_0001979,u_02102,2025-06-25 09:00:00,programme_day,delivered,False,
n_0001980,u_01500,2026-01-19 09:00:00,programme_day,delivered,False,
n_0001981,u_02735,2025-01-09 08:00:00,programme_day,delivered,True,2025-01-09 08:18:00
n_0001982,u_02735,2025-01-20 15:00:00,daily_reflection,delivered,False,
n_0001983,u_00754,2025-01-19 20:00:00,inspire,delivered,False,
n_0001984,u_00754,2025-01-15 16:00:00,programme_day,delivered,False,
n_0001985,u_00754,2025-02-07 12:00:00,daily_reflection,delivered,True,2025-02-07 12:48:00
n_0001986,u_01179,2025-09-28 08:00:00,daily_reflection,delivered,False,
n_0001987,u_00677,2025-03-27 14:00:00,programme_day,delivered,False,
n_0001988,u_00746,2025-03-03 09:00:00,programme_day,delivered,True,2025-03-03 09:11:00
n_0001989,u_00746,2025-03-07 12:00:00,programme_day,delivered,False,
n_0001990,u_00746,2025-03-25 16:00:00,daily_reflection,delivered,True,2025-03-25 16:44:00
n_0001991,u_01399,2025-08-21 08:00:00,daily_reflection,delivered,True,2025-08-21 10:44:00
n_0001992,u_02216,2025-05-11 15:00:00,daily_reflection,delivered,False,
n_0001993,u_02216,2025-06-03 12:00:00,daily_reflection,delivered,False,
n_0001994,u_02216,2025-06-05 20:00:00,programme_day,delivered,False,
n_0001995,u_00169,2025-05-02 09:00:00,inspire,delivered,False,
n_0001996,u_01278,2025-02-26 08:00:00,daily_reflection,failed,False,
n_0001997,u_01811,2025-03-30 20:00:00,inspire,delivered,False,
n_0001998,u_01811,2025-04-11 15:00:00,programme_day,delivered,False,
n_0001999,u_01811,2025-04-18 17:00:00,programme_day,delivered,False,
n_0002000,u_01650,2025-08-07 15:00:00,inspire,delivered,True,2025-08-07 17:05:00
n_0002001,u_01650,2025-08-27 17:00:00,inspire,delivered,False,
n_0002002,u_01650,2025-08-05 10:00:00,inspire,delivered,False,
n_0002003,u_00544,2025-06-03 10:00:00,daily_reflection,delivered,False,
n_0002004,u_00544,2025-06-04 09:00:00,daily_reflection,delivered,False,
n_0002005,u_00544,2025-06-06 09:00:00,inspire,delivered,False,
n_0002006,u_00472,2025-11-17 10:00:00,daily_reflection,delivered,False,
n_0002007,u_01580,2026-01-15 09:00:00,daily_reflection,delivered,False,
n_0002008,u_01580,2026-01-05 20:00:00,daily_reflection,delivered,False,
n_0002009,u_01280,2025-07-04 08:00:00,daily_reflection,delivered,False,
n_0002010,u_01280,2025-07-12 08:00:00,daily_reflection,delivered,False,
n_0002011,u_01280,2025-07-13 12:00:00,programme_day,delivered,False,
n_0002012,u_00747,2025-07-14 18:00:00,daily_reflection,delivered,False,
n_0002013,u_00747,2025-07-17 14:00:00,programme_day,delivered,False,
n_0002014,u_00747,2025-07-25 14:00:00,inspire,delivered,False,
n_0002015,u_02774,2025-02-12 15:00:00,inspire,delivered,False,
n_0002016,u_02774,2025-03-10 14:00:00,daily_reflection,delivered,False,
n_0002017,u_02774,2025-02-18 20:00:00,inspire,delivered,False,
n_0002018,u_02024,2025-11-10 16:00:00,programme_day,delivered,False,
n_0002019,u_01616,2025-08-10 14:00:00,programme_day,delivered,False,
n_0002020,u_00151,2025-05-15 16:00:00,programme_day,delivered,False,
n_0002021,u_00151,2025-05-05 20:00:00,programme_day,delivered,True,2025-05-05 22:11:00
n_0002022,u_00443,2025-09-29 14:00:00,inspire,delivered,False,
n_0002023,u_00443,2025-09-26 16:00:00,daily_reflection,delivered,False,
n_0002024,u_01764,2025-12-04 19:00:00,programme_day,delivered,True,2025-12-04 20:12:00
n_0002025,u_01764,2025-12-19 14:00:00,inspire,delivered,True,2025-12-19 16:26:00
n_0002026,u_01764,2025-12-23 16:00:00,daily_reflection,delivered,False,
n_0002027,u_01771,2025-08-10 20:00:00,daily_reflection,delivered,False,
n_0002028,u_01771,2025-08-10 12:00:00,daily_reflection,delivered,False,
n_0002029,u_01771,2025-08-19 14:00:00,daily_reflection,delivered,False,
n_0002030,u_02488,2025-06-22 09:00:00,programme_day,delivered,False,
n_0002031,u_02488,2025-06-21 12:00:00,daily_reflection,delivered,False,
n_0002032,u_01075,2025-08-18 17:00:00,programme_day,delivered,False,
n_0002033,u_00569,2025-12-14 10:00:00,inspire,delivered,False,
n_0002034,u_00569,2026-01-04 18:00:00,inspire,delivered,False,
n_0002035,u_00155,2025-06-15 11:00:00,programme_day,delivered,False,
n_0002036,u_00155,2025-05-30 10:00:00,daily_reflection,delivered,False,
n_0002037,u_00155,2025-05-30 10:00:00,daily_reflection,delivered,False,
n_0002038,u_02989,2025-11-23 13:00:00,inspire,delivered,False,
n_0002039,u_02989,2025-12-18 16:00:00,programme_day,delivered,False,
n_0002040,u_02989,2025-12-17 08:00:00,programme_day,delivered,True,2025-12-17 10:58:00
n_0002041,u_01381,2025-10-24 10:00:00,programme_day,delivered,True,2025-10-24 11:56:00
n_0002042,u_01381,2025-11-02 11:00:00,inspire,delivered,False,
n_0002043,u_02285,2025-06-18 19:00:00,programme_day,delivered,False,
n_0002044,u_02285,2025-06-15 11:00:00,inspire,delivered,True,2025-06-15 11:17:00
n_0002045,u_02285,2025-06-28 10:00:00,daily_reflection,delivered,True,2025-06-28 11:50:00
n_0002046,u_01392,2025-10-03 20:00:00,daily_reflection,delivered,False,
n_0002047,u_01392,2025-09-25 14:00:00,inspire,delivered,True,2025-09-25 14:43:00
n_0002048,u_02288,2025-08-28 12:00:00,daily_reflection,delivered,True,2025-08-28 13:09:00
n_0002049,u_00937,2025-10-07 11:00:00,programme_day,delivered,False,
n_0002050,u_00980,2025-01-26 14:00:00,programme_day,delivered,False,
n_0002051,u_00980,2025-01-11 13:00:00,daily_reflection,delivered,False,
n_0002052,u_00980,2025-01-24 08:00:00,programme_day,delivered,False,
n_0002053,u_02959,2025-10-22 16:00:00,daily_reflection,delivered,True,2025-10-22 18:05:00
n_0002054,u_02959,2025-11-02 13:00:00,programme_day,delivered,False,
n_0002055,u_02736,2025-01-12 11:00:00,programme_day,delivered,False,
n_0002056,u_02736,2025-01-26 08:00:00,inspire,delivered,True,2025-01-26 08:14:00
n_0002057,u_00050,2025-12-07 15:00:00,inspire,delivered,False,
n_0002058,u_00278,2025-09-03 10:00:00,programme_day,delivered,True,2025-09-03 10:35:00
n_0002059,u_00278,2025-09-16 18:00:00,inspire,delivered,True,2025-09-16 19:23:00
n_0002060,u_00119,2025-06-29 14:00:00,programme_day,delivered,False,
n_0002061,u_00119,2025-06-19 20:00:00,inspire,delivered,False,
n_0002062,u_00119,2025-07-13 16:00:00,daily_reflection,delivered,False,
n_0002063,u_02066,2025-09-23 16:00:00,inspire,delivered,False,
n_0002064,u_02066,2025-10-02 15:00:00,programme_day,delivered,False,
n_0002065,u_02995,2025-08-08 18:00:00,daily_reflection,delivered,True,2025-08-08 19:11:00
n_0002066,u_02995,2025-08-08 16:00:00,inspire,delivered,False,
n_0002067,u_02995,2025-08-12 20:00:00,inspire,delivered,True,2025-08-12 21:05:00
n_0002068,u_01118,2025-02-03 12:00:00,daily_reflection,failed,False,
n_0002069,u_00180,2025-04-21 15:00:00,programme_day,delivered,True,2025-04-21 16:27:00
n_0002070,u_00180,2025-05-11 08:00:00,inspire,delivered,False,
n_0002071,u_00180,2025-05-15 11:00:00,daily_reflection,delivered,True,2025-05-15 11:14:00
n_0002072,u_00838,2025-06-29 19:00:00,daily_reflection,delivered,False,
n_0002073,u_00838,2025-06-28 13:00:00,inspire,delivered,False,
n_0002074,u_00784,2025-08-08 20:00:00,inspire,delivered,True,2025-08-08 21:52:00
n_0002075,u_00784,2025-08-15 11:00:00,programme_day,delivered,False,
n_0002076,u_00784,2025-08-11 10:00:00,programme_day,delivered,False,
n_0002077,u_00592,2025-01-11 19:00:00,daily_reflection,delivered,False,
n_0002078,u_00592,2025-02-05 18:00:00,programme_day,delivered,False,
n_0002079,u_02128,2025-02-15 08:00:00,programme_day,delivered,False,
n_0002080,u_01717,2025-07-14 10:00:00,programme_day,delivered,False,
n_0002081,u_01717,2025-07-23 12:00:00,daily_reflection,delivered,False,
n_0002082,u_01717,2025-06-27 16:00:00,daily_reflection,delivered,False,
n_0002083,u_01532,2025-12-09 10:00:00,daily_reflection,delivered,False,
n_0002084,u_00799,2025-06-09 19:00:00,daily_reflection,delivered,False,
n_0002085,u_00799,2025-06-11 09:00:00,daily_reflection,delivered,False,
n_0002086,u_00799,2025-06-19 18:00:00,daily_reflection,delivered,False,
n_0002087,u_02347,2025-03-17 18:00:00,inspire,delivered,False,
n_0002088,u_02347,2025-03-22 09:00:00,inspire,delivered,False,
n_0002089,u_02347,2025-03-02 13:00:00,inspire,delivered,True,2025-03-02 13:39:00
n_0002090,u_01410,2025-12-03 20:00:00,daily_reflection,delivered,False,
n_0002091,u_00817,2025-09-01 10:00:00,daily_reflection,delivered,True,2025-09-01 10:37:00
n_0002092,u_00817,2025-08-20 14:00:00,programme_day,delivered,True,2025-08-20 14:12:00
n_0002093,u_00081,2025-08-31 13:00:00,daily_reflection,delivered,True,2025-08-31 15:11:00
n_0002094,u_02540,2025-10-30 12:00:00,daily_reflection,delivered,False,
n_0002095,u_02540,2025-10-14 19:00:00,daily_reflection,delivered,False,
n_0002096,u_01448,2025-12-31 16:00:00,programme_day,delivered,True,2025-12-31 16:32:00
n_0002097,u_01448,2025-12-10 12:00:00,daily_reflection,delivered,True,2025-12-10 14:22:00
n_0002098,u_02473,2025-03-17 20:00:00,daily_reflection,delivered,False,
n_0002099,u_02473,2025-04-07 18:00:00,daily_reflection,delivered,False,
n_0002100,u_01461,2026-01-19 19:00:00,daily_reflection,delivered,False,
n_0002101,u_00991,2025-09-03 16:00:00,daily_reflection,delivered,False,
n_0002102,u_00991,2025-09-22 12:00:00,inspire,delivered,False,
n_0002103,u_00991,2025-09-30 16:00:00,daily_reflection,delivered,False,
n_0002104,u_00636,2025-08-23 13:00:00,daily_reflection,delivered,False,
n_0002105,u_00636,2025-09-09 10:00:00,daily_reflection,delivered,False,
n_0002106,u_02145,2025-11-14 13:00:00,daily_reflection,delivered,False,
n_0002107,u_01676,2025-03-10 15:00:00,inspire,delivered,False,
n_0002108,u_02787,2025-05-24 17:00:00,daily_reflection,delivered,False,
n_0002109,u_00831,2025-02-02 12:00:00,inspire,delivered,False,
n_0002110,u_00831,2025-01-20 14:00:00,programme_day,delivered,False,
n_0002111,u_00831,2025-01-14 14:00:00,programme_day,delivered,False,
n_0002112,u_00973,2026-01-04 15:00:00,inspire,delivered,False,
n_0002113,u_02868,2025-09-22 20:00:00,daily_reflection,delivered,True,2025-09-22 20:03:00
n_0002114,u_02868,2025-09-29 14:00:00,inspire,delivered,False,
n_0002115,u_00140,2025-08-09 18:00:00,daily_reflection,delivered,False,
n_0002116,u_00140,2025-08-23 18:00:00,programme_day,delivered,False,
n_0002117,u_01305,2025-04-07 08:00:00,daily_reflection,delivered,True,2025-04-07 09:56:00
n_0002118,u_01305,2025-04-05 09:00:00,programme_day,delivered,False,
n_0002119,u_01548,2025-07-13 18:00:00,daily_reflection,delivered,False,
n_0002120,u_02095,2025-02-13 12:00:00,programme_day,delivered,False,
n_0002121,u_02072,2025-03-18 18:00:00,daily_reflection,delivered,True,2025-03-18 19:57:00
n_0002122,u_02500,2025-01-18 11:00:00,inspire,delivered,True,2025-01-18 13:48:00
n_0002123,u_02500,2025-02-07 13:00:00,inspire,delivered,False,
n_0002124,u_02500,2025-01-16 20:00:00,inspire,delivered,False,
n_0002125,u_01083,2025-07-12 12:00:00,inspire,delivered,False,
n_0002126,u_01083,2025-07-18 19:00:00,daily_reflection,delivered,False,
n_0002127,u_00692,2025-09-04 20:00:00,programme_day,delivered,False,
n_0002128,u_00692,2025-08-28 16:00:00,daily_reflection,delivered,False,
n_0002129,u_00692,2025-09-19 16:00:00,inspire,delivered,False,
n_0002130,u_01132,2025-03-12 10:00:00,inspire,delivered,True,2025-03-12 10:06:00
n_0002131,u_01132,2025-02-24 11:00:00,daily_reflection,delivered,False,
n_0002132,u_01132,2025-03-08 20:00:00,inspire,delivered,True,2025-03-08 20:09:00
n_0002133,u_00962,2025-11-08 16:00:00,daily_reflection,delivered,False,
n_0002134,u_00962,2025-11-11 18:00:00,inspire,delivered,False,
n_0002135,u_00962,2025-11-20 15:00:00,daily_reflection,delivered,False,
n_0002136,u_01067,2025-06-29 08:00:00,programme_day,delivered,True,2025-06-29 10:30:00
n_0002137,u_01067,2025-06-13 17:00:00,daily_reflection,delivered,False,
n_0002138,u_02259,2025-09-18 12:00:00,daily_reflection,delivered,False,
n_0002139,u_02259,2025-09-04 10:00:00,daily_reflection,delivered,False,
n_0002140,u_01430,2025-11-10 19:00:00,daily_reflection,delivered,False,
n_0002141,u_01430,2025-10-20 13:00:00,daily_reflection,delivered,False,
n_0002142,u_00431,2026-01-06 20:00:00,programme_day,delivered,False,
n_0002143,u_00431,2026-01-13 14:00:00,daily_reflection,delivered,False,
n_0002144,u_00144,2025-05-10 10:00:00,daily_reflection,delivered,False,
n_0002145,u_01891,2025-01-12 15:00:00,inspire,delivered,True,2025-01-12 15:22:00
n_0002146,u_02857,2025-02-02 20:00:00,inspire,delivered,False,
n_0002147,u_00441,2025-09-24 13:00:00,programme_day,delivered,False,
n_0002148,u_00593,2025-10-10 20:00:00,inspire,delivered,False,
n_0002149,u_00593,2025-10-03 20:00:00,inspire,delivered,False,
n_0002150,u_00593,2025-10-09 08:00:00,programme_day,delivered,False,
n_0002151,u_01191,2025-03-18 11:00:00,daily_reflection,delivered,True,2025-03-18 11:07:00
n_0002152,u_01191,2025-03-20 20:00:00,programme_day,delivered,False,
n_0002153,u_01191,2025-03-18 12:00:00,daily_reflection,delivered,False,
n_0002154,u_00232,2025-01-15 13:00:00,daily_reflection,delivered,False,
n_0002155,u_02379,2025-04-09 20:00:00,daily_reflection,delivered,False,
n_0002156,u_02379,2025-03-28 08:00:00,daily_reflection,delivered,False,
n_0002157,u_02379,2025-04-15 16:00:00,daily_reflection,delivered,False,
n_0002158,u_01925,2025-07-16 15:00:00,programme_day,delivered,False,
n_0002159,u_00856,2025-02-24 20:00:00,daily_reflection,delivered,False,
n_0002160,u_00856,2025-03-20 14:00:00,daily_reflection,delivered,False,
n_0002161,u_00856,2025-03-11 16:00:00,programme_day,delivered,False,
n_0002162,u_00017,2025-10-15 13:00:00,daily_reflection,delivered,False,
n_0002163,u_00017,2025-10-18 13:00:00,daily_reflection,delivered,False,
n_0002164,u_00017,2025-10-18 08:00:00,daily_reflection,delivered,False,
n_0002165,u_01066,2025-06-04 13:00:00,inspire,delivered,False,
n_0002166,u_02834,2025-06-06 16:00:00,inspire,delivered,False,
n_0002167,u_02249,2025-10-30 09:00:00,inspire,delivered,False,
n_0002168,u_01575,2025-10-19 11:00:00,inspire,delivered,False,
n_0002169,u_01575,2025-10-15 13:00:00,daily_reflection,delivered,False,
n_0002170,u_02708,2025-04-22 11:00:00,daily_reflection,delivered,False,
n_0002171,u_00859,2025-09-07 11:00:00,daily_reflection,delivered,False,
n_0002172,u_00859,2025-09-08 15:00:00,daily_reflection,delivered,False,
n_0002173,u_00001,2025-03-19 19:00:00,inspire,delivered,False,
n_0002174,u_00001,2025-04-01 20:00:00,inspire,delivered,False,
n_0002175,u_00001,2025-03-08 18:00:00,inspire,delivered,False,
n_0002176,u_01714,2025-07-20 11:00:00,programme_day,delivered,False,
n_0002177,u_01714,2025-07-18 12:00:00,daily_reflection,delivered,False,
n_0002178,u_01714,2025-07-28 08:00:00,daily_reflection,delivered,True,2025-07-28 08:12:00
n_0002179,u_01569,2025-10-16 16:00:00,inspire,delivered,False,
n_0002180,u_01975,2025-08-11 12:00:00,daily_reflection,delivered,False,
n_0002181,u_01975,2025-07-30 20:00:00,daily_reflection,delivered,False,
n_0002182,u_01975,2025-07-14 09:00:00,inspire,delivered,False,
n_0002183,u_02852,2025-06-20 20:00:00,programme_day,delivered,True,2025-06-20 21:10:00
n_0002184,u_02852,2025-07-15 15:00:00,daily_reflection,delivered,False,
n_0002185,u_01922,2025-05-09 20:00:00,inspire,delivered,False,
n_0002186,u_01922,2025-04-28 19:00:00,daily_reflection,delivered,False,
n_0002187,u_01922,2025-05-04 08:00:00,programme_day,delivered,False,
n_0002188,u_02818,2025-10-14 20:00:00,programme_day,delivered,False,
n_0002189,u_02818,2025-10-15 12:00:00,programme_day,delivered,False,
n_0002190,u_02818,2025-09-20 18:00:00,daily_reflection,delivered,True,2025-09-20 20:29:00
n_0002191,u_02863,2025-11-10 16:00:00,daily_reflection,delivered,False,
n_0002192,u_02863,2025-10-30 12:00:00,programme_day,delivered,True,2025-10-30 13:17:00
n_0002193,u_02863,2025-11-20 08:00:00,daily_reflection,delivered,False,
n_0002194,u_02678,2025-10-15 19:00:00,programme_day,delivered,False,
n_0002195,u_02678,2025-11-07 15:00:00,daily_reflection,delivered,False,
n_0002196,u_02678,2025-11-11 16:00:00,inspire,delivered,True,2025-11-11 18:25:00
n_0002197,u_01708,2025-03-30 14:00:00,daily_reflection,delivered,True,2025-03-30 16:21:00
n_0002198,u_02047,2025-05-31 11:00:00,daily_reflection,delivered,False,
n_0002199,u_02047,2025-05-19 16:00:00,daily_reflection,delivered,True,2025-05-19 16:42:00
n_0002200,u_02785,2025-08-20 14:00:00,daily_reflection,delivered,False,
n_0002201,u_02785,2025-08-01 17:00:00,programme_day,delivered,False,
n_0002202,u_02097,2025-11-07 08:00:00,inspire,delivered,False,
n_0002203,u_00835,2025-03-15 12:00:00,programme_day,delivered,False,
n_0002204,u_00835,2025-02-25 14:00:00,daily_reflection,delivered,True,2025-02-25 14:10:00
n_0002205,u_02274,2025-03-28 18:00:00,programme_day,delivered,False,
n_0002206,u_02274,2025-03-16 17:00:00,daily_reflection,delivered,False,
n_0002207,u_02758,2025-10-15 20:00:00,daily_reflection,delivered,False,
n_0002208,u_02758,2025-10-27 19:00:00,daily_reflection,delivered,False,
n_0002209,u_00324,2025-06-26 16:00:00,programme_day,delivered,False,
n_0002210,u_00324,2025-07-05 18:00:00,daily_reflection,delivered,False,
n_0002211,u_02250,2025-08-30 15:00:00,inspire,delivered,False,
n_0002212,u_02250,2025-09-01 10:00:00,daily_reflection,delivered,False,
n_0002213,u_01032,2025-10-19 11:00:00,inspire,failed,False,
n_0002214,u_01032,2025-10-08 13:00:00,daily_reflection,delivered,False,
n_0002215,u_00997,2025-09-20 11:00:00,inspire,delivered,False,
n_0002216,u_00997,2025-09-01 14:00:00,inspire,delivered,True,2025-09-01 14:39:00
n_0002217,u_01994,2025-12-20 09:00:00,inspire,delivered,False,
n_0002218,u_01994,2025-12-10 08:00:00,daily_reflection,delivered,True,2025-12-10 08:06:00
n_0002219,u_01994,2025-12-25 20:00:00,inspire,delivered,False,
n_0002220,u_01388,2025-09-11 15:00:00,daily_reflection,delivered,False,
n_0002221,u_01388,2025-09-28 15:00:00,daily_reflection,delivered,False,
n_0002222,u_01388,2025-09-18 12:00:00,programme_day,delivered,True,2025-09-18 12:16:00
n_0002223,u_00337,2025-08-17 16:00:00,daily_reflection,delivered,False,
n_0002224,u_00337,2025-08-31 09:00:00,daily_reflection,failed,False,
n_0002225,u_01699,2025-05-22 11:00:00,programme_day,delivered,False,
n_0002226,u_01699,2025-05-17 17:00:00,daily_reflection,delivered,False,
n_0002227,u_01699,2025-05-20 20:00:00,daily_reflection,delivered,False,
n_0002228,u_02400,2025-03-27 18:00:00,inspire,delivered,False,
n_0002229,u_02400,2025-03-26 09:00:00,inspire,failed,False,
n_0002230,u_00120,2025-08-27 09:00:00,programme_day,delivered,False,
n_0002231,u_02116,2025-04-28 09:00:00,inspire,delivered,True,2025-04-28 10:31:00
n_0002232,u_02116,2025-05-05 08:00:00,daily_reflection,delivered,True,2025-05-05 08:57:00
n_0002233,u_02116,2025-04-26 17:00:00,daily_reflection,delivered,False,
n_0002234,u_02668,2025-12-31 12:00:00,daily_reflection,failed,False,
n_0002235,u_00417,2025-12-16 17:00:00,daily_reflection,delivered,False,
n_0002236,u_02920,2025-07-18 20:00:00,daily_reflection,delivered,False,
n_0002237,u_02920,2025-07-07 17:00:00,daily_reflection,delivered,False,
n_0002238,u_02920,2025-07-14 20:00:00,programme_day,delivered,False,
n_0002239,u_01440,2025-06-11 09:00:00,daily_reflection,delivered,False,
n_0002240,u_01440,2025-06-13 15:00:00,daily_reflection,delivered,False,
n_0002241,u_01440,2025-06-15 14:00:00,daily_reflection,delivered,False,
n_0002242,u_01217,2025-06-02 19:00:00,inspire,delivered,False,
n_0002243,u_02819,2025-08-09 13:00:00,daily_reflection,delivered,False,
n_0002244,u_02069,2025-10-09 17:00:00,inspire,delivered,True,2025-10-09 17:25:00
n_0002245,u_02069,2025-10-31 08:00:00,inspire,delivered,False,
n_0002246,u_00474,2025-03-26 17:00:00,programme_day,delivered,False,
n_0002247,u_00474,2025-04-01 09:00:00,daily_reflection,delivered,True,2025-04-01 10:13:00
n_0002248,u_01602,2025-08-01 19:00:00,daily_reflection,delivered,True,2025-08-01 19:28:00
n_0002249,u_01602,2025-08-04 10:00:00,inspire,delivered,False,
n_0002250,u_02798,2025-04-14 15:00:00,daily_reflection,delivered,False,
n_0002251,u_02798,2025-04-11 09:00:00,daily_reflection,delivered,False,
n_0002252,u_02798,2025-04-24 17:00:00,daily_reflection,delivered,False,
n_0002253,u_02223,2025-11-23 20:00:00,daily_reflection,failed,False,
n_0002254,u_01880,2025-05-14 10:00:00,programme_day,delivered,False,
n_0002255,u_01880,2025-05-21 10:00:00,daily_reflection,delivered,False,
n_0002256,u_01880,2025-05-24 17:00:00,programme_day,delivered,False,
n_0002257,u_00574,2025-06-06 16:00:00,daily_reflection,delivered,False,
n_0002258,u_00574,2025-06-16 12:00:00,inspire,delivered,False,
n_0002259,u_00574,2025-06-06 11:00:00,inspire,delivered,False,
n_0002260,u_00309,2025-12-20 17:00:00,daily_reflection,delivered,False,
n_0002261,u_00309,2025-12-28 08:00:00,daily_reflection,delivered,False,
n_0002262,u_00309,2026-01-06 16:00:00,inspire,delivered,False,
n_0002263,u_00463,2026-01-19 15:00:00,daily_reflection,delivered,False,
n_0002264,u_00463,2026-01-06 15:00:00,daily_reflection,delivered,True,2026-01-06 17:18:00
n_0002265,u_00368,2025-07-08 19:00:00,daily_reflection,delivered,False,
n_0002266,u_00368,2025-07-07 09:00:00,daily_reflection,delivered,False,
n_0002267,u_01835,2025-09-03 12:00:00,daily_reflection,delivered,True,2025-09-03 14:59:00
n_0002268,u_01835,2025-09-14 09:00:00,daily_reflection,delivered,False,
n_0002269,u_02674,2025-11-01 20:00:00,daily_reflection,delivered,False,
n_0002270,u_02674,2025-11-27 19:00:00,daily_reflection,delivered,False,
n_0002271,u_02931,2025-09-07 12:00:00,daily_reflection,delivered,False,
n_0002272,u_02856,2025-03-16 14:00:00,daily_reflection,delivered,False,
n_0002273,u_02856,2025-04-08 11:00:00,inspire,delivered,False,
n_0002274,u_01384,2025-04-29 18:00:00,daily_reflection,delivered,True,2025-04-29 20:47:00
n_0002275,u_01384,2025-05-13 16:00:00,programme_day,delivered,False,
n_0002276,u_01014,2025-11-21 19:00:00,daily_reflection,delivered,True,2025-11-21 21:03:00
n_0002277,u_01014,2025-11-03 12:00:00,programme_day,delivered,False,
n_0002278,u_01014,2025-12-02 10:00:00,daily_reflection,delivered,False,
n_0002279,u_02891,2025-06-08 13:00:00,programme_day,delivered,False,
n_0002280,u_02891,2025-05-25 18:00:00,inspire,delivered,False,
n_0002281,u_02594,2025-04-23 10:00:00,inspire,delivered,False,
n_0002282,u_02594,2025-04-10 13:00:00,inspire,delivered,False,
n_0002283,u_01642,2025-09-08 17:00:00,programme_day,delivered,False,
n_0002284,u_01642,2025-09-25 09:00:00,inspire,delivered,False,
n_0002285,u_01642,2025-09-02 19:00:00,programme_day,delivered,False,
n_0002286,u_01071,2025-12-20 12:00:00,inspire,delivered,True,2025-12-20 12:07:00
n_0002287,u_01071,2026-01-12 11:00:00,inspire,delivered,False,
n_0002288,u_01071,2026-01-02 09:00:00,inspire,delivered,True,2026-01-02 10:01:00
n_0002289,u_02454,2025-08-26 14:00:00,inspire,delivered,False,
n_0002290,u_02454,2025-09-08 18:00:00,inspire,delivered,False,
n_0002291,u_00633,2025-04-17 08:00:00,daily_reflection,delivered,False,
n_0002292,u_00633,2025-04-16 17:00:00,programme_day,failed,False,
n_0002293,u_00633,2025-04-30 16:00:00,inspire,delivered,False,
n_0002294,u_01857,2025-09-12 17:00:00,daily_reflection,delivered,False,
n_0002295,u_02605,2025-12-07 17:00:00,inspire,delivered,True,2025-12-07 19:27:00
n_0002296,u_02605,2025-11-25 09:00:00,daily_reflection,failed,False,
n_0002297,u_02605,2025-12-15 14:00:00,programme_day,delivered,False,
n_0002298,u_00237,2025-10-06 11:00:00,programme_day,delivered,False,
n_0002299,u_00237,2025-09-25 17:00:00,daily_reflection,delivered,True,2025-09-25 17:14:00
n_0002300,u_01039,2025-06-03 11:00:00,daily_reflection,delivered,False,
n_0002301,u_01508,2025-06-15 18:00:00,daily_reflection,delivered,False,
n_0002302,u_01508,2025-06-30 15:00:00,inspire,delivered,False,
n_0002303,u_01508,2025-06-22 09:00:00,inspire,delivered,False,
n_0002304,u_01112,2025-07-20 13:00:00,programme_day,delivered,False,
n_0002305,u_01112,2025-07-18 17:00:00,inspire,delivered,False,
n_0002306,u_02976,2025-09-12 13:00:00,inspire,delivered,False,
n_0002307,u_02976,2025-09-26 12:00:00,daily_reflection,delivered,True,2025-09-26 14:14:00
n_0002308,u_02219,2025-11-30 15:00:00,inspire,delivered,False,
n_0002309,u_02219,2025-11-01 10:00:00,daily_reflection,failed,False,
n_0002310,u_00024,2026-01-04 13:00:00,daily_reflection,delivered,True,2026-01-04 15:55:00
n_0002311,u_00024,2025-12-29 14:00:00,inspire,delivered,False,
n_0002312,u_01974,2026-01-24 17:00:00,daily_reflection,delivered,True,2026-01-24 19:13:00
n_0002313,u_01974,2026-01-09 11:00:00,daily_reflection,delivered,False,
n_0002314,u_00131,2025-06-25 17:00:00,daily_reflection,delivered,False,
n_0002315,u_00567,2025-02-21 14:00:00,inspire,delivered,False,
n_0002316,u_00567,2025-02-16 11:00:00,daily_reflection,delivered,True,2025-02-16 11:33:00
n_0002317,u_02075,2026-01-07 10:00:00,daily_reflection,failed,False,
n_0002318,u_02075,2026-01-12 11:00:00,daily_reflection,delivered,False,
n_0002319,u_02075,2026-01-10 11:00:00,daily_reflection,delivered,False,
n_0002320,u_02683,2025-10-13 13:00:00,programme_day,delivered,False,
n_0002321,u_02683,2025-10-13 18:00:00,daily_reflection,delivered,False,
n_0002322,u_00478,2025-06-20 10:00:00,daily_reflection,delivered,False,
n_0002323,u_00349,2025-02-13 11:00:00,daily_reflection,delivered,True,2025-02-13 11:53:00
n_0002324,u_00349,2025-03-09 19:00:00,programme_day,delivered,True,2025-03-09 21:58:00
n_0002325,u_02194,2025-04-21 08:00:00,inspire,delivered,False,
n_0002326,u_02194,2025-04-07 08:00:00,daily_reflection,delivered,False,
n_0002327,u_02450,2025-08-01 17:00:00,programme_day,delivered,False,
n_0002328,u_02450,2025-08-09 08:00:00,programme_day,delivered,True,2025-08-09 09:12:00
n_0002329,u_02407,2025-11-01 19:00:00,programme_day,delivered,False,
n_0002330,u_02407,2025-10-15 09:00:00,daily_reflection,delivered,False,
n_0002331,u_02407,2025-10-15 13:00:00,programme_day,delivered,False,
n_0002332,u_01345,2025-12-25 13:00:00,daily_reflection,delivered,False,
n_0002333,u_00654,2025-09-14 17:00:00,daily_reflection,delivered,False,
n_0002334,u_00654,2025-09-20 09:00:00,daily_reflection,delivered,False,
n_0002335,u_00136,2025-04-19 10:00:00,programme_day,delivered,False,
n_0002336,u_00386,2025-04-22 11:00:00,programme_day,delivered,False,
n_0002337,u_00386,2025-04-17 10:00:00,programme_day,delivered,True,2025-04-17 11:00:00
n_0002338,u_00386,2025-04-28 12:00:00,inspire,delivered,True,2025-04-28 12:36:00
n_0002339,u_02470,2025-09-19 20:00:00,daily_reflection,delivered,False,
n_0002340,u_00305,2025-07-04 08:00:00,daily_reflection,delivered,False,
n_0002341,u_00305,2025-06-09 12:00:00,inspire,delivered,True,2025-06-09 14:30:00
n_0002342,u_00457,2025-05-30 19:00:00,daily_reflection,delivered,True,2025-05-30 19:12:00
n_0002343,u_02624,2025-02-24 09:00:00,inspire,delivered,False,
n_0002344,u_01543,2025-05-08 15:00:00,daily_reflection,delivered,False,
n_0002345,u_01543,2025-05-12 11:00:00,inspire,delivered,False,
n_0002346,u_01543,2025-05-21 19:00:00,daily_reflection,delivered,False,
n_0002347,u_01890,2025-04-05 20:00:00,daily_reflection,delivered,False,
n_0002348,u_02951,2025-03-23 15:00:00,programme_day,delivered,True,2025-03-23 17:51:00
n_0002349,u_02951,2025-03-22 10:00:00,daily_reflection,delivered,False,
n_0002350,u_00686,2025-09-25 09:00:00,daily_reflection,delivered,False,
n_0002351,u_00686,2025-09-10 17:00:00,daily_reflection,delivered,True,2025-09-10 18:08:00
n_0002352,u_00686,2025-09-30 16:00:00,daily_reflection,delivered,False,
n_0002353,u_02953,2026-01-07 18:00:00,inspire,delivered,False,
n_0002354,u_02008,2025-02-26 15:00:00,daily_reflection,delivered,True,2025-02-26 16:53:00
n_0002355,u_00479,2025-11-04 20:00:00,inspire,delivered,True,2025-11-04 22:22:00
n_0002356,u_02899,2025-08-28 14:00:00,daily_reflection,delivered,False,
n_0002357,u_02338,2025-07-22 19:00:00,inspire,delivered,True,2025-07-22 19:34:00
n_0002358,u_02565,2025-10-12 10:00:00,inspire,delivered,True,2025-10-12 12:01:00
n_0002359,u_01903,2025-10-28 16:00:00,inspire,delivered,False,
n_0002360,u_00601,2025-02-16 08:00:00,inspire,delivered,False,
n_0002361,u_00601,2025-01-26 17:00:00,inspire,delivered,True,2025-01-26 17:21:00
n_0002362,u_01003,2025-09-02 18:00:00,daily_reflection,delivered,False,
n_0002363,u_01540,2025-08-22 12:00:00,daily_reflection,delivered,False,
n_0002364,u_01540,2025-08-01 13:00:00,daily_reflection,delivered,False,
n_0002365,u_01981,2025-08-18 08:00:00,daily_reflection,delivered,False,
n_0002366,u_01981,2025-08-07 19:00:00,inspire,delivered,False,
n_0002367,u_02028,2025-12-21 14:00:00,daily_reflection,delivered,False,
n_0002368,u_02028,2025-12-28 15:00:00,programme_day,delivered,False,
n_0002369,u_02028,2025-12-21 16:00:00,programme_day,delivered,False,
n_0002370,u_00794,2025-05-28 18:00:00,programme_day,delivered,True,2025-05-28 20:39:00
n_0002371,u_00794,2025-06-03 11:00:00,inspire,delivered,False,
n_0002372,u_00794,2025-05-29 17:00:00,programme_day,delivered,False,
n_0002373,u_02712,2025-08-02 14:00:00,daily_reflection,delivered,True,2025-08-02 15:35:00
n_0002374,u_02712,2025-08-09 14:00:00,inspire,delivered,False,
n_0002375,u_02712,2025-07-29 13:00:00,daily_reflection,delivered,False,
n_0002376,u_00744,2025-04-14 19:00:00,programme_day,delivered,False,
n_0002377,u_00744,2025-04-10 17:00:00,programme_day,delivered,True,2025-04-10 19:24:00
n_0002378,u_00744,2025-04-25 12:00:00,inspire,delivered,False,
n_0002379,u_00779,2025-04-14 18:00:00,programme_day,delivered,False,
n_0002380,u_01174,2026-01-15 15:00:00,daily_reflection,delivered,False,
n_0002381,u_01918,2025-02-17 20:00:00,inspire,delivered,True,2025-02-17 21:25:00
n_0002382,u_02641,2025-02-02 18:00:00,inspire,delivered,False,
n_0002383,u_02641,2025-01-22 08:00:00,daily_reflection,delivered,True,2025-01-22 08:11:00
n_0002384,u_01163,2025-09-22 13:00:00,inspire,delivered,False,
n_0002385,u_01163,2025-09-27 12:00:00,daily_reflection,delivered,False,
n_0002386,u_01163,2025-10-15 19:00:00,daily_reflection,delivered,True,2025-10-15 19:33:00
n_0002387,u_02320,2025-10-25 15:00:00,daily_reflection,delivered,False,
n_0002388,u_02320,2025-10-18 11:00:00,programme_day,delivered,False,
n_0002389,u_02417,2025-01-10 20:00:00,inspire,delivered,False,
n_0002390,u_00977,2025-09-14 13:00:00,daily_reflection,delivered,False,
n_0002391,u_00828,2025-12-06 15:00:00,daily_reflection,delivered,False,
n_0002392,u_00239,2025-06-18 18:00:00,daily_reflection,delivered,False,
n_0002393,u_00239,2025-05-30 20:00:00,daily_reflection,delivered,True,2025-05-30 21:42:00
n_0002394,u_00239,2025-06-21 17:00:00,programme_day,delivered,False,
n_0002395,u_00625,2025-07-16 12:00:00,inspire,delivered,True,2025-07-16 14:02:00
n_0002396,u_00625,2025-06-20 08:00:00,daily_reflection,delivered,False,
n_0002397,u_02483,2025-11-18 20:00:00,inspire,delivered,False,
n_0002398,u_02483,2025-12-07 15:00:00,daily_reflection,delivered,False,
n_0002399,u_02483,2025-12-01 12:00:00,inspire,delivered,False,
n_0002400,u_00532,2025-10-16 17:00:00,programme_day,delivered,False,
n_0002401,u_01989,2025-06-07 17:00:00,inspire,delivered,False,
n_0002402,u_01359,2025-04-16 16:00:00,daily_reflection,delivered,False,
n_0002403,u_02490,2025-11-04 15:00:00,daily_reflection,delivered,False,
n_0002404,u_02490,2025-11-01 18:00:00,programme_day,delivered,True,2025-11-01 19:06:00
n_0002405,u_02490,2025-10-26 10:00:00,inspire,delivered,False,
n_0002406,u_02413,2025-06-16 19:00:00,daily_reflection,delivered,True,2025-06-16 20:36:00
n_0002407,u_02413,2025-06-09 13:00:00,daily_reflection,delivered,False,
n_0002408,u_02413,2025-06-08 14:00:00,daily_reflection,delivered,False,
n_0002409,u_02520,2025-06-14 13:00:00,inspire,delivered,False,
n_0002410,u_02520,2025-06-07 08:00:00,programme_day,delivered,False,
n_0002411,u_02056,2025-06-05 17:00:00,programme_day,delivered,False,
n_0002412,u_02056,2025-06-07 08:00:00,daily_reflection,delivered,True,2025-06-07 08:05:00
n_0002413,u_02056,2025-05-25 11:00:00,programme_day,delivered,False,
n_0002414,u_00809,2025-09-09 15:00:00,daily_reflection,delivered,False,
n_0002415,u_00809,2025-09-07 08:00:00,inspire,delivered,False,
n_0002416,u_00809,2025-09-22 17:00:00,programme_day,delivered,True,2025-09-22 18:56:00
n_0002417,u_01339,2025-10-14 11:00:00,inspire,delivered,False,
n_0002418,u_01339,2025-10-11 08:00:00,daily_reflection,delivered,False,
n_0002419,u_01339,2025-10-13 16:00:00,programme_day,delivered,False,
n_0002420,u_00700,2025-10-07 16:00:00,inspire,delivered,False,
n_0002421,u_01629,2025-11-01 10:00:00,programme_day,failed,False,
n_0002422,u_01629,2025-10-22 19:00:00,inspire,delivered,True,2025-10-22 20:00:00
n_0002423,u_01629,2025-11-15 15:00:00,daily_reflection,delivered,True,2025-11-15 16:12:00
n_0002424,u_00892,2025-04-05 14:00:00,daily_reflection,delivered,False,
n_0002425,u_01337,2025-05-23 15:00:00,daily_reflection,delivered,True,2025-05-23 15:34:00
n_0002426,u_01592,2025-03-22 08:00:00,programme_day,delivered,False,
n_0002427,u_01094,2025-11-10 20:00:00,daily_reflection,delivered,False,
n_0002428,u_01094,2025-11-23 15:00:00,inspire,delivered,True,2025-11-23 15:10:00
n_0002429,u_01094,2025-11-18 09:00:00,programme_day,delivered,False,
n_0002430,u_02046,2025-06-29 10:00:00,daily_reflection,delivered,False,
n_0002431,u_02046,2025-07-16 18:00:00,daily_reflection,delivered,False,
n_0002432,u_00632,2025-06-12 14:00:00,programme_day,delivered,True,2025-06-12 15:03:00
n_0002433,u_00632,2025-06-05 10:00:00,programme_day,delivered,False,
n_0002434,u_00632,2025-06-07 13:00:00,inspire,delivered,False,
n_0002435,u_00149,2025-11-16 19:00:00,daily_reflection,delivered,False,
n_0002436,u_00149,2025-11-10 16:00:00,inspire,delivered,False,
n_0002437,u_00149,2025-10-31 16:00:00,daily_reflection,delivered,False,
n_0002438,u_01709,2025-02-07 09:00:00,programme_day,delivered,False,
n_0002439,u_01709,2025-01-21 09:00:00,inspire,delivered,False,
n_0002440,u_01709,2025-01-20 12:00:00,programme_day,delivered,False,
n_0002441,u_00458,2025-11-24 16:00:00,inspire,delivered,False,
n_0002442,u_01514,2025-07-05 11:00:00,programme_day,delivered,True,2025-07-05 13:33:00
n_0002443,u_01514,2025-07-02 10:00:00,daily_reflection,delivered,False,
n_0002444,u_02170,2025-08-03 20:00:00,daily_reflection,delivered,False,
n_0002445,u_02170,2025-08-01 19:00:00,programme_day,delivered,False,
n_0002446,u_02170,2025-07-13 17:00:00,inspire,delivered,True,2025-07-13 17:54:00
n_0002447,u_01212,2025-06-05 14:00:00,programme_day,delivered,False,
n_0002448,u_01212,2025-05-21 16:00:00,programme_day,delivered,True,2025-05-21 17:39:00
n_0002449,u_00272,2025-06-05 16:00:00,daily_reflection,delivered,False,
n_0002450,u_00272,2025-06-26 17:00:00,daily_reflection,delivered,False,
n_0002451,u_02421,2025-10-03 09:00:00,programme_day,delivered,False,
n_0002452,u_02197,2025-03-14 18:00:00,inspire,delivered,False,
n_0002453,u_02197,2025-03-20 13:00:00,inspire,delivered,False,
n_0002454,u_00507,2025-04-07 09:00:00,daily_reflection,delivered,False,
n_0002455,u_00607,2025-02-05 12:00:00,daily_reflection,delivered,True,2025-02-05 12:59:00
n_0002456,u_00607,2025-02-13 16:00:00,programme_day,delivered,True,2025-02-13 16:10:00
n_0002457,u_00607,2025-02-05 14:00:00,inspire,delivered,False,
n_0002458,u_02092,2025-10-16 15:00:00,daily_reflection,delivered,True,2025-10-16 16:48:00
n_0002459,u_02092,2025-10-16 15:00:00,inspire,delivered,True,2025-10-16 15:15:00
n_0002460,u_02092,2025-11-01 09:00:00,daily_reflection,delivered,True,2025-11-01 09:35:00
n_0002461,u_00406,2025-12-12 09:00:00,daily_reflection,delivered,False,
n_0002462,u_00406,2025-11-13 12:00:00,daily_reflection,delivered,False,
n_0002463,u_00406,2025-11-16 18:00:00,daily_reflection,delivered,True,2025-11-16 18:44:00
n_0002464,u_00492,2025-06-25 15:00:00,programme_day,delivered,True,2025-06-25 15:20:00
n_0002465,u_00492,2025-07-13 12:00:00,programme_day,delivered,True,2025-07-13 14:30:00
n_0002466,u_01184,2025-06-16 09:00:00,inspire,delivered,False,
n_0002467,u_01723,2025-10-24 15:00:00,daily_reflection,delivered,False,
n_0002468,u_01723,2025-10-24 09:00:00,daily_reflection,delivered,False,
n_0002469,u_00525,2025-04-15 11:00:00,daily_reflection,delivered,True,2025-04-15 11:31:00
n_0002470,u_02999,2025-05-05 11:00:00,inspire,delivered,False,
n_0002471,u_02999,2025-04-29 12:00:00,programme_day,delivered,False,
n_0002472,u_02999,2025-05-10 18:00:00,programme_day,delivered,False,
n_0002473,u_01238,2025-04-22 10:00:00,daily_reflection,delivered,True,2025-04-22 10:19:00
n_0002474,u_01238,2025-05-09 18:00:00,programme_day,delivered,True,2025-05-09 19:29:00
n_0002475,u_01238,2025-04-14 10:00:00,programme_day,delivered,True,2025-04-14 11:00:00
n_0002476,u_01966,2025-10-28 17:00:00,inspire,delivered,False,
n_0002477,u_01966,2025-11-05 17:00:00,programme_day,delivered,False,
n_0002478,u_01966,2025-10-31 09:00:00,inspire,delivered,False,
n_0002479,u_02359,2025-09-12 18:00:00,inspire,delivered,True,2025-09-12 18:31:00
n_0002480,u_02359,2025-09-09 10:00:00,programme_day,delivered,True,2025-09-09 12:01:00
n_0002481,u_02947,2025-12-05 08:00:00,daily_reflection,delivered,True,2025-12-05 09:15:00
n_0002482,u_00816,2025-07-23 10:00:00,inspire,delivered,False,
n_0002483,u_00816,2025-07-23 20:00:00,inspire,delivered,False,
n_0002484,u_00816,2025-07-02 14:00:00,inspire,delivered,False,
n_0002485,u_00438,2025-08-09 15:00:00,inspire,delivered,False,
n_0002486,u_00438,2025-08-18 20:00:00,daily_reflection,delivered,True,2025-08-18 22:31:00
n_0002487,u_00235,2025-02-12 12:00:00,daily_reflection,delivered,False,
n_0002488,u_01875,2026-01-05 13:00:00,daily_reflection,delivered,False,
n_0002489,u_01391,2025-06-03 10:00:00,inspire,delivered,False,
n_0002490,u_02985,2025-07-17 09:00:00,programme_day,delivered,False,
n_0002491,u_02985,2025-07-23 13:00:00,inspire,delivered,False,
n_0002492,u_02985,2025-07-21 19:00:00,inspire,delivered,False,
n_0002493,u_02131,2025-07-21 18:00:00,daily_reflection,delivered,True,2025-07-21 19:35:00
n_0002494,u_02131,2025-07-13 15:00:00,programme_day,delivered,False,
n_0002495,u_02131,2025-08-03 09:00:00,inspire,delivered,True,2025-08-03 10:59:00
n_0002496,u_01393,2025-11-16 17:00:00,inspire,delivered,False,
n_0002497,u_01393,2025-11-24 10:00:00,daily_reflection,delivered,False,
n_0002498,u_01799,2025-05-24 09:00:00,daily_reflection,delivered,True,2025-05-24 09:06:00
n_0002499,u_01799,2025-06-10 09:00:00,inspire,delivered,True,2025-06-10 11:38:00
n_0002500,u_01799,2025-06-14 20:00:00,inspire,delivered,True,2025-06-14 21:59:00
n_0002501,u_00248,2025-07-17 13:00:00,daily_reflection,delivered,False,
n_0002502,u_00678,2025-10-28 18:00:00,programme_day,delivered,False,
n_0002503,u_00678,2025-11-07 09:00:00,daily_reflection,delivered,False,
n_0002504,u_00678,2025-10-21 12:00:00,programme_day,delivered,False,
n_0002505,u_00597,2026-01-29 12:00:00,daily_reflection,delivered,False,
n_0002506,u_00597,2026-01-21 13:00:00,daily_reflection,delivered,False,
n_0002507,u_00597,2026-01-13 15:00:00,daily_reflection,delivered,True,2026-01-13 15:42:00
n_0002508,u_02168,2025-07-26 14:00:00,daily_reflection,delivered,True,2025-07-26 16:44:00
n_0002509,u_02168,2025-07-26 16:00:00,programme_day,delivered,True,2025-07-26 17:41:00
n_0002510,u_02537,2025-08-25 09:00:00,inspire,delivered,True,2025-08-25 11:09:00
n_0002511,u_02627,2025-11-10 10:00:00,inspire,delivered,True,2025-11-10 10:01:00
n_0002512,u_00374,2025-05-27 17:00:00,daily_reflection,delivered,True,2025-05-27 17:07:00
n_0002513,u_00374,2025-05-31 14:00:00,inspire,delivered,False,
n_0002514,u_00374,2025-06-03 17:00:00,daily_reflection,delivered,True,2025-06-03 19:03:00
n_0002515,u_00408,2025-11-11 13:00:00,daily_reflection,delivered,True,2025-11-11 14:04:00
n_0002516,u_00408,2025-11-05 12:00:00,inspire,delivered,True,2025-11-05 13:05:00
n_0002517,u_00408,2025-10-22 17:00:00,programme_day,delivered,False,
n_0002518,u_02449,2025-12-10 20:00:00,inspire,delivered,False,
n_0002519,u_01817,2025-04-17 19:00:00,daily_reflection,delivered,False,
n_0002520,u_01817,2025-04-29 10:00:00,programme_day,delivered,False,
n_0002521,u_00426,2025-03-03 11:00:00,programme_day,delivered,False,
n_0002522,u_02459,2025-10-12 14:00:00,programme_day,delivered,False,
n_0002523,u_01841,2025-12-21 11:00:00,inspire,delivered,False,
n_0002524,u_00129,2025-09-25 09:00:00,programme_day,delivered,False,
n_0002525,u_00129,2025-08-30 11:00:00,programme_day,delivered,False,
n_0002526,u_02526,2025-02-09 10:00:00,programme_day,delivered,False,
n_0002527,u_02526,2025-02-22 14:00:00,daily_reflection,delivered,False,
n_0002528,u_02526,2025-02-16 13:00:00,programme_day,delivered,False,
n_0002529,u_02231,2025-08-14 10:00:00,programme_day,delivered,False,
n_0002530,u_01107,2025-11-22 11:00:00,daily_reflection,delivered,False,
n_0002531,u_01589,2025-05-14 08:00:00,inspire,delivered,False,
n_0002532,u_02491,2025-12-25 10:00:00,daily_reflection,delivered,True,2025-12-25 11:43:00
n_0002533,u_02491,2025-12-07 10:00:00,daily_reflection,delivered,True,2025-12-07 11:43:00
n_0002534,u_02491,2025-12-13 13:00:00,inspire,delivered,False,
n_0002535,u_00614,2025-02-15 17:00:00,programme_day,delivered,True,2025-02-15 18:27:00
n_0002536,u_00614,2025-02-07 16:00:00,inspire,delivered,False,
n_0002537,u_00614,2025-02-27 17:00:00,inspire,delivered,False,
n_0002538,u_00204,2025-08-09 12:00:00,inspire,delivered,False,
n_0002539,u_02715,2025-02-01 10:00:00,programme_day,delivered,False,
n_0002540,u_02715,2025-02-12 20:00:00,inspire,delivered,False,
n_0002541,u_02632,2025-10-21 20:00:00,daily_reflection,delivered,False,
n_0002542,u_02729,2025-11-29 08:00:00,inspire,delivered,False,
n_0002543,u_00764,2025-02-15 10:00:00,daily_reflection,delivered,False,
n_0002544,u_00764,2025-03-09 16:00:00,daily_reflection,delivered,True,2025-03-09 17:49:00
n_0002545,u_01915,2025-11-11 17:00:00,daily_reflection,delivered,False,
n_0002546,u_01915,2025-11-21 10:00:00,inspire,delivered,False,
n_0002547,u_00660,2025-07-23 16:00:00,daily_reflection,delivered,False,
n_0002548,u_02434,2025-07-23 15:00:00,daily_reflection,delivered,True,2025-07-23 16:28:00
n_0002549,u_02434,2025-07-21 09:00:00,inspire,delivered,False,
n_0002550,u_01797,2025-06-18 14:00:00,programme_day,delivered,False,
n_0002551,u_01797,2025-06-07 08:00:00,daily_reflection,delivered,True,2025-06-07 09:26:00
n_0002552,u_02011,2025-12-17 09:00:00,daily_reflection,delivered,False,
n_0002553,u_01898,2025-02-13 17:00:00,daily_reflection,delivered,True,2025-02-13 17:04:00
n_0002554,u_01898,2025-02-24 13:00:00,inspire,delivered,False,
n_0002555,u_01898,2025-02-13 15:00:00,inspire,delivered,True,2025-02-13 15:25:00
n_0002556,u_01234,2025-10-02 15:00:00,inspire,delivered,False,
n_0002557,u_01234,2025-09-22 09:00:00,daily_reflection,delivered,False,
n_0002558,u_01234,2025-10-01 14:00:00,inspire,delivered,False,
n_0002559,u_01536,2025-10-14 20:00:00,programme_day,delivered,False,
n_0002560,u_01536,2025-10-03 20:00:00,daily_reflection,delivered,False,
n_0002561,u_01536,2025-10-08 14:00:00,daily_reflection,delivered,False,
n_0002562,u_02831,2025-10-09 09:00:00,inspire,delivered,False,
n_0002563,u_02831,2025-10-13 14:00:00,programme_day,delivered,False,
n_0002564,u_02831,2025-10-15 12:00:00,inspire,delivered,True,2025-10-15 13:52:00
n_0002565,u_02324,2025-07-28 10:00:00,programme_day,delivered,False,
n_0002566,u_02324,2025-08-15 11:00:00,daily_reflection,delivered,False,
n_0002567,u_02140,2025-10-11 10:00:00,programme_day,delivered,False,
n_0002568,u_00447,2025-02-22 08:00:00,inspire,delivered,False,
n_0002569,u_00447,2025-02-11 16:00:00,daily_reflection,delivered,False,
n_0002570,u_00447,2025-03-10 10:00:00,inspire,delivered,False,
n_0002571,u_02964,2025-06-12 20:00:00,programme_day,delivered,False,
n_0002572,u_00346,2025-08-11 11:00:00,daily_reflection,delivered,False,
n_0002573,u_00346,2025-08-18 20:00:00,inspire,delivered,True,2025-08-18 22:54:00
n_0002574,u_02871,2025-06-29 17:00:00,daily_reflection,delivered,False,
n_0002575,u_02862,2025-05-30 08:00:00,programme_day,delivered,False,
n_0002576,u_00434,2025-12-29 12:00:00,daily_reflection,delivered,False,
n_0002577,u_00434,2026-01-22 14:00:00,daily_reflection,delivered,False,
n_0002578,u_00434,2026-01-03 09:00:00,inspire,delivered,True,2026-01-03 10:49:00
n_0002579,u_01832,2025-09-22 08:00:00,daily_reflection,delivered,False,
n_0002580,u_01832,2025-08-27 14:00:00,daily_reflection,delivered,True,2025-08-27 15:26:00
n_0002581,u_00738,2025-07-25 10:00:00,programme_day,delivered,False,
n_0002582,u_00738,2025-07-19 13:00:00,daily_reflection,delivered,True,2025-07-19 13:36:00
n_0002583,u_00738,2025-07-26 18:00:00,inspire,delivered,False,
n_0002584,u_01295,2026-01-24 20:00:00,inspire,delivered,False,
n_0002585,u_01295,2026-01-19 18:00:00,inspire,delivered,False,
n_0002586,u_00195,2025-02-18 14:00:00,inspire,delivered,True,2025-02-18 16:38:00
n_0002587,u_00195,2025-02-19 11:00:00,programme_day,delivered,False,
n_0002588,u_00506,2025-03-13 17:00:00,inspire,delivered,False,
n_0002589,u_00506,2025-04-02 17:00:00,programme_day,delivered,False,
n_0002590,u_02675,2025-11-15 11:00:00,daily_reflection,delivered,True,2025-11-15 11:30:00
n_0002591,u_02675,2025-11-09 12:00:00,inspire,delivered,False,
n_0002592,u_02000,2025-08-02 19:00:00,inspire,delivered,False,
n_0002593,u_02430,2025-07-17 12:00:00,daily_reflection,delivered,False,
n_0002594,u_02430,2025-07-21 11:00:00,daily_reflection,delivered,False,
n_0002595,u_02388,2025-05-11 17:00:00,inspire,delivered,False,
n_0002596,u_00126,2025-10-09 14:00:00,daily_reflection,delivered,False,
n_0002597,u_00333,2025-04-26 09:00:00,inspire,delivered,False,
n_0002598,u_02195,2025-02-13 18:00:00,programme_day,delivered,True,2025-02-13 18:52:00
n_0002599,u_02709,2025-08-21 11:00:00,daily_reflection,delivered,False,
n_0002600,u_02709,2025-08-10 16:00:00,programme_day,delivered,False,
n_0002601,u_01456,2025-06-22 14:00:00,programme_day,delivered,False,
n_0002602,u_01456,2025-06-01 17:00:00,daily_reflection,delivered,True,2025-06-01 17:49:00
n_0002603,u_01456,2025-06-09 10:00:00,programme_day,delivered,False,
n_0002604,u_01695,2025-07-18 14:00:00,inspire,delivered,False,
n_0002605,u_01695,2025-07-16 16:00:00,programme_day,delivered,False,
n_0002606,u_01695,2025-07-31 12:00:00,inspire,delivered,False,
n_0002607,u_01254,2025-05-27 17:00:00,programme_day,failed,False,
n_0002608,u_02262,2025-02-24 09:00:00,programme_day,delivered,False,
n_0002609,u_02262,2025-02-12 14:00:00,daily_reflection,delivered,False,
n_0002610,u_00210,2025-05-02 15:00:00,daily_reflection,delivered,False,
n_0002611,u_00172,2025-07-27 10:00:00,programme_day,delivered,True,2025-07-27 11:03:00
n_0002612,u_00172,2025-08-06 19:00:00,daily_reflection,delivered,False,
n_0002613,u_00172,2025-08-08 15:00:00,inspire,delivered,False,
n_0002614,u_01706,2025-09-30 14:00:00,programme_day,delivered,True,2025-09-30 14:06:00
n_0002615,u_01706,2025-09-26 12:00:00,inspire,delivered,True,2025-09-26 13:42:00
n_0002616,u_01759,2025-11-03 19:00:00,inspire,delivered,True,2025-11-03 20:00:00
n_0002617,u_01759,2025-11-09 20:00:00,daily_reflection,delivered,False,
n_0002618,u_01759,2025-10-25 13:00:00,inspire,delivered,True,2025-10-25 15:56:00
n_0002619,u_01561,2026-01-07 11:00:00,daily_reflection,delivered,True,2026-01-07 12:35:00
n_0002620,u_01561,2026-01-08 09:00:00,programme_day,delivered,False,
n_0002621,u_00869,2025-06-12 11:00:00,daily_reflection,delivered,False,
n_0002622,u_00869,2025-05-26 12:00:00,programme_day,delivered,True,2025-05-26 12:41:00
n_0002623,u_00869,2025-06-09 13:00:00,inspire,delivered,False,
n_0002624,u_00124,2025-04-13 13:00:00,daily_reflection,delivered,False,
n_0002625,u_00124,2025-04-29 13:00:00,inspire,delivered,False,
n_0002626,u_00339,2025-07-24 11:00:00,daily_reflection,delivered,False,
n_0002627,u_00339,2025-07-16 11:00:00,inspire,delivered,False,
n_0002628,u_00080,2025-08-22 17:00:00,daily_reflection,delivered,True,2025-08-22 19:45:00
n_0002629,u_00080,2025-08-25 12:00:00,inspire,delivered,False,
n_0002630,u_01662,2025-12-21 10:00:00,programme_day,delivered,True,2025-12-21 12:53:00
n_0002631,u_01662,2025-12-04 13:00:00,programme_day,delivered,False,
n_0002632,u_02162,2025-05-17 09:00:00,programme_day,delivered,False,
n_0002633,u_02162,2025-06-09 17:00:00,programme_day,delivered,False,
n_0002634,u_01558,2025-04-19 08:00:00,daily_reflection,delivered,False,
n_0002635,u_01558,2025-04-27 10:00:00,programme_day,delivered,True,2025-04-27 12:11:00
n_0002636,u_00818,2025-11-03 12:00:00,programme_day,delivered,False,
n_0002637,u_00818,2025-10-20 08:00:00,daily_reflection,delivered,True,2025-10-20 09:35:00
n_0002638,u_00818,2025-11-08 14:00:00,daily_reflection,delivered,False,
n_0002639,u_01023,2025-05-10 10:00:00,daily_reflection,delivered,False,
n_0002640,u_01023,2025-05-24 09:00:00,daily_reflection,delivered,False,
n_0002641,u_01976,2026-01-20 14:00:00,daily_reflection,delivered,False,
n_0002642,u_01976,2026-01-17 09:00:00,daily_reflection,delivered,True,2026-01-17 10:27:00
n_0002643,u_02125,2026-01-02 17:00:00,daily_reflection,delivered,False,
n_0002644,u_02125,2026-01-04 20:00:00,daily_reflection,delivered,False,
n_0002645,u_00372,2025-11-02 10:00:00,programme_day,delivered,False,
n_0002646,u_00372,2025-11-26 09:00:00,daily_reflection,delivered,True,2025-11-26 09:47:00
n_0002647,u_00372,2025-11-05 11:00:00,daily_reflection,delivered,False,
n_0002648,u_02866,2025-04-24 16:00:00,daily_reflection,delivered,True,2025-04-24 17:45:00
n_0002649,u_02866,2025-04-13 17:00:00,daily_reflection,delivered,True,2025-04-13 18:53:00
n_0002650,u_01227,2025-03-05 12:00:00,programme_day,delivered,False,
n_0002651,u_01227,2025-03-08 17:00:00,inspire,delivered,False,
n_0002652,u_01227,2025-03-06 12:00:00,programme_day,delivered,False,
n_0002653,u_02586,2025-02-07 18:00:00,daily_reflection,delivered,True,2025-02-07 18:34:00
n_0002654,u_02586,2025-02-13 18:00:00,programme_day,delivered,False,
n_0002655,u_02334,2025-10-22 15:00:00,daily_reflection,delivered,True,2025-10-22 17:57:00
n_0002656,u_00656,2025-05-27 12:00:00,inspire,delivered,True,2025-05-27 13:21:00
n_0002657,u_00656,2025-05-24 10:00:00,daily_reflection,delivered,True,2025-05-24 10:19:00
n_0002658,u_00656,2025-06-06 14:00:00,programme_day,delivered,False,
n_0002659,u_02929,2025-10-23 15:00:00,inspire,delivered,False,
n_0002660,u_02929,2025-10-25 09:00:00,daily_reflection,delivered,False,
n_0002661,u_02929,2025-10-12 16:00:00,daily_reflection,delivered,False,
n_0002662,u_00270,2025-09-16 09:00:00,inspire,delivered,False,
n_0002663,u_00270,2025-09-16 10:00:00,programme_day,delivered,False,
n_0002664,u_00571,2025-09-20 12:00:00,inspire,delivered,False,
n_0002665,u_00571,2025-09-15 14:00:00,daily_reflection,delivered,False,
n_0002666,u_01796,2025-10-27 17:00:00,programme_day,delivered,True,2025-10-27 19:12:00
n_0002667,u_01796,2025-11-18 13:00:00,daily_reflection,delivered,False,
n_0002668,u_01796,2025-11-12 19:00:00,programme_day,delivered,True,2025-11-12 19:23:00
n_0002669,u_00165,2025-05-18 09:00:00,daily_reflection,delivered,False,
n_0002670,u_00165,2025-05-20 10:00:00,daily_reflection,delivered,True,2025-05-20 10:01:00
n_0002671,u_01572,2025-09-08 15:00:00,daily_reflection,delivered,False,
n_0002672,u_02527,2025-09-07 12:00:00,daily_reflection,delivered,False,
n_0002673,u_02527,2025-09-11 16:00:00,daily_reflection,delivered,False,
n_0002674,u_02527,2025-09-11 09:00:00,programme_day,delivered,False,
n_0002675,u_00788,2025-03-22 11:00:00,daily_reflection,delivered,False,
n_0002676,u_00788,2025-03-21 17:00:00,inspire,delivered,False,
n_0002677,u_01669,2025-12-24 09:00:00,daily_reflection,delivered,False,
n_0002678,u_01669,2025-12-20 16:00:00,programme_day,delivered,False,
n_0002679,u_01669,2026-01-06 13:00:00,inspire,delivered,True,2026-01-06 15:48:00
n_0002680,u_00526,2025-04-17 18:00:00,daily_reflection,delivered,False,
n_0002681,u_00526,2025-05-08 19:00:00,programme_day,delivered,True,2025-05-08 20:46:00
n_0002682,u_01108,2025-08-25 11:00:00,inspire,delivered,False,
n_0002683,u_01108,2025-08-26 09:00:00,programme_day,delivered,False,
n_0002684,u_00564,2025-09-29 11:00:00,inspire,delivered,True,2025-09-29 13:58:00
n_0002685,u_02542,2025-06-09 11:00:00,inspire,delivered,False,
n_0002686,u_02542,2025-06-06 17:00:00,inspire,failed,False,
n_0002687,u_01432,2025-03-05 09:00:00,daily_reflection,delivered,False,
n_0002688,u_01432,2025-03-09 20:00:00,daily_reflection,delivered,False,
n_0002689,u_01415,2025-12-26 16:00:00,inspire,delivered,False,
n_0002690,u_01415,2025-12-06 18:00:00,daily_reflection,delivered,False,
n_0002691,u_00913,2026-01-16 10:00:00,daily_reflection,delivered,False,
n_0002692,u_00913,2026-01-14 16:00:00,inspire,delivered,False,
n_0002693,u_00913,2025-12-30 17:00:00,daily_reflection,delivered,False,
n_0002694,u_02842,2025-06-28 10:00:00,programme_day,delivered,False,
n_0002695,u_02842,2025-07-14 14:00:00,inspire,delivered,False,
n_0002696,u_02842,2025-07-01 09:00:00,programme_day,delivered,False,
n_0002697,u_02055,2025-07-10 08:00:00,programme_day,delivered,True,2025-07-10 10:45:00
n_0002698,u_02055,2025-07-16 09:00:00,inspire,delivered,False,
n_0002699,u_02366,2025-10-30 14:00:00,inspire,delivered,True,2025-10-30 15:50:00
n_0002700,u_02366,2025-10-07 08:00:00,inspire,delivered,False,
n_0002701,u_02366,2025-10-11 20:00:00,inspire,delivered,False,
n_0002702,u_00075,2025-01-30 13:00:00,inspire,delivered,False,
n_0002703,u_00471,2025-10-28 12:00:00,programme_day,delivered,False,
n_0002704,u_00803,2026-01-01 16:00:00,programme_day,delivered,False,
n_0002705,u_00228,2025-08-08 12:00:00,daily_reflection,delivered,False,
n_0002706,u_00228,2025-07-23 11:00:00,inspire,delivered,False,
n_0002707,u_00228,2025-08-07 18:00:00,inspire,delivered,False,
n_0002708,u_02671,2025-07-03 19:00:00,daily_reflection,delivered,False,
n_0002709,u_02671,2025-07-16 13:00:00,daily_reflection,delivered,False,
n_0002710,u_02671,2025-07-26 09:00:00,inspire,delivered,False,
n_0002711,u_02157,2025-02-14 18:00:00,inspire,delivered,False,
n_0002712,u_02157,2025-01-31 17:00:00,daily_reflection,delivered,True,2025-01-31 19:30:00
n_0002713,u_02935,2025-03-16 15:00:00,inspire,delivered,False,
n_0002714,u_02935,2025-02-28 10:00:00,daily_reflection,delivered,True,2025-02-28 10:27:00
n_0002715,u_01040,2025-11-23 14:00:00,inspire,delivered,False,
n_0002716,u_01040,2025-11-30 10:00:00,programme_day,delivered,False,
n_0002717,u_01865,2025-09-01 15:00:00,daily_reflection,delivered,False,
n_0002718,u_02545,2026-01-09 12:00:00,daily_reflection,delivered,True,2026-01-09 13:47:00
n_0002719,u_02545,2026-01-23 09:00:00,daily_reflection,delivered,False,
n_0002720,u_02545,2025-12-29 13:00:00,daily_reflection,delivered,False,
n_0002721,u_01462,2025-10-31 14:00:00,daily_reflection,delivered,True,2025-10-31 14:28:00
n_0002722,u_01462,2025-10-23 19:00:00,daily_reflection,delivered,False,
n_0002723,u_01462,2025-10-27 17:00:00,daily_reflection,delivered,False,
n_0002724,u_02885,2025-05-23 17:00:00,inspire,delivered,False,
n_0002725,u_00437,2025-05-10 19:00:00,inspire,delivered,False,
n_0002726,u_02498,2025-12-16 18:00:00,daily_reflection,delivered,False,
n_0002727,u_00515,2025-12-15 13:00:00,programme_day,delivered,False,
n_0002728,u_02510,2025-12-21 20:00:00,programme_day,delivered,False,
n_0002729,u_02510,2025-12-08 11:00:00,daily_reflection,delivered,True,2025-12-08 13:23:00
n_0002730,u_02510,2025-12-21 20:00:00,daily_reflection,delivered,True,2025-12-21 22:03:00
n_0002731,u_02875,2025-02-11 08:00:00,inspire,delivered,False,
n_0002732,u_02698,2025-02-07 11:00:00,daily_reflection,delivered,False,
n_0002733,u_00493,2025-04-27 09:00:00,inspire,delivered,True,2025-04-27 11:33:00
n_0002734,u_02167,2025-10-18 12:00:00,inspire,delivered,True,2025-10-18 14:08:00
n_0002735,u_01401,2025-01-14 17:00:00,inspire,delivered,False,
n_0002736,u_01401,2025-01-10 18:00:00,daily_reflection,delivered,True,2025-01-10 20:33:00
n_0002737,u_01401,2025-01-26 15:00:00,inspire,delivered,False,
n_0002738,u_00311,2025-10-19 08:00:00,inspire,delivered,False,
n_0002739,u_00311,2025-10-26 09:00:00,inspire,delivered,False,
n_0002740,u_01576,2025-11-01 15:00:00,inspire,delivered,True,2025-11-01 15:43:00
n_0002741,u_01576,2025-10-29 18:00:00,daily_reflection,delivered,False,
n_0002742,u_01576,2025-10-14 19:00:00,inspire,delivered,False,
n_0002743,u_01753,2025-11-18 15:00:00,inspire,failed,False,
n_0002744,u_01753,2025-11-20 13:00:00,daily_reflection,delivered,True,2025-11-20 13:36:00
n_0002745,u_01753,2025-11-21 10:00:00,daily_reflection,delivered,True,2025-11-21 11:52:00
n_0002746,u_01506,2025-04-09 16:00:00,inspire,delivered,True,2025-04-09 17:30:00
n_0002747,u_01506,2025-04-09 12:00:00,daily_reflection,delivered,False,
n_0002748,u_01550,2025-06-15 08:00:00,programme_day,delivered,False,
n_0002749,u_01550,2025-06-15 19:00:00,daily_reflection,delivered,False,
n_0002750,u_01550,2025-06-19 12:00:00,programme_day,delivered,False,
n_0002751,u_00121,2025-11-17 10:00:00,programme_day,delivered,False,
n_0002752,u_00121,2025-11-17 12:00:00,daily_reflection,delivered,False,
n_0002753,u_00121,2025-11-06 19:00:00,daily_reflection,delivered,True,2025-11-06 19:28:00
n_0002754,u_00626,2025-08-24 10:00:00,programme_day,failed,False,
n_0002755,u_00626,2025-08-23 08:00:00,programme_day,delivered,False,
n_0002756,u_00530,2025-10-27 17:00:00,programme_day,delivered,False,
n_0002757,u_00530,2025-10-21 14:00:00,inspire,delivered,False,
n_0002758,u_00530,2025-11-05 10:00:00,daily_reflection,delivered,False,
n_0002759,u_00377,2025-12-12 14:00:00,inspire,delivered,False,
n_0002760,u_00377,2025-12-07 17:00:00,daily_reflection,delivered,True,2025-12-07 17:57:00
n_0002761,u_00377,2025-12-22 17:00:00,programme_day,delivered,False,
n_0002762,u_02696,2025-06-06 15:00:00,inspire,delivered,False,
n_0002763,u_02696,2025-05-22 10:00:00,daily_reflection,delivered,False,
n_0002764,u_02865,2025-02-12 15:00:00,daily_reflection,delivered,False,
n_0002765,u_02865,2025-02-22 12:00:00,inspire,delivered,False,
n_0002766,u_02777,2025-08-14 11:00:00,inspire,delivered,False,
n_0002767,u_02777,2025-08-13 12:00:00,programme_day,delivered,False,
n_0002768,u_02777,2025-08-07 20:00:00,daily_reflection,delivered,True,2025-08-07 20:24:00
n_0002769,u_01073,2025-12-18 08:00:00,daily_reflection,delivered,False,
n_0002770,u_01073,2025-12-02 16:00:00,daily_reflection,delivered,False,
n_0002771,u_01073,2025-12-17 11:00:00,inspire,delivered,True,2025-12-17 11:24:00
n_0002772,u_02218,2025-11-26 18:00:00,daily_reflection,delivered,False,
n_0002773,u_02218,2025-12-03 11:00:00,inspire,delivered,False,
n_0002774,u_00285,2025-03-07 13:00:00,daily_reflection,delivered,True,2025-03-07 14:29:00
n_0002775,u_00285,2025-02-17 17:00:00,inspire,failed,False,
n_0002776,u_00285,2025-03-01 10:00:00,inspire,delivered,False,
n_0002777,u_00233,2025-07-01 11:00:00,daily_reflection,delivered,False,
n_0002778,u_01867,2025-11-28 14:00:00,daily_reflection,delivered,True,2025-11-28 16:49:00
n_0002779,u_01867,2025-12-15 10:00:00,daily_reflection,delivered,True,2025-12-15 10:55:00
n_0002780,u_01867,2025-11-23 16:00:00,daily_reflection,delivered,False,
n_0002781,u_00352,2025-07-06 16:00:00,daily_reflection,delivered,False,
n_0002782,u_02350,2025-06-22 15:00:00,inspire,delivered,False,
n_0002783,u_02350,2025-06-20 11:00:00,daily_reflection,delivered,False,
n_0002784,u_02350,2025-06-01 09:00:00,daily_reflection,delivered,False,
n_0002785,u_00595,2025-05-02 11:00:00,inspire,delivered,False,
n_0002786,u_02795,2025-05-26 16:00:00,daily_reflection,delivered,False,
n_0002787,u_02795,2025-05-31 17:00:00,inspire,delivered,False,
n_0002788,u_02795,2025-06-05 16:00:00,inspire,delivered,False,
n_0002789,u_01539,2025-12-18 17:00:00,daily_reflection,delivered,False,
n_0002790,u_01539,2025-12-05 16:00:00,programme_day,delivered,False,
n_0002791,u_02772,2025-05-02 12:00:00,daily_reflection,delivered,False,
n_0002792,u_02220,2025-03-22 10:00:00,inspire,delivered,False,
n_0002793,u_01302,2025-03-25 19:00:00,inspire,delivered,False,
n_0002794,u_01302,2025-03-10 18:00:00,daily_reflection,delivered,False,
n_0002795,u_00905,2025-12-09 08:00:00,daily_reflection,delivered,True,2025-12-09 08:19:00
n_0002796,u_01449,2025-06-20 20:00:00,daily_reflection,delivered,True,2025-06-20 21:02:00
n_0002797,u_01449,2025-07-02 19:00:00,inspire,delivered,False,
n_0002798,u_00152,2025-09-11 16:00:00,inspire,delivered,True,2025-09-11 16:30:00
n_0002799,u_01846,2025-09-16 16:00:00,programme_day,delivered,False,
n_0002800,u_01846,2025-09-19 15:00:00,programme_day,delivered,False,
n_0002801,u_01846,2025-09-05 14:00:00,inspire,delivered,False,
n_0002802,u_02972,2025-11-25 08:00:00,programme_day,delivered,False,
n_0002803,u_00319,2025-11-13 10:00:00,programme_day,delivered,False,
n_0002804,u_02001,2025-04-23 12:00:00,daily_reflection,delivered,True,2025-04-23 14:15:00
n_0002805,u_02113,2025-03-05 10:00:00,inspire,delivered,False,
n_0002806,u_02113,2025-02-26 12:00:00,daily_reflection,delivered,True,2025-02-26 12:40:00
n_0002807,u_00620,2025-12-15 10:00:00,daily_reflection,delivered,False,
n_0002808,u_00620,2025-12-06 18:00:00,inspire,delivered,False,
n_0002809,u_01750,2025-03-07 19:00:00,inspire,delivered,False,
n_0002810,u_01750,2025-02-22 08:00:00,inspire,delivered,False,
n_0002811,u_01750,2025-03-02 14:00:00,daily_reflection,delivered,False,
n_0002812,u_01351,2025-05-18 17:00:00,inspire,delivered,True,2025-05-18 18:56:00
n_0002813,u_00982,2025-11-11 17:00:00,inspire,delivered,False,
n_0002814,u_00982,2025-12-04 17:00:00,programme_day,delivered,True,2025-12-04 17:04:00
n_0002815,u_00711,2025-04-18 17:00:00,inspire,delivered,True,2025-04-18 18:03:00
n_0002816,u_01605,2025-04-12 08:00:00,daily_reflection,delivered,False,
n_0002817,u_01605,2025-04-18 15:00:00,daily_reflection,delivered,False,
n_0002818,u_01605,2025-03-30 08:00:00,inspire,delivered,False,
n_0002819,u_02987,2025-03-04 11:00:00,inspire,delivered,False,
n_0002820,u_02397,2026-01-14 18:00:00,daily_reflection,delivered,True,2026-01-14 20:14:00
n_0002821,u_01679,2025-03-03 14:00:00,daily_reflection,delivered,False,
n_0002822,u_01679,2025-02-13 10:00:00,daily_reflection,delivered,True,2025-02-13 10:24:00
n_0002823,u_01679,2025-02-20 08:00:00,inspire,delivered,False,
n_0002824,u_01920,2025-09-05 13:00:00,daily_reflection,delivered,False,
n_0002825,u_01920,2025-08-15 13:00:00,daily_reflection,delivered,False,
n_0002826,u_00806,2025-11-19 12:00:00,inspire,delivered,False,
n_0002827,u_00806,2025-11-22 09:00:00,daily_reflection,delivered,False,
n_0002828,u_00023,2025-11-16 10:00:00,programme_day,delivered,True,2025-11-16 12:40:00
n_0002829,u_00059,2025-11-27 12:00:00,inspire,delivered,False,
n_0002830,u_00059,2025-11-17 16:00:00,inspire,delivered,True,2025-11-17 16:57:00
n_0002831,u_00059,2025-11-24 11:00:00,inspire,delivered,False,
n_0002832,u_00092,2025-08-24 13:00:00,inspire,delivered,False,
n_0002833,u_00092,2025-09-05 11:00:00,daily_reflection,delivered,True,2025-09-05 13:12:00
n_0002834,u_00092,2025-09-03 09:00:00,programme_day,delivered,False,
n_0002835,u_02054,2025-09-27 12:00:00,daily_reflection,delivered,False,
n_0002836,u_02191,2025-08-14 14:00:00,inspire,delivered,True,2025-08-14 14:51:00
n_0002837,u_02191,2025-08-15 11:00:00,inspire,delivered,False,
n_0002838,u_02191,2025-09-07 15:00:00,programme_day,delivered,False,
n_0002839,u_00163,2025-08-28 19:00:00,inspire,delivered,False,
n_0002840,u_00163,2025-08-14 11:00:00,programme_day,delivered,False,
n_0002841,u_01671,2025-11-26 08:00:00,inspire,delivered,False,
n_0002842,u_01671,2025-11-11 08:00:00,programme_day,delivered,False,
n_0002843,u_01671,2025-11-12 13:00:00,daily_reflection,delivered,False,
n_0002844,u_00589,2025-04-24 11:00:00,programme_day,delivered,False,
n_0002845,u_02559,2025-09-23 08:00:00,daily_reflection,delivered,True,2025-09-23 09:24:00
n_0002846,u_02559,2025-10-02 16:00:00,programme_day,delivered,False,
n_0002847,u_01804,2025-04-21 14:00:00,daily_reflection,delivered,True,2025-04-21 14:17:00
n_0002848,u_01804,2025-04-24 11:00:00,daily_reflection,delivered,False,
n_0002849,u_01804,2025-04-22 19:00:00,programme_day,delivered,False,
n_0002850,u_02626,2025-03-04 18:00:00,daily_reflection,delivered,True,2025-03-04 20:07:00
n_0002851,u_02626,2025-03-19 16:00:00,programme_day,delivered,True,2025-03-19 16:16:00
n_0002852,u_02626,2025-03-01 19:00:00,daily_reflection,delivered,False,
n_0002853,u_01946,2025-04-25 19:00:00,inspire,delivered,False,
n_0002854,u_01946,2025-05-03 11:00:00,daily_reflection,delivered,True,2025-05-03 13:36:00
n_0002855,u_02200,2025-11-18 10:00:00,daily_reflection,delivered,False,
n_0002856,u_02200,2025-10-22 12:00:00,programme_day,delivered,False,
n_0002857,u_00018,2025-02-16 14:00:00,inspire,delivered,False,
n_0002858,u_00018,2025-02-13 14:00:00,inspire,delivered,False,
n_0002859,u_00018,2025-02-15 20:00:00,inspire,delivered,False,
n_0002860,u_00529,2025-10-29 16:00:00,programme_day,delivered,False,
n_0002861,u_00529,2025-11-11 13:00:00,daily_reflection,delivered,False,
n_0002862,u_00529,2025-10-31 08:00:00,inspire,delivered,True,2025-10-31 10:35:00
n_0002863,u_00292,2025-08-30 16:00:00,programme_day,delivered,False,
n_0002864,u_00292,2025-09-10 16:00:00,daily_reflection,delivered,False,
n_0002865,u_00299,2025-11-08 12:00:00,programme_day,delivered,False,
n_0002866,u_01680,2025-07-03 15:00:00,inspire,delivered,False,
n_0002867,u_01680,2025-07-04 20:00:00,daily_reflection,delivered,True,2025-07-04 22:23:00
n_0002868,u_02744,2025-10-06 20:00:00,inspire,delivered,False,
n_0002869,u_02744,2025-10-15 09:00:00,inspire,delivered,True,2025-10-15 10:44:00
n_0002870,u_02744,2025-09-19 12:00:00,inspire,failed,False,
n_0002871,u_02946,2025-07-14 14:00:00,daily_reflection,delivered,True,2025-07-14 14:30:00
n_0002872,u_02946,2025-07-05 16:00:00,daily_reflection,delivered,False,
n_0002873,u_02946,2025-07-15 20:00:00,inspire,delivered,True,2025-07-15 20:40:00
n_0002874,u_00359,2025-02-01 10:00:00,programme_day,delivered,True,2025-02-01 10:23:00
n_0002875,u_00359,2025-02-15 18:00:00,daily_reflection,delivered,False,
n_0002876,u_00359,2025-02-07 17:00:00,inspire,delivered,False,
n_0002877,u_01845,2025-10-02 13:00:00,programme_day,delivered,False,
n_0002878,u_02475,2025-08-15 20:00:00,daily_reflection,delivered,False,
n_0002879,u_02475,2025-08-15 19:00:00,daily_reflection,delivered,False,
n_0002880,u_02535,2025-08-08 17:00:00,inspire,delivered,False,
n_0002881,u_02172,2025-02-21 15:00:00,daily_reflection,delivered,False,
n_0002882,u_01858,2025-11-06 09:00:00,programme_day,delivered,False,
n_0002883,u_01858,2025-11-19 18:00:00,inspire,delivered,True,2025-11-19 18:02:00
n_0002884,u_01858,2025-11-28 09:00:00,inspire,delivered,True,2025-11-28 11:22:00
n_0002885,u_00499,2025-07-14 13:00:00,programme_day,delivered,False,
n_0002886,u_00499,2025-06-25 09:00:00,inspire,delivered,False,
n_0002887,u_01321,2025-07-25 09:00:00,inspire,delivered,False,
n_0002888,u_01321,2025-07-13 12:00:00,programme_day,delivered,False,
n_0002889,u_01321,2025-08-02 08:00:00,programme_day,delivered,True,2025-08-02 10:03:00
n_0002890,u_01103,2025-05-13 15:00:00,inspire,delivered,False,
n_0002891,u_01685,2025-09-17 12:00:00,inspire,delivered,False,
n_0002892,u_01685,2025-09-24 17:00:00,daily_reflection,delivered,False,
n_0002893,u_00976,2025-12-18 12:00:00,daily_reflection,delivered,False,
n_0002894,u_00976,2025-12-19 08:00:00,daily_reflection,delivered,False,
n_0002895,u_02532,2025-04-08 09:00:00,daily_reflection,delivered,False,
n_0002896,u_02532,2025-04-08 19:00:00,daily_reflection,delivered,False,
n_0002897,u_02532,2025-04-09 19:00:00,programme_day,delivered,False,
n_0002898,u_00872,2025-10-20 17:00:00,daily_reflection,delivered,False,
n_0002899,u_00872,2025-10-24 10:00:00,inspire,delivered,False,
n_0002900,u_00117,2025-12-17 13:00:00,programme_day,delivered,False,
n_0002901,u_00170,2025-12-16 10:00:00,inspire,delivered,False,
n_0002902,u_00283,2025-12-20 09:00:00,inspire,delivered,True,2025-12-20 10:07:00
n_0002903,u_00283,2025-12-21 18:00:00,inspire,delivered,False,
n_0002904,u_00283,2026-01-04 17:00:00,inspire,delivered,False,
n_0002905,u_00984,2025-06-08 18:00:00,inspire,delivered,False,
n_0002906,u_00984,2025-05-23 13:00:00,daily_reflection,delivered,True,2025-05-23 15:13:00
n_0002907,u_00984,2025-05-24 17:00:00,daily_reflection,delivered,False,
n_0002908,u_00444,2025-08-31 16:00:00,daily_reflection,delivered,False,
n_0002909,u_02409,2025-08-22 19:00:00,daily_reflection,delivered,False,
n_0002910,u_02496,2025-12-20 14:00:00,programme_day,delivered,False,
n_0002911,u_00556,2025-08-26 19:00:00,programme_day,delivered,False,
n_0002912,u_02265,2025-10-18 13:00:00,daily_reflection,delivered,False,
n_0002913,u_02265,2025-10-05 08:00:00,inspire,delivered,False,
n_0002914,u_02265,2025-10-22 14:00:00,programme_day,delivered,False,
n_0002915,u_02997,2025-06-20 11:00:00,daily_reflection,delivered,False,
n_0002916,u_00100,2025-06-13 14:00:00,daily_reflection,delivered,True,2025-06-13 16:53:00
n_0002917,u_00100,2025-06-03 18:00:00,inspire,delivered,False,
n_0002918,u_00100,2025-06-14 11:00:00,inspire,delivered,True,2025-06-14 11:24:00
n_0002919,u_00173,2025-07-17 19:00:00,daily_reflection,delivered,False,
n_0002920,u_00173,2025-08-09 13:00:00,inspire,delivered,False,
n_0002921,u_02357,2025-05-13 19:00:00,daily_reflection,delivered,True,2025-05-13 19:51:00
n_0002922,u_02357,2025-05-06 10:00:00,daily_reflection,delivered,False,
n_0002923,u_02357,2025-05-12 13:00:00,daily_reflection,delivered,True,2025-05-12 14:48:00
n_0002924,u_01800,2025-11-15 10:00:00,daily_reflection,delivered,True,2025-11-15 10:28:00
n_0002925,u_01800,2025-11-10 08:00:00,daily_reflection,delivered,False,
n_0002926,u_00628,2025-07-31 14:00:00,programme_day,delivered,True,2025-07-31 15:20:00
n_0002927,u_00628,2025-07-22 14:00:00,programme_day,delivered,True,2025-07-22 15:27:00
n_0002928,u_01652,2025-02-19 11:00:00,inspire,delivered,False,
n_0002929,u_01652,2025-02-12 13:00:00,programme_day,delivered,False,
n_0002930,u_01652,2025-02-08 16:00:00,programme_day,delivered,False,
n_0002931,u_02804,2025-03-15 17:00:00,daily_reflection,delivered,False,
n_0002932,u_01522,2025-09-19 14:00:00,daily_reflection,delivered,False,
n_0002933,u_01522,2025-09-22 14:00:00,daily_reflection,delivered,False,
n_0002934,u_02489,2025-12-18 18:00:00,daily_reflection,delivered,True,2025-12-18 20:57:00
n_0002935,u_02489,2025-12-01 08:00:00,programme_day,delivered,False,
n_0002936,u_02489,2025-12-08 09:00:00,daily_reflection,delivered,False,
n_0002937,u_00804,2025-11-06 14:00:00,programme_day,delivered,True,2025-11-06 14:29:00
n_0002938,u_02582,2025-05-25 09:00:00,programme_day,delivered,True,2025-05-25 10:55:00
n_0002939,u_02582,2025-05-06 16:00:00,inspire,delivered,False,
n_0002940,u_02582,2025-06-02 14:00:00,programme_day,delivered,False,
n_0002941,u_00022,2025-11-12 19:00:00,inspire,delivered,False,
n_0002942,u_00022,2025-11-21 19:00:00,daily_reflection,delivered,True,2025-11-21 19:02:00
n_0002943,u_00022,2025-11-15 09:00:00,daily_reflection,delivered,False,
n_0002944,u_01666,2025-10-18 12:00:00,daily_reflection,delivered,True,2025-10-18 12:48:00
n_0002945,u_01666,2025-10-13 13:00:00,daily_reflection,delivered,False,
n_0002946,u_02177,2025-06-25 09:00:00,daily_reflection,delivered,True,2025-06-25 11:17:00
n_0002947,u_02177,2025-07-16 11:00:00,daily_reflection,delivered,True,2025-07-16 12:49:00
n_0002948,u_02177,2025-07-05 10:00:00,daily_reflection,delivered,True,2025-07-05 10:27:00
n_0002949,u_01287,2025-04-20 16:00:00,daily_reflection,delivered,True,2025-04-20 18:51:00
n_0002950,u_02700,2025-11-14 12:00:00,inspire,delivered,False,
n_0002951,u_02700,2025-11-28 16:00:00,daily_reflection,delivered,True,2025-11-28 17:51:00
n_0002952,u_00875,2025-10-13 08:00:00,daily_reflection,delivered,False,
n_0002953,u_02010,2025-03-20 18:00:00,daily_reflection,delivered,True,2025-03-20 18:21:00
n_0002954,u_02010,2025-03-24 12:00:00,daily_reflection,delivered,False,
n_0002955,u_02010,2025-03-20 19:00:00,programme_day,delivered,True,2025-03-20 21:04:00
n_0002956,u_00389,2025-02-05 10:00:00,programme_day,delivered,True,2025-02-05 10:32:00
n_0002957,u_00389,2025-02-14 09:00:00,programme_day,delivered,False,
n_0002958,u_00389,2025-02-05 15:00:00,inspire,delivered,False,
n_0002959,u_02192,2025-09-01 15:00:00,inspire,delivered,False,
n_0002960,u_02192,2025-08-22 19:00:00,inspire,delivered,False,
n_0002961,u_02192,2025-08-25 19:00:00,daily_reflection,delivered,False,
n_0002962,u_01491,2025-05-08 17:00:00,inspire,delivered,False,
n_0002963,u_01246,2025-02-20 19:00:00,daily_reflection,delivered,False,
n_0002964,u_01246,2025-02-23 12:00:00,inspire,delivered,False,
n_0002965,u_01246,2025-02-27 12:00:00,daily_reflection,delivered,True,2025-02-27 14:18:00
n_0002966,u_02120,2025-11-05 09:00:00,daily_reflection,delivered,False,
n_0002967,u_02120,2025-10-25 13:00:00,inspire,delivered,False,
n_0002968,u_02308,2025-03-06 18:00:00,inspire,delivered,True,2025-03-06 20:57:00
n_0002969,u_02308,2025-03-24 11:00:00,daily_reflection,delivered,False,
n_0002970,u_02308,2025-03-22 13:00:00,daily_reflection,delivered,True,2025-03-22 15:24:00
n_0002971,u_02773,2025-02-02 10:00:00,inspire,delivered,False,
n_0002972,u_02773,2025-02-13 18:00:00,daily_reflection,delivered,True,2025-02-13 18:08:00
n_0002973,u_00054,2025-04-26 15:00:00,programme_day,delivered,False,
n_0002974,u_01487,2025-02-15 10:00:00,inspire,delivered,True,2025-02-15 10:44:00
n_0002975,u_01487,2025-02-22 16:00:00,daily_reflection,delivered,False,
n_0002976,u_01487,2025-03-10 08:00:00,inspire,delivered,False,
n_0002977,u_01052,2025-03-17 17:00:00,inspire,delivered,True,2025-03-17 19:48:00
n_0002978,u_01052,2025-03-22 16:00:00,programme_day,delivered,False,
n_0002979,u_01052,2025-03-18 09:00:00,daily_reflection,delivered,False,
n_0002980,u_01949,2026-01-06 14:00:00,programme_day,delivered,False,
n_0002981,u_01949,2026-01-18 12:00:00,inspire,delivered,False,
n_0002982,u_00811,2025-07-02 17:00:00,inspire,delivered,False,
n_0002983,u_00811,2025-06-24 19:00:00,programme_day,delivered,False,
n_0002984,u_00811,2025-07-09 08:00:00,programme_day,delivered,False,
n_0002985,u_02349,2025-05-21 16:00:00,daily_reflection,delivered,True,2025-05-21 17:31:00
n_0002986,u_02349,2025-06-14 14:00:00,daily_reflection,delivered,False,
n_0002987,u_01732,2025-12-25 08:00:00,daily_reflection,delivered,False,
n_0002988,u_01934,2025-05-16 16:00:00,inspire,delivered,True,2025-05-16 18:39:00
n_0002989,u_00110,2025-10-05 17:00:00,daily_reflection,delivered,True,2025-10-05 17:51:00
n_0002990,u_02828,2026-01-13 18:00:00,daily_reflection,delivered,False,
n_0002991,u_02828,2026-01-08 17:00:00,daily_reflection,delivered,False,
n_0002992,u_00647,2026-01-14 08:00:00,programme_day,delivered,False,
n_0002993,u_00796,2025-09-21 14:00:00,daily_reflection,delivered,False,
n_0002994,u_02721,2025-09-12 15:00:00,programme_day,delivered,False,
n_0002995,u_02721,2025-10-06 15:00:00,inspire,delivered,False,
n_0002996,u_02721,2025-09-24 20:00:00,inspire,delivered,False,
n_0002997,u_00822,2025-07-02 13:00:00,daily_reflection,failed,False,
n_0002998,u_00822,2025-06-20 16:00:00,inspire,delivered,True,2025-06-20 18:08:00
n_0002999,u_01587,2025-12-29 09:00:00,daily_reflection,delivered,False,
n_0003000,u_01587,2026-01-03 16:00:00,programme_day,delivered,True,2026-01-03 16:04:00
n_0003001,u_01587,2026-01-17 20:00:00,inspire,delivered,True,2026-01-17 20:43:00
n_0003002,u_01686,2025-02-23 19:00:00,daily_reflection,delivered,False,
n_0003003,u_01686,2025-02-18 09:00:00,daily_reflection,delivered,True,2025-02-18 10:43:00
n_0003004,u_01686,2025-02-14 19:00:00,programme_day,delivered,False,
n_0003005,u_02391,2025-11-08 20:00:00,daily_reflection,delivered,False,
n_0003006,u_02391,2025-11-14 15:00:00,daily_reflection,delivered,True,2025-11-14 16:46:00
n_0003007,u_00994,2025-09-21 12:00:00,inspire,delivered,False,
n_0003008,u_00994,2025-09-28 13:00:00,daily_reflection,delivered,False,
n_0003009,u_00994,2025-09-29 12:00:00,daily_reflection,delivered,False,
n_0003010,u_01190,2025-04-28 12:00:00,inspire,delivered,False,
n_0003011,u_01190,2025-05-14 13:00:00,daily_reflection,delivered,False,
n_0003012,u_01412,2025-02-08 09:00:00,programme_day,delivered,True,2025-02-08 10:42:00
n_0003013,u_01412,2025-02-09 10:00:00,daily_reflection,delivered,False,
n_0003014,u_01412,2025-02-06 17:00:00,programme_day,delivered,False,
n_0003015,u_02381,2025-08-13 13:00:00,daily_reflection,delivered,True,2025-08-13 15:20:00
n_0003016,u_02381,2025-07-19 12:00:00,daily_reflection,delivered,True,2025-07-19 12:40:00
n_0003017,u_02381,2025-07-30 12:00:00,programme_day,delivered,False,
n_0003018,u_00198,2025-09-12 20:00:00,inspire,delivered,False,
n_0003019,u_00658,2025-01-24 12:00:00,daily_reflection,delivered,False,
n_0003020,u_00276,2025-06-19 11:00:00,inspire,delivered,False,
n_0003021,u_01203,2025-04-04 17:00:00,daily_reflection,delivered,False,
n_0003022,u_02888,2025-10-14 11:00:00,daily_reflection,delivered,False,
n_0003023,u_02888,2025-09-16 14:00:00,daily_reflection,delivered,False,
n_0003024,u_01751,2025-05-24 10:00:00,inspire,delivered,False,
n_0003025,u_01751,2025-06-11 18:00:00,programme_day,delivered,False,
n_0003026,u_01751,2025-06-11 11:00:00,daily_reflection,delivered,False,
n_0003027,u_02246,2025-03-05 16:00:00,daily_reflection,delivered,True,2025-03-05 18:50:00
n_0003028,u_02246,2025-03-06 13:00:00,inspire,delivered,True,2025-03-06 13:01:00
n_0003029,u_02084,2025-10-12 15:00:00,inspire,delivered,False,
n_0003030,u_01844,2025-02-23 14:00:00,programme_day,delivered,False,
n_0003031,u_01844,2025-02-28 20:00:00,programme_day,delivered,False,
n_0003032,u_01844,2025-02-13 09:00:00,inspire,delivered,True,2025-02-13 09:01:00
n_0003033,u_02907,2025-02-27 19:00:00,daily_reflection,delivered,True,2025-02-27 21:11:00
n_0003034,u_01126,2025-12-14 12:00:00,programme_day,delivered,False,
n_0003035,u_01126,2026-01-01 13:00:00,inspire,delivered,False,
n_0003036,u_02331,2025-02-06 15:00:00,inspire,delivered,False,
n_0003037,u_02716,2025-12-24 17:00:00,inspire,delivered,False,
n_0003038,u_02716,2025-12-15 10:00:00,daily_reflection,failed,False,
n_0003039,u_00385,2025-06-17 08:00:00,inspire,delivered,False,
n_0003040,u_00385,2025-06-22 17:00:00,daily_reflection,delivered,True,2025-06-22 18:52:00
n_0003041,u_00385,2025-06-15 20:00:00,daily_reflection,delivered,False,
n_0003042,u_00250,2025-11-29 14:00:00,inspire,delivered,False,
n_0003043,u_02977,2025-09-15 10:00:00,inspire,delivered,False,
n_0003044,u_00538,2025-10-21 14:00:00,programme_day,delivered,True,2025-10-21 16:06:00
n_0003045,u_00538,2025-10-02 13:00:00,daily_reflection,delivered,False,
n_0003046,u_00538,2025-10-08 11:00:00,daily_reflection,delivered,False,
n_0003047,u_01901,2025-04-20 10:00:00,inspire,delivered,False,
n_0003048,u_01901,2025-05-14 16:00:00,daily_reflection,failed,False,
n_0003049,u_02085,2025-01-20 16:00:00,programme_day,delivered,False,
n_0003050,u_02085,2025-01-20 08:00:00,daily_reflection,delivered,False,
n_0003051,u_02436,2025-02-23 13:00:00,inspire,delivered,True,2025-02-23 14:00:00
n_0003052,u_02436,2025-03-15 18:00:00,programme_day,delivered,False,
n_0003053,u_02436,2025-03-12 17:00:00,daily_reflection,delivered,False,
n_0003054,u_02823,2025-07-05 15:00:00,programme_day,delivered,False,
n_0003055,u_02823,2025-06-26 16:00:00,inspire,delivered,True,2025-06-26 18:40:00
n_0003056,u_02823,2025-07-04 18:00:00,inspire,delivered,False,
n_0003057,u_01613,2025-05-31 12:00:00,daily_reflection,delivered,True,2025-05-31 14:49:00
n_0003058,u_01613,2025-05-13 10:00:00,programme_day,delivered,False,
n_0003059,u_01613,2025-05-17 19:00:00,programme_day,delivered,False,
n_0003060,u_01123,2025-02-15 20:00:00,daily_reflection,delivered,False,
n_0003061,u_01199,2025-07-08 20:00:00,inspire,delivered,True,2025-07-08 22:12:00
n_0003062,u_00446,2025-05-31 15:00:00,programme_day,delivered,False,
n_0003063,u_02229,2025-06-08 18:00:00,daily_reflection,delivered,False,
n_0003064,u_02229,2025-06-26 09:00:00,inspire,delivered,True,2025-06-26 10:44:00
n_0003065,u_02229,2025-06-28 11:00:00,daily_reflection,delivered,False,
n_0003066,u_01637,2025-05-25 18:00:00,daily_reflection,delivered,True,2025-05-25 20:29:00
n_0003067,u_02529,2025-06-18 14:00:00,daily_reflection,delivered,False,
n_0003068,u_02638,2025-07-03 13:00:00,programme_day,delivered,False,
n_0003069,u_02638,2025-06-17 16:00:00,inspire,delivered,False,
n_0003070,u_02638,2025-06-19 11:00:00,inspire,delivered,True,2025-06-19 11:30:00
n_0003071,u_02272,2026-01-11 13:00:00,inspire,delivered,False,
n_0003072,u_01165,2025-12-22 20:00:00,daily_reflection,delivered,False,
n_0003073,u_01165,2025-12-14 12:00:00,programme_day,delivered,True,2025-12-14 12:32:00
n_0003074,u_01165,2026-01-04 08:00:00,programme_day,delivered,False,
n_0003075,u_02765,2025-01-30 09:00:00,programme_day,delivered,True,2025-01-30 10:18:00
n_0003076,u_00883,2025-09-20 16:00:00,daily_reflection,delivered,False,
n_0003077,u_00883,2025-09-30 17:00:00,inspire,delivered,False,
n_0003078,u_00014,2025-10-03 11:00:00,inspire,delivered,False,
n_0003079,u_00014,2025-10-09 12:00:00,inspire,delivered,True,2025-10-09 12:15:00
n_0003080,u_00014,2025-10-08 11:00:00,programme_day,delivered,True,2025-10-08 11:49:00
n_0003081,u_02226,2025-05-23 12:00:00,programme_day,delivered,False,
n_0003082,u_00286,2025-03-17 09:00:00,programme_day,delivered,False,
n_0003083,u_00540,2025-06-15 09:00:00,daily_reflection,delivered,False,
n_0003084,u_02659,2025-08-29 18:00:00,inspire,delivered,False,
n_0003085,u_01741,2025-10-07 19:00:00,programme_day,delivered,False,
n_0003086,u_01741,2025-10-26 15:00:00,inspire,delivered,False,
n_0003087,u_01741,2025-10-06 18:00:00,programme_day,delivered,False,
n_0003088,u_01264,2025-05-08 09:00:00,daily_reflection,delivered,True,2025-05-08 09:50:00
n_0003089,u_01264,2025-04-16 15:00:00,programme_day,delivered,True,2025-04-16 16:41:00
n_0003090,u_01237,2025-02-11 19:00:00,inspire,delivered,False,
n_0003091,u_01237,2025-01-29 15:00:00,daily_reflection,delivered,False,
n_0003092,u_01813,2025-03-11 20:00:00,inspire,delivered,False,
n_0003093,u_00727,2025-09-27 12:00:00,inspire,delivered,True,2025-09-27 13:12:00
n_0003094,u_01554,2025-10-01 18:00:00,daily_reflection,delivered,False,
n_0003095,u_02207,2025-09-04 13:00:00,programme_day,delivered,False,
n_0003096,u_02207,2025-09-15 18:00:00,inspire,delivered,False,
n_0003097,u_02301,2025-03-02 08:00:00,programme_day,delivered,False,
n_0003098,u_02301,2025-02-21 15:00:00,inspire,delivered,False,
n_0003099,u_02301,2025-02-13 14:00:00,inspire,delivered,True,2025-02-13 16:10:00
n_0003100,u_02048,2025-04-18 11:00:00,programme_day,delivered,False,
n_0003101,u_02048,2025-04-30 12:00:00,inspire,delivered,True,2025-04-30 13:47:00
n_0003102,u_01201,2025-05-01 12:00:00,daily_reflection,delivered,False,
n_0003103,u_00282,2025-10-08 15:00:00,inspire,delivered,True,2025-10-08 16:53:00
n_0003104,u_00282,2025-09-14 14:00:00,inspire,delivered,False,
n_0003105,u_02129,2025-08-30 20:00:00,inspire,delivered,False,
n_0003106,u_00036,2025-06-06 20:00:00,inspire,delivered,False,
n_0003107,u_00036,2025-05-29 12:00:00,inspire,delivered,True,2025-05-29 14:31:00
n_0003108,u_00036,2025-06-09 18:00:00,programme_day,delivered,False,
n_0003109,u_00246,2025-06-06 13:00:00,inspire,delivered,False,
n_0003110,u_00246,2025-06-08 20:00:00,inspire,delivered,False,
n_0003111,u_02052,2025-09-04 14:00:00,programme_day,delivered,False,
n_0003112,u_02052,2025-08-25 16:00:00,programme_day,delivered,False,
n_0003113,u_02441,2026-01-09 15:00:00,inspire,delivered,False,
n_0003114,u_00645,2025-06-06 08:00:00,daily_reflection,delivered,False,
n_0003115,u_00645,2025-06-12 09:00:00,inspire,delivered,False,
n_0003116,u_00645,2025-05-17 18:00:00,daily_reflection,delivered,False,
n_0003117,u_01222,2025-07-20 12:00:00,daily_reflection,delivered,False,
n_0003118,u_01222,2025-07-26 09:00:00,daily_reflection,delivered,False,
n_0003119,u_01222,2025-07-10 16:00:00,inspire,delivered,False,
n_0003120,u_02464,2025-11-11 14:00:00,daily_reflection,delivered,False,
n_0003121,u_02464,2025-10-29 12:00:00,daily_reflection,delivered,False,
n_0003122,u_02464,2025-11-17 12:00:00,inspire,delivered,False,
n_0003123,u_02596,2025-08-04 18:00:00,inspire,delivered,False,
n_0003124,u_00714,2025-07-27 17:00:00,programme_day,delivered,True,2025-07-27 19:27:00
n_0003125,u_00714,2025-08-14 16:00:00,inspire,delivered,True,2025-08-14 18:24:00
n_0003126,u_00714,2025-08-11 20:00:00,daily_reflection,delivered,False,
n_0003127,u_00737,2025-02-24 08:00:00,daily_reflection,delivered,False,
n_0003128,u_00737,2025-02-17 09:00:00,programme_day,delivered,True,2025-02-17 09:28:00
n_0003129,u_01783,2025-06-19 20:00:00,daily_reflection,delivered,False,
n_0003130,u_01783,2025-06-25 18:00:00,daily_reflection,delivered,False,
n_0003131,u_01783,2025-06-13 15:00:00,inspire,delivered,False,
n_0003132,u_01986,2025-07-26 15:00:00,daily_reflection,delivered,False,
n_0003133,u_01986,2025-07-17 10:00:00,daily_reflection,delivered,False,
n_0003134,u_00950,2025-02-05 17:00:00,inspire,delivered,False,
n_0003135,u_00950,2025-01-31 08:00:00,inspire,delivered,False,
n_0003136,u_00950,2025-02-17 20:00:00,programme_day,delivered,False,
n_0003137,u_01259,2025-08-14 20:00:00,inspire,delivered,True,2025-08-14 20:17:00
n_0003138,u_01259,2025-08-05 11:00:00,programme_day,delivered,True,2025-08-05 12:17:00
n_0003139,u_01259,2025-08-01 15:00:00,daily_reflection,delivered,False,
n_0003140,u_00302,2025-01-20 09:00:00,daily_reflection,delivered,False,
n_0003141,u_02248,2025-08-27 19:00:00,daily_reflection,delivered,True,2025-08-27 20:32:00
n_0003142,u_02248,2025-08-12 13:00:00,daily_reflection,delivered,False,
n_0003143,u_02248,2025-09-01 17:00:00,programme_day,delivered,False,
n_0003144,u_00789,2025-02-13 13:00:00,inspire,delivered,False,
n_0003145,u_00789,2025-02-09 08:00:00,programme_day,delivered,True,2025-02-09 09:49:00
n_0003146,u_00789,2025-02-16 11:00:00,daily_reflection,delivered,True,2025-02-16 11:56:00
n_0003147,u_01427,2025-05-15 19:00:00,inspire,delivered,True,2025-05-15 19:24:00
n_0003148,u_01427,2025-04-24 16:00:00,programme_day,delivered,False,
n_0003149,u_01427,2025-05-13 12:00:00,daily_reflection,delivered,False,
n_0003150,u_00836,2025-11-07 10:00:00,programme_day,delivered,False,
n_0003151,u_00836,2025-11-15 14:00:00,daily_reflection,delivered,False,
n_0003152,u_00836,2025-10-31 16:00:00,daily_reflection,delivered,False,
n_0003153,u_02115,2025-05-02 12:00:00,daily_reflection,delivered,False,
n_0003154,u_02115,2025-05-17 11:00:00,daily_reflection,delivered,False,
n_0003155,u_02115,2025-05-10 12:00:00,daily_reflection,delivered,True,2025-05-10 12:12:00
n_0003156,u_00454,2026-01-07 14:00:00,inspire,delivered,False,
n_0003157,u_00454,2025-12-29 13:00:00,programme_day,delivered,True,2025-12-29 14:52:00
n_0003158,u_01402,2025-04-02 08:00:00,programme_day,delivered,False,
n_0003159,u_01402,2025-03-10 17:00:00,daily_reflection,delivered,False,
n_0003160,u_01402,2025-03-04 17:00:00,daily_reflection,delivered,True,2025-03-04 19:46:00
n_0003161,u_02299,2025-04-11 18:00:00,inspire,delivered,False,
n_0003162,u_02299,2025-04-23 11:00:00,programme_day,delivered,False,
n_0003163,u_02299,2025-04-21 20:00:00,daily_reflection,delivered,False,
n_0003164,u_02519,2025-12-01 17:00:00,daily_reflection,delivered,False,
n_0003165,u_02519,2025-11-15 17:00:00,programme_day,failed,False,
n_0003166,u_01648,2025-02-21 08:00:00,inspire,delivered,True,2025-02-21 09:30:00
n_0003167,u_01648,2025-02-19 20:00:00,programme_day,delivered,False,
n_0003168,u_00003,2025-03-16 16:00:00,daily_reflection,failed,False,
n_0003169,u_00003,2025-03-14 18:00:00,daily_reflection,delivered,False,
n_0003170,u_01072,2025-06-12 09:00:00,daily_reflection,delivered,False,
n_0003171,u_00805,2025-10-12 14:00:00,daily_reflection,delivered,False,
n_0003172,u_00903,2025-01-19 14:00:00,inspire,delivered,False,
n_0003173,u_00903,2025-01-20 09:00:00,programme_day,delivered,True,2025-01-20 11:21:00
n_0003174,u_01958,2025-12-11 13:00:00,daily_reflection,delivered,True,2025-12-11 13:42:00
n_0003175,u_00097,2025-12-23 19:00:00,daily_reflection,delivered,False,
n_0003176,u_00800,2025-11-11 16:00:00,daily_reflection,delivered,True,2025-11-11 16:50:00
n_0003177,u_00800,2025-11-15 19:00:00,daily_reflection,delivered,False,
n_0003178,u_00227,2025-09-27 15:00:00,daily_reflection,delivered,False,
n_0003179,u_00227,2025-09-08 11:00:00,inspire,delivered,True,2025-09-08 12:12:00
n_0003180,u_00227,2025-09-21 11:00:00,programme_day,delivered,False,
n_0003181,u_01823,2025-05-04 17:00:00,daily_reflection,delivered,True,2025-05-04 19:52:00
n_0003182,u_01823,2025-05-06 16:00:00,programme_day,delivered,True,2025-05-06 17:04:00
n_0003183,u_01823,2025-05-06 10:00:00,programme_day,delivered,False,
n_0003184,u_02590,2025-03-11 16:00:00,daily_reflection,delivered,False,
n_0003185,u_02644,2025-10-09 13:00:00,programme_day,delivered,False,
n_0003186,u_02644,2025-09-23 20:00:00,inspire,delivered,True,2025-09-23 21:18:00
n_0003187,u_01016,2025-04-03 15:00:00,daily_reflection,delivered,False,
n_0003188,u_01816,2025-08-03 16:00:00,daily_reflection,delivered,True,2025-08-03 17:15:00
n_0003189,u_01816,2025-08-15 08:00:00,daily_reflection,delivered,False,
n_0003190,u_01816,2025-07-22 11:00:00,daily_reflection,delivered,True,2025-07-22 11:13:00
n_0003191,u_00565,2025-06-13 16:00:00,daily_reflection,delivered,False,
n_0003192,u_00565,2025-06-24 11:00:00,inspire,delivered,False,
n_0003193,u_00565,2025-06-20 18:00:00,inspire,delivered,False,
n_0003194,u_01713,2025-02-16 14:00:00,daily_reflection,delivered,True,2025-02-16 15:30:00
n_0003195,u_01713,2025-02-20 18:00:00,daily_reflection,delivered,True,2025-02-20 19:04:00
n_0003196,u_01713,2025-03-12 19:00:00,programme_day,delivered,True,2025-03-12 19:04:00
n_0003197,u_01019,2025-04-29 09:00:00,daily_reflection,delivered,False,
n_0003198,u_02601,2025-12-16 10:00:00,programme_day,delivered,False,
n_0003199,u_02601,2025-12-21 13:00:00,daily_reflection,delivered,False,
n_0003200,u_02601,2025-12-12 19:00:00,daily_reflection,delivered,False,
n_0003201,u_01196,2025-03-09 13:00:00,programme_day,delivered,False,
n_0003202,u_02300,2025-05-07 18:00:00,daily_reflection,delivered,False,
n_0003203,u_02300,2025-05-07 16:00:00,programme_day,delivered,False,
n_0003204,u_00216,2026-01-05 17:00:00,daily_reflection,delivered,False,
n_0003205,u_00216,2026-01-14 19:00:00,programme_day,delivered,False,
n_0003206,u_00216,2026-01-16 13:00:00,inspire,delivered,False,
n_0003207,u_00423,2025-08-18 13:00:00,programme_day,delivered,True,2025-08-18 15:42:00
n_0003208,u_00423,2025-07-31 12:00:00,daily_reflection,delivered,False,
n_0003209,u_00423,2025-08-07 15:00:00,daily_reflection,delivered,False,
n_0003210,u_02628,2025-08-01 08:00:00,daily_reflection,delivered,False,
n_0003211,u_01460,2025-06-21 11:00:00,daily_reflection,delivered,True,2025-06-21 13:47:00
n_0003212,u_00566,2025-10-02 13:00:00,daily_reflection,delivered,False,
n_0003213,u_02190,2025-12-18 11:00:00,programme_day,delivered,False,
n_0003214,u_02190,2026-01-02 16:00:00,daily_reflection,delivered,False,
n_0003215,u_02190,2025-12-20 19:00:00,inspire,delivered,True,2025-12-20 20:37:00
n_0003216,u_01332,2025-04-09 18:00:00,inspire,delivered,True,2025-04-09 18:53:00
n_0003217,u_01332,2025-04-07 08:00:00,daily_reflection,delivered,False,
n_0003218,u_02770,2025-08-04 10:00:00,daily_reflection,delivered,False,
n_0003219,u_02770,2025-08-02 20:00:00,programme_day,delivered,True,2025-08-02 21:53:00
n_0003220,u_00247,2025-01-08 20:00:00,programme_day,delivered,True,2025-01-08 22:41:00
n_0003221,u_00247,2025-01-20 11:00:00,daily_reflection,delivered,True,2025-01-20 11:37:00
n_0003222,u_00247,2025-01-17 19:00:00,daily_reflection,delivered,False,
n_0003223,u_00956,2025-06-03 20:00:00,programme_day,delivered,False,
n_0003224,u_00300,2025-05-16 12:00:00,programme_day,delivered,False,
n_0003225,u_02640,2025-01-30 13:00:00,daily_reflection,delivered,False,
n_0003226,u_02640,2025-01-29 20:00:00,daily_reflection,delivered,False,
n_0003227,u_02943,2025-12-13 10:00:00,daily_reflection,delivered,False,
n_0003228,u_00415,2025-04-23 11:00:00,programme_day,delivered,False,
n_0003229,u_00070,2025-12-09 15:00:00,inspire,delivered,False,
n_0003230,u_00070,2025-12-17 17:00:00,daily_reflection,delivered,False,
n_0003231,u_01659,2025-05-25 18:00:00,programme_day,delivered,False,
n_0003232,u_01659,2025-06-17 14:00:00,inspire,delivered,False,
n_0003233,u_01659,2025-06-17 18:00:00,daily_reflection,delivered,False,
n_0003234,u_02956,2025-12-15 17:00:00,daily_reflection,delivered,False,
n_0003235,u_00460,2025-07-16 18:00:00,daily_reflection,delivered,False,
n_0003236,u_00460,2025-07-21 12:00:00,daily_reflection,delivered,True,2025-07-21 13:03:00
n_0003237,u_00460,2025-07-22 12:00:00,daily_reflection,delivered,False,
n_0003238,u_00685,2025-06-25 14:00:00,programme_day,delivered,False,
n_0003239,u_00685,2025-07-12 16:00:00,daily_reflection,delivered,False,
n_0003240,u_00685,2025-06-24 10:00:00,programme_day,delivered,True,2025-06-24 12:35:00
n_0003241,u_00065,2025-10-06 18:00:00,programme_day,delivered,False,
n_0003242,u_00065,2025-09-29 16:00:00,programme_day,delivered,False,
n_0003243,u_00065,2025-10-14 14:00:00,inspire,delivered,False,
n_0003244,u_00693,2025-04-18 09:00:00,daily_reflection,delivered,False,
n_0003245,u_00693,2025-04-15 13:00:00,programme_day,delivered,False,
n_0003246,u_00693,2025-04-18 20:00:00,inspire,delivered,False,
n_0003247,u_00739,2025-09-19 15:00:00,inspire,delivered,False,
n_0003248,u_00739,2025-09-19 18:00:00,inspire,delivered,False,
n_0003249,u_00739,2025-09-26 09:00:00,daily_reflection,delivered,False,
n_0003250,u_02006,2026-01-04 13:00:00,inspire,delivered,False,
n_0003251,u_01696,2025-03-30 10:00:00,daily_reflection,delivered,False,
n_0003252,u_01696,2025-03-29 16:00:00,programme_day,delivered,False,
n_0003253,u_02395,2025-07-03 09:00:00,daily_reflection,delivered,False,
n_0003254,u_02395,2025-07-29 15:00:00,daily_reflection,delivered,False,
n_0003255,u_02990,2026-01-21 18:00:00,daily_reflection,delivered,False,
n_0003256,u_01516,2025-06-24 15:00:00,daily_reflection,delivered,False,
n_0003257,u_01516,2025-06-23 13:00:00,inspire,delivered,False,
n_0003258,u_02604,2026-01-14 10:00:00,inspire,delivered,False,
n_0003259,u_02604,2026-01-17 18:00:00,daily_reflection,delivered,False,
n_0003260,u_02604,2025-12-29 09:00:00,inspire,delivered,False,
n_0003261,u_00323,2025-08-03 08:00:00,programme_day,delivered,False,
n_0003262,u_00323,2025-07-18 08:00:00,daily_reflection,delivered,False,
n_0003263,u_01725,2025-04-20 17:00:00,inspire,delivered,False,
n_0003264,u_01725,2025-04-29 15:00:00,daily_reflection,delivered,False,
n_0003265,u_00033,2025-08-05 16:00:00,daily_reflection,delivered,False,
n_0003266,u_00033,2025-08-05 17:00:00,programme_day,delivered,False,
n_0003267,u_00033,2025-07-31 10:00:00,inspire,delivered,False,
n_0003268,u_02867,2025-07-09 20:00:00,daily_reflection,delivered,False,
n_0003269,u_02867,2025-06-26 16:00:00,daily_reflection,delivered,False,
n_0003270,u_01008,2025-10-24 08:00:00,daily_reflection,delivered,False,
n_0003271,u_01008,2025-10-20 18:00:00,daily_reflection,delivered,False,
n_0003272,u_01008,2025-10-15 08:00:00,inspire,delivered,False,
n_0003273,u_02188,2025-04-08 08:00:00,daily_reflection,delivered,False,
n_0003274,u_00825,2025-02-01 14:00:00,daily_reflection,delivered,False,
n_0003275,u_01755,2025-07-26 11:00:00,daily_reflection,delivered,True,2025-07-26 12:55:00
n_0003276,u_01755,2025-08-15 16:00:00,inspire,delivered,False,
n_0003277,u_01755,2025-08-23 17:00:00,daily_reflection,delivered,False,
n_0003278,u_00691,2025-04-13 11:00:00,daily_reflection,delivered,False,
n_0003279,u_00691,2025-04-01 15:00:00,programme_day,delivered,False,
n_0003280,u_01562,2025-09-06 08:00:00,programme_day,delivered,True,2025-09-06 09:01:00
n_0003281,u_01356,2025-10-03 20:00:00,inspire,delivered,False,
n_0003282,u_00112,2025-11-03 15:00:00,programme_day,failed,False,
n_0003283,u_00522,2025-11-15 10:00:00,programme_day,delivered,False,
n_0003284,u_00522,2025-10-18 20:00:00,programme_day,delivered,False,
n_0003285,u_02741,2025-04-24 11:00:00,daily_reflection,delivered,True,2025-04-24 11:22:00
n_0003286,u_02587,2025-10-19 15:00:00,daily_reflection,delivered,False,
n_0003287,u_02587,2025-10-25 14:00:00,inspire,delivered,True,2025-10-25 16:31:00
n_0003288,u_02267,2025-11-03 18:00:00,inspire,delivered,False,
n_0003289,u_01327,2025-09-02 17:00:00,inspire,delivered,False,
n_0003290,u_01327,2025-08-30 17:00:00,programme_day,delivered,True,2025-08-30 19:07:00
n_0003291,u_00103,2026-01-01 11:00:00,inspire,delivered,False,
n_0003292,u_00103,2025-12-28 13:00:00,programme_day,delivered,False,
n_0003293,u_01622,2025-07-11 16:00:00,programme_day,delivered,False,
n_0003294,u_01622,2025-07-04 16:00:00,daily_reflection,delivered,False,
n_0003295,u_02236,2025-05-25 11:00:00,programme_day,delivered,True,2025-05-25 12:44:00
n_0003296,u_02291,2025-04-14 19:00:00,daily_reflection,delivered,True,2025-04-14 20:51:00
n_0003297,u_02291,2025-03-24 08:00:00,programme_day,delivered,True,2025-03-24 09:01:00
n_0003298,u_00681,2025-10-04 14:00:00,programme_day,delivered,False,
n_0003299,u_00681,2025-09-09 13:00:00,daily_reflection,delivered,False,
n_0003300,u_00488,2025-06-26 16:00:00,daily_reflection,delivered,False,
n_0003301,u_00488,2025-07-12 15:00:00,inspire,delivered,True,2025-07-12 15:46:00
n_0003302,u_00093,2025-12-23 15:00:00,inspire,delivered,False,
n_0003303,u_00093,2025-12-20 09:00:00,inspire,delivered,False,
n_0003304,u_00093,2025-12-31 08:00:00,inspire,delivered,False,
n_0003305,u_02322,2025-08-06 09:00:00,daily_reflection,delivered,False,
n_0003306,u_00865,2025-02-15 12:00:00,programme_day,failed,False,
n_0003307,u_00865,2025-02-20 19:00:00,programme_day,delivered,False,
n_0003308,u_00865,2025-02-01 10:00:00,daily_reflection,delivered,False,
n_0003309,u_02569,2025-11-20 16:00:00,daily_reflection,delivered,False,
n_0003310,u_02569,2025-11-16 09:00:00,inspire,delivered,False,
n_0003311,u_02544,2025-08-05 19:00:00,inspire,delivered,False,
n_0003312,u_02544,2025-08-16 13:00:00,daily_reflection,delivered,False,
n_0003313,u_02544,2025-07-21 17:00:00,daily_reflection,delivered,False,
n_0003314,u_01400,2025-12-31 16:00:00,programme_day,delivered,False,
n_0003315,u_01315,2026-01-06 13:00:00,daily_reflection,failed,False,
n_0003316,u_02275,2025-09-17 16:00:00,inspire,delivered,False,
n_0003317,u_02983,2025-02-28 08:00:00,programme_day,delivered,True,2025-02-28 10:10:00
n_0003318,u_02983,2025-02-17 11:00:00,daily_reflection,delivered,True,2025-02-17 13:04:00
n_0003319,u_02983,2025-02-17 18:00:00,programme_day,delivered,True,2025-02-17 20:02:00
n_0003320,u_02232,2025-05-27 18:00:00,inspire,delivered,False,
n_0003321,u_01435,2025-08-13 10:00:00,daily_reflection,delivered,False,
n_0003322,u_01435,2025-08-05 15:00:00,daily_reflection,delivered,False,
n_0003323,u_01957,2025-10-07 17:00:00,programme_day,delivered,False,
n_0003324,u_01957,2025-09-27 20:00:00,programme_day,delivered,False,
n_0003325,u_01957,2025-10-11 09:00:00,inspire,delivered,False,
n_0003326,u_01211,2025-02-03 18:00:00,programme_day,delivered,True,2025-02-03 20:24:00
n_0003327,u_01211,2025-01-19 13:00:00,programme_day,delivered,False,
n_0003328,u_00842,2025-04-07 08:00:00,inspire,delivered,False,
n_0003329,u_00842,2025-04-09 20:00:00,inspire,delivered,True,2025-04-09 21:43:00
n_0003330,u_00139,2025-01-29 10:00:00,inspire,delivered,False,
n_0003331,u_00139,2025-01-19 15:00:00,inspire,delivered,False,
n_0003332,u_01230,2025-05-01 18:00:00,daily_reflection,delivered,False,
n_0003333,u_01230,2025-04-06 16:00:00,daily_reflection,delivered,False,
n_0003334,u_01638,2025-01-23 19:00:00,inspire,delivered,True,2025-01-23 21:55:00
n_0003335,u_01638,2025-01-31 18:00:00,programme_day,delivered,True,2025-01-31 19:48:00
n_0003336,u_01638,2025-01-27 15:00:00,inspire,delivered,False,
n_0003337,u_01815,2025-07-03 18:00:00,daily_reflection,delivered,False,
n_0003338,u_02940,2025-01-27 17:00:00,daily_reflection,delivered,False,
n_0003339,u_02940,2025-02-13 12:00:00,programme_day,delivered,False,
n_0003340,u_02940,2025-01-31 11:00:00,inspire,delivered,False,
n_0003341,u_01618,2025-06-05 08:00:00,daily_reflection,delivered,True,2025-06-05 08:28:00
n_0003342,u_01618,2025-06-14 16:00:00,daily_reflection,delivered,False,
n_0003343,u_01618,2025-05-25 14:00:00,daily_reflection,delivered,False,
n_0003344,u_00134,2026-01-03 17:00:00,programme_day,delivered,False,
n_0003345,u_02775,2025-12-28 10:00:00,daily_reflection,delivered,False,
n_0003346,u_02775,2025-12-30 13:00:00,programme_day,delivered,False,
n_0003347,u_02775,2025-12-28 19:00:00,daily_reflection,delivered,False,
n_0003348,u_01026,2025-04-13 11:00:00,daily_reflection,delivered,False,
n_0003349,u_01026,2025-03-24 13:00:00,programme_day,delivered,True,2025-03-24 14:30:00
n_0003350,u_01026,2025-04-13 09:00:00,inspire,delivered,True,2025-04-13 11:20:00
n_0003351,u_01079,2025-11-29 10:00:00,programme_day,delivered,False,
n_0003352,u_01079,2025-11-15 15:00:00,daily_reflection,delivered,True,2025-11-15 15:40:00
n_0003353,u_01079,2025-11-11 17:00:00,inspire,delivered,False,
n_0003354,u_00365,2025-04-26 17:00:00,inspire,delivered,False,
n_0003355,u_02212,2025-06-30 20:00:00,inspire,delivered,False,
n_0003356,u_02212,2025-06-11 18:00:00,programme_day,delivered,False,
n_0003357,u_01643,2025-03-18 13:00:00,inspire,delivered,True,2025-03-18 14:42:00
n_0003358,u_01643,2025-03-28 14:00:00,daily_reflection,delivered,False,
n_0003359,u_01643,2025-04-06 10:00:00,programme_day,delivered,False,
n_0003360,u_00259,2025-06-16 16:00:00,inspire,delivered,False,
n_0003361,u_00936,2025-12-12 20:00:00,programme_day,delivered,False,
n_0003362,u_00936,2026-01-02 13:00:00,daily_reflection,delivered,True,2026-01-02 15:48:00
n_0003363,u_00936,2025-12-26 17:00:00,daily_reflection,delivered,False,
n_0003364,u_02118,2025-05-15 12:00:00,programme_day,delivered,False,
n_0003365,u_02118,2025-05-10 18:00:00,programme_day,delivered,False,
n_0003366,u_00122,2025-12-09 17:00:00,inspire,delivered,False,
n_0003367,u_00122,2025-12-01 09:00:00,daily_reflection,delivered,True,2025-12-01 09:04:00
n_0003368,u_00122,2025-11-21 16:00:00,daily_reflection,delivered,True,2025-11-21 18:49:00
n_0003369,u_02022,2025-05-31 14:00:00,inspire,delivered,False,
n_0003370,u_01517,2025-04-05 18:00:00,inspire,delivered,False,
n_0003371,u_01517,2025-03-22 10:00:00,inspire,delivered,True,2025-03-22 10:22:00
n_0003372,u_01517,2025-04-07 11:00:00,inspire,delivered,False,
n_0003373,u_00397,2025-11-20 16:00:00,daily_reflection,delivered,False,
n_0003374,u_00397,2025-11-06 09:00:00,programme_day,delivered,True,2025-11-06 09:41:00
n_0003375,u_01892,2025-06-28 20:00:00,daily_reflection,delivered,True,2025-06-28 21:12:00
n_0003376,u_01892,2025-07-13 20:00:00,programme_day,delivered,False,
n_0003377,u_01892,2025-06-25 13:00:00,programme_day,delivered,False,
n_0003378,u_00851,2025-05-01 17:00:00,daily_reflection,delivered,False,
n_0003379,u_00851,2025-04-27 19:00:00,daily_reflection,delivered,False,
n_0003380,u_00851,2025-04-18 13:00:00,inspire,delivered,False,
n_0003381,u_02591,2025-09-24 20:00:00,daily_reflection,delivered,False,
n_0003382,u_02591,2025-09-27 10:00:00,daily_reflection,delivered,False,
n_0003383,u_00888,2025-12-14 14:00:00,daily_reflection,delivered,False,
n_0003384,u_01737,2025-06-13 15:00:00,programme_day,delivered,False,
n_0003385,u_01737,2025-06-16 09:00:00,programme_day,delivered,False,
n_0003386,u_01597,2025-12-01 20:00:00,daily_reflection,delivered,False,
n_0003387,u_01597,2025-12-14 12:00:00,programme_day,delivered,False,
n_0003388,u_01597,2025-11-30 14:00:00,inspire,delivered,True,2025-11-30 15:59:00
n_0003389,u_00551,2025-05-05 11:00:00,daily_reflection,delivered,True,2025-05-05 11:21:00
n_0003390,u_00996,2025-05-09 20:00:00,inspire,delivered,False,
n_0003391,u_00996,2025-04-27 11:00:00,daily_reflection,delivered,False,
n_0003392,u_02616,2026-01-14 14:00:00,inspire,delivered,False,
n_0003393,u_02616,2025-12-25 17:00:00,programme_day,delivered,False,
n_0003394,u_02616,2026-01-15 17:00:00,inspire,delivered,False,
n_0003395,u_00966,2025-05-08 15:00:00,daily_reflection,delivered,False,
n_0003396,u_00966,2025-04-21 08:00:00,programme_day,delivered,True,2025-04-21 09:17:00
n_0003397,u_00966,2025-05-05 12:00:00,daily_reflection,delivered,False,
n_0003398,u_01441,2025-08-25 17:00:00,inspire,delivered,False,
n_0003399,u_02228,2025-12-14 12:00:00,daily_reflection,delivered,True,2025-12-14 14:30:00
n_0003400,u_01649,2025-07-04 13:00:00,daily_reflection,delivered,False,
n_0003401,u_00329,2025-04-20 11:00:00,inspire,failed,False,
n_0003402,u_00329,2025-05-13 17:00:00,daily_reflection,delivered,False,
n_0003403,u_01013,2025-10-18 14:00:00,programme_day,delivered,False,
n_0003404,u_00252,2025-06-09 09:00:00,inspire,delivered,False,
n_0003405,u_02353,2025-01-22 13:00:00,inspire,delivered,False,
n_0003406,u_00328,2025-10-22 08:00:00,inspire,delivered,False,
n_0003407,u_00328,2025-10-08 20:00:00,daily_reflection,delivered,False,
n_0003408,u_00328,2025-10-12 14:00:00,daily_reflection,delivered,True,2025-10-12 14:56:00
n_0003409,u_00414,2025-07-11 09:00:00,daily_reflection,delivered,False,
n_0003410,u_00414,2025-06-26 12:00:00,programme_day,delivered,False,
n_0003411,u_01372,2025-08-07 15:00:00,inspire,delivered,False,
n_0003412,u_00535,2025-02-10 11:00:00,inspire,delivered,True,2025-02-10 12:00:00
n_0003413,u_00535,2025-01-27 15:00:00,daily_reflection,delivered,True,2025-01-27 15:15:00
n_0003414,u_00535,2025-02-06 10:00:00,daily_reflection,delivered,True,2025-02-06 10:22:00
n_0003415,u_00655,2025-01-31 19:00:00,daily_reflection,delivered,True,2025-01-31 20:31:00
n_0003416,u_00655,2025-01-18 10:00:00,inspire,delivered,False,
n_0003417,u_00265,2025-01-20 19:00:00,daily_reflection,delivered,True,2025-01-20 20:28:00
n_0003418,u_01660,2025-02-18 13:00:00,inspire,delivered,False,
n_0003419,u_01660,2025-02-13 13:00:00,daily_reflection,delivered,False,
n_0003420,u_00598,2025-12-03 16:00:00,daily_reflection,delivered,False,
n_0003421,u_00598,2025-11-14 17:00:00,daily_reflection,delivered,False,
n_0003422,u_00598,2025-12-04 18:00:00,daily_reflection,delivered,False,
n_0003423,u_00734,2025-01-30 20:00:00,inspire,delivered,True,2025-01-30 22:59:00
n_0003424,u_00734,2025-01-30 16:00:00,programme_day,delivered,False,
n_0003425,u_00734,2025-02-09 15:00:00,programme_day,delivered,True,2025-02-09 17:09:00
n_0003426,u_01746,2025-09-16 11:00:00,programme_day,delivered,False,
n_0003427,u_01746,2025-10-12 08:00:00,daily_reflection,delivered,False,
n_0003428,u_01746,2025-09-13 19:00:00,daily_reflection,delivered,False,
n_0003429,u_02558,2025-05-24 16:00:00,daily_reflection,delivered,False,
n_0003430,u_00585,2025-08-13 10:00:00,inspire,delivered,True,2025-08-13 11:38:00
n_0003431,u_02548,2025-12-09 09:00:00,daily_reflection,delivered,False,
n_0003432,u_02548,2025-12-08 20:00:00,daily_reflection,delivered,False,
n_0003433,u_02408,2026-01-17 16:00:00,inspire,delivered,False,
n_0003434,u_02408,2026-01-09 12:00:00,inspire,delivered,False,
n_0003435,u_02408,2025-12-31 13:00:00,inspire,delivered,False,
n_0003436,u_01088,2026-01-15 12:00:00,daily_reflection,delivered,False,
n_0003437,u_02372,2025-06-02 09:00:00,daily_reflection,delivered,False,
n_0003438,u_02372,2025-06-08 09:00:00,programme_day,delivered,False,
n_0003439,u_02663,2025-02-28 11:00:00,daily_reflection,delivered,False,
n_0003440,u_02663,2025-03-10 19:00:00,inspire,delivered,False,
n_0003441,u_02663,2025-03-08 14:00:00,programme_day,delivered,False,
n_0003442,u_00293,2025-08-24 14:00:00,programme_day,delivered,False,
n_0003443,u_00293,2025-08-05 11:00:00,inspire,delivered,True,2025-08-05 11:13:00
n_0003444,u_01288,2025-05-03 20:00:00,daily_reflection,delivered,False,
n_0003445,u_01288,2025-05-18 19:00:00,daily_reflection,delivered,False,
n_0003446,u_02356,2025-05-15 10:00:00,daily_reflection,delivered,False,
n_0003447,u_02576,2025-06-15 19:00:00,programme_day,delivered,False,
n_0003448,u_02576,2025-05-30 17:00:00,daily_reflection,delivered,False,
n_0003449,u_01663,2025-12-06 10:00:00,inspire,delivered,False,
n_0003450,u_00327,2025-03-28 10:00:00,inspire,delivered,False,
n_0003451,u_00327,2025-03-18 19:00:00,programme_day,delivered,True,2025-03-18 20:41:00
n_0003452,u_01395,2025-06-25 17:00:00,inspire,delivered,False,
n_0003453,u_01395,2025-06-26 20:00:00,inspire,delivered,False,
n_0003454,u_01395,2025-06-29 18:00:00,programme_day,delivered,False,
n_0003455,u_01349,2025-06-05 19:00:00,programme_day,delivered,False,
n_0003456,u_01825,2025-05-31 11:00:00,programme_day,delivered,False,
n_0003457,u_01825,2025-06-04 15:00:00,inspire,delivered,True,2025-06-04 15:27:00
n_0003458,u_01825,2025-06-01 18:00:00,daily_reflection,delivered,True,2025-06-01 20:53:00
n_0003459,u_02978,2025-08-13 11:00:00,inspire,delivered,True,2025-08-13 13:13:00
n_0003460,u_02978,2025-08-23 20:00:00,programme_day,delivered,True,2025-08-23 22:01:00
n_0003461,u_01379,2025-12-27 20:00:00,programme_day,delivered,False,
n_0003462,u_01968,2025-12-08 13:00:00,daily_reflection,delivered,True,2025-12-08 14:57:00
n_0003463,u_01968,2025-12-14 09:00:00,inspire,delivered,False,
n_0003464,u_01968,2025-12-22 17:00:00,daily_reflection,delivered,False,
n_0003465,u_00069,2025-07-16 11:00:00,inspire,delivered,False,
n_0003466,u_02412,2025-10-10 14:00:00,inspire,delivered,False,
n_0003467,u_00209,2025-12-29 15:00:00,daily_reflection,delivered,False,
n_0003468,u_02925,2025-11-20 18:00:00,daily_reflection,delivered,False,
n_0003469,u_01389,2025-07-16 20:00:00,programme_day,delivered,False,
n_0003470,u_01389,2025-07-20 12:00:00,inspire,delivered,True,2025-07-20 12:15:00
n_0003471,u_01389,2025-08-05 13:00:00,daily_reflection,delivered,False,
n_0003472,u_02289,2025-03-30 11:00:00,programme_day,delivered,True,2025-03-30 12:16:00
n_0003473,u_02289,2025-03-30 15:00:00,daily_reflection,failed,False,
n_0003474,u_01931,2025-06-20 10:00:00,daily_reflection,failed,False,
n_0003475,u_01931,2025-06-12 08:00:00,programme_day,delivered,False,
n_0003476,u_01931,2025-06-03 12:00:00,inspire,delivered,False,
n_0003477,u_01226,2025-01-21 17:00:00,daily_reflection,delivered,False,
n_0003478,u_01226,2025-02-01 10:00:00,daily_reflection,delivered,False,
n_0003479,u_01426,2025-12-16 13:00:00,daily_reflection,delivered,True,2025-12-16 14:01:00
n_0003480,u_01426,2025-11-24 10:00:00,inspire,delivered,True,2025-11-24 12:13:00
n_0003481,u_01426,2025-11-19 15:00:00,daily_reflection,delivered,True,2025-11-19 15:44:00
n_0003482,u_02631,2025-11-16 09:00:00,programme_day,delivered,False,
n_0003483,u_02631,2025-11-21 19:00:00,inspire,delivered,False,
n_0003484,u_02631,2025-11-26 17:00:00,daily_reflection,delivered,True,2025-11-26 19:22:00
n_0003485,u_02878,2025-08-11 19:00:00,programme_day,delivered,False,
n_0003486,u_02878,2025-08-08 19:00:00,daily_reflection,delivered,False,
n_0003487,u_01547,2025-03-28 11:00:00,inspire,delivered,False,
n_0003488,u_01547,2025-03-22 14:00:00,programme_day,delivered,False,
n_0003489,u_01547,2025-03-21 18:00:00,inspire,delivered,False,
n_0003490,u_02298,2025-11-20 20:00:00,daily_reflection,delivered,True,2025-11-20 21:47:00
n_0003491,u_02298,2025-11-18 13:00:00,inspire,delivered,False,
n_0003492,u_00501,2025-08-13 11:00:00,programme_day,delivered,False,
n_0003493,u_00501,2025-08-05 13:00:00,daily_reflection,delivered,True,2025-08-05 15:39:00
n_0003494,u_01324,2025-02-24 19:00:00,daily_reflection,delivered,False,
n_0003495,u_01324,2025-02-05 19:00:00,daily_reflection,delivered,False,
n_0003496,u_01324,2025-02-14 20:00:00,daily_reflection,delivered,False,
n_0003497,u_01697,2025-07-04 19:00:00,programme_day,delivered,False,
n_0003498,u_01433,2025-07-08 09:00:00,programme_day,delivered,False,
n_0003499,u_01433,2025-07-09 18:00:00,inspire,delivered,True,2025-07-09 18:32:00
n_0003500,u_02653,2025-05-05 20:00:00,inspire,delivered,False,
n_0003501,u_02653,2025-04-14 11:00:00,programme_day,delivered,True,2025-04-14 12:42:00
n_0003502,u_01523,2026-01-02 14:00:00,daily_reflection,delivered,False,
n_0003503,u_01523,2026-01-15 10:00:00,programme_day,delivered,False,
n_0003504,u_01523,2026-01-08 10:00:00,daily_reflection,delivered,True,2026-01-08 12:13:00
n_0003505,u_02960,2025-07-15 12:00:00,inspire,delivered,False,
n_0003506,u_02960,2025-07-01 19:00:00,programme_day,delivered,False,
n_0003507,u_02960,2025-07-03 10:00:00,inspire,delivered,False,
n_0003508,u_02669,2025-06-01 15:00:00,daily_reflection,delivered,False,
n_0003509,u_00573,2025-05-15 20:00:00,daily_reflection,delivered,False,
n_0003510,u_00573,2025-05-20 11:00:00,daily_reflection,delivered,False,
n_0003511,u_02719,2025-06-19 09:00:00,inspire,delivered,False,
n_0003512,u_02719,2025-06-27 17:00:00,programme_day,delivered,True,2025-06-27 17:45:00
n_0003513,u_02086,2025-09-18 12:00:00,daily_reflection,delivered,False,
n_0003514,u_02086,2025-09-25 13:00:00,daily_reflection,delivered,False,
n_0003515,u_02086,2025-09-17 11:00:00,daily_reflection,delivered,False,
n_0003516,u_00055,2025-01-10 17:00:00,programme_day,delivered,True,2025-01-10 18:44:00
n_0003517,u_00055,2025-02-02 15:00:00,daily_reflection,delivered,False,
n_0003518,u_02797,2025-11-17 10:00:00,daily_reflection,delivered,True,2025-11-17 12:37:00
n_0003519,u_02797,2025-11-28 17:00:00,inspire,delivered,False,
n_0003520,u_01590,2025-12-11 20:00:00,daily_reflection,delivered,False,
n_0003521,u_01590,2025-12-11 16:00:00,daily_reflection,delivered,False,
n_0003522,u_00357,2025-09-30 19:00:00,daily_reflection,delivered,True,2025-09-30 21:13:00
n_0003523,u_00357,2025-10-10 16:00:00,programme_day,delivered,True,2025-10-10 17:31:00
n_0003524,u_00357,2025-10-13 08:00:00,inspire,delivered,True,2025-10-13 09:36:00
n_0003525,u_00027,2026-01-15 13:00:00,daily_reflection,delivered,True,2026-01-15 14:48:00
n_0003526,u_01742,2025-06-02 20:00:00,daily_reflection,delivered,False,
n_0003527,u_02511,2025-07-25 17:00:00,programme_day,delivered,True,2025-07-25 18:39:00
n_0003528,u_02511,2025-08-17 19:00:00,inspire,delivered,False,
n_0003529,u_00837,2025-06-03 11:00:00,programme_day,delivered,True,2025-06-03 11:08:00
n_0003530,u_00837,2025-06-06 11:00:00,inspire,delivered,True,2025-06-06 11:01:00
n_0003531,u_02869,2025-08-11 17:00:00,daily_reflection,delivered,False,
n_0003532,u_02869,2025-08-09 08:00:00,daily_reflection,delivered,False,
n_0003533,u_02869,2025-08-22 12:00:00,inspire,delivered,False,
n_0003534,u_00602,2025-04-05 20:00:00,programme_day,delivered,True,2025-04-05 20:41:00
n_0003535,u_00602,2025-04-12 15:00:00,daily_reflection,delivered,False,
n_0003536,u_00602,2025-04-28 17:00:00,programme_day,delivered,False,
n_0003537,u_01086,2025-02-20 10:00:00,inspire,delivered,True,2025-02-20 12:50:00
n_0003538,u_01086,2025-03-03 19:00:00,daily_reflection,delivered,True,2025-03-03 19:11:00
n_0003539,u_01086,2025-03-10 15:00:00,daily_reflection,delivered,True,2025-03-10 17:34:00
n_0003540,u_00275,2025-11-05 11:00:00,inspire,delivered,False,
n_0003541,u_00275,2025-11-13 19:00:00,daily_reflection,delivered,True,2025-11-13 21:05:00
n_0003542,u_01645,2025-03-15 16:00:00,daily_reflection,delivered,False,
n_0003543,u_01645,2025-03-13 20:00:00,programme_day,delivered,False,
n_0003544,u_00042,2025-09-06 16:00:00,programme_day,delivered,False,
n_0003545,u_02637,2025-05-13 13:00:00,daily_reflection,delivered,False,
n_0003546,u_01265,2025-09-16 16:00:00,inspire,delivered,True,2025-09-16 16:32:00
n_0003547,u_01265,2025-08-23 17:00:00,daily_reflection,delivered,False,
n_0003548,u_00322,2025-05-18 13:00:00,inspire,delivered,True,2025-05-18 13:36:00
n_0003549,u_00322,2025-05-11 13:00:00,inspire,delivered,False,
n_0003550,u_02429,2025-06-05 12:00:00,daily_reflection,delivered,False,
n_0003551,u_02429,2025-05-09 20:00:00,inspire,delivered,False,
n_0003552,u_02429,2025-05-16 10:00:00,daily_reflection,delivered,False,
n_0003553,u_02266,2025-02-09 18:00:00,programme_day,delivered,False,
n_0003554,u_02266,2025-03-03 20:00:00,inspire,delivered,True,2025-03-03 21:25:00
n_0003555,u_02121,2025-06-20 08:00:00,programme_day,delivered,False,
n_0003556,u_02121,2025-07-02 17:00:00,daily_reflection,delivered,False,
n_0003557,u_02269,2025-11-23 19:00:00,daily_reflection,delivered,False,
n_0003558,u_02269,2025-11-18 20:00:00,inspire,delivered,False,
n_0003559,u_02269,2025-11-08 09:00:00,programme_day,delivered,False,
n_0003560,u_01985,2025-10-13 10:00:00,daily_reflection,delivered,False,
n_0003561,u_01985,2025-10-03 13:00:00,daily_reflection,delivered,False,
n_0003562,u_01985,2025-10-10 11:00:00,daily_reflection,delivered,False,
n_0003563,u_01733,2025-04-28 12:00:00,daily_reflection,delivered,True,2025-04-28 14:00:00
n_0003564,u_00772,2025-06-17 15:00:00,daily_reflection,delivered,False,
n_0003565,u_01612,2025-11-08 14:00:00,inspire,delivered,False,
n_0003566,u_01612,2025-11-01 19:00:00,daily_reflection,delivered,False,
n_0003567,u_01077,2025-08-21 13:00:00,daily_reflection,delivered,False,
n_0003568,u_00114,2025-08-11 12:00:00,daily_reflection,delivered,True,2025-08-11 13:29:00
n_0003569,u_00114,2025-08-20 19:00:00,programme_day,delivered,False,
n_0003570,u_00114,2025-08-19 08:00:00,daily_reflection,delivered,False,
n_0003571,u_01272,2025-10-12 17:00:00,daily_reflection,delivered,True,2025-10-12 19:04:00
n_0003572,u_01972,2025-05-31 20:00:00,inspire,delivered,False,
n_0003573,u_01972,2025-06-04 13:00:00,daily_reflection,delivered,False,
n_0003574,u_00132,2025-10-23 08:00:00,programme_day,delivered,False,
n_0003575,u_01322,2025-02-25 08:00:00,daily_reflection,delivered,False,
n_0003576,u_01322,2025-02-24 08:00:00,daily_reflection,delivered,False,
n_0003577,u_01322,2025-02-16 10:00:00,programme_day,delivered,False,
n_0003578,u_02505,2025-08-24 10:00:00,inspire,delivered,False,
n_0003579,u_01678,2025-06-07 18:00:00,programme_day,delivered,True,2025-06-07 19:10:00
n_0003580,u_01678,2025-06-22 14:00:00,daily_reflection,delivered,True,2025-06-22 14:23:00
n_0003581,u_01678,2025-06-29 19:00:00,daily_reflection,delivered,False,
n_0003582,u_00662,2025-07-05 12:00:00,inspire,delivered,False,
n_0003583,u_00662,2025-06-21 13:00:00,daily_reflection,delivered,False,
n_0003584,u_01251,2025-07-18 08:00:00,inspire,delivered,False,
n_0003585,u_01251,2025-07-13 08:00:00,daily_reflection,delivered,True,2025-07-13 08:13:00
n_0003586,u_00315,2025-10-30 10:00:00,programme_day,delivered,False,
n_0003587,u_00315,2025-10-18 10:00:00,programme_day,delivered,False,
n_0003588,u_00315,2025-10-17 19:00:00,daily_reflection,delivered,False,
n_0003589,u_00694,2025-07-21 18:00:00,daily_reflection,delivered,False,
n_0003590,u_00694,2025-08-09 20:00:00,inspire,delivered,False,
n_0003591,u_00694,2025-07-26 20:00:00,inspire,delivered,False,
n_0003592,u_02204,2025-12-04 17:00:00,daily_reflection,delivered,False,
n_0003593,u_02204,2025-12-04 08:00:00,daily_reflection,delivered,True,2025-12-04 08:06:00
n_0003594,u_02204,2025-12-05 18:00:00,programme_day,delivered,False,
n_0003595,u_00238,2025-04-02 11:00:00,daily_reflection,delivered,True,2025-04-02 12:11:00
n_0003596,u_02244,2025-02-14 08:00:00,inspire,delivered,False,
n_0003597,u_02244,2025-03-09 16:00:00,inspire,delivered,False,
n_0003598,u_02244,2025-02-17 18:00:00,daily_reflection,delivered,False,
n_0003599,u_01707,2025-11-22 19:00:00,daily_reflection,delivered,True,2025-11-22 21:30:00
n_0003600,u_02027,2025-05-30 20:00:00,daily_reflection,delivered,True,2025-05-30 22:26:00
n_0003601,u_02494,2025-07-15 13:00:00,inspire,delivered,True,2025-07-15 15:13:00
n_0003602,u_02494,2025-08-01 10:00:00,inspire,delivered,True,2025-08-01 12:05:00
n_0003603,u_00161,2025-03-09 15:00:00,daily_reflection,delivered,True,2025-03-09 15:44:00
n_0003604,u_00193,2025-12-30 20:00:00,programme_day,delivered,False,
n_0003605,u_00193,2026-01-06 17:00:00,inspire,delivered,False,
n_0003606,u_00193,2026-01-09 10:00:00,inspire,delivered,False,
n_0003607,u_02404,2025-12-19 12:00:00,daily_reflection,delivered,False,
n_0003608,u_02404,2025-12-04 13:00:00,daily_reflection,delivered,False,
n_0003609,u_02404,2025-11-30 20:00:00,daily_reflection,delivered,False,
n_0003610,u_02699,2025-09-12 08:00:00,programme_day,delivered,False,
n_0003611,u_02699,2025-09-13 13:00:00,inspire,delivered,False,
n_0003612,u_01928,2025-03-12 15:00:00,daily_reflection,delivered,False,
n_0003613,u_01928,2025-03-17 12:00:00,daily_reflection,delivered,False,
n_0003614,u_01928,2025-04-05 20:00:00,inspire,delivered,False,
n_0003615,u_02277,2025-09-20 12:00:00,daily_reflection,delivered,False,
n_0003616,u_00456,2025-05-11 18:00:00,daily_reflection,delivered,False,
n_0003617,u_01012,2025-03-24 11:00:00,inspire,delivered,False,
n_0003618,u_01012,2025-03-23 14:00:00,programme_day,delivered,False,
n_0003619,u_01705,2025-10-15 19:00:00,inspire,delivered,True,2025-10-15 21:25:00
n_0003620,u_02304,2025-10-22 10:00:00,daily_reflection,failed,False,
n_0003621,u_02304,2025-10-13 09:00:00,daily_reflection,delivered,False,
n_0003622,u_02304,2025-10-11 13:00:00,daily_reflection,delivered,False,
n_0003623,u_02658,2025-11-20 13:00:00,inspire,delivered,False,
n_0003624,u_01477,2025-10-29 18:00:00,programme_day,failed,False,
n_0003625,u_01477,2025-10-22 16:00:00,daily_reflection,delivered,False,
n_0003626,u_01477,2025-11-16 15:00:00,inspire,delivered,False,
n_0003627,u_02096,2025-11-12 20:00:00,inspire,delivered,True,2025-11-12 20:38:00
n_0003628,u_02096,2025-10-29 15:00:00,programme_day,delivered,False,
n_0003629,u_02096,2025-10-31 13:00:00,programme_day,delivered,False,
n_0003630,u_01317,2025-06-11 20:00:00,programme_day,delivered,False,
n_0003631,u_01317,2025-06-25 16:00:00,daily_reflection,delivered,True,2025-06-25 17:58:00
n_0003632,u_01317,2025-06-05 11:00:00,inspire,delivered,False,
n_0003633,u_00104,2025-05-05 08:00:00,inspire,delivered,False,
n_0003634,u_00919,2025-01-17 10:00:00,inspire,delivered,False,
n_0003635,u_00919,2025-02-03 13:00:00,daily_reflection,delivered,False,
n_0003636,u_01665,2025-06-11 08:00:00,daily_reflection,delivered,False,
n_0003637,u_00688,2025-04-22 20:00:00,programme_day,delivered,False,
n_0003638,u_00729,2025-03-06 08:00:00,daily_reflection,delivered,False,
n_0003639,u_00729,2025-03-07 20:00:00,programme_day,delivered,False,
n_0003640,u_00729,2025-02-15 15:00:00,inspire,delivered,False,
n_0003641,u_02020,2025-03-25 12:00:00,daily_reflection,delivered,False,
n_0003642,u_02020,2025-04-05 11:00:00,daily_reflection,delivered,False,
n_0003643,u_02020,2025-04-18 09:00:00,daily_reflection,delivered,False,
n_0003644,u_00189,2025-09-28 20:00:00,daily_reflection,delivered,False,
n_0003645,u_02732,2025-09-28 17:00:00,inspire,delivered,False,
n_0003646,u_02732,2025-09-26 19:00:00,programme_day,delivered,False,
n_0003647,u_01223,2025-12-15 11:00:00,daily_reflection,delivered,True,2025-12-15 11:54:00
n_0003648,u_01223,2026-01-03 12:00:00,daily_reflection,delivered,False,
n_0003649,u_01223,2026-01-01 17:00:00,programme_day,delivered,False,
n_0003650,u_01527,2025-05-30 12:00:00,daily_reflection,delivered,False,
n_0003651,u_01527,2025-05-11 08:00:00,daily_reflection,delivered,False,
n_0003652,u_01527,2025-05-30 19:00:00,programme_day,delivered,True,2025-05-30 19:34:00
n_0003653,u_02472,2025-02-16 18:00:00,daily_reflection,delivered,False,
n_0003654,u_02472,2025-02-08 18:00:00,daily_reflection,delivered,False,
n_0003655,u_02472,2025-02-15 19:00:00,inspire,delivered,True,2025-02-15 19:21:00
n_0003656,u_01619,2025-04-20 20:00:00,inspire,delivered,False,
n_0003657,u_01951,2025-09-03 09:00:00,inspire,delivered,True,2025-09-03 10:54:00
n_0003658,u_01951,2025-09-24 13:00:00,programme_day,delivered,False,
n_0003659,u_00038,2025-09-26 15:00:00,inspire,delivered,False,
n_0003660,u_00038,2025-10-01 15:00:00,programme_day,delivered,False,
n_0003661,u_00301,2025-11-09 17:00:00,daily_reflection,delivered,False,
n_0003662,u_00301,2025-11-10 17:00:00,daily_reflection,delivered,False,
n_0003663,u_00858,2025-12-22 16:00:00,daily_reflection,delivered,True,2025-12-22 17:11:00
n_0003664,u_00858,2025-11-30 09:00:00,daily_reflection,delivered,True,2025-11-30 10:19:00
n_0003665,u_00858,2025-12-09 08:00:00,daily_reflection,delivered,False,
n_0003666,u_02163,2025-06-22 19:00:00,programme_day,delivered,False,
n_0003667,u_02163,2025-07-06 16:00:00,programme_day,delivered,False,
n_0003668,u_02163,2025-06-12 11:00:00,daily_reflection,failed,False,
n_0003669,u_01074,2025-05-08 09:00:00,daily_reflection,delivered,False,
n_0003670,u_01074,2025-05-07 09:00:00,inspire,delivered,False,
n_0003671,u_02316,2025-02-05 09:00:00,daily_reflection,delivered,False,
n_0003672,u_02316,2025-02-09 08:00:00,programme_day,delivered,False,
n_0003673,u_02316,2025-02-04 14:00:00,inspire,delivered,False,
n_0003674,u_01689,2025-01-25 19:00:00,daily_reflection,delivered,False,
n_0003675,u_01146,2025-11-04 08:00:00,programme_day,delivered,False,
n_0003676,u_01146,2025-10-21 20:00:00,inspire,delivered,False,
n_0003677,u_00521,2025-04-03 19:00:00,daily_reflection,delivered,True,2025-04-03 19:54:00
n_0003678,u_02063,2025-09-07 18:00:00,daily_reflection,delivered,False,
n_0003679,u_02063,2025-09-04 13:00:00,daily_reflection,delivered,False,
n_0003680,u_01055,2025-04-09 19:00:00,inspire,delivered,False,
n_0003681,u_01188,2025-07-31 16:00:00,inspire,delivered,False,
n_0003682,u_01188,2025-08-01 19:00:00,daily_reflection,delivered,False,
n_0003683,u_02239,2025-11-14 14:00:00,daily_reflection,delivered,False,
n_0003684,u_02239,2025-11-27 11:00:00,inspire,delivered,True,2025-11-27 13:37:00
n_0003685,u_02239,2025-11-19 13:00:00,daily_reflection,delivered,False,
n_0003686,u_01117,2025-05-19 20:00:00,daily_reflection,delivered,False,
n_0003687,u_01117,2025-05-09 10:00:00,daily_reflection,delivered,False,
n_0003688,u_01155,2025-10-07 15:00:00,daily_reflection,delivered,False,
n_0003689,u_01155,2025-10-23 12:00:00,daily_reflection,failed,False,
n_0003690,u_00048,2025-10-12 12:00:00,programme_day,delivered,True,2025-10-12 14:09:00
n_0003691,u_00048,2025-09-30 09:00:00,daily_reflection,delivered,False,
n_0003692,u_01173,2025-10-04 15:00:00,inspire,delivered,True,2025-10-04 15:05:00
n_0003693,u_02613,2025-12-10 20:00:00,programme_day,delivered,False,
n_0003694,u_01914,2025-04-16 18:00:00,programme_day,delivered,False,
n_0003695,u_01914,2025-04-26 19:00:00,inspire,delivered,True,2025-04-26 19:07:00
n_0003696,u_01914,2025-05-03 16:00:00,daily_reflection,delivered,False,
n_0003697,u_01397,2025-01-29 17:00:00,daily_reflection,delivered,True,2025-01-29 17:19:00
n_0003698,u_01397,2025-01-20 19:00:00,programme_day,delivered,False,
n_0003699,u_00496,2025-10-29 18:00:00,inspire,delivered,False,
n_0003700,u_00496,2025-10-30 20:00:00,programme_day,delivered,True,2025-10-30 21:50:00
n_0003701,u_00496,2025-10-20 20:00:00,programme_day,delivered,False,
n_0003702,u_02909,2025-11-04 13:00:00,programme_day,delivered,False,
n_0003703,u_02909,2025-10-25 20:00:00,daily_reflection,delivered,False,
n_0003704,u_00635,2025-09-04 15:00:00,inspire,delivered,False,
n_0003705,u_00635,2025-09-17 08:00:00,daily_reflection,delivered,False,
n_0003706,u_00635,2025-09-19 17:00:00,programme_day,delivered,False,
n_0003707,u_01109,2026-01-03 14:00:00,daily_reflection,delivered,False,
n_0003708,u_01953,2025-10-31 12:00:00,daily_reflection,delivered,False,
n_0003709,u_01940,2025-06-25 18:00:00,programme_day,delivered,False,
n_0003710,u_01940,2025-06-25 10:00:00,daily_reflection,delivered,False,
n_0003711,u_01089,2025-09-15 18:00:00,programme_day,delivered,False,
n_0003712,u_01089,2025-09-24 11:00:00,programme_day,delivered,True,2025-09-24 12:18:00
