user_id,signup_date,cohort_month,platform,country,cohort,onboarding_version,onboarding_path,knows_mbti,mbti,faith_level,social_energy,extrovert_score,religiosity_score,onboarding_completed,activated
u_00001,2025-03-07,2025-03,android,AE,variant,lower_friction,test_or_skip,False,,cultural,ambivert,45.6,22.3,True,False
u_00002,2025-03-07,2025-03,web,US,variant,lower_friction,self_select,True,ISTJ,cultural,deep_introvert,53.0,75.1,True,True
u_00003,2025-03-04,2025-03,ios,US,variant,lower_friction,self_select,True,INTP,spiritual,ambivert,54.5,56.2,True,True
u_00004,2025-12-14,2025-12,android,US,control,baseline,mandatory_test,True,ISFP,devoted,introvert,38.0,72.3,True,True
u_00005,2025-11-25,2025-11,ios,UK,variant,lower_friction,test_or_skip,False,,practicing,introvert,58.2,51.8,True,True
u_00006,2025-03-21,2025-03,ios,AE,control,baseline,mandatory_test,True,ESFJ,cultural,extrovert,26.1,52.5,False,False
u_00007,2025-12-13,2025-12,android,UK,variant,lower_friction,self_select,True,INTJ,spiritual,extrovert,82.5,56.6,False,False
u_00008,2025-06-07,2025-06,web,AE,variant,lower_friction,test_or_skip,False,,deep_seeker,ambivert,48.6,41.1,True,False
u_00009,2025-01-07,2025-01,ios,ID,variant,lower_friction,self_select,True,ISFJ,spiritual,introvert,51.3,59.2,True,True
u_00010,2025-07-06,2025-07,ios,AE,control,baseline,mandatory_test,True,ENTJ,devoted,extrovert,41.8,28.7,True,True
u_00011,2025-08-17,2025-08,android,AE,variant,lower_friction,test_or_skip,False,,spiritual,introvert,48.9,100.0,True,True
u_00012,2025-06-13,2025-06,ios,US,variant,lower_friction,test_or_skip,False,,practicing,introvert,39.2,83.8,True,False
u_00013,2025-07-03,2025-07,ios,SG,control,baseline,mandatory_test,False,,practicing,deep_introvert,62.2,25.3,True,False
u_00014,2025-09-21,2025-09,android,UK,variant,lower_friction,self_select,True,ENFJ,spiritual,ambivert,63.1,87.7,False,False
u_00015,2025-11-14,2025-11,android,MY,control,baseline,mandatory_test,True,INFJ,devoted,ambivert,41.3,91.7,True,False
u_00016,2025-02-25,2025-02,android,AU,variant,lower_friction,self_select,True,ENFJ,practicing,ambivert,42.6,65.7,True,True
u_00017,2025-10-06,2025-10,ios,ID,control,baseline,mandatory_test,True,INTP,practicing,deep_extrovert,65.7,85.4,True,False
u_00018,2025-01-25,2025-01,android,CA,control,baseline,mandatory_test,True,ISTJ,devoted,extrovert,14.6,74.1,True,True
u_00019,2025-05-05,2025-05,android,CA,variant,lower_friction,test_or_skip,False,,cultural,deep_introvert,56.5,97.4,True,True
u_00020,2025-02-13,2025-02,android,AE,control,baseline,mandatory_test,True,ESTJ,deep_seeker,ambivert,42.4,64.4,True,True
u_00021,2025-04-09,2025-04,web,MY,variant,lower_friction,self_select,True,INFJ,devoted,deep_introvert,25.8,74.6,True,False
u_00022,2025-11-02,2025-11,web,AU,variant,lower_friction,test_or_skip,False,,spiritual,ambivert,30.1,68.7,True,True
u_00023,2025-11-05,2025-11,android,UK,control,baseline,mandatory_test,True,ESTJ,devoted,ambivert,43.7,65.9,False,False
u_00024,2025-12-25,2025-12,android,ID,control,baseline,mandatory_test,False,,deep_seeker,extrovert,69.5,31.0,True,False
u_00025,2025-06-05,2025-06,ios,AE,control,baseline,mandatory_test,True,ENFP,practicing,extrovert,38.6,46.3,True,False
u_00026,2025-04-07,2025-04,android,AU,variant,lower_friction,self_select,True,ESFJ,spiritual,ambivert,77.4,44.1,True,False
u_00027,2025-12-17,2025-12,android,AE,variant,lower_friction,test_or_skip,False,,deep_seeker,introvert,49.6,56.8,True,False
u_00028,2025-06-13,2025-06,ios,UK,control,baseline,mandatory_test,False,,practicing,extrovert,52.1,38.1,False,False
u_00029,2025-10-22,2025-10,ios,AE,control,baseline,mandatory_test,True,INFP,cultural,extrovert,64.9,62.7,True,False
u_00030,2025-03-14,2025-03,web,UK,control,baseline,mandatory_test,True,ENTP,practicing,ambivert,63.9,53.3,True,False
u_00031,2025-01-24,2025-01,android,AE,variant,lower_friction,self_select,True,ISTP,spiritual,ambivert,61.8,42.5,True,True
u_00032,2025-08-23,2025-08,ios,SG,control,baseline,mandatory_test,False,,devoted,deep_introvert,35.8,27.1,False,False
u_00033,2025-07-24,2025-07,web,SG,control,baseline,mandatory_test,False,,devoted,extrovert,35.7,18.9,True,True
u_00034,2025-03-14,2025-03,ios,ID,control,baseline,mandatory_test,True,ESFJ,cultural,ambivert,26.7,73.5,True,True
u_00035,2025-08-24,2025-08,android,MY,control,baseline,mandatory_test,False,,spiritual,ambivert,44.0,48.5,True,False
u_00036,2025-05-23,2025-05,ios,UK,control,baseline,mandatory_test,True,ESFP,deep_seeker,deep_introvert,39.5,51.1,True,False
u_00037,2025-08-18,2025-08,web,UK,variant,lower_friction,self_select,True,INFJ,spiritual,ambivert,24.5,57.1,False,False
u_00038,2025-09-24,2025-09,ios,UK,variant,lower_friction,self_select,True,INTJ,devoted,extrovert,32.4,30.6,True,False
u_00039,2025-12-11,2025-12,android,AU,control,baseline,mandatory_test,False,,practicing,ambivert,64.3,52.1,False,False
u_00040,2025-05-30,2025-05,web,UK,variant,lower_friction,self_select,True,ENFJ,deep_seeker,introvert,51.8,45.4,True,True
u_00041,2025-09-30,2025-09,ios,UK,variant,lower_friction,test_or_skip,False,,practicing,introvert,66.6,68.3,True,False
u_00042,2025-09-01,2025-09,android,UK,control,baseline,mandatory_test,False,,deep_seeker,deep_introvert,30.0,64.8,True,True
u_00043,2025-10-02,2025-10,ios,AU,variant,lower_friction,self_select,True,ISFJ,cultural,ambivert,82.5,10.1,False,False
u_00044,2025-03-03,2025-03,ios,ID,variant,lower_friction,test_or_skip,False,,cultural,introvert,33.0,31.3,False,False
u_00045,2025-08-29,2025-08,android,AE,control,baseline,mandatory_test,True,ESTP,practicing,introvert,49.9,88.0,False,False
u_00046,2025-09-03,2025-09,ios,US,control,baseline,mandatory_test,True,ENFJ,practicing,deep_extrovert,52.5,67.0,True,True
u_00047,2025-03-11,2025-03,android,MY,variant,lower_friction,test_or_skip,False,,spiritual,extrovert,81.3,42.2,True,True
u_00048,2025-09-16,2025-09,android,UK,control,baseline,mandatory_test,True,ENTJ,practicing,extrovert,81.3,37.6,False,False
u_00049,2025-04-13,2025-04,android,AE,control,baseline,mandatory_test,False,,spiritual,ambivert,44.3,73.9,True,False
u_00050,2025-11-22,2025-11,ios,SG,control,baseline,mandatory_test,False,,devoted,deep_extrovert,32.0,94.6,False,False
u_00051,2025-11-06,2025-11,android,US,variant,lower_friction,test_or_skip,False,,spiritual,introvert,28.8,59.1,True,True
u_00052,2025-03-03,2025-03,android,CA,variant,lower_friction,test_or_skip,False,,devoted,introvert,62.6,47.7,True,True
u_00053,2025-12-02,2025-12,android,UK,control,baseline,mandatory_test,True,ENTJ,practicing,extrovert,40.5,76.5,False,False
u_00054,2025-04-15,2025-04,android,UK,control,baseline,mandatory_test,True,INTJ,practicing,introvert,56.9,26.0,True,True
u_00055,2025-01-07,2025-01,android,ID,control,baseline,mandatory_test,True,INTP,cultural,introvert,50.1,67.3,True,True
u_00056,2025-06-17,2025-06,ios,ID,control,baseline,mandatory_test,True,ESTJ,devoted,ambivert,22.2,57.6,True,True
u_00057,2025-10-07,2025-10,android,US,control,baseline,mandatory_test,False,,practicing,ambivert,32.9,80.7,False,False
u_00058,2025-05-09,2025-05,ios,ID,variant,lower_friction,test_or_skip,False,,practicing,extrovert,66.1,50.9,False,False
u_00059,2025-11-01,2025-11,ios,ID,control,baseline,mandatory_test,False,,spiritual,extrovert,45.4,57.2,True,True
u_00060,2025-06-09,2025-06,android,ID,variant,lower_friction,test_or_skip,False,,spiritual,ambivert,22.4,55.6,True,True
u_00061,2025-01-19,2025-01,android,UK,control,baseline,mandatory_test,False,,practicing,ambivert,58.9,43.2,True,True
u_00062,2025-01-30,2025-01,android,US,variant,lower_friction,self_select,True,ESTJ,practicing,introvert,34.7,74.9,True,True
u_00063,2025-05-05,2025-05,ios,ID,control,baseline,mandatory_test,False,,devoted,introvert,31.1,55.0,True,True
u_00064,2025-08-08,2025-08,android,CA,variant,lower_friction,self_select,True,ESFJ,practicing,introvert,42.8,54.0,True,True
u_00065,2025-09-15,2025-09,ios,AU,variant,lower_friction,test_or_skip,False,,practicing,ambivert,61.9,66.8,True,False
u_00066,2025-08-28,2025-08,web,CA,variant,lower_friction,self_select,True,ENFP,devoted,ambivert,19.1,34.1,True,True
u_00067,2025-03-28,2025-03,web,SG,control,baseline,mandatory_test,False,,practicing,ambivert,21.5,89.2,True,False
u_00068,2025-06-13,2025-06,android,MY,control,baseline,mandatory_test,False,,practicing,introvert,57.3,40.7,True,True
u_00069,2025-06-16,2025-06,ios,CA,control,baseline,mandatory_test,False,,spiritual,extrovert,79.3,50.3,True,True
u_00070,2025-12-05,2025-12,android,CA,variant,lower_friction,test_or_skip,False,,spiritual,ambivert,58.7,48.6,True,True
u_00071,2025-09-29,2025-09,ios,SG,control,baseline,mandatory_test,True,ENFP,devoted,introvert,43.6,63.4,True,False
u_00072,2025-12-12,2025-12,ios,US,control,baseline,mandatory_test,False,,devoted,extrovert,31.8,44.5,True,False
u_00073,2025-11-09,2025-11,android,ID,control,baseline,mandatory_test,True,ENFP,practicing,ambivert,39.3,60.4,True,True
u_00074,2025-10-23,2025-10,ios,CA,control,baseline,mandatory_test,False,,deep_seeker,ambivert,77.3,85.7,True,True
u_00075,2025-01-25,2025-01,ios,US,control,baseline,mandatory_test,True,ISTJ,cultural,introvert,52.7,65.8,True,False
u_00076,2025-12-25,2025-12,ios,ID,variant,lower_friction,test_or_skip,False,,practicing,extrovert,58.7,16.7,False,False
u_00077,2025-02-15,2025-02,ios,ID,control,baseline,mandatory_test,False,,practicing,extrovert,58.9,100.0,False,True
u_00078,2025-09-25,2025-09,ios,ID,control,baseline,mandatory_test,False,,practicing,extrovert,54.6,52.8,True,False
u_00079,2025-07-05,2025-07,ios,CA,control,baseline,mandatory_test,False,,practicing,deep_extrovert,34.9,45.9,False,False
u_00080,2025-08-17,2025-08,android,SG,variant,lower_friction,self_select,True,ESTP,practicing,extrovert,38.8,45.0,True,False
u_00081,2025-08-11,2025-08,android,US,variant,lower_friction,self_select,True,ISTP,practicing,extrovert,9.2,37.6,True,False
u_00082,2025-01-10,2025-01,ios,AE,variant,lower_friction,self_select,True,INTP,devoted,ambivert,41.9,28.2,True,True
u_00083,2025-09-02,2025-09,android,CA,variant,lower_friction,self_select,True,ESTJ,practicing,extrovert,32.4,59.7,True,True
u_00084,2025-04-06,2025-04,ios,US,control,baseline,mandatory_test,True,INTJ,devoted,deep_introvert,57.4,78.9,True,True
u_00085,2025-03-30,2025-03,android,AE,control,baseline,mandatory_test,False,,practicing,introvert,78.1,83.1,False,False
u_00086,2025-04-22,2025-04,ios,MY,variant,lower_friction,test_or_skip,False,,spiritual,deep_introvert,76.7,48.5,True,False
u_00087,2025-04-20,2025-04,android,ID,control,baseline,mandatory_test,False,,practicing,ambivert,61.9,76.3,False,False
u_00088,2025-12-01,2025-12,ios,US,control,baseline,mandatory_test,False,,devoted,introvert,40.4,56.8,False,False
u_00089,2025-08-13,2025-08,web,MY,variant,lower_friction,test_or_skip,False,,devoted,introvert,30.8,36.3,True,True
u_00090,2025-03-28,2025-03,ios,ID,control,baseline,mandatory_test,True,ENFP,spiritual,introvert,49.0,68.9,False,False
u_00091,2025-09-05,2025-09,ios,MY,control,baseline,mandatory_test,False,,spiritual,ambivert,29.6,49.6,False,False
u_00092,2025-08-22,2025-08,ios,UK,variant,lower_friction,test_or_skip,False,,devoted,extrovert,61.1,74.2,True,False
u_00093,2025-12-04,2025-12,ios,ID,variant,lower_friction,test_or_skip,False,,practicing,deep_extrovert,72.7,48.1,True,False
u_00094,2025-10-01,2025-10,android,AU,variant,lower_friction,self_select,True,ISFJ,practicing,deep_extrovert,39.5,60.8,True,False
u_00095,2025-04-04,2025-04,android,AE,variant,lower_friction,self_select,True,ESFP,devoted,extrovert,46.8,1.3,True,True
u_00096,2025-01-17,2025-01,ios,MY,variant,lower_friction,self_select,True,ENFJ,practicing,extrovert,59.2,53.3,True,True
u_00097,2025-12-16,2025-12,ios,AE,control,baseline,mandatory_test,False,,cultural,ambivert,49.9,22.6,False,False
u_00098,2025-09-05,2025-09,web,AE,control,baseline,mandatory_test,False,,practicing,introvert,21.9,28.2,True,True
u_00099,2025-03-29,2025-03,ios,SG,control,baseline,mandatory_test,False,,cultural,introvert,58.7,58.7,False,False
u_00100,2025-05-30,2025-05,android,ID,control,baseline,mandatory_test,False,,devoted,ambivert,64.3,42.9,False,False
u_00101,2025-02-17,2025-02,android,UK,variant,lower_friction,test_or_skip,False,,cultural,ambivert,66.9,99.8,True,False
u_00102,2025-05-21,2025-05,ios,MY,control,baseline,mandatory_test,False,,practicing,ambivert,3.6,49.2,True,True
u_00103,2025-12-23,2025-12,android,UK,control,baseline,mandatory_test,True,ENTJ,practicing,extrovert,19.8,84.0,True,True
u_00104,2025-04-19,2025-04,ios,MY,control,baseline,mandatory_test,True,ENFJ,devoted,ambivert,96.2,70.0,True,True
u_00105,2025-07-21,2025-07,android,MY,variant,lower_friction,test_or_skip,False,,spiritual,extrovert,46.8,21.0,True,False
u_00106,2025-07-27,2025-07,web,AE,variant,lower_friction,test_or_skip,False,,deep_seeker,extrovert,43.6,54.9,False,False
u_00107,2025-09-27,2025-09,ios,AU,control,baseline,mandatory_test,True,ESTP,practicing,extrovert,31.6,52.9,True,False
u_00108,2025-01-24,2025-01,ios,UK,variant,lower_friction,self_select,True,ISFP,practicing,extrovert,63.5,95.7,True,False
u_00109,2025-04-04,2025-04,android,AE,variant,lower_friction,self_select,True,INTJ,devoted,ambivert,31.3,66.9,False,False
u_00110,2025-09-20,2025-09,ios,AE,variant,lower_friction,test_or_skip,False,,practicing,introvert,71.1,64.3,True,True
u_00111,2025-10-23,2025-10,android,ID,variant,lower_friction,self_select,True,INFJ,practicing,extrovert,38.1,42.4,True,True
u_00112,2025-10-19,2025-10,android,CA,control,baseline,mandatory_test,False,,practicing,deep_introvert,69.3,50.2,False,False
u_00113,2025-01-31,2025-01,android,AE,variant,lower_friction,test_or_skip,False,,practicing,extrovert,54.1,58.8,True,False
u_00114,2025-07-26,2025-07,ios,ID,variant,lower_friction,test_or_skip,False,,devoted,deep_introvert,58.3,71.2,True,False
u_00115,2025-03-31,2025-03,android,MY,control,baseline,mandatory_test,False,,deep_seeker,ambivert,52.8,73.3,True,False
u_00116,2025-09-10,2025-09,ios,US,variant,lower_friction,self_select,True,ISTP,practicing,extrovert,67.5,64.3,True,False
u_00117,2025-11-23,2025-11,ios,AE,control,baseline,mandatory_test,True,ISTJ,spiritual,ambivert,42.9,69.2,False,False
u_00118,2025-07-30,2025-07,android,SG,variant,lower_friction,test_or_skip,False,,cultural,introvert,68.0,53.2,False,False
u_00119,2025-06-14,2025-06,ios,ID,control,baseline,mandatory_test,False,,deep_seeker,ambivert,62.5,59.8,False,False
u_00120,2025-08-06,2025-08,android,US,control,baseline,mandatory_test,False,,practicing,introvert,86.0,72.8,False,False
u_00121,2025-10-18,2025-10,web,UK,control,baseline,mandatory_test,True,ESTP,deep_seeker,extrovert,40.1,55.7,False,False
u_00122,2025-11-14,2025-11,ios,MY,control,baseline,mandatory_test,True,INTP,cultural,extrovert,63.8,70.4,True,False
u_00123,2025-02-22,2025-02,android,ID,variant,lower_friction,test_or_skip,False,,practicing,introvert,53.4,48.3,True,True
u_00124,2025-04-09,2025-04,ios,MY,control,baseline,mandatory_test,False,,devoted,introvert,29.2,58.4,False,False
u_00125,2025-04-07,2025-04,ios,US,control,baseline,mandatory_test,True,ISTP,practicing,introvert,38.8,69.2,True,True
u_00126,2025-09-30,2025-09,android,UK,control,baseline,mandatory_test,False,,devoted,deep_introvert,54.7,69.3,True,False
u_00127,2025-02-03,2025-02,ios,MY,variant,lower_friction,self_select,True,ENTP,practicing,ambivert,50.7,48.5,False,False
u_00128,2025-10-04,2025-10,android,AE,variant,lower_friction,test_or_skip,False,,devoted,ambivert,39.9,47.6,True,False
u_00129,2025-08-29,2025-08,android,UK,variant,lower_friction,self_select,True,ISFJ,practicing,ambivert,32.0,69.0,False,False
u_00130,2025-03-08,2025-03,ios,US,variant,lower_friction,test_or_skip,False,,practicing,extrovert,42.0,38.0,True,True
u_00131,2025-06-02,2025-06,ios,CA,variant,lower_friction,self_select,True,ESTJ,spiritual,deep_extrovert,38.5,67.7,True,True
u_00132,2025-10-03,2025-10,android,MY,control,baseline,mandatory_test,True,ESFP,spiritual,extrovert,56.8,58.4,False,False
u_00133,2025-03-20,2025-03,android,ID,variant,lower_friction,test_or_skip,False,,practicing,introvert,51.6,93.2,True,True
u_00134,2025-12-14,2025-12,ios,UK,control,baseline,mandatory_test,True,ENFP,deep_seeker,extrovert,80.5,43.1,True,True
u_00135,2025-06-08,2025-06,android,CA,variant,lower_friction,test_or_skip,False,,practicing,ambivert,56.6,61.9,True,True
u_00136,2025-04-04,2025-04,android,CA,variant,lower_friction,test_or_skip,False,,practicing,ambivert,70.2,78.9,True,True
u_00137,2025-03-18,2025-03,ios,US,control,baseline,mandatory_test,False,,spiritual,deep_introvert,47.0,100.0,False,False
u_00138,2025-02-25,2025-02,android,ID,control,baseline,mandatory_test,True,ENTP,spiritual,deep_extrovert,38.7,67.6,True,True
u_00139,2025-01-01,2025-01,ios,SG,control,baseline,mandatory_test,True,ISFJ,practicing,ambivert,55.7,35.4,True,True
u_00140,2025-08-07,2025-08,ios,AU,control,baseline,mandatory_test,False,,spiritual,ambivert,55.5,71.7,True,True
u_00141,2025-05-04,2025-05,ios,US,variant,lower_friction,self_select,True,ENFP,practicing,introvert,88.8,30.5,False,False
u_00142,2025-11-03,2025-11,ios,UK,variant,lower_friction,self_select,True,ESFP,devoted,ambivert,68.3,85.2,True,False
u_00143,2025-08-29,2025-08,ios,CA,control,baseline,mandatory_test,False,,spiritual,deep_extrovert,71.3,72.3,True,True
u_00144,2025-05-02,2025-05,ios,MY,control,baseline,mandatory_test,True,ISTP,practicing,introvert,34.3,53.3,False,False
u_00145,2025-11-05,2025-11,ios,MY,variant,lower_friction,self_select,True,INTJ,cultural,deep_extrovert,36.7,58.1,True,True
u_00146,2025-05-07,2025-05,ios,ID,variant,lower_friction,self_select,True,ENTP,spiritual,introvert,50.6,39.7,False,False
u_00147,2025-12-12,2025-12,android,MY,variant,lower_friction,test_or_skip,False,,practicing,extrovert,60.4,64.3,False,False
u_00148,2025-04-06,2025-04,ios,UK,control,baseline,mandatory_test,False,,deep_seeker,extrovert,39.3,44.5,True,True
u_00149,2025-10-30,2025-10,ios,UK,variant,lower_friction,self_select,True,INFP,cultural,ambivert,56.1,57.7,False,False
u_00150,2025-09-26,2025-09,ios,ID,control,baseline,mandatory_test,False,,cultural,introvert,30.9,55.1,False,False
u_00151,2025-04-21,2025-04,android,UK,variant,lower_friction,test_or_skip,False,,spiritual,extrovert,50.6,41.7,True,False
u_00152,2025-08-29,2025-08,android,AE,variant,lower_friction,test_or_skip,False,,practicing,ambivert,73.1,63.4,True,False
u_00153,2025-12-24,2025-12,android,AE,control,baseline,mandatory_test,False,,practicing,ambivert,57.6,20.5,False,True
u_00154,2025-08-01,2025-08,android,ID,variant,lower_friction,self_select,True,ESTP,practicing,extrovert,24.3,44.5,True,True
u_00155,2025-05-18,2025-05,android,AE,control,baseline,mandatory_test,False,,devoted,ambivert,15.1,83.1,True,False
u_00156,2025-11-06,2025-11,android,ID,variant,lower_friction,test_or_skip,False,,practicing,ambivert,70.2,26.1,True,False
u_00157,2025-06-26,2025-06,ios,US,variant,lower_friction,self_select,True,ISFJ,spiritual,extrovert,61.8,95.8,False,False
u_00158,2025-06-17,2025-06,android,US,control,baseline,mandatory_test,False,,devoted,deep_extrovert,16.6,46.9,False,False
u_00159,2025-11-20,2025-11,android,US,control,baseline,mandatory_test,True,ESFJ,practicing,ambivert,53.5,60.0,False,False
u_00160,2025-06-22,2025-06,ios,AE,variant,lower_friction,test_or_skip,False,,devoted,deep_extrovert,18.8,67.5,True,True
u_00161,2025-02-21,2025-02,android,AU,control,baseline,mandatory_test,False,,cultural,deep_introvert,73.2,62.0,True,False
u_00162,2025-11-14,2025-11,ios,UK,control,baseline,mandatory_test,True,ISFJ,devoted,ambivert,17.7,67.6,True,False
u_00163,2025-07-31,2025-07,web,AU,variant,lower_friction,self_select,True,ISFJ,devoted,ambivert,58.6,80.7,True,True
u_00164,2025-12-25,2025-12,android,ID,variant,lower_friction,test_or_skip,False,,practicing,ambivert,11.0,73.5,True,False
u_00165,2025-05-01,2025-05,ios,US,control,baseline,mandatory_test,False,,spiritual,extrovert,42.2,46.1,True,True
u_00166,2025-09-19,2025-09,ios,AU,control,baseline,mandatory_test,False,,practicing,introvert,33.6,84.0,False,False
u_00167,2025-05-20,2025-05,android,ID,variant,lower_friction,self_select,True,ISFP,practicing,extrovert,63.2,25.5,True,True
u_00168,2025-01-05,2025-01,ios,CA,control,baseline,mandatory_test,True,ENTP,cultural,deep_introvert,42.9,45.1,False,False
u_00169,2025-04-08,2025-04,android,US,control,baseline,mandatory_test,False,,cultural,ambivert,74.3,26.0,True,True
u_00170,2025-12-15,2025-12,android,US,control,baseline,mandatory_test,False,,practicing,extrovert,47.3,59.8,True,True
u_00171,2025-09-11,2025-09,ios,UK,control,baseline,mandatory_test,False,,practicing,ambivert,30.3,53.4,True,True
u_00172,2025-07-20,2025-07,ios,MY,control,baseline,mandatory_test,False,,devoted,extrovert,36.0,42.0,False,False
u_00173,2025-07-10,2025-07,android,MY,control,baseline,mandatory_test,False,,devoted,introvert,50.4,95.5,False,False
u_00174,2025-05-25,2025-05,android,ID,control,baseline,mandatory_test,False,,spiritual,extrovert,43.2,53.0,True,False
u_00175,2025-05-30,2025-05,ios,US,control,baseline,mandatory_test,False,,deep_seeker,ambivert,84.5,34.0,False,False
u_00176,2025-06-26,2025-06,ios,CA,variant,lower_friction,test_or_skip,False,,devoted,extrovert,55.0,77.3,False,False
u_00177,2025-08-13,2025-08,ios,ID,variant,lower_friction,test_or_skip,False,,cultural,ambivert,21.5,26.6,False,False
u_00178,2025-02-26,2025-02,ios,US,variant,lower_friction,test_or_skip,False,,devoted,introvert,40.1,97.4,True,True
u_00179,2025-10-16,2025-10,ios,ID,variant,lower_friction,self_select,True,INFP,practicing,ambivert,48.5,54.6,True,True
u_00180,2025-04-20,2025-04,ios,US,control,baseline,mandatory_test,False,,practicing,introvert,48.6,61.0,True,True
u_00181,2025-04-12,2025-04,web,CA,control,baseline,mandatory_test,True,INFJ,practicing,ambivert,61.2,96.3,False,False
u_00182,2025-05-19,2025-05,ios,AE,control,baseline,mandatory_test,True,INFJ,devoted,ambivert,41.9,91.8,True,True
u_00183,2025-09-20,2025-09,android,AU,control,baseline,mandatory_test,True,ISTP,devoted,introvert,94.3,51.5,True,True
u_00184,2025-03-12,2025-03,ios,ID,control,baseline,mandatory_test,True,ENTJ,practicing,introvert,32.8,22.3,False,False
u_00185,2025-07-23,2025-07,android,ID,variant,lower_friction,self_select,True,INTP,spiritual,deep_extrovert,21.6,31.4,False,False
u_00186,2025-11-04,2025-11,ios,US,variant,lower_friction,test_or_skip,False,,practicing,extrovert,46.3,73.5,False,False
u_00187,2025-01-15,2025-01,android,UK,control,baseline,mandatory_test,False,,cultural,extrovert,65.7,34.2,True,False
u_00188,2025-05-31,2025-05,ios,ID,control,baseline,mandatory_test,True,ESFP,cultural,introvert,61.1,82.9,True,True
u_00189,2025-09-20,2025-09,ios,ID,variant,lower_friction,test_or_skip,False,,practicing,introvert,56.0,45.5,False,False
u_00190,2025-05-14,2025-05,android,US,variant,lower_friction,test_or_skip,False,,practicing,deep_introvert,39.1,98.8,False,True
u_00191,2025-01-21,2025-01,web,CA,variant,lower_friction,test_or_skip,False,,practicing,introvert,89.0,28.4,True,False
u_00192,2025-10-22,2025-10,ios,ID,control,baseline,mandatory_test,False,,practicing,extrovert,50.1,78.2,False,False
u_00193,2025-12-19,2025-12,android,MY,control,baseline,mandatory_test,False,,devoted,deep_extrovert,41.9,86.4,True,False
u_00194,2025-04-19,2025-04,web,CA,control,baseline,mandatory_test,True,INTP,practicing,introvert,20.1,83.4,True,False
u_00195,2025-02-09,2025-02,ios,AU,variant,lower_friction,self_select,True,ISTJ,practicing,deep_extrovert,23.0,70.1,True,True
u_00196,2025-07-21,2025-07,android,US,control,baseline,mandatory_test,False,,spiritual,introvert,29.3,62.9,True,True
u_00197,2025-05-22,2025-05,android,US,variant,lower_friction,self_select,True,INFP,practicing,deep_extrovert,29.9,43.4,True,False
u_00198,2025-08-13,2025-08,ios,CA,control,baseline,mandatory_test,False,,deep_seeker,deep_extrovert,53.4,92.3,True,False
u_00199,2025-09-18,2025-09,ios,AE,variant,lower_friction,self_select,True,ISFP,practicing,extrovert,68.5,54.6,False,False
u_00200,2025-03-11,2025-03,ios,UK,control,baseline,mandatory_test,True,ESFJ,practicing,introvert,85.9,46.5,True,True
u_00201,2025-09-05,2025-09,android,UK,control,baseline,mandatory_test,False,,practicing,ambivert,36.1,55.1,False,False
u_00202,2025-10-26,2025-10,android,AE,control,baseline,mandatory_test,True,ESTP,cultural,deep_introvert,35.7,62.2,True,False
u_00203,2025-04-12,2025-04,web,AE,variant,lower_friction,test_or_skip,False,,practicing,deep_introvert,40.8,65.5,False,False
u_00204,2025-07-13,2025-07,ios,SG,control,baseline,mandatory_test,False,,spiritual,extrovert,65.8,68.9,True,True
u_00205,2025-02-10,2025-02,ios,UK,control,baseline,mandatory_test,False,,deep_seeker,extrovert,41.4,43.4,True,True
u_00206,2025-10-29,2025-10,ios,UK,variant,lower_friction,self_select,True,ENTJ,practicing,deep_extrovert,75.1,48.3,True,False
u_00207,2025-03-27,2025-03,ios,US,control,baseline,mandatory_test,False,,cultural,ambivert,48.5,54.6,False,False
u_00208,2025-06-15,2025-06,ios,UK,control,baseline,mandatory_test,False,,spiritual,extrovert,60.3,55.4,False,False
u_00209,2025-12-14,2025-12,ios,MY,control,baseline,mandatory_test,False,,practicing,deep_introvert,54.6,58.1,True,True
u_00210,2025-04-30,2025-04,android,ID,control,baseline,mandatory_test,True,ESTJ,devoted,deep_introvert,53.8,17.0,True,True
u_00211,2025-04-26,2025-04,ios,MY,control,baseline,mandatory_test,True,ESTJ,devoted,ambivert,42.6,39.3,True,True
u_00212,2025-02-16,2025-02,ios,US,control,baseline,mandatory_test,False,,spiritual,extrovert,70.2,66.6,True,False
u_00213,2025-08-31,2025-08,android,CA,control,baseline,mandatory_test,False,,practicing,ambivert,69.7,39.8,True,True
u_00214,2025-12-11,2025-12,web,MY,variant,lower_friction,test_or_skip,False,,practicing,ambivert,40.3,62.4,True,False
u_00215,2025-05-07,2025-05,web,AE,variant,lower_friction,self_select,True,INFJ,practicing,extrovert,35.3,40.7,True,True
u_00216,2025-12-23,2025-12,ios,MY,variant,lower_friction,test_or_skip,False,,practicing,deep_introvert,22.5,82.4,True,True
u_00217,2025-05-19,2025-05,ios,AE,control,baseline,mandatory_test,False,,practicing,deep_introvert,44.7,3.5,False,False
u_00218,2025-09-12,2025-09,ios,UK,control,baseline,mandatory_test,False,,spiritual,deep_introvert,48.8,55.6,True,True
u_00219,2025-07-25,2025-07,ios,US,control,baseline,mandatory_test,False,,deep_seeker,introvert,44.9,48.8,False,False
u_00220,2025-11-26,2025-11,ios,CA,variant,lower_friction,self_select,True,ESFP,cultural,deep_extrovert,44.5,56.6,True,True
u_00221,2025-07-10,2025-07,ios,ID,variant,lower_friction,test_or_skip,False,,spiritual,introvert,42.4,48.9,True,False
u_00222,2025-01-30,2025-01,android,CA,control,baseline,mandatory_test,False,,devoted,ambivert,25.7,59.7,True,True
u_00223,2025-07-03,2025-07,ios,MY,control,baseline,mandatory_test,True,ENFP,practicing,extrovert,45.4,58.9,True,False
u_00224,2025-05-29,2025-05,ios,US,control,baseline,mandatory_test,False,,practicing,introvert,36.8,71.0,True,True
u_00225,2025-07-13,2025-07,android,AU,variant,lower_friction,self_select,True,ENTJ,practicing,deep_introvert,64.2,39.9,True,False
u_00226,2025-05-15,2025-05,android,ID,variant,lower_friction,test_or_skip,False,,practicing,extrovert,55.0,50.5,True,False
u_00227,2025-09-03,2025-09,ios,MY,control,baseline,mandatory_test,True,ENTP,spiritual,ambivert,56.7,23.2,True,True
u_00228,2025-07-17,2025-07,android,AE,variant,lower_friction,test_or_skip,False,,practicing,deep_extrovert,66.7,93.7,True,True
u_00229,2025-09-06,2025-09,android,US,variant,lower_friction,test_or_skip,False,,practicing,introvert,21.6,39.4,True,False
u_00230,2025-01-18,2025-01,ios,SG,variant,lower_friction,self_select,True,INTJ,practicing,extrovert,41.1,67.1,True,False
u_00231,2025-12-10,2025-12,ios,ID,variant,lower_friction,self_select,True,ISFP,devoted,introvert,60.7,62.4,True,True
u_00232,2025-01-01,2025-01,ios,UK,variant,lower_friction,self_select,True,ESFJ,practicing,ambivert,45.3,100.0,True,True
u_00233,2025-06-16,2025-06,ios,AE,variant,lower_friction,test_or_skip,False,,devoted,introvert,54.6,46.1,False,False
u_00234,2025-04-15,2025-04,android,AE,control,baseline,mandatory_test,True,INFJ,practicing,ambivert,53.3,59.5,True,True
u_00235,2025-02-04,2025-02,ios,SG,variant,lower_friction,test_or_skip,False,,practicing,ambivert,47.5,58.0,False,True
u_00236,2025-01-13,2025-01,android,US,control,baseline,mandatory_test,True,INFJ,practicing,ambivert,82.1,42.4,True,False
u_00237,2025-09-19,2025-09,ios,ID,control,baseline,mandatory_test,False,,spiritual,extrovert,36.5,54.5,True,True
u_00238,2025-03-26,2025-03,ios,ID,variant,lower_friction,test_or_skip,False,,cultural,deep_introvert,33.5,50.5,True,True
u_00239,2025-05-29,2025-05,ios,US,control,baseline,mandatory_test,False,,practicing,deep_introvert,60.6,92.2,True,False
u_00240,2025-11-15,2025-11,web,UK,control,baseline,mandatory_test,True,INFJ,practicing,introvert,58.5,85.3,False,False
u_00241,2025-07-05,2025-07,ios,AE,control,baseline,mandatory_test,True,INFJ,practicing,extrovert,9.2,65.1,True,True
u_00242,2025-08-15,2025-08,ios,US,variant,lower_friction,self_select,True,ESFJ,practicing,extrovert,69.7,42.1,True,True
u_00243,2025-01-14,2025-01,android,UK,control,baseline,mandatory_test,False,,practicing,deep_extrovert,21.6,39.6,False,False
u_00244,2025-05-15,2025-05,android,AE,control,baseline,mandatory_test,False,,devoted,deep_introvert,67.0,66.5,True,False
u_00245,2025-06-25,2025-06,android,UK,control,baseline,mandatory_test,False,,practicing,extrovert,37.4,36.9,True,False
u_00246,2025-06-01,2025-06,ios,US,control,baseline,mandatory_test,False,,practicing,deep_introvert,52.3,70.8,True,True
u_00247,2025-01-06,2025-01,android,CA,variant,lower_friction,self_select,True,ENTP,practicing,deep_extrovert,21.8,72.4,True,True
u_00248,2025-07-03,2025-07,web,US,control,baseline,mandatory_test,True,ENTP,deep_seeker,ambivert,76.2,50.6,True,True
u_00249,2025-09-01,2025-09,ios,US,control,baseline,mandatory_test,True,ENTJ,practicing,extrovert,29.9,42.1,False,False
u_00250,2025-11-04,2025-11,android,AU,control,baseline,mandatory_test,True,ISTP,spiritual,introvert,60.6,35.4,False,False
u_00251,2025-12-02,2025-12,ios,ID,control,baseline,mandatory_test,True,ESTP,practicing,introvert,54.1,50.3,True,False
u_00252,2025-06-06,2025-06,ios,AE,control,baseline,mandatory_test,True,ESTJ,devoted,ambivert,68.2,20.7,True,False
u_00253,2025-06-09,2025-06,web,MY,variant,lower_friction,test_or_skip,False,,practicing,deep_introvert,48.1,37.2,True,False
u_00254,2025-11-30,2025-11,ios,SG,control,baseline,mandatory_test,False,,spiritual,extrovert,39.6,50.0,True,True
u_00255,2025-05-13,2025-05,android,US,variant,lower_friction,test_or_skip,False,,devoted,deep_extrovert,57.4,55.2,False,False
u_00256,2025-03-26,2025-03,ios,MY,control,baseline,mandatory_test,True,ESTP,devoted,introvert,67.7,28.3,True,False
u_00257,2025-02-05,2025-02,ios,ID,variant,lower_friction,self_select,True,ENTP,devoted,deep_introvert,80.1,47.5,True,True
u_00258,2025-12-16,2025-12,android,SG,variant,lower_friction,test_or_skip,False,,spiritual,ambivert,69.3,56.4,True,True
u_00259,2025-06-11,2025-06,ios,US,control,baseline,mandatory_test,False,,cultural,ambivert,38.7,90.6,False,False
u_00260,2025-10-14,2025-10,android,SG,control,baseline,mandatory_test,False,,practicing,deep_extrovert,66.0,21.9,True,True
u_00261,2025-06-22,2025-06,android,US,variant,lower_friction,self_select,True,ENFJ,practicing,introvert,55.5,96.4,True,True
u_00262,2025-12-15,2025-12,android,ID,variant,lower_friction,self_select,True,INTJ,practicing,ambivert,47.7,65.0,True,False
u_00263,2025-09-21,2025-09,ios,UK,variant,lower_friction,self_select,True,INTJ,practicing,introvert,54.2,85.4,True,True
u_00264,2025-02-12,2025-02,ios,CA,variant,lower_friction,self_select,True,ISTJ,practicing,ambivert,82.6,61.6,True,False
u_00265,2025-01-18,2025-01,android,MY,control,baseline,mandatory_test,False,,practicing,extrovert,66.3,28.4,True,False
u_00266,2025-11-06,2025-11,android,AU,variant,lower_friction,test_or_skip,False,,practicing,extrovert,38.2,12.9,True,True
u_00267,2025-09-20,2025-09,android,MY,control,baseline,mandatory_test,True,INFJ,practicing,ambivert,33.8,57.8,True,False
u_00268,2025-03-23,2025-03,ios,UK,control,baseline,mandatory_test,False,,spiritual,ambivert,72.5,56.6,False,False
u_00269,2025-01-25,2025-01,ios,UK,control,baseline,mandatory_test,False,,practicing,deep_introvert,73.6,33.2,False,False
u_00270,2025-08-30,2025-08,ios,US,variant,lower_friction,test_or_skip,False,,cultural,ambivert,45.9,55.3,True,True
u_00271,2025-11-13,2025-11,android,AE,variant,lower_friction,test_or_skip,False,,cultural,ambivert,60.6,100.0,False,False
u_00272,2025-05-30,2025-05,ios,MY,variant,lower_friction,test_or_skip,False,,deep_seeker,deep_extrovert,66.6,63.8,True,False
u_00273,2025-01-25,2025-01,android,MY,variant,lower_friction,test_or_skip,False,,devoted,introvert,87.2,90.6,False,False
u_00274,2025-12-16,2025-12,ios,US,variant,lower_friction,self_select,True,INFP,practicing,deep_extrovert,42.5,54.6,True,True
u_00275,2025-10-20,2025-10,ios,AE,variant,lower_friction,test_or_skip,False,,practicing,ambivert,36.8,54.9,False,False
u_00276,2025-05-25,2025-05,web,UK,control,baseline,mandatory_test,False,,cultural,deep_introvert,32.3,83.4,False,False
u_00277,2025-04-02,2025-04,ios,MY,control,baseline,mandatory_test,True,ENFJ,practicing,ambivert,60.5,67.0,True,True
u_00278,2025-09-02,2025-09,android,US,control,baseline,mandatory_test,False,,practicing,ambivert,26.0,45.0,True,False
u_00279,2025-01-27,2025-01,ios,AU,control,baseline,mandatory_test,False,,devoted,deep_extrovert,80.5,78.9,True,False
u_00280,2025-10-13,2025-10,web,AU,control,baseline,mandatory_test,True,INFJ,spiritual,introvert,24.8,52.6,False,False
u_00281,2025-01-13,2025-01,android,SG,variant,lower_friction,test_or_skip,False,,practicing,ambivert,80.2,83.8,False,False
u_00282,2025-09-11,2025-09,ios,CA,control,baseline,mandatory_test,False,,practicing,extrovert,42.2,49.1,True,True
u_00283,2025-12-17,2025-12,android,US,variant,lower_friction,test_or_skip,False,,spiritual,ambivert,22.5,98.1,False,False
u_00284,2025-06-01,2025-06,ios,UK,variant,lower_friction,test_or_skip,False,,spiritual,ambivert,69.3,41.4,False,False
u_00285,2025-02-08,2025-02,android,AU,variant,lower_friction,self_select,True,ISFJ,practicing,deep_introvert,91.2,37.9,True,False
u_00286,2025-02-28,2025-02,ios,SG,variant,lower_friction,test_or_skip,False,,spiritual,extrovert,16.4,65.5,True,True
u_00287,2025-11-25,2025-11,android,CA,variant,lower_friction,self_select,True,ESTJ,cultural,ambivert,96.8,62.9,True,False
u_00288,2025-02-10,2025-02,android,US,control,baseline,mandatory_test,True,INFJ,devoted,ambivert,57.2,48.6,True,True
u_00289,2025-07-23,2025-07,ios,SG,variant,lower_friction,test_or_skip,False,,devoted,ambivert,59.9,21.6,True,True
u_00290,2025-03-24,2025-03,android,AU,control,baseline,mandatory_test,False,,practicing,extrovert,30.3,61.0,True,True
u_00291,2025-10-17,2025-10,ios,ID,variant,lower_friction,self_select,True,ISFP,practicing,introvert,6.0,47.6,False,False
u_00292,2025-08-26,2025-08,android,ID,control,baseline,mandatory_test,True,INTP,devoted,deep_introvert,25.0,100.0,True,True
u_00293,2025-08-02,2025-08,ios,AU,variant,lower_friction,test_or_skip,False,,practicing,ambivert,49.7,24.9,True,True
u_00294,2025-09-27,2025-09,android,ID,control,baseline,mandatory_test,True,INFJ,devoted,introvert,35.3,29.4,True,True
u_00295,2025-02-26,2025-02,ios,SG,control,baseline,mandatory_test,True,ESFP,practicing,extrovert,50.6,81.0,True,False
u_00296,2025-06-03,2025-06,ios,ID,control,baseline,mandatory_test,True,ENFJ,practicing,ambivert,44.7,28.6,True,True
u_00297,2025-01-22,2025-01,android,UK,variant,lower_friction,test_or_skip,False,,practicing,extrovert,70.2,48.1,True,False
u_00298,2025-06-27,2025-06,ios,ID,control,baseline,mandatory_test,True,ISTJ,spiritual,extrovert,47.1,22.8,False,False
u_00299,2025-10-23,2025-10,ios,AE,variant,lower_friction,test_or_skip,False,,practicing,introvert,67.7,38.3,True,True
u_00300,2025-05-12,2025-05,ios,UK,variant,lower_friction,test_or_skip,False,,deep_seeker,deep_extrovert,55.2,67.7,False,False
u_00301,2025-10-17,2025-10,android,UK,control,baseline,mandatory_test,True,ISTJ,spiritual,deep_extrovert,45.9,81.7,False,False
u_00302,2025-01-10,2025-01,android,CA,control,baseline,mandatory_test,True,ESTJ,spiritual,ambivert,50.9,93.6,False,True
u_00303,2025-09-20,2025-09,android,CA,control,baseline,mandatory_test,True,ESTJ,cultural,extrovert,16.7,41.4,True,True
u_00304,2025-12-01,2025-12,ios,AE,variant,lower_friction,test_or_skip,False,,practicing,ambivert,44.2,38.1,True,True
u_00305,2025-06-06,2025-06,web,ID,variant,lower_friction,self_select,True,ESFP,practicing,deep_introvert,61.3,58.0,True,True
u_00306,2025-07-07,2025-07,ios,SG,control,baseline,mandatory_test,False,,devoted,deep_extrovert,62.0,35.0,True,True
u_00307,2025-06-03,2025-06,ios,UK,variant,lower_friction,test_or_skip,False,,practicing,deep_introvert,54.5,66.2,True,False
u_00308,2025-03-13,2025-03,android,AU,variant,lower_friction,test_or_skip,False,,spiritual,extrovert,54.9,56.8,False,False
u_00309,2025-12-07,2025-12,web,US,variant,lower_friction,test_or_skip,False,,devoted,ambivert,64.6,53.5,False,False
u_00310,2025-01-07,2025-01,android,CA,control,baseline,mandatory_test,True,ENFJ,practicing,ambivert,34.2,91.3,True,False
u_00311,2025-10-18,2025-10,ios,MY,control,baseline,mandatory_test,True,ESFP,practicing,introvert,64.4,37.5,False,False
u_00312,2025-09-11,2025-09,android,AE,variant,lower_friction,test_or_skip,False,,practicing,extrovert,95.0,51.9,True,False
u_00313,2025-01-05,2025-01,ios,MY,control,baseline,mandatory_test,False,,practicing,deep_extrovert,1.7,32.0,True,False
u_00314,2025-06-07,2025-06,android,AU,variant,lower_friction,self_select,True,ESFP,devoted,introvert,78.7,78.0,True,True
u_00315,2025-10-16,2025-10,android,CA,control,baseline,mandatory_test,True,INTP,practicing,ambivert,75.5,53.2,True,False
u_00316,2025-03-13,2025-03,android,CA,control,baseline,mandatory_test,False,,spiritual,extrovert,49.4,48.6,True,False
u_00317,2025-08-24,2025-08,android,UK,variant,lower_friction,test_or_skip,False,,devoted,deep_extrovert,51.2,35.1,True,True
u_00318,2025-09-10,2025-09,web,UK,control,baseline,mandatory_test,False,,devoted,ambivert,24.2,43.5,True,True
u_00319,2025-11-02,2025-11,android,ID,variant,lower_friction,test_or_skip,False,,practicing,extrovert,81.5,66.7,True,True
u_00320,2025-07-23,2025-07,web,AE,variant,lower_friction,test_or_skip,False,,practicing,ambivert,54.1,33.9,False,False
u_00321,2025-04-05,2025-04,ios,ID,control,baseline,mandatory_test,False,,spiritual,ambivert,40.1,55.2,True,True
u_00322,2025-05-07,2025-05,ios,UK,variant,lower_friction,test_or_skip,False,,devoted,introvert,70.1,41.3,True,True
u_00323,2025-07-10,2025-07,ios,SG,control,baseline,mandatory_test,False,,spiritual,introvert,39.3,44.0,True,False
u_00324,2025-06-11,2025-06,ios,US,control,baseline,mandatory_test,False,,deep_seeker,extrovert,54.0,36.4,True,True
u_00325,2025-06-26,2025-06,android,AE,control,baseline,mandatory_test,True,ESFP,practicing,ambivert,42.5,65.0,True,True
u_00326,2025-08-15,2025-08,android,US,control,baseline,mandatory_test,True,INFJ,cultural,deep_introvert,84.3,51.7,True,False
u_00327,2025-03-03,2025-03,ios,MY,variant,lower_friction,test_or_skip,False,,practicing,deep_extrovert,41.9,72.2,False,False
u_00328,2025-09-28,2025-09,web,ID,control,baseline,mandatory_test,False,,devoted,deep_introvert,76.1,71.6,True,False
u_00329,2025-04-18,2025-04,android,MY,variant,lower_friction,test_or_skip,False,,practicing,extrovert,43.6,35.2,False,True
u_00330,2025-10-18,2025-10,android,US,variant,lower_friction,test_or_skip,False,,spiritual,ambivert,66.8,38.1,True,False
u_00331,2025-01-19,2025-01,android,AU,control,baseline,mandatory_test,False,,cultural,introvert,57.2,59.8,True,True
u_00332,2025-02-04,2025-02,android,MY,variant,lower_friction,self_select,True,ENTJ,devoted,deep_introvert,23.0,65.2,True,True
u_00333,2025-03-30,2025-03,android,CA,variant,lower_friction,test_or_skip,False,,practicing,ambivert,34.4,29.2,False,False
u_00334,2025-10-19,2025-10,android,US,variant,lower_friction,self_select,True,INTJ,practicing,ambivert,62.7,50.7,True,False
u_00335,2025-05-08,2025-05,android,AU,control,baseline,mandatory_test,True,ESFP,deep_seeker,ambivert,53.2,92.2,True,True
u_00336,2025-05-10,2025-05,ios,UK,variant,lower_friction,self_select,True,INFP,deep_seeker,extrovert,47.7,58.8,True,True
u_00337,2025-08-01,2025-08,android,ID,control,baseline,mandatory_test,True,INFP,devoted,ambivert,33.6,39.5,False,False
u_00338,2025-08-25,2025-08,ios,US,control,baseline,mandatory_test,False,,cultural,ambivert,45.1,54.7,True,True
u_00339,2025-07-03,2025-07,android,AE,control,baseline,mandatory_test,True,ISTP,practicing,extrovert,87.1,81.3,True,False
u_00340,2025-09-05,2025-09,ios,ID,control,baseline,mandatory_test,True,ENTP,cultural,ambivert,46.5,61.7,True,True
u_00341,2025-09-29,2025-09,android,AE,variant,lower_friction,self_select,True,ISFJ,practicing,ambivert,48.4,59.9,True,True
u_00342,2025-10-27,2025-10,web,AE,control,baseline,mandatory_test,False,,practicing,ambivert,47.5,48.5,True,False
u_00343,2025-01-20,2025-01,android,AU,control,baseline,mandatory_test,False,,spiritual,deep_introvert,38.4,86.6,False,False
u_00344,2025-02-06,2025-02,ios,AU,variant,lower_friction,test_or_skip,False,,practicing,extrovert,58.6,61.8,False,False
u_00345,2025-04-26,2025-04,ios,UK,control,baseline,mandatory_test,True,ISTJ,practicing,ambivert,65.5,62.2,True,False
u_00346,2025-08-09,2025-08,android,MY,control,baseline,mandatory_test,True,ESTP,practicing,extrovert,67.6,80.6,True,True
u_00347,2025-04-15,2025-04,android,US,variant,lower_friction,self_select,True,ISTP,cultural,introvert,49.0,77.3,True,True
u_00348,2025-07-07,2025-07,web,MY,variant,lower_friction,test_or_skip,False,,practicing,introvert,58.1,42.0,True,True
u_00349,2025-02-07,2025-02,ios,UK,control,baseline,mandatory_test,False,,practicing,extrovert,41.0,73.5,False,False
u_00350,2025-03-31,2025-03,ios,US,variant,lower_friction,self_select,True,ESTP,devoted,ambivert,36.6,84.9,False,True
u_00351,2025-04-02,2025-04,ios,US,control,baseline,mandatory_test,False,,cultural,ambivert,55.3,54.8,False,False
u_00352,2025-06-14,2025-06,ios,AE,control,baseline,mandatory_test,True,ENFJ,cultural,introvert,40.8,67.9,True,True
u_00353,2025-08-08,2025-08,android,MY,variant,lower_friction,self_select,True,ENFJ,spiritual,ambivert,63.2,86.8,True,True
u_00354,2025-12-27,2025-12,android,CA,variant,lower_friction,test_or_skip,False,,spiritual,extrovert,36.8,75.5,True,False
u_00355,2025-01-09,2025-01,ios,UK,control,baseline,mandatory_test,True,ISTJ,practicing,extrovert,46.7,79.4,True,True
u_00356,2025-10-21,2025-10,android,US,control,baseline,mandatory_test,True,INFJ,practicing,ambivert,58.7,80.6,True,False
u_00357,2025-09-22,2025-09,android,AU,control,baseline,mandatory_test,True,ENFP,practicing,introvert,45.4,64.4,True,False
u_00358,2025-06-21,2025-06,ios,AE,control,baseline,mandatory_test,False,,practicing,introvert,32.5,62.6,False,False
u_00359,2025-01-27,2025-01,android,UK,control,baseline,mandatory_test,False,,spiritual,extrovert,43.4,0.0,True,True
u_00360,2025-06-29,2025-06,web,SG,control,baseline,mandatory_test,False,,practicing,introvert,79.6,76.0,True,True
u_00361,2025-05-18,2025-05,android,AE,variant,lower_friction,self_select,True,INTP,practicing,deep_extrovert,63.6,67.0,True,True
u_00362,2025-12-23,2025-12,ios,MY,control,baseline,mandatory_test,True,ISTJ,cultural,introvert,76.9,70.0,True,True
u_00363,2025-01-04,2025-01,android,MY,variant,lower_friction,self_select,True,ENTJ,devoted,deep_extrovert,29.9,54.2,True,False
u_00364,2025-01-23,2025-01,android,AE,variant,lower_friction,test_or_skip,False,,practicing,deep_introvert,60.7,87.9,True,True
u_00365,2025-04-20,2025-04,ios,CA,control,baseline,mandatory_test,False,,cultural,introvert,58.5,64.5,False,False
u_00366,2025-04-01,2025-04,ios,UK,control,baseline,mandatory_test,True,ESFP,cultural,introvert,18.2,32.4,True,False
u_00367,2025-01-23,2025-01,android,MY,control,baseline,mandatory_test,False,,cultural,introvert,43.2,89.4,False,False
u_00368,2025-06-09,2025-06,web,CA,variant,lower_friction,test_or_skip,False,,practicing,introvert,72.3,80.7,True,False
u_00369,2025-07-11,2025-07,android,UK,variant,lower_friction,test_or_skip,False,,devoted,introvert,51.6,44.8,True,True
u_00370,2025-08-13,2025-08,android,US,control,baseline,mandatory_test,True,INFJ,spiritual,deep_extrovert,27.8,64.1,True,False
u_00371,2025-08-07,2025-08,ios,CA,variant,lower_friction,test_or_skip,False,,spiritual,introvert,50.7,100.0,True,True
u_00372,2025-10-30,2025-10,ios,SG,control,baseline,mandatory_test,True,ISTP,devoted,deep_introvert,33.7,65.6,True,False
u_00373,2025-11-08,2025-11,ios,ID,variant,lower_friction,self_select,True,ISFJ,practicing,deep_extrovert,57.3,76.8,True,False
u_00374,2025-05-26,2025-05,ios,CA,control,baseline,mandatory_test,False,,spiritual,ambivert,29.7,10.2,False,False
u_00375,2025-05-13,2025-05,android,UK,control,baseline,mandatory_test,False,,spiritual,introvert,27.8,42.6,False,False
u_00376,2025-10-29,2025-10,android,AE,variant,lower_friction,self_select,True,ESTJ,practicing,extrovert,32.5,58.5,True,False
u_00377,2025-11-28,2025-11,android,ID,control,baseline,mandatory_test,True,ISFP,practicing,ambivert,41.9,54.6,True,True
u_00378,2025-08-16,2025-08,web,UK,variant,lower_friction,test_or_skip,False,,spiritual,ambivert,65.7,56.3,True,True
u_00379,2025-12-20,2025-12,android,CA,variant,lower_friction,test_or_skip,False,,cultural,ambivert,30.0,68.1,False,False
u_00380,2025-11-05,2025-11,ios,US,control,baseline,mandatory_test,True,ESTJ,cultural,ambivert,64.0,68.6,True,False
u_00381,2025-08-21,2025-08,ios,UK,control,baseline,mandatory_test,False,,practicing,deep_introvert,47.2,77.8,True,False
u_00382,2025-02-28,2025-02,android,MY,control,baseline,mandatory_test,True,INFP,devoted,ambivert,36.4,87.7,True,True
u_00383,2025-08-11,2025-08,ios,US,variant,lower_friction,self_select,True,ENTP,spiritual,ambivert,44.9,33.6,True,True
u_00384,2025-04-04,2025-04,ios,US,variant,lower_friction,test_or_skip,False,,practicing,ambivert,63.4,58.8,False,False
u_00385,2025-06-12,2025-06,ios,US,variant,lower_friction,test_or_skip,False,,deep_seeker,deep_extrovert,44.0,61.2,True,False
u_00386,2025-04-07,2025-04,ios,ID,control,baseline,mandatory_test,False,,practicing,ambivert,79.5,76.3,False,False
u_00387,2025-10-15,2025-10,ios,US,variant,lower_friction,self_select,True,INTJ,devoted,introvert,58.6,92.5,True,True
u_00388,2025-07-25,2025-07,android,AU,variant,lower_friction,test_or_skip,False,,practicing,deep_extrovert,10.9,41.4,False,False
u_00389,2025-01-20,2025-01,ios,CA,control,baseline,mandatory_test,True,ENFP,practicing,deep_extrovert,60.6,65.5,True,True
u_00390,2025-01-14,2025-01,android,AE,control,baseline,mandatory_test,False,,practicing,extrovert,84.5,75.4,True,True
u_00391,2025-05-17,2025-05,android,ID,variant,lower_friction,test_or_skip,False,,deep_seeker,ambivert,52.4,26.9,True,False
u_00392,2025-11-21,2025-11,android,ID,variant,lower_friction,self_select,True,INTJ,practicing,ambivert,38.8,22.3,True,True
u_00393,2025-10-18,2025-10,ios,AU,control,baseline,mandatory_test,True,ESFJ,spiritual,introvert,27.8,79.3,False,False
u_00394,2025-05-16,2025-05,web,US,control,baseline,mandatory_test,False,,cultural,ambivert,50.2,42.9,True,True
u_00395,2025-03-09,2025-03,android,UK,control,baseline,mandatory_test,True,ISTP,spiritual,ambivert,47.7,35.4,True,True
u_00396,2025-11-03,2025-11,android,MY,variant,lower_friction,self_select,True,INTP,devoted,ambivert,30.5,91.6,True,True
u_00397,2025-11-02,2025-11,ios,CA,control,baseline,mandatory_test,True,ESTP,devoted,ambivert,41.1,48.0,True,True
u_00398,2025-08-09,2025-08,ios,US,control,baseline,mandatory_test,True,ISTP,deep_seeker,ambivert,45.2,82.2,False,False
u_00399,2025-04-06,2025-04,android,ID,variant,lower_friction,test_or_skip,False,,practicing,deep_extrovert,50.3,57.3,True,True
u_00400,2025-07-28,2025-07,ios,CA,control,baseline,mandatory_test,False,,practicing,ambivert,54.7,43.1,False,False
u_00401,2025-05-03,2025-05,android,ID,variant,lower_friction,test_or_skip,False,,practicing,ambivert,52.2,88.5,True,False
u_00402,2025-05-06,2025-05,ios,UK,variant,lower_friction,self_select,True,ENTJ,practicing,ambivert,31.0,65.8,False,False
u_00403,2025-07-20,2025-07,android,CA,control,baseline,mandatory_test,False,,deep_seeker,extrovert,67.2,36.6,False,False
u_00404,2025-05-10,2025-05,android,ID,control,baseline,mandatory_test,False,,practicing,ambivert,52.4,44.0,False,False
u_00405,2025-08-28,2025-08,ios,ID,control,baseline,mandatory_test,True,ENFP,practicing,introvert,26.8,42.2,False,False
u_00406,2025-11-12,2025-11,android,AU,variant,lower_friction,test_or_skip,False,,spiritual,introvert,56.4,86.4,True,False
u_00407,2025-06-21,2025-06,ios,CA,variant,lower_friction,self_select,True,ENTJ,devoted,introvert,71.1,91.6,True,True
u_00408,2025-10-21,2025-10,ios,US,variant,lower_friction,test_or_skip,False,,spiritual,ambivert,43.9,87.6,True,True
u_00409,2025-10-06,2025-10,ios,ID,variant,lower_friction,test_or_skip,False,,cultural,extrovert,42.6,89.4,True,True
u_00410,2025-08-17,2025-08,android,AU,variant,lower_friction,self_select,True,ISFP,practicing,extrovert,37.3,50.8,False,False
u_00411,2025-04-21,2025-04,ios,ID,variant,lower_friction,self_select,True,ENFJ,cultural,deep_introvert,50.2,51.2,False,False
u_00412,2025-06-26,2025-06,web,MY,variant,lower_friction,self_select,True,ISFJ,devoted,extrovert,56.7,61.2,True,True
u_00413,2025-04-07,2025-04,web,MY,control,baseline,mandatory_test,False,,cultural,introvert,56.3,43.3,True,True
u_00414,2025-06-19,2025-06,android,CA,control,baseline,mandatory_test,False,,spiritual,introvert,68.7,35.0,True,True
u_00415,2025-04-05,2025-04,ios,AU,control,baseline,mandatory_test,True,ENFJ,deep_seeker,extrovert,46.7,43.4,True,False
u_00416,2025-06-06,2025-06,ios,MY,variant,lower_friction,self_select,True,ENTJ,practicing,ambivert,62.6,40.1,True,True
u_00417,2025-11-29,2025-11,ios,AE,control,baseline,mandatory_test,False,,practicing,ambivert,25.4,63.2,False,False
u_00418,2025-05-20,2025-05,ios,UK,control,baseline,mandatory_test,False,,practicing,extrovert,57.4,44.3,False,False
u_00419,2025-08-26,2025-08,web,US,variant,lower_friction,test_or_skip,False,,deep_seeker,ambivert,62.5,62.7,True,True
u_00420,2025-11-13,2025-11,ios,SG,variant,lower_friction,test_or_skip,False,,spiritual,extrovert,45.1,60.7,True,False
u_00421,2025-08-15,2025-08,ios,UK,variant,lower_friction,self_select,True,ESFP,devoted,introvert,38.0,48.1,True,True
u_00422,2025-06-25,2025-06,ios,MY,variant,lower_friction,test_or_skip,False,,practicing,extrovert,49.4,80.7,False,False
u_00423,2025-07-23,2025-07,android,CA,control,baseline,mandatory_test,True,ENTP,cultural,ambivert,42.3,78.8,False,False
u_00424,2025-05-31,2025-05,android,MY,control,baseline,mandatory_test,False,,practicing,ambivert,59.4,0.0,False,False
u_00425,2025-10-16,2025-10,ios,MY,control,baseline,mandatory_test,False,,spiritual,introvert,36.4,67.8,True,True
u_00426,2025-02-06,2025-02,ios,AU,variant,lower_friction,self_select,True,ENTP,devoted,ambivert,0.0,45.8,True,True
u_00427,2025-10-10,2025-10,ios,CA,variant,lower_friction,test_or_skip,False,,cultural,ambivert,36.7,94.3,False,False
u_00428,2025-07-02,2025-07,ios,SG,control,baseline,mandatory_test,True,ESFP,practicing,introvert,55.7,100.0,False,False
u_00429,2025-03-03,2025-03,android,ID,control,baseline,mandatory_test,False,,devoted,introvert,66.1,63.6,True,True
u_00430,2025-02-04,2025-02,ios,ID,variant,lower_friction,test_or_skip,False,,devoted,extrovert,40.8,78.3,False,False
u_00431,2025-12-30,2025-12,ios,SG,variant,lower_friction,test_or_skip,False,,devoted,introvert,25.6,66.5,True,True
u_00432,2025-05-09,2025-05,android,AE,variant,lower_friction,test_or_skip,False,,deep_seeker,ambivert,23.1,88.9,True,True
u_00433,2025-05-18,2025-05,android,MY,variant,lower_friction,self_select,True,ISTJ,devoted,ambivert,55.2,42.3,True,True
u_00434,2025-12-24,2025-12,ios,AE,control,baseline,mandatory_test,False,,practicing,ambivert,40.3,66.3,True,False
u_00435,2025-05-23,2025-05,android,US,variant,lower_friction,test_or_skip,False,,practicing,ambivert,61.9,53.4,True,True
u_00436,2025-06-03,2025-06,ios,MY,variant,lower_friction,test_or_skip,False,,devoted,introvert,41.9,61.6,True,True
u_00437,2025-04-25,2025-04,android,ID,variant,lower_friction,test_or_skip,False,,cultural,deep_extrovert,72.9,18.7,False,False
u_00438,2025-07-30,2025-07,android,MY,control,baseline,mandatory_test,False,,spiritual,ambivert,52.0,28.3,False,False
u_00439,2025-06-04,2025-06,ios,ID,variant,lower_friction,test_or_skip,False,,practicing,extrovert,63.4,73.4,False,False
u_00440,2025-05-14,2025-05,android,US,control,baseline,mandatory_test,True,INTJ,devoted,extrovert,44.2,54.9,True,True
u_00441,2025-09-13,2025-09,android,UK,variant,lower_friction,self_select,True,ESTJ,cultural,deep_extrovert,48.8,37.7,True,True
u_00442,2025-01-25,2025-01,android,UK,control,baseline,mandatory_test,False,,spiritual,ambivert,46.3,35.9,False,False
u_00443,2025-09-13,2025-09,ios,US,variant,lower_friction,test_or_skip,False,,practicing,ambivert,31.3,41.7,False,False
u_00444,2025-08-13,2025-08,ios,CA,variant,lower_friction,test_or_skip,False,,devoted,deep_extrovert,22.7,50.6,True,False
u_00445,2025-02-04,2025-02,ios,ID,variant,lower_friction,test_or_skip,False,,practicing,deep_introvert,17.9,95.4,False,False
u_00446,2025-05-15,2025-05,android,AE,control,baseline,mandatory_test,False,,spiritual,deep_introvert,62.7,78.0,True,True
u_00447,2025-02-09,2025-02,ios,UK,control,baseline,mandatory_test,False,,devoted,introvert,62.6,65.6,False,False
u_00448,2025-10-17,2025-10,android,CA,variant,lower_friction,self_select,True,INTP,spiritual,introvert,40.0,43.8,True,True
u_00449,2025-01-05,2025-01,android,MY,control,baseline,mandatory_test,True,ENFJ,devoted,introvert,56.2,62.6,False,False
u_00450,2025-12-21,2025-12,android,ID,control,baseline,mandatory_test,False,,devoted,introvert,25.6,100.0,True,False
u_00451,2025-11-22,2025-11,android,MY,variant,lower_friction,self_select,True,ISTJ,practicing,ambivert,52.9,79.1,True,True
u_00452,2025-02-07,2025-02,android,SG,control,baseline,mandatory_test,False,,cultural,extrovert,49.3,54.3,False,False
u_00453,2025-08-22,2025-08,ios,US,control,baseline,mandatory_test,True,ISTP,practicing,extrovert,43.4,41.2,True,True
u_00454,2025-12-18,2025-12,android,AE,variant,lower_friction,self_select,True,INTJ,devoted,introvert,52.8,48.5,True,True
u_00455,2025-12-11,2025-12,ios,MY,control,baseline,mandatory_test,True,ESFJ,practicing,introvert,59.2,71.9,False,False
u_00456,2025-04-14,2025-04,ios,US,control,baseline,mandatory_test,True,ESTP,spiritual,ambivert,67.7,95.7,True,True
u_00457,2025-05-13,2025-05,android,AE,variant,lower_friction,self_select,True,INTJ,practicing,deep_introvert,78.6,42.9,True,True
u_00458,2025-11-18,2025-11,ios,AE,variant,lower_friction,self_select,True,ESTP,spiritual,extrovert,41.4,48.1,True,False
u_00459,2025-07-13,2025-07,android,MY,control,baseline,mandatory_test,False,,practicing,ambivert,36.7,41.4,True,True
u_00460,2025-06-22,2025-06,ios,US,control,baseline,mandatory_test,True,ENTP,cultural,introvert,40.0,42.2,True,False
u_00461,2025-06-04,2025-06,ios,ID,control,baseline,mandatory_test,True,INTP,devoted,ambivert,61.8,92.3,True,False
u_00462,2025-11-24,2025-11,android,US,variant,lower_friction,test_or_skip,False,,devoted,extrovert,24.9,48.6,False,False
u_00463,2025-12-28,2025-12,ios,AU,control,baseline,mandatory_test,True,ISTJ,deep_seeker,ambivert,61.1,58.6,True,True
u_00464,2025-04-14,2025-04,android,CA,control,baseline,mandatory_test,False,,practicing,ambivert,42.1,49.0,True,True
u_00465,2025-12-03,2025-12,android,SG,variant,lower_friction,test_or_skip,False,,practicing,deep_introvert,52.4,64.0,False,False
u_00466,2025-12-10,2025-12,android,MY,control,baseline,mandatory_test,False,,practicing,extrovert,34.8,70.2,False,False
u_00467,2025-03-17,2025-03,android,AE,control,baseline,mandatory_test,False,,practicing,ambivert,84.6,30.3,False,False
u_00468,2025-11-10,2025-11,android,MY,variant,lower_friction,self_select,True,INTJ,devoted,ambivert,37.1,97.2,True,False
u_00469,2025-02-25,2025-02,ios,ID,variant,lower_friction,self_select,True,ISFJ,cultural,extrovert,58.7,52.2,True,False
u_00470,2025-02-17,2025-02,android,ID,control,baseline,mandatory_test,False,,spiritual,ambivert,42.1,52.1,True,True
u_00471,2025-10-07,2025-10,web,UK,variant,lower_friction,self_select,True,ESFJ,spiritual,extrovert,56.7,77.4,True,False
u_00472,2025-10-27,2025-10,android,MY,variant,lower_friction,test_or_skip,False,,devoted,ambivert,67.0,61.6,True,False
u_00473,2025-05-13,2025-05,android,UK,control,baseline,mandatory_test,False,,spiritual,extrovert,55.0,54.7,False,False
u_00474,2025-03-23,2025-03,android,AU,variant,lower_friction,test_or_skip,False,,cultural,extrovert,59.1,31.4,True,False
u_00475,2025-10-28,2025-10,android,MY,variant,lower_friction,self_select,True,ISTJ,spiritual,introvert,47.7,39.4,True,True
u_00476,2025-05-29,2025-05,ios,US,control,baseline,mandatory_test,False,,devoted,ambivert,56.7,97.1,False,False
u_00477,2025-03-20,2025-03,ios,AU,control,baseline,mandatory_test,True,ESFP,practicing,ambivert,32.7,72.1,True,True
u_00478,2025-06-15,2025-06,android,AE,control,baseline,mandatory_test,True,INTJ,cultural,extrovert,71.5,77.1,True,True
u_00479,2025-10-16,2025-10,android,AU,variant,lower_friction,self_select,True,ENTP,deep_seeker,extrovert,71.2,43.3,True,True
u_00480,2025-09-12,2025-09,ios,ID,control,baseline,mandatory_test,True,ENFJ,practicing,deep_extrovert,50.4,44.8,True,False
u_00481,2025-12-02,2025-12,ios,UK,control,baseline,mandatory_test,True,ISTP,devoted,ambivert,42.8,38.0,True,False
u_00482,2025-10-03,2025-10,ios,US,variant,lower_friction,self_select,True,ESTP,practicing,introvert,71.1,19.9,False,False
u_00483,2025-04-14,2025-04,ios,UK,variant,lower_friction,self_select,True,ISFJ,practicing,introvert,49.4,52.0,True,False
u_00484,2025-08-15,2025-08,android,SG,control,baseline,mandatory_test,True,ENTP,devoted,introvert,63.9,24.2,True,False
u_00485,2025-02-11,2025-02,ios,US,control,baseline,mandatory_test,False,,practicing,introvert,21.5,98.7,False,False
u_00486,2025-10-06,2025-10,android,US,control,baseline,mandatory_test,False,,devoted,introvert,50.2,77.4,True,False
u_00487,2025-07-23,2025-07,ios,US,control,baseline,mandatory_test,True,ESTP,cultural,ambivert,42.0,43.3,True,True
u_00488,2025-06-25,2025-06,ios,ID,control,baseline,mandatory_test,True,ISTJ,cultural,ambivert,40.9,45.4,False,False
u_00489,2025-03-05,2025-03,android,UK,control,baseline,mandatory_test,False,,deep_seeker,deep_introvert,26.0,52.2,False,False
u_00490,2025-07-01,2025-07,ios,UK,control,baseline,mandatory_test,True,ISTJ,spiritual,deep_introvert,47.2,49.4,True,False
u_00491,2025-02-20,2025-02,android,AE,variant,lower_friction,test_or_skip,False,,practicing,introvert,37.6,71.1,True,True
u_00492,2025-06-18,2025-06,android,UK,variant,lower_friction,test_or_skip,False,,spiritual,introvert,12.0,53.9,False,False
u_00493,2025-04-25,2025-04,ios,AE,variant,lower_friction,test_or_skip,False,,practicing,ambivert,61.4,64.3,True,True
u_00494,2025-11-28,2025-11,ios,UK,variant,lower_friction,test_or_skip,False,,practicing,introvert,30.7,58.3,True,True
u_00495,2025-08-06,2025-08,ios,AU,variant,lower_friction,test_or_skip,False,,spiritual,introvert,63.9,35.3,False,False
u_00496,2025-10-10,2025-10,android,US,control,baseline,mandatory_test,False,,spiritual,extrovert,68.4,63.9,False,False
u_00497,2025-05-08,2025-05,android,CA,control,baseline,mandatory_test,False,,deep_seeker,ambivert,47.7,98.5,True,True
u_00498,2025-05-18,2025-05,ios,ID,control,baseline,mandatory_test,True,INFP,practicing,ambivert,52.4,65.0,True,True
u_00499,2025-06-22,2025-06,ios,US,control,baseline,mandatory_test,False,,devoted,extrovert,29.4,60.0,False,False
u_00500,2025-07-20,2025-07,ios,SG,variant,lower_friction,test_or_skip,False,,spiritual,ambivert,59.3,40.9,True,True
u_00501,2025-07-19,2025-07,android,MY,control,baseline,mandatory_test,False,,practicing,introvert,84.0,53.0,False,False
u_00502,2025-02-11,2025-02,ios,SG,variant,lower_friction,test_or_skip,False,,spiritual,deep_introvert,47.2,63.0,True,False
u_00503,2025-04-27,2025-04,android,UK,control,baseline,mandatory_test,False,,practicing,extrovert,41.8,64.2,False,False
u_00504,2025-04-26,2025-04,ios,ID,variant,lower_friction,self_select,True,ESFP,practicing,deep_introvert,81.2,48.3,True,True
u_00505,2025-09-16,2025-09,android,ID,variant,lower_friction,test_or_skip,False,,devoted,ambivert,59.0,14.5,True,True
u_00506,2025-03-09,2025-03,ios,ID,variant,lower_friction,test_or_skip,False,,practicing,deep_extrovert,52.4,59.1,True,False
u_00507,2025-03-25,2025-03,ios,UK,variant,lower_friction,self_select,True,ESTP,practicing,deep_introvert,69.4,36.3,True,True
u_00508,2025-08-05,2025-08,ios,MY,variant,lower_friction,test_or_skip,False,,practicing,ambivert,45.1,46.5,False,False
u_00509,2025-02-22,2025-02,android,AU,variant,lower_friction,test_or_skip,False,,practicing,introvert,42.0,38.4,False,True
u_00510,2025-08-01,2025-08,ios,ID,variant,lower_friction,test_or_skip,False,,deep_seeker,deep_introvert,70.5,94.4,False,False
u_00511,2025-01-17,2025-01,android,CA,control,baseline,mandatory_test,False,,practicing,ambivert,47.2,88.4,True,False
u_00512,2025-04-20,2025-04,android,US,variant,lower_friction,self_select,True,INFP,spiritual,introvert,25.9,53.3,True,True
u_00513,2025-04-22,2025-04,ios,US,control,baseline,mandatory_test,True,ISFP,practicing,extrovert,44.9,69.5,True,True
u_00514,2025-11-09,2025-11,android,ID,control,baseline,mandatory_test,False,,deep_seeker,introvert,52.5,22.3,False,False
u_00515,2025-11-18,2025-11,ios,US,variant,lower_friction,self_select,True,ISTJ,practicing,deep_extrovert,100.0,51.0,True,False
u_00516,2025-09-15,2025-09,ios,CA,variant,lower_friction,self_select,True,ENTP,spiritual,ambivert,18.5,63.6,True,True
u_00517,2025-12-08,2025-12,android,UK,control,baseline,mandatory_test,True,INTP,practicing,deep_introvert,50.3,54.2,True,True
u_00518,2025-10-23,2025-10,android,MY,variant,lower_friction,test_or_skip,False,,cultural,ambivert,74.5,75.1,True,False
u_00519,2025-11-29,2025-11,android,UK,control,baseline,mandatory_test,True,INFJ,practicing,deep_introvert,21.6,54.5,True,True
u_00520,2025-11-03,2025-11,ios,CA,control,baseline,mandatory_test,False,,spiritual,ambivert,80.5,86.5,True,True
u_00521,2025-03-20,2025-03,android,ID,control,baseline,mandatory_test,True,ESFP,devoted,ambivert,25.7,42.0,True,False
u_00522,2025-10-17,2025-10,ios,US,variant,lower_friction,test_or_skip,False,,cultural,deep_introvert,53.1,35.2,True,True
u_00523,2025-05-17,2025-05,ios,US,variant,lower_friction,self_select,True,ESFP,spiritual,deep_introvert,75.3,39.1,True,True
u_00524,2025-09-24,2025-09,ios,ID,control,baseline,mandatory_test,False,,devoted,deep_extrovert,25.5,39.4,True,True
u_00525,2025-03-26,2025-03,android,MY,control,baseline,mandatory_test,True,ISTP,spiritual,ambivert,58.7,56.3,True,False
u_00526,2025-04-09,2025-04,ios,ID,variant,lower_friction,test_or_skip,False,,cultural,deep_introvert,30.4,48.7,True,True
u_00527,2025-07-28,2025-07,ios,UK,control,baseline,mandatory_test,False,,spiritual,deep_extrovert,37.3,37.0,True,True
u_00528,2025-11-09,2025-11,android,UK,variant,lower_friction,self_select,True,ISTJ,cultural,extrovert,70.6,50.1,True,False
u_00529,2025-10-16,2025-10,ios,MY,control,baseline,mandatory_test,True,ISFJ,spiritual,ambivert,63.9,61.5,True,False
u_00530,2025-10-18,2025-10,android,US,control,baseline,mandatory_test,False,,spiritual,introvert,61.8,39.6,True,False
u_00531,2025-02-19,2025-02,android,UK,control,baseline,mandatory_test,False,,devoted,introvert,65.9,32.1,True,False
u_00532,2025-09-18,2025-09,ios,CA,control,baseline,mandatory_test,True,INFP,devoted,ambivert,72.4,94.1,True,False
u_00533,2025-07-22,2025-07,android,MY,control,baseline,mandatory_test,False,,practicing,introvert,74.9,64.4,True,False
u_00534,2025-11-26,2025-11,android,US,variant,lower_friction,test_or_skip,False,,practicing,extrovert,49.0,53.7,True,False
u_00535,2025-01-14,2025-01,android,CA,variant,lower_friction,test_or_skip,False,,devoted,ambivert,56.8,24.9,True,True
u_00536,2025-11-03,2025-11,ios,ID,variant,lower_friction,self_select,True,ENFJ,devoted,introvert,36.1,100.0,True,False
u_00537,2025-07-08,2025-07,ios,AE,control,baseline,mandatory_test,True,INTJ,cultural,ambivert,60.5,72.6,False,False
u_00538,2025-09-21,2025-09,android,MY,variant,lower_friction,self_select,True,ESFJ,cultural,ambivert,55.5,75.0,False,False
u_00539,2025-08-10,2025-08,android,ID,variant,lower_friction,test_or_skip,False,,practicing,extrovert,36.4,57.3,True,False
u_00540,2025-06-09,2025-06,android,MY,variant,lower_friction,self_select,True,ESFP,practicing,ambivert,57.0,44.4,False,False
u_00541,2025-02-10,2025-02,ios,UK,control,baseline,mandatory_test,True,ISFP,practicing,extrovert,0.0,53.1,True,False
u_00542,2025-09-27,2025-09,android,UK,variant,lower_friction,test_or_skip,False,,cultural,deep_extrovert,50.2,19.6,True,True
u_00543,2025-01-15,2025-01,web,ID,variant,lower_friction,self_select,True,INFP,spiritual,extrovert,37.7,46.4,True,False
u_00544,2025-05-24,2025-05,ios,AU,control,baseline,mandatory_test,False,,practicing,ambivert,73.6,53.8,False,False
u_00545,2025-09-11,2025-09,android,ID,control,baseline,mandatory_test,True,ENTJ,spiritual,ambivert,52.8,50.3,True,True
u_00546,2025-04-20,2025-04,android,AE,control,baseline,mandatory_test,True,INTJ,spiritual,ambivert,50.1,44.3,True,True
u_00547,2025-04-11,2025-04,web,UK,control,baseline,mandatory_test,True,ENTJ,practicing,ambivert,43.5,44.6,True,False
u_00548,2025-05-16,2025-05,ios,UK,variant,lower_friction,test_or_skip,False,,practicing,introvert,69.1,47.1,True,False
u_00549,2025-06-21,2025-06,web,CA,control,baseline,mandatory_test,False,,practicing,deep_introvert,50.1,98.0,True,True
u_00550,2025-02-04,2025-02,android,US,control,baseline,mandatory_test,True,ENFJ,practicing,extrovert,58.8,53.3,False,False
u_00551,2025-04-28,2025-04,android,SG,variant,lower_friction,test_or_skip,False,,deep_seeker,ambivert,66.6,64.8,False,False
u_00552,2025-01-06,2025-01,web,SG,variant,lower_friction,self_select,True,ISFJ,practicing,extrovert,63.2,42.4,True,True
u_00553,2025-10-17,2025-10,android,ID,variant,lower_friction,test_or_skip,False,,spiritual,extrovert,30.4,59.8,True,False
u_00554,2025-06-03,2025-06,ios,CA,variant,lower_friction,self_select,True,ESFJ,spiritual,introvert,62.2,51.8,False,False
u_00555,2025-01-23,2025-01,ios,US,variant,lower_friction,self_select,True,ESTJ,practicing,introvert,43.1,84.7,True,True
u_00556,2025-08-20,2025-08,ios,AE,variant,lower_friction,test_or_skip,False,,spiritual,ambivert,55.2,49.0,True,False
u_00557,2025-10-13,2025-10,ios,AE,variant,lower_friction,test_or_skip,False,,devoted,deep_extrovert,28.1,100.0,False,False
u_00558,2025-11-02,2025-11,ios,AE,control,baseline,mandatory_test,False,,devoted,introvert,78.2,66.4,True,True
u_00559,2025-12-14,2025-12,android,AU,variant,lower_friction,self_select,True,ISTJ,devoted,introvert,58.5,50.6,False,False
u_00560,2025-08-06,2025-08,android,AE,variant,lower_friction,test_or_skip,False,,practicing,deep_introvert,63.6,69.6,True,False
u_00561,2025-08-29,2025-08,web,UK,variant,lower_friction,self_select,True,ISFJ,cultural,ambivert,43.3,54.2,True,False
u_00562,2025-09-20,2025-09,android,AE,variant,lower_friction,self_select,True,INTJ,spiritual,ambivert,50.0,65.8,True,False
u_00563,2025-07-11,2025-07,android,CA,control,baseline,mandatory_test,False,,devoted,extrovert,55.9,72.4,True,False
u_00564,2025-09-02,2025-09,android,UK,variant,lower_friction,test_or_skip,False,,spiritual,deep_introvert,62.5,55.7,True,False
u_00565,2025-06-03,2025-06,ios,AE,variant,lower_friction,test_or_skip,False,,devoted,introvert,39.7,76.5,True,True
u_00566,2025-09-23,2025-09,ios,CA,control,baseline,mandatory_test,False,,deep_seeker,introvert,65.0,90.2,True,False
u_00567,2025-02-12,2025-02,ios,AU,control,baseline,mandatory_test,False,,devoted,ambivert,64.7,55.8,False,False
u_00568,2025-01-18,2025-01,ios,CA,control,baseline,mandatory_test,True,INFJ,cultural,ambivert,39.6,60.6,False,False
u_00569,2025-12-10,2025-12,android,UK,variant,lower_friction,self_select,True,INFJ,devoted,ambivert,49.2,71.7,False,False
u_00570,2025-06-10,2025-06,ios,CA,variant,lower_friction,self_select,True,INTP,cultural,ambivert,49.2,51.3,False,False
u_00571,2025-09-05,2025-09,ios,UK,variant,lower_friction,self_select,True,INFJ,practicing,introvert,65.0,67.0,True,False
u_00572,2025-09-10,2025-09,android,SG,control,baseline,mandatory_test,True,ISFJ,spiritual,ambivert,33.3,77.9,True,False
u_00573,2025-04-26,2025-04,ios,US,control,baseline,mandatory_test,True,ISFJ,practicing,introvert,41.7,44.9,False,False
u_00574,2025-05-27,2025-05,ios,US,variant,lower_friction,test_or_skip,False,,spiritual,ambivert,48.3,89.3,True,True
u_00575,2025-07-24,2025-07,ios,US,variant,lower_friction,test_or_skip,False,,devoted,ambivert,48.2,51.1,True,True
u_00576,2025-05-31,2025-05,ios,US,control,baseline,mandatory_test,False,,devoted,ambivert,63.5,68.7,False,False
u_00577,2025-09-13,2025-09,android,CA,variant,lower_friction,test_or_skip,False,,cultural,extrovert,41.0,78.8,True,True
u_00578,2025-08-03,2025-08,ios,ID,variant,lower_friction,test_or_skip,False,,practicing,extrovert,48.1,58.9,True,True
u_00579,2025-01-15,2025-01,android,UK,control,baseline,mandatory_test,False,,practicing,ambivert,35.8,81.7,True,False
u_00580,2025-06-26,2025-06,ios,CA,control,baseline,mandatory_test,False,,practicing,ambivert,37.9,53.1,True,True
u_00581,2025-03-13,2025-03,android,MY,variant,lower_friction,self_select,True,ESFP,cultural,ambivert,73.6,42.6,False,False
u_00582,2025-06-14,2025-06,android,MY,control,baseline,mandatory_test,False,,practicing,extrovert,51.0,67.9,True,True
u_00583,2025-07-27,2025-07,ios,UK,control,baseline,mandatory_test,True,ISTJ,devoted,ambivert,46.8,83.4,False,False
u_00584,2025-11-15,2025-11,ios,AU,control,baseline,mandatory_test,False,,spiritual,extrovert,56.3,73.2,False,False
u_00585,2025-07-26,2025-07,ios,AU,variant,lower_friction,test_or_skip,False,,devoted,ambivert,83.5,46.1,True,True
u_00586,2025-06-15,2025-06,web,MY,variant,lower_friction,self_select,True,ESTJ,practicing,ambivert,43.9,58.3,True,True
u_00587,2025-07-16,2025-07,ios,US,control,baseline,mandatory_test,False,,spiritual,deep_introvert,72.8,59.7,False,False
u_00588,2025-10-21,2025-10,web,US,variant,lower_friction,self_select,True,ESFJ,practicing,ambivert,46.9,52.1,False,False
u_00589,2025-04-02,2025-04,ios,UK,variant,lower_friction,self_select,True,INFP,spiritual,extrovert,43.9,59.6,True,True
u_00590,2025-05-04,2025-05,ios,US,variant,lower_friction,test_or_skip,False,,practicing,ambivert,27.8,57.0,True,False
u_00591,2025-06-20,2025-06,ios,CA,control,baseline,mandatory_test,True,ENFP,deep_seeker,extrovert,64.9,87.9,True,False
u_00592,2025-01-07,2025-01,android,ID,control,baseline,mandatory_test,False,,spiritual,extrovert,38.2,34.0,False,False
u_00593,2025-09-15,2025-09,ios,MY,variant,lower_friction,self_select,True,ENTP,cultural,ambivert,35.8,61.9,True,False
u_00594,2025-04-29,2025-04,ios,UK,variant,lower_friction,self_select,True,ISTJ,practicing,ambivert,67.0,42.2,False,False
u_00595,2025-04-11,2025-04,android,US,control,baseline,mandatory_test,True,ESFP,practicing,introvert,38.2,80.3,False,False
u_00596,2025-12-28,2025-12,ios,AU,control,baseline,mandatory_test,True,ISFP,practicing,introvert,63.2,41.7,True,True
u_00597,2025-12-30,2025-12,android,US,control,baseline,mandatory_test,False,,cultural,introvert,38.0,100.0,True,False
u_00598,2025-11-07,2025-11,android,ID,variant,lower_friction,self_select,True,ESTP,practicing,extrovert,54.6,58.1,True,True
u_00599,2025-03-22,2025-03,web,AU,variant,lower_friction,test_or_skip,False,,practicing,ambivert,57.8,47.3,True,False
u_00600,2025-10-20,2025-10,android,ID,variant,lower_friction,test_or_skip,False,,practicing,introvert,38.0,49.6,True,True
u_00601,2025-01-18,2025-01,android,AE,variant,lower_friction,test_or_skip,False,,devoted,extrovert,67.8,59.2,False,False
u_00602,2025-04-04,2025-04,ios,CA,control,baseline,mandatory_test,True,ISTJ,devoted,deep_extrovert,45.2,87.3,False,False
u_00603,2025-06-01,2025-06,ios,UK,variant,lower_friction,self_select,True,ENFP,cultural,introvert,77.4,57.8,True,True
u_00604,2025-05-03,2025-05,android,SG,variant,lower_friction,test_or_skip,False,,cultural,ambivert,32.4,78.5,True,False
u_00605,2025-05-31,2025-05,ios,AE,variant,lower_friction,test_or_skip,False,,cultural,introvert,67.0,46.9,True,False
u_00606,2025-10-27,2025-10,ios,ID,control,baseline,mandatory_test,False,,practicing,deep_introvert,29.8,76.1,False,False
u_00607,2025-02-04,2025-02,android,ID,control,baseline,mandatory_test,False,,cultural,extrovert,58.5,57.7,True,True
u_00608,2025-10-10,2025-10,ios,SG,control,baseline,mandatory_test,False,,practicing,extrovert,62.2,27.3,False,False
u_00609,2025-10-27,2025-10,web,AU,variant,lower_friction,self_select,True,ISFP,practicing,deep_extrovert,31.8,75.1,True,True
u_00610,2025-08-26,2025-08,ios,CA,variant,lower_friction,self_select,True,ESFJ,practicing,introvert,82.4,82.2,True,True
u_00611,2025-07-21,2025-07,android,MY,variant,lower_friction,self_select,True,ENTP,devoted,extrovert,50.7,41.2,False,False
u_00612,2025-07-07,2025-07,android,MY,variant,lower_friction,test_or_skip,False,,devoted,extrovert,57.7,78.7,True,True
u_00613,2025-05-08,2025-05,ios,MY,control,baseline,mandatory_test,False,,practicing,ambivert,34.6,48.4,False,False
u_00614,2025-02-05,2025-02,android,CA,control,baseline,mandatory_test,False,,practicing,extrovert,51.5,61.9,True,False
u_00615,2025-02-02,2025-02,android,MY,control,baseline,mandatory_test,False,,practicing,deep_extrovert,56.9,61.4,True,False
u_00616,2025-12-11,2025-12,ios,MY,control,baseline,mandatory_test,False,,practicing,deep_introvert,47.1,57.0,False,False
u_00617,2025-01-16,2025-01,web,UK,control,baseline,mandatory_test,False,,devoted,introvert,37.9,57.7,False,False
u_00618,2025-04-26,2025-04,android,CA,control,baseline,mandatory_test,True,INTP,spiritual,extrovert,49.3,50.4,True,False
u_00619,2025-06-01,2025-06,web,US,variant,lower_friction,self_select,True,ENTJ,practicing,ambivert,42.8,74.0,False,False
u_00620,2025-11-27,2025-11,android,US,variant,lower_friction,self_select,True,ESTJ,spiritual,introvert,58.0,50.8,True,True
u_00621,2025-05-02,2025-05,ios,UK,variant,lower_friction,test_or_skip,False,,practicing,ambivert,68.1,51.9,True,True
u_00622,2025-01-19,2025-01,ios,UK,control,baseline,mandatory_test,True,ESTP,practicing,ambivert,24.0,87.9,False,False
u_00623,2025-06-13,2025-06,android,ID,control,baseline,mandatory_test,False,,cultural,ambivert,36.5,50.3,False,False
u_00624,2025-06-26,2025-06,android,AE,control,baseline,mandatory_test,False,,spiritual,deep_introvert,92.7,78.9,True,True
u_00625,2025-06-16,2025-06,android,SG,variant,lower_friction,self_select,True,ENTJ,practicing,extrovert,50.1,33.2,True,False
u_00626,2025-08-09,2025-08,android,US,control,baseline,mandatory_test,False,,devoted,ambivert,68.4,53.0,False,False
u_00627,2025-08-24,2025-08,android,AE,control,baseline,mandatory_test,True,INTP,cultural,introvert,79.9,69.6,False,False
u_00628,2025-07-15,2025-07,ios,MY,variant,lower_friction,self_select,True,ISTP,spiritual,introvert,49.6,45.2,True,True
u_00629,2025-07-13,2025-07,web,AE,variant,lower_friction,self_select,True,ENFJ,spiritual,ambivert,35.7,64.4,True,True
u_00630,2025-11-07,2025-11,android,MY,control,baseline,mandatory_test,True,INFP,practicing,ambivert,41.6,83.9,True,True
u_00631,2025-05-22,2025-05,web,AE,variant,lower_friction,test_or_skip,False,,practicing,introvert,25.1,92.0,True,True
u_00632,2025-05-14,2025-05,ios,ID,variant,lower_friction,test_or_skip,False,,spiritual,deep_introvert,32.9,95.9,True,False
u_00633,2025-04-02,2025-04,ios,ID,control,baseline,mandatory_test,False,,spiritual,deep_introvert,73.2,39.5,True,False
u_00634,2025-08-21,2025-08,ios,UK,variant,lower_friction,self_select,True,ESTJ,cultural,ambivert,53.5,37.1,False,False
u_00635,2025-08-23,2025-08,android,ID,variant,lower_friction,self_select,True,ESFJ,practicing,introvert,21.4,47.3,False,False
u_00636,2025-08-17,2025-08,android,UK,variant,lower_friction,self_select,True,ISFJ,cultural,deep_extrovert,34.2,39.9,False,False
u_00637,2025-08-01,2025-08,ios,US,variant,lower_friction,self_select,True,ENFP,practicing,ambivert,55.9,95.8,True,True
u_00638,2025-07-31,2025-07,android,ID,control,baseline,mandatory_test,False,,practicing,extrovert,44.5,50.7,True,False
u_00639,2025-01-09,2025-01,ios,AE,variant,lower_friction,self_select,True,ESFJ,spiritual,deep_introvert,78.6,50.6,True,False
u_00640,2025-12-10,2025-12,ios,CA,control,baseline,mandatory_test,False,,practicing,ambivert,93.5,44.9,True,True
u_00641,2025-01-20,2025-01,web,SG,control,baseline,mandatory_test,True,INFP,practicing,ambivert,64.5,57.6,True,True
u_00642,2025-02-07,2025-02,ios,MY,control,baseline,mandatory_test,False,,devoted,introvert,74.1,62.6,False,False
u_00643,2025-05-27,2025-05,android,MY,control,baseline,mandatory_test,False,,practicing,introvert,6.6,77.4,True,True
u_00644,2025-03-02,2025-03,ios,ID,control,baseline,mandatory_test,False,,devoted,deep_extrovert,58.0,83.4,True,False
u_00645,2025-05-15,2025-05,android,AE,control,baseline,mandatory_test,False,,practicing,extrovert,52.1,85.1,True,True
u_00646,2025-07-22,2025-07,android,AE,variant,lower_friction,test_or_skip,False,,cultural,extrovert,60.1,67.3,True,True
u_00647,2025-12-22,2025-12,android,MY,control,baseline,mandatory_test,False,,practicing,deep_introvert,67.1,65.1,True,True
u_00648,2025-05-04,2025-05,ios,CA,variant,lower_friction,self_select,True,INFP,practicing,introvert,64.3,77.1,False,False
u_00649,2025-11-15,2025-11,ios,SG,control,baseline,mandatory_test,False,,devoted,introvert,66.9,22.9,False,False
u_00650,2025-09-20,2025-09,android,CA,control,baseline,mandatory_test,False,,spiritual,ambivert,53.9,28.7,True,False
u_00651,2025-12-25,2025-12,android,MY,control,baseline,mandatory_test,True,INFP,cultural,deep_introvert,81.6,75.6,True,False
u_00652,2025-06-11,2025-06,ios,CA,variant,lower_friction,test_or_skip,False,,practicing,deep_extrovert,55.3,85.8,False,False
u_00653,2025-03-17,2025-03,android,MY,control,baseline,mandatory_test,True,ENTJ,cultural,ambivert,46.5,71.2,True,True
u_00654,2025-08-27,2025-08,ios,ID,control,baseline,mandatory_test,False,,practicing,extrovert,33.2,68.5,False,False
u_00655,2025-01-05,2025-01,ios,SG,variant,lower_friction,test_or_skip,False,,deep_seeker,introvert,63.0,48.2,True,False
u_00656,2025-05-23,2025-05,ios,UK,control,baseline,mandatory_test,True,INFJ,practicing,ambivert,58.1,55.2,True,False
u_00657,2025-06-22,2025-06,android,AU,control,baseline,mandatory_test,True,INFJ,practicing,ambivert,13.1,54.1,True,True
u_00658,2025-01-09,2025-01,android,AE,control,baseline,mandatory_test,True,ISFP,spiritual,ambivert,73.3,59.9,True,False
u_00659,2025-02-02,2025-02,android,AE,control,baseline,mandatory_test,False,,practicing,ambivert,76.0,54.3,False,False
u_00660,2025-07-18,2025-07,ios,UK,variant,lower_friction,test_or_skip,False,,practicing,extrovert,34.8,14.8,True,True
u_00661,2025-10-08,2025-10,android,AE,control,baseline,mandatory_test,True,ENFP,spiritual,ambivert,57.9,32.1,False,False
u_00662,2025-06-11,2025-06,ios,MY,control,baseline,mandatory_test,True,INTP,practicing,extrovert,57.7,62.6,True,False
u_00663,2025-01-27,2025-01,android,US,variant,lower_friction,test_or_skip,False,,spiritual,ambivert,25.4,58.5,True,False
u_00664,2025-07-09,2025-07,android,US,control,baseline,mandatory_test,False,,cultural,ambivert,69.2,34.2,True,False
u_00665,2025-02-01,2025-02,ios,UK,control,baseline,mandatory_test,False,,practicing,deep_extrovert,41.8,81.0,True,True
u_00666,2025-12-22,2025-12,ios,CA,control,baseline,mandatory_test,True,ESFP,devoted,introvert,58.6,70.5,True,False
u_00667,2025-01-30,2025-01,ios,SG,control,baseline,mandatory_test,False,,cultural,deep_extrovert,61.6,53.2,True,True
u_00668,2025-10-08,2025-10,android,CA,control,baseline,mandatory_test,False,,cultural,extrovert,48.9,80.0,False,False
u_00669,2025-08-01,2025-08,android,CA,variant,lower_friction,test_or_skip,False,,practicing,ambivert,26.0,42.1,True,False
u_00670,2025-01-26,2025-01,android,UK,control,baseline,mandatory_test,True,INTP,practicing,ambivert,65.6,74.1,True,False
u_00671,2025-07-19,2025-07,ios,MY,variant,lower_friction,test_or_skip,False,,practicing,ambivert,69.4,67.9,True,True
u_00672,2025-10-21,2025-10,android,CA,control,baseline,mandatory_test,True,ESTJ,practicing,extrovert,42.3,51.7,True,False
u_00673,2025-11-03,2025-11,ios,MY,variant,lower_friction,self_select,True,ISFJ,practicing,introvert,43.4,48.3,False,False
u_00674,2025-12-01,2025-12,ios,US,control,baseline,mandatory_test,False,,deep_seeker,ambivert,57.3,97.6,False,False
u_00675,2025-06-29,2025-06,ios,MY,control,baseline,mandatory_test,False,,devoted,ambivert,29.1,53.4,True,True
u_00676,2025-11-15,2025-11,ios,ID,variant,lower_friction,test_or_skip,False,,spiritual,ambivert,79.8,62.4,False,False
u_00677,2025-03-24,2025-03,android,AE,control,baseline,mandatory_test,True,ESTP,cultural,introvert,62.5,59.1,True,False
u_00678,2025-10-16,2025-10,ios,UK,variant,lower_friction,self_select,True,ISTJ,spiritual,introvert,65.1,81.3,True,False
u_00679,2025-01-03,2025-01,web,MY,variant,lower_friction,test_or_skip,False,,cultural,ambivert,56.4,59.6,True,True
u_00680,2025-09-15,2025-09,android,US,control,baseline,mandatory_test,False,,practicing,extrovert,28.7,74.7,True,False
u_00681,2025-09-04,2025-09,android,US,variant,lower_friction,self_select,True,ESTP,cultural,deep_introvert,48.6,42.6,False,False
u_00682,2025-12-17,2025-12,web,US,control,baseline,mandatory_test,True,INTJ,devoted,extrovert,74.5,38.6,False,False
u_00683,2025-11-22,2025-11,ios,UK,control,baseline,mandatory_test,False,,practicing,deep_introvert,51.4,63.7,True,False
u_00684,2025-04-07,2025-04,ios,UK,control,baseline,mandatory_test,True,ENFP,devoted,introvert,54.1,65.3,False,False
u_00685,2025-06-13,2025-06,ios,UK,variant,lower_friction,self_select,True,ISTJ,practicing,ambivert,49.7,56.9,True,False
u_00686,2025-09-05,2025-09,ios,AU,control,baseline,mandatory_test,True,ENFP,practicing,introvert,53.0,15.7,True,True
u_00687,2025-10-23,2025-10,android,CA,control,baseline,mandatory_test,False,,practicing,extrovert,32.8,76.8,True,True
u_00688,2025-03-25,2025-03,android,CA,variant,lower_friction,self_select,True,INFJ,devoted,deep_extrovert,49.0,79.9,True,True
u_00689,2025-03-19,2025-03,android,CA,control,baseline,mandatory_test,True,INTP,practicing,introvert,68.2,65.8,False,False
u_00690,2025-04-09,2025-04,ios,US,control,baseline,mandatory_test,False,,spiritual,ambivert,67.9,69.4,True,False
u_00691,2025-03-29,2025-03,android,US,control,baseline,mandatory_test,False,,practicing,ambivert,45.7,50.8,True,True
u_00692,2025-08-26,2025-08,ios,AE,variant,lower_friction,self_select,True,ESFJ,practicing,ambivert,67.5,10.9,True,True
u_00693,2025-04-09,2025-04,android,MY,variant,lower_friction,test_or_skip,False,,practicing,ambivert,44.3,78.3,True,True
u_00694,2025-07-12,2025-07,ios,UK,variant,lower_friction,self_select,True,INFP,practicing,ambivert,65.3,31.8,False,True
u_00695,2025-12-10,2025-12,web,AE,control,baseline,mandatory_test,False,,deep_seeker,ambivert,68.6,63.7,True,False
u_00696,2025-08-06,2025-08,ios,CA,control,baseline,mandatory_test,True,INTP,practicing,deep_introvert,18.0,62.9,True,False
u_00697,2025-06-13,2025-06,ios,AU,variant,lower_friction,self_select,True,ENFJ,practicing,deep_introvert,18.5,69.2,True,True
u_00698,2025-05-02,2025-05,android,AE,control,baseline,mandatory_test,True,INTP,practicing,extrovert,65.2,90.2,True,True
u_00699,2025-06-30,2025-06,ios,ID,control,baseline,mandatory_test,True,ENFJ,practicing,extrovert,40.3,68.7,True,True
u_00700,2025-09-15,2025-09,ios,MY,variant,lower_friction,test_or_skip,False,,practicing,extrovert,51.6,65.6,True,True
u_00701,2025-09-12,2025-09,ios,UK,variant,lower_friction,self_select,True,ESTP,practicing,introvert,66.9,66.6,True,False
u_00702,2025-01-13,2025-01,ios,AU,variant,lower_friction,self_select,True,ESFP,devoted,deep_extrovert,78.8,57.6,True,False
u_00703,2025-03-21,2025-03,ios,MY,variant,lower_friction,test_or_skip,False,,cultural,deep_extrovert,57.9,48.3,False,False
u_00704,2025-04-11,2025-04,ios,MY,control,baseline,mandatory_test,True,ISTJ,devoted,ambivert,60.8,71.0,False,False
u_00705,2025-02-05,2025-02,ios,US,variant,lower_friction,test_or_skip,False,,spiritual,introvert,56.5,72.3,True,False
u_00706,2025-10-07,2025-10,android,US,variant,lower_friction,self_select,True,ESFJ,practicing,ambivert,32.2,70.8,True,False
u_00707,2025-06-26,2025-06,ios,SG,variant,lower_friction,test_or_skip,False,,cultural,ambivert,34.6,84.1,True,True
u_00708,2025-07-22,2025-07,web,CA,control,baseline,mandatory_test,True,ENTP,spiritual,ambivert,20.3,32.6,True,True
u_00709,2025-01-31,2025-01,android,US,variant,lower_friction,self_select,True,ESFJ,deep_seeker,ambivert,39.3,87.1,False,False
u_00710,2025-04-24,2025-04,ios,AE,variant,lower_friction,self_select,True,ENFP,cultural,ambivert,49.6,51.7,True,False
u_00711,2025-04-07,2025-04,ios,SG,variant,lower_friction,test_or_skip,False,,deep_seeker,deep_extrovert,49.5,69.5,False,False
u_00712,2025-01-24,2025-01,android,CA,control,baseline,mandatory_test,False,,spiritual,ambivert,34.7,91.4,True,False
u_00713,2025-08-24,2025-08,ios,US,control,baseline,mandatory_test,False,,spiritual,extrovert,54.0,35.4,True,True
u_00714,2025-07-20,2025-07,ios,UK,variant,lower_friction,self_select,True,INTJ,devoted,extrovert,35.2,88.4,False,False
u_00715,2025-07-14,2025-07,ios,AU,control,baseline,mandatory_test,True,INFP,spiritual,introvert,45.2,53.5,True,True
u_00716,2025-09-08,2025-09,web,AU,variant,lower_friction,self_select,True,ESFJ,spiritual,deep_introvert,51.0,6.7,True,True
u_00717,2025-08-07,2025-08,android,MY,control,baseline,mandatory_test,False,,devoted,ambivert,13.8,63.5,True,True
u_00718,2025-09-06,2025-09,ios,MY,variant,lower_friction,self_select,True,ENFP,cultural,deep_extrovert,54.3,63.1,True,False
u_00719,2025-07-26,2025-07,android,ID,control,baseline,mandatory_test,True,INFP,practicing,introvert,42.2,82.4,True,True
u_00720,2025-09-14,2025-09,ios,UK,control,baseline,mandatory_test,True,ENFJ,practicing,introvert,28.8,19.6,True,False
u_00721,2025-11-18,2025-11,ios,MY,variant,lower_friction,self_select,True,ESTJ,devoted,introvert,39.3,32.5,True,True
u_00722,2025-10-16,2025-10,android,AU,control,baseline,mandatory_test,False,,cultural,introvert,15.8,25.8,True,False
u_00723,2025-11-06,2025-11,ios,AE,control,baseline,mandatory_test,False,,cultural,ambivert,55.8,56.3,True,True
u_00724,2025-02-11,2025-02,ios,ID,variant,lower_friction,test_or_skip,False,,deep_seeker,extrovert,24.8,21.7,True,False
u_00725,2025-02-18,2025-02,ios,CA,control,baseline,mandatory_test,False,,practicing,introvert,74.5,43.5,False,False
u_00726,2025-07-11,2025-07,android,MY,control,baseline,mandatory_test,False,,practicing,extrovert,36.9,66.9,False,False
u_00727,2025-09-01,2025-09,android,SG,control,baseline,mandatory_test,True,ISFJ,deep_seeker,extrovert,66.3,76.4,True,True
u_00728,2025-08-16,2025-08,ios,ID,control,baseline,mandatory_test,False,,practicing,introvert,64.7,6.3,True,False
u_00729,2025-02-05,2025-02,ios,ID,control,baseline,mandatory_test,False,,deep_seeker,extrovert,43.9,44.9,True,False
u_00730,2025-06-08,2025-06,ios,AE,control,baseline,mandatory_test,False,,devoted,introvert,46.3,47.1,True,True
u_00731,2025-06-27,2025-06,ios,ID,control,baseline,mandatory_test,False,,spiritual,introvert,28.0,59.5,False,False
u_00732,2025-05-29,2025-05,android,AU,variant,lower_friction,test_or_skip,False,,deep_seeker,ambivert,43.7,40.1,False,False
u_00733,2025-07-22,2025-07,web,MY,control,baseline,mandatory_test,True,ISFP,cultural,ambivert,10.5,89.5,True,True
u_00734,2025-01-28,2025-01,android,AE,control,baseline,mandatory_test,True,INTJ,spiritual,extrovert,59.2,97.3,True,True
u_00735,2025-06-27,2025-06,ios,US,control,baseline,mandatory_test,True,ESFP,practicing,extrovert,84.1,36.1,True,False
u_00736,2025-10-21,2025-10,android,CA,variant,lower_friction,test_or_skip,False,,practicing,ambivert,64.9,90.8,True,True
u_00737,2025-02-14,2025-02,android,CA,control,baseline,mandatory_test,True,ESTJ,spiritual,ambivert,40.2,66.0,False,False
u_00738,2025-07-02,2025-07,android,UK,variant,lower_friction,self_select,True,ENFP,spiritual,extrovert,29.7,53.0,True,True
u_00739,2025-09-17,2025-09,web,AE,variant,lower_friction,self_select,True,ENTP,spiritual,introvert,44.0,53.6,True,True
u_00740,2025-12-29,2025-12,web,CA,variant,lower_friction,test_or_skip,False,,practicing,introvert,37.1,48.2,True,True
u_00741,2025-10-01,2025-10,ios,UK,control,baseline,mandatory_test,False,,spiritual,extrovert,66.0,46.2,True,True
u_00742,2025-10-19,2025-10,android,AU,variant,lower_friction,test_or_skip,False,,practicing,extrovert,67.6,19.0,True,False
u_00743,2025-12-25,2025-12,ios,SG,control,baseline,mandatory_test,True,ISTP,practicing,ambivert,27.5,61.5,True,True
u_00744,2025-04-04,2025-04,android,MY,variant,lower_friction,test_or_skip,False,,practicing,ambivert,17.4,30.2,True,True
u_00745,2025-12-06,2025-12,android,ID,control,baseline,mandatory_test,False,,practicing,ambivert,37.2,52.7,False,False
u_00746,2025-02-28,2025-02,android,ID,control,baseline,mandatory_test,False,,spiritual,ambivert,71.2,63.6,True,True
u_00747,2025-06-30,2025-06,ios,UK,variant,lower_friction,self_select,True,ESFP,practicing,ambivert,50.5,100.0,True,False
u_00748,2025-11-23,2025-11,android,AE,control,baseline,mandatory_test,True,ENFJ,deep_seeker,introvert,68.3,86.2,True,True
u_00749,2025-11-20,2025-11,ios,AE,control,baseline,mandatory_test,False,,practicing,extrovert,47.7,73.7,False,False
u_00750,2025-07-13,2025-07,web,MY,variant,lower_friction,test_or_skip,False,,devoted,ambivert,58.1,100.0,True,True
u_00751,2025-07-12,2025-07,web,AE,variant,lower_friction,self_select,True,ISTP,practicing,ambivert,36.3,25.4,True,True
u_00752,2025-06-04,2025-06,ios,US,control,baseline,mandatory_test,True,ESTJ,practicing,ambivert,71.6,42.2,True,False
u_00753,2025-05-12,2025-05,ios,MY,variant,lower_friction,self_select,True,ENFP,practicing,extrovert,40.6,52.4,True,True
u_00754,2025-01-10,2025-01,web,CA,variant,lower_friction,self_select,True,ISFJ,spiritual,ambivert,71.8,75.9,True,False
u_00755,2025-06-28,2025-06,ios,SG,variant,lower_friction,test_or_skip,False,,spiritual,deep_extrovert,33.2,83.2,True,True
u_00756,2025-04-11,2025-04,ios,MY,control,baseline,mandatory_test,False,,cultural,introvert,55.5,77.1,True,True
u_00757,2025-11-14,2025-11,web,UK,variant,lower_friction,test_or_skip,False,,practicing,extrovert,46.1,68.7,True,True
u_00758,2025-11-15,2025-11,android,AE,variant,lower_friction,test_or_skip,False,,spiritual,introvert,17.0,55.7,True,False
u_00759,2025-10-17,2025-10,ios,AE,control,baseline,mandatory_test,False,,spiritual,extrovert,60.4,20.4,True,False
u_00760,2025-09-28,2025-09,ios,US,control,baseline,mandatory_test,True,INFJ,practicing,introvert,52.6,88.1,True,True
u_00761,2025-10-08,2025-10,web,AE,variant,lower_friction,test_or_skip,False,,practicing,ambivert,59.7,69.4,True,True
u_00762,2025-02-07,2025-02,ios,UK,variant,lower_friction,test_or_skip,False,,practicing,ambivert,66.4,62.9,True,True
u_00763,2025-10-23,2025-10,ios,CA,variant,lower_friction,test_or_skip,False,,cultural,extrovert,62.3,34.8,True,True
u_00764,2025-02-09,2025-02,ios,MY,control,baseline,mandatory_test,True,INFJ,deep_seeker,deep_extrovert,43.6,100.0,True,False
u_00765,2025-03-21,2025-03,web,CA,variant,lower_friction,self_select,True,INTP,cultural,extrovert,61.1,71.1,True,True
u_00766,2025-05-22,2025-05,ios,AE,variant,lower_friction,self_select,True,ENTJ,practicing,extrovert,44.5,48.3,True,False
u_00767,2025-03-10,2025-03,android,UK,control,baseline,mandatory_test,True,ISTJ,devoted,deep_introvert,31.9,83.8,True,True
u_00768,2025-12-16,2025-12,ios,AE,variant,lower_friction,test_or_skip,False,,deep_seeker,introvert,57.8,22.3,True,True
u_00769,2025-06-22,2025-06,android,ID,variant,lower_friction,self_select,True,INFJ,practicing,introvert,65.0,78.7,True,True
u_00770,2025-05-27,2025-05,ios,AE,variant,lower_friction,self_select,True,ESTP,devoted,ambivert,35.6,6.9,True,True
u_00771,2025-07-06,2025-07,ios,US,variant,lower_friction,self_select,True,ENTP,practicing,ambivert,41.5,62.0,True,False
u_00772,2025-05-23,2025-05,ios,ID,control,baseline,mandatory_test,True,ENFJ,devoted,deep_introvert,67.7,66.7,True,True
u_00773,2025-02-23,2025-02,android,AE,variant,lower_friction,self_select,True,ESTP,practicing,ambivert,58.7,66.4,False,True
u_00774,2025-07-10,2025-07,web,AU,variant,lower_friction,test_or_skip,False,,spiritual,deep_introvert,80.8,54.6,True,True
u_00775,2025-10-07,2025-10,ios,ID,variant,lower_friction,test_or_skip,False,,practicing,deep_introvert,75.2,0.0,True,False
u_00776,2025-06-19,2025-06,android,UK,control,baseline,mandatory_test,True,ENFJ,practicing,ambivert,43.9,20.9,True,True
u_00777,2025-05-01,2025-05,ios,CA,variant,lower_friction,test_or_skip,False,,cultural,ambivert,15.2,58.1,True,True
u_00778,2025-01-20,2025-01,ios,UK,variant,lower_friction,test_or_skip,False,,devoted,ambivert,66.2,91.3,True,False
u_00779,2025-03-24,2025-03,web,ID,variant,lower_friction,test_or_skip,False,,spiritual,deep_introvert,44.5,99.0,False,False
u_00780,2025-05-29,2025-05,android,UK,variant,lower_friction,test_or_skip,False,,devoted,extrovert,65.5,74.8,True,False
u_00781,2025-05-12,2025-05,android,US,control,baseline,mandatory_test,True,ESTP,practicing,ambivert,45.8,65.2,True,False
u_00782,2025-04-22,2025-04,android,UK,control,baseline,mandatory_test,True,ENTP,cultural,introvert,45.4,64.3,True,True
u_00783,2025-05-17,2025-05,web,CA,control,baseline,mandatory_test,False,,devoted,ambivert,38.1,68.5,False,False
u_00784,2025-08-05,2025-08,ios,ID,control,baseline,mandatory_test,False,,spiritual,introvert,40.7,39.9,True,False
u_00785,2025-03-31,2025-03,ios,US,variant,lower_friction,test_or_skip,False,,spiritual,introvert,49.5,18.7,True,False
u_00786,2025-02-06,2025-02,ios,UK,variant,lower_friction,test_or_skip,False,,spiritual,deep_introvert,74.4,22.7,True,True
u_00787,2025-02-10,2025-02,android,UK,variant,lower_friction,test_or_skip,False,,devoted,extrovert,63.8,56.9,True,True
u_00788,2025-02-22,2025-02,android,UK,variant,lower_friction,test_or_skip,False,,practicing,ambivert,38.0,55.2,True,True
u_00789,2025-01-18,2025-01,ios,UK,control,baseline,mandatory_test,True,ESFJ,cultural,introvert,75.0,38.0,False,False
u_00790,2025-06-29,2025-06,ios,UK,variant,lower_friction,test_or_skip,False,,spiritual,ambivert,85.6,43.7,True,True
u_00791,2025-01-01,2025-01,ios,AU,control,baseline,mandatory_test,False,,devoted,introvert,51.1,23.4,True,True
u_00792,2025-10-25,2025-10,ios,MY,variant,lower_friction,test_or_skip,False,,cultural,ambivert,25.8,57.6,False,False
u_00793,2025-08-31,2025-08,android,ID,variant,lower_friction,test_or_skip,False,,practicing,ambivert,66.4,94.8,False,False
u_00794,2025-05-16,2025-05,ios,ID,control,baseline,mandatory_test,False,,practicing,extrovert,40.2,52.4,True,True
u_00795,2025-05-22,2025-05,ios,MY,variant,lower_friction,test_or_skip,False,,practicing,ambivert,64.5,50.9,True,True
u_00796,2025-09-18,2025-09,ios,UK,variant,lower_friction,self_select,True,ISTJ,practicing,ambivert,82.1,32.7,False,True
u_00797,2025-12-17,2025-12,ios,AU,control,baseline,mandatory_test,True,ESFJ,spiritual,introvert,50.3,49.4,True,False
u_00798,2025-09-29,2025-09,android,SG,variant,lower_friction,test_or_skip,False,,practicing,extrovert,61.1,46.3,True,True
u_00799,2025-06-05,2025-06,ios,MY,variant,lower_friction,self_select,True,INFP,devoted,introvert,64.2,56.1,True,True
u_00800,2025-10-17,2025-10,ios,UK,variant,lower_friction,test_or_skip,False,,spiritual,ambivert,44.8,91.4,False,False
u_00801,2025-04-30,2025-04,android,MY,variant,lower_friction,test_or_skip,False,,spiritual,ambivert,40.7,59.3,False,False
u_00802,2025-03-04,2025-03,ios,US,control,baseline,mandatory_test,False,,practicing,extrovert,55.1,100.0,True,False
u_00803,2025-12-25,2025-12,android,AU,control,baseline,mandatory_test,True,ISFJ,practicing,introvert,60.0,95.6,True,False
u_00804,2025-11-02,2025-11,android,SG,control,baseline,mandatory_test,False,,devoted,deep_extrovert,58.5,56.6,True,True
u_00805,2025-09-19,2025-09,android,UK,variant,lower_friction,self_select,True,INFP,cultural,introvert,25.9,37.7,True,True
u_00806,2025-11-06,2025-11,android,AE,control,baseline,mandatory_test,True,ISFJ,practicing,ambivert,31.0,30.9,False,False
u_00807,2025-09-29,2025-09,ios,AE,variant,lower_friction,test_or_skip,False,,practicing,deep_extrovert,67.6,60.3,True,True
u_00808,2025-12-20,2025-12,ios,CA,control,baseline,mandatory_test,True,ESTP,devoted,ambivert,55.7,29.3,True,True
u_00809,2025-08-25,2025-08,ios,CA,variant,lower_friction,test_or_skip,False,,practicing,ambivert,37.0,51.6,True,False
u_00810,2025-01-27,2025-01,android,MY,control,baseline,mandatory_test,False,,deep_seeker,deep_introvert,33.6,63.2,True,True
u_00811,2025-06-21,2025-06,android,UK,variant,lower_friction,self_select,True,ENFJ,cultural,ambivert,51.3,40.9,True,True
u_00812,2025-11-06,2025-11,android,UK,variant,lower_friction,self_select,True,ENFJ,practicing,introvert,46.8,81.3,True,True
u_00813,2025-06-04,2025-06,ios,AE,control,baseline,mandatory_test,True,ENTJ,deep_seeker,introvert,44.7,36.7,True,True
u_00814,2025-09-26,2025-09,ios,ID,control,baseline,mandatory_test,False,,spiritual,ambivert,53.8,78.9,True,True
u_00815,2025-07-03,2025-07,ios,SG,variant,lower_friction,test_or_skip,False,,devoted,deep_introvert,39.2,43.8,True,False
u_00816,2025-06-29,2025-06,android,AE,control,baseline,mandatory_test,True,ISTP,devoted,extrovert,68.3,77.5,False,False
u_00817,2025-08-09,2025-08,ios,AE,control,baseline,mandatory_test,True,ENTJ,cultural,extrovert,57.9,59.7,True,True
u_00818,2025-10-18,2025-10,web,ID,variant,lower_friction,test_or_skip,False,,devoted,ambivert,94.4,82.3,True,True
u_00819,2025-09-11,2025-09,ios,US,control,baseline,mandatory_test,False,,spiritual,ambivert,45.7,53.8,True,True
u_00820,2025-07-09,2025-07,web,ID,variant,lower_friction,test_or_skip,False,,practicing,deep_introvert,32.7,51.4,True,False
u_00821,2025-01-26,2025-01,ios,UK,control,baseline,mandatory_test,False,,spiritual,extrovert,75.8,78.8,False,False
u_00822,2025-06-03,2025-06,ios,CA,variant,lower_friction,test_or_skip,False,,cultural,introvert,32.1,71.8,True,True
u_00823,2025-03-01,2025-03,android,MY,control,baseline,mandatory_test,False,,deep_seeker,deep_introvert,53.6,52.2,True,True
u_00824,2025-03-12,2025-03,android,CA,control,baseline,mandatory_test,False,,devoted,ambivert,45.4,87.8,True,True
u_00825,2025-01-15,2025-01,android,MY,variant,lower_friction,self_select,True,ISFJ,devoted,ambivert,24.6,76.2,True,True
u_00826,2025-07-09,2025-07,android,ID,control,baseline,mandatory_test,True,ENTP,devoted,ambivert,59.7,45.6,True,True
u_00827,2025-01-30,2025-01,ios,UK,variant,lower_friction,self_select,True,ENFJ,practicing,ambivert,50.9,50.1,True,True
u_00828,2025-11-28,2025-11,android,ID,variant,lower_friction,test_or_skip,False,,spiritual,extrovert,62.4,32.6,True,True
u_00829,2025-08-09,2025-08,android,CA,control,baseline,mandatory_test,False,,practicing,ambivert,54.0,48.5,True,True
u_00830,2025-11-07,2025-11,ios,ID,control,baseline,mandatory_test,True,ISFJ,spiritual,introvert,56.1,60.9,True,True
u_00831,2025-01-11,2025-01,android,MY,control,baseline,mandatory_test,False,,practicing,deep_introvert,57.9,89.9,True,True
u_00832,2025-04-28,2025-04,ios,AU,variant,lower_friction,self_select,True,ISTJ,spiritual,ambivert,64.2,72.9,True,True
u_00833,2025-12-30,2025-12,ios,MY,control,baseline,mandatory_test,True,ENFP,devoted,extrovert,64.5,53.2,False,False
u_00834,2025-12-26,2025-12,ios,UK,variant,lower_friction,test_or_skip,False,,spiritual,ambivert,40.7,100.0,True,False
u_00835,2025-02-18,2025-02,ios,ID,variant,lower_friction,test_or_skip,False,,practicing,ambivert,42.1,64.5,True,True
u_00836,2025-10-25,2025-10,web,UK,variant,lower_friction,self_select,True,ESFJ,spiritual,deep_introvert,9.9,62.5,True,True
u_00837,2025-05-08,2025-05,android,AE,control,baseline,mandatory_test,True,ISTP,devoted,extrovert,44.3,76.8,True,False
u_00838,2025-06-14,2025-06,android,MY,control,baseline,mandatory_test,True,ENFP,devoted,introvert,38.3,74.8,True,True
u_00839,2025-11-15,2025-11,android,AU,variant,lower_friction,self_select,True,ESTJ,spiritual,ambivert,47.6,38.0,True,True
u_00840,2025-02-28,2025-02,android,US,variant,lower_friction,self_select,True,ESFJ,devoted,ambivert,54.3,63.4,True,True
u_00841,2025-12-22,2025-12,ios,CA,variant,lower_friction,test_or_skip,False,,deep_seeker,ambivert,64.3,51.5,False,False
u_00842,2025-03-23,2025-03,web,MY,control,baseline,mandatory_test,False,,practicing,ambivert,52.3,61.2,True,True
u_00843,2025-02-14,2025-02,android,AE,control,baseline,mandatory_test,True,ENFJ,devoted,extrovert,44.7,53.3,True,False
u_00844,2025-01-02,2025-01,ios,ID,control,baseline,mandatory_test,False,,cultural,deep_extrovert,67.5,73.8,True,True
u_00845,2025-01-02,2025-01,ios,ID,control,baseline,mandatory_test,False,,practicing,deep_introvert,49.8,91.7,True,False
u_00846,2025-05-23,2025-05,web,AE,control,baseline,mandatory_test,True,ENFJ,spiritual,extrovert,59.5,61.4,True,True
u_00847,2025-03-28,2025-03,android,AE,control,baseline,mandatory_test,False,,deep_seeker,extrovert,92.3,53.5,False,False
u_00848,2025-08-18,2025-08,web,US,control,baseline,mandatory_test,False,,practicing,extrovert,24.1,56.5,True,False
u_00849,2025-05-02,2025-05,android,SG,control,baseline,mandatory_test,False,,devoted,deep_extrovert,53.9,53.8,False,False
u_00850,2025-02-02,2025-02,android,US,control,baseline,mandatory_test,False,,practicing,deep_extrovert,39.9,63.5,True,True
u_00851,2025-04-04,2025-04,ios,UK,control,baseline,mandatory_test,False,,devoted,extrovert,38.7,28.2,False,False
u_00852,2025-06-29,2025-06,android,ID,control,baseline,mandatory_test,False,,practicing,ambivert,48.0,48.8,False,False
u_00853,2025-05-24,2025-05,android,AE,control,baseline,mandatory_test,True,ISFJ,cultural,ambivert,49.5,40.7,False,False
u_00854,2025-12-07,2025-12,ios,AE,control,baseline,mandatory_test,True,ENTP,devoted,ambivert,42.8,62.2,False,False
u_00855,2025-12-12,2025-12,web,UK,variant,lower_friction,test_or_skip,False,,practicing,ambivert,58.3,65.3,True,False
u_00856,2025-02-23,2025-02,android,MY,control,baseline,mandatory_test,False,,spiritual,extrovert,24.3,85.5,True,True
u_00857,2025-10-17,2025-10,android,US,control,baseline,mandatory_test,False,,practicing,extrovert,57.3,54.2,True,True
u_00858,2025-11-23,2025-11,android,AE,control,baseline,mandatory_test,True,ESTP,spiritual,ambivert,38.7,58.6,True,False
u_00859,2025-08-09,2025-08,android,AE,variant,lower_friction,test_or_skip,False,,devoted,extrovert,20.9,56.6,False,False
u_00860,2025-12-05,2025-12,ios,CA,variant,lower_friction,self_select,True,ISFJ,devoted,ambivert,46.6,57.3,True,True
u_00861,2025-05-20,2025-05,android,AU,variant,lower_friction,self_select,True,ISFP,practicing,introvert,36.8,82.9,False,False
u_00862,2025-06-23,2025-06,ios,MY,variant,lower_friction,test_or_skip,False,,devoted,ambivert,21.9,38.5,True,False
u_00863,2025-12-10,2025-12,android,US,variant,lower_friction,self_select,True,INTJ,spiritual,introvert,57.9,62.7,True,True
u_00864,2025-01-10,2025-01,ios,UK,variant,lower_friction,self_select,True,ESTJ,practicing,introvert,53.4,57.9,True,False
u_00865,2025-01-24,2025-01,ios,MY,control,baseline,mandatory_test,True,ISFJ,practicing,ambivert,59.4,54.1,True,False
u_00866,2025-02-24,2025-02,web,US,variant,lower_friction,self_select,True,ESFJ,practicing,introvert,59.9,64.5,True,True
u_00867,2025-10-07,2025-10,ios,ID,control,baseline,mandatory_test,True,INTJ,devoted,extrovert,34.5,100.0,True,False
u_00868,2025-04-03,2025-04,android,CA,variant,lower_friction,self_select,True,INFP,practicing,extrovert,33.1,34.2,True,True
u_00869,2025-05-21,2025-05,ios,MY,variant,lower_friction,self_select,True,ISTJ,spiritual,introvert,39.5,71.1,False,False
u_00870,2025-09-25,2025-09,ios,AE,control,baseline,mandatory_test,False,,practicing,deep_extrovert,25.3,22.7,True,False
u_00871,2025-04-30,2025-04,android,CA,variant,lower_friction,self_select,True,ESFP,practicing,ambivert,43.1,68.9,False,False
u_00872,2025-10-08,2025-10,android,AU,variant,lower_friction,self_select,True,ESFJ,spiritual,extrovert,83.5,18.1,True,True
u_00873,2025-01-24,2025-01,android,SG,variant,lower_friction,test_or_skip,False,,practicing,introvert,72.6,44.6,True,True
u_00874,2025-01-02,2025-01,ios,SG,variant,lower_friction,self_select,True,INTJ,practicing,extrovert,48.2,45.3,True,True
u_00875,2025-09-29,2025-09,android,CA,variant,lower_friction,test_or_skip,False,,devoted,introvert,51.8,65.9,True,True
u_00876,2025-07-04,2025-07,ios,ID,control,baseline,mandatory_test,True,INTJ,devoted,deep_extrovert,73.0,45.9,True,True
u_00877,2025-04-03,2025-04,android,UK,control,baseline,mandatory_test,False,,practicing,deep_introvert,58.7,76.3,False,False
u_00878,2025-11-10,2025-11,ios,MY,variant,lower_friction,test_or_skip,False,,cultural,introvert,27.0,69.5,True,True
u_00879,2025-06-01,2025-06,ios,US,control,baseline,mandatory_test,False,,cultural,ambivert,47.8,58.2,True,False
u_00880,2025-10-16,2025-10,android,US,control,baseline,mandatory_test,False,,cultural,ambivert,40.0,38.2,True,True
u_00881,2025-09-08,2025-09,ios,AE,variant,lower_friction,self_select,True,ISFP,practicing,deep_introvert,50.1,39.8,True,True
u_00882,2025-05-16,2025-05,web,CA,variant,lower_friction,self_select,True,ENTJ,practicing,extrovert,20.2,26.1,True,False
u_00883,2025-09-13,2025-09,ios,ID,variant,lower_friction,test_or_skip,False,,practicing,ambivert,41.4,56.4,True,True
u_00884,2025-12-15,2025-12,ios,CA,control,baseline,mandatory_test,True,INFJ,practicing,ambivert,71.5,39.6,True,False
u_00885,2025-11-03,2025-11,android,AE,control,baseline,mandatory_test,True,ISTP,practicing,extrovert,25.0,43.4,True,True
u_00886,2025-07-13,2025-07,web,UK,variant,lower_friction,test_or_skip,False,,practicing,deep_extrovert,30.6,17.3,True,False
u_00887,2025-11-09,2025-11,ios,UK,variant,lower_friction,self_select,True,ESFJ,practicing,ambivert,61.4,58.8,True,False
u_00888,2025-11-28,2025-11,ios,US,variant,lower_friction,test_or_skip,False,,practicing,ambivert,5.7,49.9,True,True
u_00889,2025-03-30,2025-03,ios,MY,control,baseline,mandatory_test,False,,cultural,deep_introvert,54.0,64.7,True,True
u_00890,2025-08-17,2025-08,ios,US,control,baseline,mandatory_test,False,,practicing,ambivert,34.4,33.3,True,True
u_00891,2025-12-26,2025-12,ios,ID,variant,lower_friction,test_or_skip,False,,devoted,deep_extrovert,44.7,48.9,True,True
u_00892,2025-03-24,2025-03,ios,US,variant,lower_friction,self_select,True,ISTJ,devoted,introvert,84.3,49.3,False,False
u_00893,2025-06-18,2025-06,android,ID,control,baseline,mandatory_test,False,,spiritual,introvert,55.7,50.7,True,False
u_00894,2025-09-28,2025-09,android,UK,variant,lower_friction,test_or_skip,False,,devoted,introvert,66.5,34.5,True,False
u_00895,2025-09-08,2025-09,web,SG,variant,lower_friction,test_or_skip,False,,deep_seeker,deep_introvert,68.2,17.5,False,False
u_00896,2025-05-15,2025-05,ios,US,control,baseline,mandatory_test,False,,practicing,ambivert,36.1,49.4,True,False
u_00897,2025-11-14,2025-11,ios,US,variant,lower_friction,test_or_skip,False,,devoted,ambivert,56.8,71.9,False,False
u_00898,2025-10-21,2025-10,ios,ID,variant,lower_friction,test_or_skip,False,,practicing,ambivert,93.0,73.7,True,False
u_00899,2025-03-16,2025-03,android,CA,variant,lower_friction,self_select,True,ENFP,devoted,extrovert,58.3,62.9,True,False
u_00900,2025-03-16,2025-03,android,AU,control,baseline,mandatory_test,True,ESTP,devoted,deep_introvert,50.6,93.0,True,True
u_00901,2025-06-28,2025-06,web,AE,control,baseline,mandatory_test,False,,practicing,introvert,23.4,33.7,True,True
u_00902,2025-05-28,2025-05,ios,UK,variant,lower_friction,test_or_skip,False,,devoted,introvert,45.5,46.5,False,False
u_00903,2025-01-09,2025-01,ios,US,control,baseline,mandatory_test,True,ESFP,devoted,introvert,58.9,50.4,True,False
u_00904,2025-03-14,2025-03,ios,CA,variant,lower_friction,test_or_skip,False,,spiritual,introvert,50.7,65.2,True,True
u_00905,2025-11-24,2025-11,ios,CA,variant,lower_friction,self_select,True,ISTP,practicing,ambivert,41.7,99.3,True,False
u_00906,2025-04-27,2025-04,ios,US,control,baseline,mandatory_test,True,INFP,practicing,deep_extrovert,43.0,31.3,False,False
u_00907,2025-03-14,2025-03,ios,ID,variant,lower_friction,test_or_skip,False,,devoted,introvert,62.9,37.6,True,True
u_00908,2025-07-25,2025-07,ios,CA,variant,lower_friction,self_select,True,ISTJ,cultural,ambivert,72.2,45.0,False,False
u_00909,2025-01-21,2025-01,web,CA,control,baseline,mandatory_test,True,ESTJ,practicing,introvert,46.9,68.0,False,False
u_00910,2025-01-28,2025-01,ios,MY,control,baseline,mandatory_test,False,,spiritual,extrovert,68.8,79.3,True,False
u_00911,2025-08-19,2025-08,ios,AU,variant,lower_friction,test_or_skip,False,,devoted,ambivert,52.1,69.4,True,True
u_00912,2025-06-20,2025-06,android,US,variant,lower_friction,test_or_skip,False,,practicing,deep_extrovert,37.2,63.4,False,False
u_00913,2025-12-22,2025-12,ios,AE,variant,lower_friction,self_select,True,ESTJ,cultural,ambivert,49.6,84.2,True,False
u_00914,2025-12-02,2025-12,android,CA,control,baseline,mandatory_test,False,,cultural,introvert,65.1,76.3,True,True
u_00915,2025-02-14,2025-02,ios,AE,variant,lower_friction,test_or_skip,False,,spiritual,deep_introvert,38.9,79.1,True,False
u_00916,2025-03-05,2025-03,web,UK,control,baseline,mandatory_test,True,INTP,devoted,deep_extrovert,39.1,51.2,True,False
u_00917,2025-10-30,2025-10,android,UK,variant,lower_friction,test_or_skip,False,,practicing,ambivert,24.3,79.2,True,True
u_00918,2025-09-13,2025-09,android,AE,variant,lower_friction,self_select,True,INFP,practicing,extrovert,49.0,71.9,True,True
u_00919,2025-01-14,2025-01,ios,UK,control,baseline,mandatory_test,False,,practicing,ambivert,57.2,47.8,True,True
u_00920,2025-11-25,2025-11,android,ID,variant,lower_friction,self_select,True,INFJ,spiritual,ambivert,40.3,48.7,True,True
u_00921,2025-03-24,2025-03,ios,MY,control,baseline,mandatory_test,True,ESTJ,practicing,ambivert,38.5,61.1,False,False
u_00922,2025-02-26,2025-02,android,US,variant,lower_friction,self_select,True,ISTJ,practicing,deep_extrovert,45.1,48.2,True,True
u_00923,2025-03-08,2025-03,web,UK,variant,lower_friction,test_or_skip,False,,devoted,introvert,59.9,5.3,False,True
u_00924,2025-04-17,2025-04,ios,MY,variant,lower_friction,test_or_skip,False,,deep_seeker,extrovert,15.8,74.9,True,True
u_00925,2025-05-28,2025-05,android,SG,variant,lower_friction,test_or_skip,False,,devoted,ambivert,76.3,84.7,True,False
u_00926,2025-02-10,2025-02,android,ID,variant,lower_friction,self_select,True,ESTP,devoted,ambivert,63.4,63.4,True,True
u_00927,2025-09-24,2025-09,ios,UK,control,baseline,mandatory_test,False,,practicing,extrovert,69.7,69.0,True,True
u_00928,2025-12-18,2025-12,android,ID,control,baseline,mandatory_test,False,,practicing,introvert,19.5,67.0,True,True
u_00929,2025-07-25,2025-07,ios,ID,control,baseline,mandatory_test,True,ESTJ,practicing,deep_extrovert,49.2,87.1,True,False
u_00930,2025-06-06,2025-06,android,CA,control,baseline,mandatory_test,False,,deep_seeker,ambivert,18.5,59.6,False,False
u_00931,2025-07-20,2025-07,android,AE,variant,lower_friction,test_or_skip,False,,practicing,deep_introvert,81.9,68.5,False,False
u_00932,2025-02-22,2025-02,ios,UK,variant,lower_friction,test_or_skip,False,,practicing,ambivert,75.9,46.7,True,True
u_00933,2025-03-01,2025-03,android,AE,variant,lower_friction,test_or_skip,False,,spiritual,ambivert,35.7,69.4,True,False
u_00934,2025-08-15,2025-08,android,US,control,baseline,mandatory_test,False,,devoted,ambivert,63.1,48.9,True,True
u_00935,2025-12-30,2025-12,android,US,control,baseline,mandatory_test,False,,deep_seeker,deep_introvert,40.2,39.2,True,False
u_00936,2025-12-08,2025-12,web,AE,control,baseline,mandatory_test,False,,practicing,introvert,29.4,79.1,False,False
u_00937,2025-09-21,2025-09,ios,US,control,baseline,mandatory_test,True,ENFP,devoted,ambivert,44.7,87.8,False,False
u_00938,2025-05-19,2025-05,ios,MY,control,baseline,mandatory_test,False,,spiritual,extrovert,20.3,71.7,False,False
u_00939,2025-01-21,2025-01,web,UK,variant,lower_friction,test_or_skip,False,,practicing,extrovert,32.3,36.4,True,True
u_00940,2025-11-07,2025-11,android,CA,variant,lower_friction,self_select,True,ISTP,spiritual,deep_introvert,56.6,57.6,False,False
u_00941,2025-01-31,2025-01,android,UK,variant,lower_friction,self_select,True,INTP,devoted,extrovert,56.0,61.1,False,False
u_00942,2025-02-03,2025-02,ios,SG,variant,lower_friction,test_or_skip,False,,spiritual,ambivert,77.4,75.2,False,False
u_00943,2025-04-20,2025-04,ios,ID,variant,lower_friction,test_or_skip,False,,cultural,extrovert,100.0,58.8,True,True
u_00944,2025-01-08,2025-01,ios,AE,control,baseline,mandatory_test,False,,cultural,ambivert,82.3,60.0,False,False
u_00945,2025-02-09,2025-02,ios,UK,variant,lower_friction,self_select,True,ENFP,deep_seeker,ambivert,64.3,73.5,True,True
u_00946,2025-08-15,2025-08,android,AU,control,baseline,mandatory_test,False,,practicing,deep_introvert,59.1,49.4,True,True
u_00947,2025-07-25,2025-07,ios,UK,control,baseline,mandatory_test,False,,deep_seeker,deep_introvert,34.3,70.5,False,False
u_00948,2025-07-03,2025-07,ios,CA,variant,lower_friction,test_or_skip,False,,devoted,introvert,63.2,100.0,False,False
u_00949,2025-05-24,2025-05,android,UK,control,baseline,mandatory_test,True,ISTJ,devoted,introvert,50.5,66.2,True,True
u_00950,2025-01-25,2025-01,android,AE,control,baseline,mandatory_test,False,,cultural,introvert,63.5,62.0,True,True
u_00951,2025-12-01,2025-12,android,US,variant,lower_friction,test_or_skip,False,,devoted,ambivert,16.9,85.6,True,True
u_00952,2025-10-14,2025-10,ios,ID,control,baseline,mandatory_test,True,ISTJ,cultural,ambivert,38.7,46.8,False,False
u_00953,2025-12-18,2025-12,ios,MY,variant,lower_friction,test_or_skip,False,,spiritual,deep_introvert,43.3,62.3,False,False
u_00954,2025-12-08,2025-12,ios,UK,variant,lower_friction,self_select,True,INTP,practicing,extrovert,62.4,57.9,True,True
u_00955,2025-08-02,2025-08,android,AU,control,baseline,mandatory_test,False,,practicing,deep_extrovert,60.5,64.8,False,False
u_00956,2025-05-31,2025-05,web,ID,variant,lower_friction,test_or_skip,False,,practicing,ambivert,33.6,62.1,True,True
u_00957,2025-07-05,2025-07,ios,SG,control,baseline,mandatory_test,True,ENTJ,practicing,ambivert,50.9,42.5,False,False
u_00958,2025-08-10,2025-08,web,SG,control,baseline,mandatory_test,True,INFP,devoted,deep_introvert,35.5,34.7,True,True
u_00959,2025-01-13,2025-01,android,CA,variant,lower_friction,test_or_skip,False,,practicing,ambivert,69.5,59.4,False,False
u_00960,2025-02-25,2025-02,ios,AE,variant,lower_friction,self_select,True,ENTP,practicing,ambivert,67.5,58.5,True,True
u_00961,2025-06-13,2025-06,ios,ID,control,baseline,mandatory_test,False,,practicing,ambivert,64.1,47.4,False,False
u_00962,2025-11-05,2025-11,android,UK,control,baseline,mandatory_test,False,,spiritual,deep_introvert,75.3,52.1,False,False
u_00963,2025-11-13,2025-11,android,AU,control,baseline,mandatory_test,True,ISFJ,practicing,introvert,70.8,60.8,False,False
u_00964,2025-09-03,2025-09,android,AU,control,baseline,mandatory_test,True,ISFJ,devoted,ambivert,44.6,50.0,True,True
u_00965,2025-02-02,2025-02,ios,US,variant,lower_friction,self_select,True,ISTP,practicing,extrovert,38.4,54.2,False,False
u_00966,2025-04-11,2025-04,android,AE,variant,lower_friction,test_or_skip,False,,practicing,introvert,35.8,36.9,True,True
u_00967,2025-10-02,2025-10,ios,CA,control,baseline,mandatory_test,True,ISFJ,devoted,extrovert,16.0,65.2,False,False
u_00968,2025-12-16,2025-12,ios,MY,variant,lower_friction,self_select,True,ESTP,cultural,ambivert,11.8,82.0,True,True
u_00969,2025-10-10,2025-10,android,SG,variant,lower_friction,test_or_skip,False,,practicing,ambivert,59.0,68.4,False,False
u_00970,2025-12-21,2025-12,ios,UK,control,baseline,mandatory_test,True,ENTJ,practicing,ambivert,44.7,77.8,True,True
u_00971,2025-07-17,2025-07,web,MY,control,baseline,mandatory_test,False,,practicing,ambivert,40.6,63.6,False,False
u_00972,2025-11-06,2025-11,android,UK,control,baseline,mandatory_test,False,,practicing,extrovert,40.1,42.5,True,False
u_00973,2025-12-16,2025-12,web,CA,control,baseline,mandatory_test,False,,cultural,deep_extrovert,27.3,48.7,True,True
u_00974,2025-01-07,2025-01,android,UK,control,baseline,mandatory_test,False,,practicing,ambivert,54.1,90.2,True,True
u_00975,2025-08-30,2025-08,ios,UK,control,baseline,mandatory_test,False,,practicing,ambivert,56.4,46.3,True,False
u_00976,2025-12-12,2025-12,ios,US,control,baseline,mandatory_test,False,,practicing,extrovert,81.8,49.5,False,False
u_00977,2025-08-18,2025-08,web,AU,variant,lower_friction,test_or_skip,False,,practicing,extrovert,60.5,59.7,True,True
u_00978,2025-09-03,2025-09,ios,SG,variant,lower_friction,self_select,True,ENFJ,practicing,ambivert,61.3,70.3,True,False
u_00979,2025-02-23,2025-02,ios,AU,variant,lower_friction,test_or_skip,False,,practicing,extrovert,24.2,64.9,False,False
u_00980,2025-01-07,2025-01,android,AE,variant,lower_friction,test_or_skip,False,,practicing,introvert,39.4,56.3,True,True
u_00981,2025-05-11,2025-05,ios,US,control,baseline,mandatory_test,True,ENTJ,practicing,ambivert,100.0,44.1,True,False
u_00982,2025-11-10,2025-11,ios,US,variant,lower_friction,test_or_skip,False,,devoted,introvert,42.3,32.3,True,True
u_00983,2025-07-14,2025-07,android,US,control,baseline,mandatory_test,True,ESTP,practicing,introvert,37.0,100.0,False,False
u_00984,2025-05-21,2025-05,ios,US,variant,lower_friction,test_or_skip,False,,practicing,extrovert,55.4,100.0,True,True
u_00985,2025-04-22,2025-04,android,ID,variant,lower_friction,test_or_skip,False,,spiritual,deep_extrovert,73.9,61.5,True,True
u_00986,2025-07-31,2025-07,ios,ID,control,baseline,mandatory_test,True,ENTJ,deep_seeker,extrovert,58.5,53.6,True,False
u_00987,2025-06-02,2025-06,android,AE,variant,lower_friction,test_or_skip,False,,spiritual,ambivert,45.4,84.6,True,True
u_00988,2025-04-20,2025-04,ios,UK,variant,lower_friction,test_or_skip,False,,spiritual,deep_introvert,38.7,26.0,True,False
u_00989,2025-10-11,2025-10,ios,CA,control,baseline,mandatory_test,False,,deep_seeker,introvert,55.7,85.2,False,False
u_00990,2025-08-16,2025-08,android,UK,variant,lower_friction,self_select,True,ESTJ,deep_seeker,ambivert,40.7,55.0,True,True
u_00991,2025-09-02,2025-09,ios,UK,control,baseline,mandatory_test,False,,devoted,introvert,27.6,59.6,False,False
u_00992,2025-10-04,2025-10,android,ID,variant,lower_friction,self_select,True,ENTJ,spiritual,ambivert,73.9,51.6,True,True
u_00993,2025-06-08,2025-06,web,MY,control,baseline,mandatory_test,False,,devoted,introvert,29.3,52.1,False,False
u_00994,2025-09-07,2025-09,android,ID,control,baseline,mandatory_test,True,ESFJ,devoted,extrovert,60.1,35.3,True,True
u_00995,2025-01-03,2025-01,android,AU,control,baseline,mandatory_test,False,,cultural,ambivert,74.9,32.6,True,False
u_00996,2025-04-21,2025-04,android,UK,variant,lower_friction,test_or_skip,False,,devoted,introvert,57.6,67.2,False,False
u_00997,2025-08-22,2025-08,ios,CA,variant,lower_friction,test_or_skip,False,,spiritual,deep_introvert,65.5,46.9,True,True
u_00998,2025-09-10,2025-09,ios,UK,control,baseline,mandatory_test,False,,practicing,introvert,63.8,80.8,False,False
u_00999,2025-08-22,2025-08,android,AE,variant,lower_friction,test_or_skip,False,,practicing,extrovert,25.6,40.9,True,True
u_01000,2025-07-14,2025-07,android,MY,control,baseline,mandatory_test,True,ISTJ,practicing,ambivert,51.7,65.8,True,True
u_01001,2025-09-15,2025-09,android,UK,variant,lower_friction,self_select,True,ESFJ,practicing,introvert,41.1,37.0,True,False
u_01002,2025-07-26,2025-07,ios,US,variant,lower_friction,test_or_skip,False,,practicing,deep_introvert,43.3,68.2,True,False
u_01003,2025-08-18,2025-08,android,US,control,baseline,mandatory_test,False,,spiritual,introvert,5.9,75.9,True,True
u_01004,2025-11-19,2025-11,ios,ID,control,baseline,mandatory_test,True,ESTP,devoted,introvert,41.3,31.6,True,True
u_01005,2025-05-03,2025-05,ios,SG,variant,lower_friction,test_or_skip,False,,cultural,ambivert,60.6,48.0,False,True
u_01006,2025-03-28,2025-03,ios,MY,control,baseline,mandatory_test,True,INFP,spiritual,introvert,36.2,59.0,True,False
u_01007,2025-09-24,2025-09,ios,US,variant,lower_friction,self_select,True,ENTP,practicing,introvert,48.2,37.5,False,False
u_01008,2025-10-03,2025-10,ios,MY,control,baseline,mandatory_test,True,ISTP,devoted,introvert,31.8,22.9,False,False
u_01009,2025-03-22,2025-03,ios,AU,control,baseline,mandatory_test,False,,devoted,ambivert,59.5,36.2,False,False
u_01010,2025-03-08,2025-03,android,US,variant,lower_friction,self_select,True,INTJ,practicing,introvert,33.8,75.3,True,True
u_01011,2025-12-16,2025-12,android,MY,control,baseline,mandatory_test,False,,practicing,extrovert,68.0,49.9,False,False
u_01012,2025-03-20,2025-03,ios,CA,control,baseline,mandatory_test,True,ISTJ,spiritual,ambivert,59.7,71.7,True,True
u_01013,2025-10-04,2025-10,android,MY,variant,lower_friction,self_select,True,INFJ,practicing,introvert,38.4,60.7,True,True
u_01014,2025-11-02,2025-11,ios,MY,variant,lower_friction,self_select,True,ESFJ,devoted,deep_introvert,63.2,39.4,False,False
u_01015,2025-01-24,2025-01,android,CA,control,baseline,mandatory_test,False,,practicing,ambivert,69.6,100.0,False,False
u_01016,2025-03-31,2025-03,ios,ID,variant,lower_friction,self_select,True,ENFP,deep_seeker,deep_introvert,66.5,62.8,False,False
u_01017,2025-02-07,2025-02,android,AU,control,baseline,mandatory_test,True,ENFJ,practicing,introvert,4.6,82.7,True,False
u_01018,2025-12-26,2025-12,web,CA,variant,lower_friction,test_or_skip,False,,practicing,extrovert,67.8,80.2,False,False
u_01019,2025-04-17,2025-04,ios,MY,control,baseline,mandatory_test,True,ESTP,practicing,ambivert,66.8,77.7,True,True
u_01020,2025-03-13,2025-03,android,UK,variant,lower_friction,test_or_skip,False,,practicing,introvert,65.9,72.1,True,False
u_01021,2025-12-01,2025-12,ios,CA,variant,lower_friction,self_select,True,INTP,spiritual,ambivert,68.1,20.8,False,True
u_01022,2025-07-18,2025-07,ios,US,variant,lower_friction,self_select,True,INFP,practicing,ambivert,76.8,40.4,True,False
u_01023,2025-05-04,2025-05,android,UK,variant,lower_friction,test_or_skip,False,,devoted,deep_extrovert,51.6,48.4,True,True
u_01024,2025-09-16,2025-09,ios,AE,control,baseline,mandatory_test,False,,deep_seeker,extrovert,75.8,100.0,False,False
u_01025,2025-12-02,2025-12,android,US,variant,lower_friction,test_or_skip,False,,practicing,introvert,74.4,36.5,True,True
u_01026,2025-03-20,2025-03,web,UK,control,baseline,mandatory_test,False,,devoted,ambivert,65.7,40.3,True,False
u_01027,2025-11-30,2025-11,android,ID,control,baseline,mandatory_test,False,,practicing,ambivert,67.3,46.4,True,False
u_01028,2025-03-17,2025-03,android,ID,control,baseline,mandatory_test,True,ISTJ,spiritual,ambivert,28.7,57.9,False,False
u_01029,2025-08-20,2025-08,ios,MY,variant,lower_friction,self_select,True,ISTP,spiritual,ambivert,34.8,67.8,True,False
u_01030,2025-12-16,2025-12,android,AU,variant,lower_friction,test_or_skip,False,,practicing,extrovert,44.8,67.8,True,False
u_01031,2025-01-12,2025-01,android,US,variant,lower_friction,test_or_skip,False,,practicing,extrovert,70.2,36.5,False,False
u_01032,2025-10-02,2025-10,ios,UK,variant,lower_friction,self_select,True,ENFP,devoted,extrovert,68.5,55.8,True,True
u_01033,2025-02-22,2025-02,web,US,control,baseline,mandatory_test,True,ENTJ,deep_seeker,deep_extrovert,24.1,66.6,False,False
u_01034,2025-11-30,2025-11,android,CA,variant,lower_friction,test_or_skip,False,,devoted,extrovert,56.5,59.2,True,True
u_01035,2025-06-28,2025-06,ios,US,variant,lower_friction,test_or_skip,False,,deep_seeker,ambivert,32.7,46.8,False,False
u_01036,2025-06-28,2025-06,ios,UK,variant,lower_friction,test_or_skip,False,,devoted,ambivert,83.6,43.3,True,True
u_01037,2025-08-03,2025-08,web,ID,control,baseline,mandatory_test,True,INTP,cultural,extrovert,68.4,81.0,False,False
u_01038,2025-06-16,2025-06,ios,CA,control,baseline,mandatory_test,False,,deep_seeker,ambivert,38.4,71.3,False,False
u_01039,2025-05-24,2025-05,android,AE,control,baseline,mandatory_test,False,,devoted,ambivert,82.7,79.7,False,False
u_01040,2025-11-19,2025-11,ios,UK,variant,lower_friction,test_or_skip,False,,practicing,extrovert,54.7,64.6,True,False
u_01041,2025-08-11,2025-08,android,AU,control,baseline,mandatory_test,False,,deep_seeker,deep_introvert,30.2,74.3,True,False
u_01042,2025-08-08,2025-08,android,US,control,baseline,mandatory_test,False,,devoted,ambivert,50.3,75.4,True,True
u_01043,2025-09-29,2025-09,ios,UK,control,baseline,mandatory_test,False,,practicing,ambivert,29.6,29.0,True,False
u_01044,2025-06-24,2025-06,android,CA,control,baseline,mandatory_test,False,,practicing,introvert,60.2,46.1,False,False
u_01045,2025-12-19,2025-12,android,UK,variant,lower_friction,test_or_skip,False,,devoted,ambivert,68.2,100.0,True,True
u_01046,2025-12-29,2025-12,android,AE,control,baseline,mandatory_test,False,,devoted,ambivert,40.4,80.8,True,True
u_01047,2025-04-29,2025-04,ios,AE,control,baseline,mandatory_test,False,,spiritual,ambivert,47.9,66.2,True,False
u_01048,2025-08-14,2025-08,ios,UK,variant,lower_friction,self_select,True,ENFP,spiritual,deep_extrovert,16.0,56.7,True,True
u_01049,2025-07-03,2025-07,ios,ID,control,baseline,mandatory_test,True,ESTJ,devoted,ambivert,52.4,25.6,True,False
u_01050,2025-02-27,2025-02,ios,MY,control,baseline,mandatory_test,True,ENTJ,practicing,introvert,23.2,26.9,False,False
u_01051,2025-05-25,2025-05,ios,MY,control,baseline,mandatory_test,False,,devoted,introvert,60.7,69.9,True,False
u_01052,2025-03-09,2025-03,ios,MY,variant,lower_friction,test_or_skip,False,,practicing,extrovert,64.3,53.6,True,True
u_01053,2025-06-17,2025-06,web,MY,control,baseline,mandatory_test,True,ESFP,devoted,introvert,39.1,41.9,True,True
u_01054,2025-11-08,2025-11,ios,CA,variant,lower_friction,test_or_skip,False,,practicing,introvert,86.1,22.8,False,False
u_01055,2025-04-03,2025-04,android,CA,variant,lower_friction,self_select,True,ESFP,practicing,deep_extrovert,56.4,55.6,False,False
u_01056,2025-01-14,2025-01,ios,CA,control,baseline,mandatory_test,True,ENFP,deep_seeker,introvert,72.4,50.5,True,True
u_01057,2025-04-03,2025-04,android,AE,variant,lower_friction,self_select,True,ESFP,spiritual,introvert,42.2,78.3,False,False
u_01058,2025-07-06,2025-07,android,AE,variant,lower_friction,test_or_skip,False,,spiritual,introvert,26.9,47.4,True,True
u_01059,2025-03-13,2025-03,ios,US,variant,lower_friction,self_select,True,ESFP,practicing,extrovert,27.1,90.8,False,False
u_01060,2025-07-31,2025-07,android,CA,control,baseline,mandatory_test,False,,deep_seeker,extrovert,32.5,27.2,False,False
u_01061,2025-07-01,2025-07,ios,UK,variant,lower_friction,self_select,True,INTP,devoted,introvert,38.6,64.4,True,True
u_01062,2025-11-20,2025-11,ios,UK,variant,lower_friction,test_or_skip,False,,devoted,deep_extrovert,32.9,50.4,True,False
u_01063,2025-01-07,2025-01,ios,CA,control,baseline,mandatory_test,True,ENFP,practicing,deep_extrovert,73.5,70.1,True,True
u_01064,2025-04-09,2025-04,android,ID,variant,lower_friction,test_or_skip,False,,practicing,ambivert,48.6,48.3,False,True
u_01065,2025-04-18,2025-04,android,AE,variant,lower_friction,test_or_skip,False,,devoted,extrovert,58.6,51.0,True,True
u_01066,2025-05-13,2025-05,ios,AE,control,baseline,mandatory_test,True,ENFP,practicing,introvert,44.9,68.0,True,False
u_01067,2025-06-05,2025-06,android,MY,control,baseline,mandatory_test,True,INTJ,spiritual,ambivert,20.9,62.1,False,False
u_01068,2025-01-17,2025-01,android,US,variant,lower_friction,test_or_skip,False,,practicing,deep_introvert,47.7,12.0,True,True
u_01069,2025-05-31,2025-05,android,AU,variant,lower_friction,test_or_skip,False,,devoted,introvert,38.6,47.4,False,True
u_01070,2025-03-06,2025-03,ios,AE,variant,lower_friction,test_or_skip,False,,practicing,introvert,79.1,100.0,True,True
u_01071,2025-12-17,2025-12,ios,US,variant,lower_friction,test_or_skip,False,,cultural,ambivert,53.3,52.0,False,False
u_01072,2025-05-19,2025-05,android,CA,control,baseline,mandatory_test,True,ENFJ,spiritual,deep_extrovert,48.7,57.7,True,True
u_01073,2025-11-18,2025-11,android,UK,variant,lower_friction,test_or_skip,False,,spiritual,ambivert,83.3,78.7,True,False
u_01074,2025-04-20,2025-04,android,ID,variant,lower_friction,self_select,True,INFP,practicing,extrovert,59.3,46.5,True,False
u_01075,2025-07-30,2025-07,web,UK,control,baseline,mandatory_test,True,INTJ,practicing,deep_extrovert,67.8,67.3,True,True
u_01076,2025-09-03,2025-09,ios,ID,variant,lower_friction,test_or_skip,False,,practicing,ambivert,71.9,66.3,True,False
u_01077,2025-08-10,2025-08,ios,UK,control,baseline,mandatory_test,False,,cultural,ambivert,40.9,53.9,False,False
u_01078,2025-10-05,2025-10,ios,MY,control,baseline,mandatory_test,True,ISFJ,practicing,deep_extrovert,40.6,59.2,False,False
u_01079,2025-11-07,2025-11,android,UK,control,baseline,mandatory_test,False,,cultural,extrovert,57.7,10.4,True,True
u_01080,2025-07-03,2025-07,ios,CA,variant,lower_friction,self_select,True,INFJ,devoted,ambivert,59.0,79.7,True,True
u_01081,2025-09-20,2025-09,ios,UK,control,baseline,mandatory_test,False,,deep_seeker,extrovert,66.6,97.4,False,False
u_01082,2025-08-28,2025-08,ios,US,variant,lower_friction,self_select,True,ENFJ,devoted,ambivert,29.1,69.2,True,True
u_01083,2025-06-26,2025-06,android,US,variant,lower_friction,test_or_skip,False,,cultural,deep_extrovert,62.9,65.6,True,True
u_01084,2025-09-22,2025-09,ios,AU,control,baseline,mandatory_test,False,,spiritual,deep_introvert,50.4,50.9,True,False
u_01085,2025-06-19,2025-06,android,AE,variant,lower_friction,test_or_skip,False,,devoted,ambivert,52.7,23.3,True,False
u_01086,2025-02-09,2025-02,ios,MY,variant,lower_friction,test_or_skip,False,,practicing,introvert,46.3,52.9,True,True
u_01087,2025-06-09,2025-06,ios,US,variant,lower_friction,test_or_skip,False,,cultural,introvert,65.4,75.9,False,False
u_01088,2025-12-17,2025-12,ios,AE,variant,lower_friction,test_or_skip,False,,spiritual,deep_extrovert,58.8,48.5,True,True
u_01089,2025-09-11,2025-09,ios,AE,control,baseline,mandatory_test,False,,cultural,extrovert,32.0,100.0,True,False
u_01090,2025-02-20,2025-02,web,ID,variant,lower_friction,test_or_skip,False,,practicing,extrovert,19.8,73.3,True,True
u_01091,2025-12-26,2025-12,ios,UK,variant,lower_friction,test_or_skip,False,,spiritual,introvert,49.7,51.6,True,False
u_01092,2025-11-15,2025-11,android,ID,variant,lower_friction,self_select,True,ENTJ,practicing,deep_introvert,73.8,24.4,True,True
u_01093,2025-01-01,2025-01,android,CA,variant,lower_friction,test_or_skip,False,,spiritual,extrovert,64.8,45.1,False,False
u_01094,2025-11-04,2025-11,android,MY,variant,lower_friction,test_or_skip,False,,spiritual,introvert,62.5,59.9,True,True
u_01095,2025-01-01,2025-01,ios,US,variant,lower_friction,test_or_skip,False,,practicing,introvert,58.2,83.7,True,False
u_01096,2025-12-17,2025-12,android,MY,variant,lower_friction,self_select,True,ISTJ,practicing,deep_extrovert,40.8,38.0,True,True
u_01097,2025-01-27,2025-01,ios,UK,variant,lower_friction,test_or_skip,False,,devoted,deep_extrovert,57.5,57.3,False,False
u_01098,2025-11-15,2025-11,ios,US,control,baseline,mandatory_test,False,,practicing,deep_introvert,46.9,33.2,False,False
u_01099,2025-04-27,2025-04,android,CA,variant,lower_friction,test_or_skip,False,,spiritual,deep_extrovert,49.7,89.5,True,True
u_01100,2025-10-22,2025-10,android,MY,variant,lower_friction,test_or_skip,False,,devoted,ambivert,38.3,68.1,True,True
u_01101,2025-08-23,2025-08,android,CA,variant,lower_friction,test_or_skip,False,,spiritual,extrovert,27.6,80.7,True,True
u_01102,2025-12-19,2025-12,android,UK,control,baseline,mandatory_test,False,,practicing,introvert,53.2,35.3,True,False
u_01103,2025-05-05,2025-05,android,AU,variant,lower_friction,test_or_skip,False,,deep_seeker,extrovert,46.4,94.5,True,False
u_01104,2025-04-12,2025-04,ios,AE,variant,lower_friction,test_or_skip,False,,practicing,extrovert,32.1,57.6,True,False
u_01105,2025-11-23,2025-11,android,ID,control,baseline,mandatory_test,True,ESTP,devoted,ambivert,57.5,71.9,True,True
u_01106,2025-11-19,2025-11,android,AU,control,baseline,mandatory_test,True,ISTJ,practicing,introvert,65.8,8.5,False,False
u_01107,2025-10-27,2025-10,ios,UK,control,baseline,mandatory_test,False,,deep_seeker,extrovert,28.1,77.9,True,False
u_01108,2025-08-05,2025-08,android,MY,variant,lower_friction,test_or_skip,False,,cultural,deep_introvert,34.1,61.2,True,False
u_01109,2025-12-08,2025-12,android,ID,variant,lower_friction,test_or_skip,False,,deep_seeker,ambivert,54.7,44.2,True,True
u_01110,2025-01-26,2025-01,ios,UK,variant,lower_friction,test_or_skip,False,,practicing,ambivert,58.8,94.8,True,False
u_01111,2025-07-23,2025-07,android,CA,variant,lower_friction,test_or_skip,False,,deep_seeker,ambivert,75.6,57.4,True,False
u_01112,2025-06-23,2025-06,ios,MY,control,baseline,mandatory_test,False,,practicing,ambivert,84.6,50.5,True,False
u_01113,2025-02-16,2025-02,android,US,control,baseline,mandatory_test,False,,devoted,extrovert,53.0,14.7,False,False
u_01114,2025-10-05,2025-10,web,AE,variant,lower_friction,test_or_skip,False,,spiritual,ambivert,49.7,72.6,True,False
u_01115,2025-11-22,2025-11,ios,MY,variant,lower_friction,test_or_skip,False,,spiritual,extrovert,56.8,100.0,False,False
u_01116,2025-02-17,2025-02,ios,AU,control,baseline,mandatory_test,False,,spiritual,deep_extrovert,30.1,43.2,False,False
u_01117,2025-04-30,2025-04,ios,US,control,baseline,mandatory_test,True,ISTP,practicing,introvert,56.1,74.0,True,False
u_01118,2025-01-26,2025-01,ios,AU,variant,lower_friction,self_select,True,ENFP,spiritual,introvert,90.2,46.1,True,True
u_01119,2025-10-18,2025-10,ios,UK,variant,lower_friction,test_or_skip,False,,practicing,ambivert,55.5,50.0,True,False
u_01120,2025-03-31,2025-03,ios,SG,control,baseline,mandatory_test,True,ENTJ,devoted,ambivert,36.5,48.1,False,False
u_01121,2025-08-04,2025-08,ios,MY,variant,lower_friction,self_select,True,INTP,practicing,ambivert,30.0,22.3,True,True
u_01122,2025-11-27,2025-11,web,UK,variant,lower_friction,self_select,True,ENFJ,deep_seeker,ambivert,88.5,49.6,True,True
u_01123,2025-02-10,2025-02,ios,UK,control,baseline,mandatory_test,False,,practicing,extrovert,46.5,69.1,False,False
u_01124,2025-05-23,2025-05,ios,ID,control,baseline,mandatory_test,True,ISTP,spiritual,deep_introvert,54.4,86.9,True,False
u_01125,2025-07-28,2025-07,ios,US,variant,lower_friction,test_or_skip,False,,deep_seeker,introvert,43.6,65.7,True,False
u_01126,2025-12-05,2025-12,ios,CA,control,baseline,mandatory_test,True,ESTJ,spiritual,extrovert,67.9,86.8,True,True
u_01127,2025-07-22,2025-07,android,ID,control,baseline,mandatory_test,False,,spiritual,introvert,67.5,59.0,False,False
u_01128,2025-05-14,2025-05,android,AE,variant,lower_friction,test_or_skip,False,,spiritual,ambivert,44.7,45.2,True,False
u_01129,2025-01-18,2025-01,android,US,control,baseline,mandatory_test,True,INTP,spiritual,extrovert,46.5,77.9,True,False
u_01130,2025-09-09,2025-09,ios,MY,control,baseline,mandatory_test,True,ISTJ,spiritual,extrovert,41.6,71.2,True,False
u_01131,2025-07-06,2025-07,web,ID,variant,lower_friction,test_or_skip,False,,spiritual,ambivert,11.4,56.7,True,True
u_01132,2025-02-21,2025-02,ios,UK,control,baseline,mandatory_test,True,INTP,practicing,deep_introvert,48.4,41.8,False,False
u_01133,2025-02-19,2025-02,android,MY,variant,lower_friction,test_or_skip,False,,spiritual,ambivert,15.4,59.7,True,True
u_01134,2025-01-24,2025-01,ios,US,control,baseline,mandatory_test,True,INFP,practicing,deep_introvert,24.7,100.0,False,False
u_01135,2025-05-15,2025-05,android,MY,variant,lower_friction,test_or_skip,False,,spiritual,deep_introvert,22.7,53.9,True,False
u_01136,2025-06-23,2025-06,android,CA,variant,lower_friction,test_or_skip,False,,practicing,ambivert,64.8,75.5,True,True
u_01137,2025-01-30,2025-01,android,US,control,baseline,mandatory_test,True,ENFJ,spiritual,ambivert,55.7,63.6,True,True
u_01138,2025-07-01,2025-07,android,ID,control,baseline,mandatory_test,True,INFP,practicing,introvert,29.4,100.0,True,True
u_01139,2025-08-16,2025-08,web,US,variant,lower_friction,test_or_skip,False,,practicing,introvert,55.0,42.2,True,False
u_01140,2025-09-08,2025-09,android,MY,variant,lower_friction,test_or_skip,False,,cultural,ambivert,68.7,38.1,False,False
u_01141,2025-03-03,2025-03,android,AU,control,baseline,mandatory_test,False,,spiritual,ambivert,47.1,47.1,True,False
u_01142,2025-01-08,2025-01,ios,US,control,baseline,mandatory_test,False,,practicing,deep_introvert,83.5,92.6,False,False
u_01143,2025-08-25,2025-08,android,MY,variant,lower_friction,test_or_skip,False,,cultural,extrovert,39.1,55.2,True,True
u_01144,2025-05-25,2025-05,android,AU,variant,lower_friction,test_or_skip,False,,practicing,introvert,56.0,81.3,True,True
u_01145,2025-08-27,2025-08,ios,SG,variant,lower_friction,test_or_skip,False,,practicing,extrovert,71.5,82.0,True,True
u_01146,2025-10-12,2025-10,ios,US,variant,lower_friction,test_or_skip,False,,spiritual,ambivert,42.7,100.0,True,True
u_01147,2025-02-02,2025-02,ios,ID,control,baseline,mandatory_test,False,,practicing,deep_introvert,39.9,62.6,True,True
u_01148,2025-12-19,2025-12,ios,US,control,baseline,mandatory_test,True,INFJ,practicing,deep_introvert,31.7,50.2,False,False
u_01149,2025-05-30,2025-05,android,UK,variant,lower_friction,test_or_skip,False,,practicing,ambivert,14.5,71.9,True,True
u_01150,2025-11-10,2025-11,ios,UK,variant,lower_friction,self_select,True,ESFP,devoted,ambivert,81.6,62.4,True,False
u_01151,2025-07-23,2025-07,web,UK,variant,lower_friction,test_or_skip,False,,devoted,ambivert,36.4,84.0,True,True
u_01152,2025-11-03,2025-11,android,US,variant,lower_friction,self_select,True,ISTJ,spiritual,ambivert,22.2,57.3,True,True
u_01153,2025-03-04,2025-03,web,AU,variant,lower_friction,test_or_skip,False,,practicing,deep_extrovert,51.6,78.2,True,True
u_01154,2025-03-08,2025-03,ios,UK,control,baseline,mandatory_test,True,ISFP,spiritual,deep_extrovert,70.1,81.2,True,True
u_01155,2025-10-03,2025-10,ios,CA,variant,lower_friction,test_or_skip,False,,practicing,ambivert,48.0,19.9,False,False
u_01156,2025-12-08,2025-12,android,UK,control,baseline,mandatory_test,True,ENTP,cultural,ambivert,47.7,84.3,True,True
u_01157,2025-03-07,2025-03,ios,AU,variant,lower_friction,test_or_skip,False,,spiritual,ambivert,50.2,56.6,True,False
u_01158,2025-02-18,2025-02,android,MY,control,baseline,mandatory_test,True,ENTJ,cultural,deep_extrovert,29.2,26.7,True,True
u_01159,2025-07-04,2025-07,android,ID,variant,lower_friction,self_select,True,ESFJ,devoted,ambivert,64.7,47.3,True,True
u_01160,2025-08-05,2025-08,android,AU,control,baseline,mandatory_test,False,,practicing,ambivert,34.0,76.0,True,True
u_01161,2025-04-08,2025-04,ios,CA,control,baseline,mandatory_test,False,,spiritual,extrovert,57.9,47.8,True,True
u_01162,2025-12-15,2025-12,ios,US,variant,lower_friction,test_or_skip,False,,cultural,ambivert,64.6,26.2,True,True
u_01163,2025-09-15,2025-09,ios,SG,variant,lower_friction,self_select,True,ESTP,cultural,introvert,26.5,66.1,True,True
u_01164,2025-01-03,2025-01,android,UK,variant,lower_friction,self_select,True,ESTP,practicing,ambivert,48.6,81.6,False,False
u_01165,2025-12-13,2025-12,android,AU,variant,lower_friction,test_or_skip,False,,practicing,extrovert,54.5,50.8,False,False
u_01166,2025-08-25,2025-08,ios,MY,variant,lower_friction,test_or_skip,False,,spiritual,deep_extrovert,44.9,95.8,False,False
u_01167,2025-08-08,2025-08,ios,AE,control,baseline,mandatory_test,False,,practicing,ambivert,53.1,20.4,False,False
u_01168,2025-04-15,2025-04,android,UK,control,baseline,mandatory_test,False,,practicing,extrovert,25.3,58.2,True,False
u_01169,2025-01-22,2025-01,ios,ID,control,baseline,mandatory_test,False,,spiritual,extrovert,100.0,22.8,True,False
u_01170,2025-07-02,2025-07,ios,US,control,baseline,mandatory_test,True,ESTJ,practicing,extrovert,2.3,74.9,True,False
u_01171,2025-07-11,2025-07,ios,AE,control,baseline,mandatory_test,False,,cultural,extrovert,54.1,61.1,True,True
u_01172,2025-06-14,2025-06,ios,AE,variant,lower_friction,test_or_skip,False,,devoted,deep_introvert,74.1,60.0,False,False
u_01173,2025-09-16,2025-09,web,AU,variant,lower_friction,self_select,True,ESFP,deep_seeker,ambivert,81.3,24.9,True,True
u_01174,2025-12-29,2025-12,ios,UK,variant,lower_friction,self_select,True,ENTP,deep_seeker,deep_introvert,58.2,63.5,True,True
u_01175,2025-11-11,2025-11,ios,MY,control,baseline,mandatory_test,True,ENFP,practicing,ambivert,53.6,61.2,True,True
u_01176,2025-11-27,2025-11,android,CA,control,baseline,mandatory_test,True,ESFJ,practicing,introvert,55.2,67.4,True,True
u_01177,2025-08-18,2025-08,web,US,variant,lower_friction,self_select,True,ENFP,practicing,deep_extrovert,41.0,30.3,True,True
u_01178,2025-05-17,2025-05,ios,AE,control,baseline,mandatory_test,False,,devoted,extrovert,53.2,50.1,True,False
u_01179,2025-09-08,2025-09,android,UK,variant,lower_friction,test_or_skip,False,,devoted,extrovert,60.8,54.9,True,False
u_01180,2025-05-31,2025-05,ios,UK,variant,lower_friction,self_select,True,ESTP,practicing,ambivert,38.1,12.4,True,False
u_01181,2025-10-24,2025-10,android,CA,control,baseline,mandatory_test,True,ESFP,cultural,ambivert,42.3,60.3,False,False
u_01182,2025-07-02,2025-07,ios,AE,variant,lower_friction,self_select,True,ENFJ,devoted,introvert,69.5,36.6,False,False
u_01183,2025-08-23,2025-08,android,ID,variant,lower_friction,self_select,True,ESTP,cultural,ambivert,21.8,56.2,True,True
u_01184,2025-05-17,2025-05,web,AE,control,baseline,mandatory_test,False,,devoted,extrovert,53.8,47.8,True,True
u_01185,2025-01-23,2025-01,android,CA,variant,lower_friction,test_or_skip,False,,practicing,ambivert,60.6,41.7,True,True
u_01186,2025-12-23,2025-12,ios,ID,control,baseline,mandatory_test,True,INTP,spiritual,ambivert,38.2,54.1,True,True
u_01187,2025-06-09,2025-06,ios,ID,variant,lower_friction,test_or_skip,False,,practicing,ambivert,37.7,56.4,True,True
u_01188,2025-07-22,2025-07,android,MY,variant,lower_friction,self_select,True,ENTJ,practicing,introvert,45.2,56.2,True,False
u_01189,2025-11-03,2025-11,ios,AU,variant,lower_friction,test_or_skip,False,,devoted,ambivert,34.7,64.7,False,False
u_01190,2025-04-27,2025-04,android,UK,variant,lower_friction,self_select,True,ENFJ,devoted,extrovert,46.2,55.3,True,True
u_01191,2025-02-23,2025-02,ios,ID,control,baseline,mandatory_test,True,ESTJ,cultural,ambivert,0.0,63.4,True,True
u_01192,2025-09-24,2025-09,ios,UK,control,baseline,mandatory_test,True,ESFJ,practicing,ambivert,59.0,92.7,True,True
u_01193,2025-12-26,2025-12,web,UK,variant,lower_friction,self_select,True,ENFP,devoted,deep_introvert,71.4,46.1,True,True
u_01194,2025-09-22,2025-09,ios,UK,variant,lower_friction,self_select,True,INTJ,cultural,extrovert,33.9,88.5,False,False
u_01195,2025-07-27,2025-07,ios,AU,control,baseline,mandatory_test,True,ENFJ,practicing,extrovert,52.4,37.8,True,True
u_01196,2025-02-13,2025-02,android,UK,control,baseline,mandatory_test,False,,spiritual,ambivert,44.0,70.2,False,False
u_01197,2025-06-06,2025-06,ios,UK,variant,lower_friction,test_or_skip,False,,spiritual,deep_introvert,79.0,50.7,True,False
u_01198,2025-03-21,2025-03,ios,UK,control,baseline,mandatory_test,False,,deep_seeker,ambivert,58.1,75.2,False,True
u_01199,2025-06-30,2025-06,ios,AU,control,baseline,mandatory_test,False,,practicing,deep_extrovert,69.4,67.5,False,False
u_01200,2025-08-11,2025-08,ios,UK,control,baseline,mandatory_test,False,,devoted,ambivert,53.8,83.7,True,True
u_01201,2025-04-23,2025-04,ios,UK,variant,lower_friction,test_or_skip,False,,devoted,extrovert,65.4,5.1,True,True
u_01202,2025-08-09,2025-08,ios,US,control,baseline,mandatory_test,False,,practicing,deep_extrovert,26.7,63.2,False,False
u_01203,2025-03-08,2025-03,android,CA,control,baseline,mandatory_test,False,,practicing,deep_introvert,72.0,49.2,False,False
u_01204,2025-01-29,2025-01,ios,US,control,baseline,mandatory_test,False,,practicing,extrovert,40.4,79.4,True,True
u_01205,2025-05-07,2025-05,android,US,control,baseline,mandatory_test,False,,devoted,introvert,100.0,66.0,True,True
u_01206,2025-03-29,2025-03,android,MY,control,baseline,mandatory_test,False,,devoted,extrovert,46.3,48.3,True,False
u_01207,2025-07-27,2025-07,ios,UK,variant,lower_friction,test_or_skip,False,,spiritual,introvert,81.8,70.4,True,False
u_01208,2025-01-26,2025-01,ios,UK,control,baseline,mandatory_test,False,,spiritual,introvert,46.3,48.2,True,False
u_01209,2025-12-18,2025-12,ios,ID,control,baseline,mandatory_test,True,ENFJ,devoted,deep_extrovert,9.0,64.2,False,False
u_01210,2025-08-25,2025-08,ios,CA,variant,lower_friction,test_or_skip,False,,practicing,ambivert,61.4,75.0,True,True
u_01211,2025-01-12,2025-01,web,UK,control,baseline,mandatory_test,False,,practicing,introvert,42.8,10.3,True,False
u_01212,2025-05-16,2025-05,android,ID,variant,lower_friction,test_or_skip,False,,practicing,extrovert,50.9,94.4,True,True
u_01213,2025-02-19,2025-02,android,AE,control,baseline,mandatory_test,True,ENTP,devoted,ambivert,41.0,46.5,False,False
u_01214,2025-09-14,2025-09,ios,CA,variant,lower_friction,self_select,True,ENFP,spiritual,deep_introvert,40.8,73.4,True,True
u_01215,2025-11-25,2025-11,ios,UK,control,baseline,mandatory_test,False,,devoted,introvert,78.5,70.1,True,True
u_01216,2025-04-04,2025-04,android,UK,control,baseline,mandatory_test,False,,deep_seeker,extrovert,30.0,68.8,True,True
u_01217,2025-05-14,2025-05,android,AU,control,baseline,mandatory_test,True,ISTP,practicing,ambivert,74.2,49.1,False,False
u_01218,2025-12-07,2025-12,android,AE,variant,lower_friction,self_select,True,ISTP,practicing,extrovert,60.9,65.4,False,False
u_01219,2025-08-03,2025-08,ios,SG,variant,lower_friction,self_select,True,INFJ,practicing,ambivert,73.3,34.7,True,False
u_01220,2025-08-28,2025-08,ios,SG,control,baseline,mandatory_test,False,,practicing,extrovert,64.3,49.6,False,False
u_01221,2025-12-12,2025-12,android,ID,control,baseline,mandatory_test,False,,spiritual,ambivert,43.0,79.7,False,False
u_01222,2025-07-09,2025-07,ios,UK,variant,lower_friction,self_select,True,ISTJ,devoted,ambivert,67.3,43.9,True,True
u_01223,2025-12-08,2025-12,ios,SG,variant,lower_friction,test_or_skip,False,,practicing,ambivert,31.1,59.5,False,False
u_01224,2025-09-12,2025-09,ios,US,variant,lower_friction,self_select,True,ENFJ,spiritual,introvert,52.6,32.1,True,True
u_01225,2025-04-27,2025-04,ios,AE,variant,lower_friction,test_or_skip,False,,cultural,ambivert,46.0,43.6,True,False
u_01226,2025-01-03,2025-01,android,ID,variant,lower_friction,test_or_skip,False,,practicing,extrovert,80.3,68.1,True,True
u_01227,2025-02-08,2025-02,web,ID,control,baseline,mandatory_test,False,,devoted,introvert,48.9,67.7,False,False
u_01228,2025-08-29,2025-08,ios,AU,variant,lower_friction,test_or_skip,False,,spiritual,ambivert,68.5,73.4,True,True
u_01229,2025-09-22,2025-09,ios,UK,control,baseline,mandatory_test,False,,devoted,ambivert,58.9,64.1,True,True
u_01230,2025-04-04,2025-04,android,MY,variant,lower_friction,self_select,True,INTJ,spiritual,ambivert,85.5,29.3,False,False
u_01231,2025-09-08,2025-09,android,UK,control,baseline,mandatory_test,False,,practicing,extrovert,30.0,59.3,True,False
u_01232,2025-02-19,2025-02,ios,ID,variant,lower_friction,self_select,True,INFP,spiritual,introvert,57.9,57.9,True,True
u_01233,2025-09-17,2025-09,android,AE,control,baseline,mandatory_test,True,INTP,devoted,ambivert,47.1,38.7,True,False
u_01234,2025-09-07,2025-09,ios,AE,variant,lower_friction,test_or_skip,False,,devoted,extrovert,10.3,70.2,True,False
u_01235,2025-08-06,2025-08,android,ID,variant,lower_friction,self_select,True,ESFJ,devoted,introvert,51.9,60.4,True,False
u_01236,2025-07-03,2025-07,ios,US,control,baseline,mandatory_test,False,,devoted,deep_extrovert,44.1,58.8,True,True
u_01237,2025-01-18,2025-01,ios,MY,variant,lower_friction,test_or_skip,False,,devoted,deep_introvert,59.6,64.1,True,True
u_01238,2025-04-09,2025-04,android,CA,variant,lower_friction,test_or_skip,False,,spiritual,introvert,45.2,68.3,True,True
u_01239,2025-09-12,2025-09,ios,MY,control,baseline,mandatory_test,True,ISFJ,devoted,introvert,30.2,68.9,True,False
u_01240,2025-10-23,2025-10,android,SG,variant,lower_friction,test_or_skip,False,,devoted,extrovert,61.1,32.6,True,False
u_01241,2025-10-15,2025-10,android,MY,variant,lower_friction,test_or_skip,False,,devoted,extrovert,44.6,59.4,True,False
u_01242,2025-02-25,2025-02,ios,US,variant,lower_friction,test_or_skip,False,,practicing,ambivert,30.1,79.4,True,True
u_01243,2025-12-22,2025-12,web,MY,control,baseline,mandatory_test,False,,practicing,extrovert,17.9,59.8,True,False
u_01244,2025-08-16,2025-08,ios,CA,control,baseline,mandatory_test,False,,devoted,ambivert,47.1,77.7,False,False
u_01245,2025-01-18,2025-01,ios,AU,control,baseline,mandatory_test,False,,deep_seeker,introvert,34.3,100.0,False,False
u_01246,2025-02-05,2025-02,ios,US,variant,lower_friction,test_or_skip,False,,deep_seeker,deep_introvert,43.8,44.2,True,True
u_01247,2025-03-27,2025-03,ios,CA,variant,lower_friction,test_or_skip,False,,devoted,deep_extrovert,68.7,67.2,True,False
u_01248,2025-12-11,2025-12,android,CA,variant,lower_friction,test_or_skip,False,,practicing,introvert,18.8,65.5,True,True
u_01249,2025-01-20,2025-01,ios,MY,control,baseline,mandatory_test,False,,practicing,deep_introvert,53.9,45.4,True,True
u_01250,2025-03-09,2025-03,ios,UK,variant,lower_friction,test_or_skip,False,,spiritual,ambivert,63.5,72.0,True,False
u_01251,2025-06-20,2025-06,android,MY,variant,lower_friction,test_or_skip,False,,spiritual,extrovert,21.2,23.5,True,True
u_01252,2025-10-26,2025-10,android,US,control,baseline,mandatory_test,False,,deep_seeker,deep_introvert,62.1,85.0,False,False
u_01253,2025-04-29,2025-04,ios,AU,control,baseline,mandatory_test,True,ISTJ,practicing,introvert,29.1,63.3,True,True
u_01254,2025-05-18,2025-05,ios,CA,variant,lower_friction,self_select,True,ENFP,practicing,ambivert,46.8,56.6,True,False
u_01255,2025-04-22,2025-04,web,US,control,baseline,mandatory_test,True,ESTJ,practicing,deep_introvert,49.7,76.9,True,True
u_01256,2025-07-29,2025-07,web,UK,variant,lower_friction,test_or_skip,False,,practicing,deep_extrovert,69.3,86.9,True,True
u_01257,2025-10-25,2025-10,ios,UK,variant,lower_friction,self_select,True,ESTJ,cultural,extrovert,47.6,65.7,True,True
u_01258,2025-11-02,2025-11,web,US,control,baseline,mandatory_test,False,,spiritual,ambivert,52.7,100.0,False,False
u_01259,2025-07-22,2025-07,ios,AU,variant,lower_friction,self_select,True,ISFJ,practicing,deep_introvert,54.6,71.7,True,True
u_01260,2025-10-07,2025-10,ios,US,variant,lower_friction,test_or_skip,False,,practicing,extrovert,52.8,55.7,True,True
u_01261,2025-10-08,2025-10,ios,UK,control,baseline,mandatory_test,True,ESTP,spiritual,introvert,39.6,61.8,True,True
u_01262,2025-08-27,2025-08,ios,SG,variant,lower_friction,test_or_skip,False,,cultural,ambivert,62.9,55.4,False,False
u_01263,2025-08-31,2025-08,android,UK,control,baseline,mandatory_test,False,,cultural,deep_introvert,29.1,60.6,True,True
u_01264,2025-04-09,2025-04,android,ID,variant,lower_friction,test_or_skip,False,,spiritual,ambivert,38.6,71.9,True,False
u_01265,2025-08-21,2025-08,android,CA,control,baseline,mandatory_test,False,,practicing,ambivert,81.2,55.0,True,True
u_01266,2025-07-06,2025-07,android,UK,variant,lower_friction,self_select,True,ESTJ,spiritual,ambivert,36.7,52.8,True,True
u_01267,2025-06-08,2025-06,ios,US,variant,lower_friction,self_select,True,ESTP,devoted,extrovert,22.9,40.0,True,True
u_01268,2025-03-07,2025-03,android,US,control,baseline,mandatory_test,True,ESFJ,practicing,extrovert,41.8,51.6,True,True
u_01269,2025-09-25,2025-09,ios,AE,variant,lower_friction,test_or_skip,False,,cultural,ambivert,44.1,57.6,True,False
u_01270,2025-02-19,2025-02,ios,US,control,baseline,mandatory_test,False,,practicing,introvert,23.4,59.9,True,True
u_01271,2025-11-05,2025-11,android,ID,control,baseline,mandatory_test,False,,spiritual,introvert,16.0,83.9,True,False
u_01272,2025-09-17,2025-09,android,ID,variant,lower_friction,test_or_skip,False,,spiritual,deep_extrovert,26.4,43.3,True,True
u_01273,2025-10-08,2025-10,android,SG,control,baseline,mandatory_test,False,,cultural,deep_extrovert,98.5,63.7,True,True
u_01274,2025-04-29,2025-04,ios,MY,variant,lower_friction,test_or_skip,False,,devoted,extrovert,55.4,30.4,True,False
u_01275,2025-01-10,2025-01,ios,ID,control,baseline,mandatory_test,True,ENTP,devoted,extrovert,55.2,62.2,True,True
u_01276,2025-07-25,2025-07,ios,UK,variant,lower_friction,self_select,True,ESFJ,devoted,deep_introvert,68.8,68.3,False,False
u_01277,2025-12-02,2025-12,android,AU,control,baseline,mandatory_test,False,,practicing,deep_introvert,59.6,68.8,False,False
u_01278,2025-02-08,2025-02,android,AU,variant,lower_friction,self_select,True,ESFJ,cultural,extrovert,57.7,0.0,True,True
u_01279,2025-12-15,2025-12,ios,AE,variant,lower_friction,test_or_skip,False,,devoted,ambivert,61.7,69.3,True,True
u_01280,2025-06-21,2025-06,ios,SG,variant,lower_friction,self_select,True,ENFP,practicing,deep_introvert,49.3,77.6,True,True
u_01281,2025-09-04,2025-09,ios,US,control,baseline,mandatory_test,False,,spiritual,introvert,58.0,56.0,False,False
u_01282,2025-04-26,2025-04,android,US,variant,lower_friction,test_or_skip,False,,spiritual,introvert,54.4,53.6,True,True
u_01283,2025-06-04,2025-06,ios,AU,control,baseline,mandatory_test,False,,practicing,introvert,40.3,68.6,True,False
u_01284,2025-08-14,2025-08,ios,US,variant,lower_friction,self_select,True,ISTP,cultural,ambivert,28.7,67.1,True,True
u_01285,2025-11-27,2025-11,ios,UK,control,baseline,mandatory_test,True,ENFP,practicing,deep_introvert,69.5,100.0,True,True
u_01286,2025-12-30,2025-12,android,UK,variant,lower_friction,self_select,True,INTJ,cultural,extrovert,71.9,46.4,True,True
u_01287,2025-04-05,2025-04,ios,AU,control,baseline,mandatory_test,True,ESFP,spiritual,introvert,40.2,71.7,False,False
u_01288,2025-04-23,2025-04,android,SG,variant,lower_friction,self_select,True,ESFP,practicing,deep_introvert,52.9,63.9,True,True
u_01289,2025-06-30,2025-06,web,UK,control,baseline,mandatory_test,True,ENTJ,deep_seeker,extrovert,46.1,32.0,False,False
u_01290,2025-09-21,2025-09,ios,AE,variant,lower_friction,self_select,True,ESTJ,practicing,introvert,48.5,59.1,True,True
u_01291,2025-09-16,2025-09,android,MY,variant,lower_friction,test_or_skip,False,,practicing,extrovert,47.9,58.8,True,False
u_01292,2025-06-14,2025-06,android,ID,variant,lower_friction,test_or_skip,False,,spiritual,introvert,55.7,67.8,False,False
u_01293,2025-03-16,2025-03,android,MY,variant,lower_friction,test_or_skip,False,,devoted,extrovert,66.2,55.1,True,True
u_01294,2025-09-14,2025-09,android,ID,control,baseline,mandatory_test,True,ESTP,practicing,deep_introvert,56.1,52.4,False,False
u_01295,2025-12-27,2025-12,android,ID,variant,lower_friction,test_or_skip,False,,devoted,deep_introvert,50.5,81.1,False,False
u_01296,2025-01-10,2025-01,android,MY,variant,lower_friction,test_or_skip,False,,practicing,deep_introvert,19.9,44.3,False,False
u_01297,2025-05-02,2025-05,web,UK,control,baseline,mandatory_test,True,ESFJ,devoted,deep_introvert,61.8,71.4,True,False
u_01298,2025-08-11,2025-08,ios,AU,control,baseline,mandatory_test,False,,devoted,introvert,70.0,80.4,True,False
u_01299,2025-09-11,2025-09,ios,US,control,baseline,mandatory_test,False,,practicing,introvert,35.7,60.6,True,True
u_01300,2025-10-26,2025-10,ios,SG,variant,lower_friction,self_select,True,ISTJ,devoted,deep_introvert,86.4,14.3,True,False
u_01301,2025-07-18,2025-07,web,AU,control,baseline,mandatory_test,True,ENFJ,spiritual,ambivert,49.0,80.4,True,True
u_01302,2025-02-27,2025-02,ios,UK,variant,lower_friction,test_or_skip,False,,devoted,deep_introvert,60.7,32.7,True,True
u_01303,2025-11-06,2025-11,android,US,variant,lower_friction,self_select,True,INTJ,practicing,extrovert,52.1,53.4,False,False
u_01304,2025-01-05,2025-01,web,AU,variant,lower_friction,test_or_skip,False,,practicing,deep_extrovert,61.6,94.7,True,False
u_01305,2025-03-20,2025-03,ios,AE,control,baseline,mandatory_test,True,ISFJ,devoted,ambivert,33.3,58.4,False,False
u_01306,2025-09-15,2025-09,ios,US,variant,lower_friction,test_or_skip,False,,deep_seeker,introvert,100.0,66.6,True,True
u_01307,2025-07-21,2025-07,ios,UK,control,baseline,mandatory_test,True,ESTJ,practicing,ambivert,84.9,17.5,False,False
u_01308,2025-01-07,2025-01,android,MY,control,baseline,mandatory_test,True,ENFP,practicing,introvert,46.7,41.5,True,False
u_01309,2025-01-24,2025-01,android,ID,control,baseline,mandatory_test,False,,devoted,introvert,60.5,86.7,True,False
u_01310,2025-10-22,2025-10,ios,CA,variant,lower_friction,test_or_skip,False,,practicing,extrovert,42.8,61.4,True,True
u_01311,2025-06-19,2025-06,android,UK,variant,lower_friction,self_select,True,ENFJ,spiritual,introvert,56.0,69.4,True,True
u_01312,2025-06-30,2025-06,ios,ID,control,baseline,mandatory_test,False,,practicing,ambivert,32.7,61.8,True,True
u_01313,2025-12-16,2025-12,web,UK,variant,lower_friction,self_select,True,ISTJ,practicing,deep_introvert,68.7,59.0,True,True
u_01314,2025-02-23,2025-02,android,US,variant,lower_friction,test_or_skip,False,,cultural,ambivert,65.6,64.2,True,False
u_01315,2025-12-15,2025-12,ios,UK,variant,lower_friction,test_or_skip,False,,cultural,ambivert,41.2,100.0,False,False
u_01316,2025-12-28,2025-12,android,AE,variant,lower_friction,test_or_skip,False,,practicing,ambivert,46.1,47.2,True,False
u_01317,2025-06-04,2025-06,android,CA,control,baseline,mandatory_test,False,,spiritual,introvert,90.8,51.7,True,False
u_01318,2025-01-16,2025-01,ios,UK,control,baseline,mandatory_test,False,,devoted,ambivert,45.6,45.0,True,False
u_01319,2025-03-05,2025-03,ios,UK,control,baseline,mandatory_test,False,,devoted,ambivert,34.7,46.8,False,False
u_01320,2025-04-01,2025-04,android,MY,control,baseline,mandatory_test,True,ESFP,cultural,extrovert,71.1,66.6,True,False
u_01321,2025-07-11,2025-07,ios,MY,control,baseline,mandatory_test,True,ESTP,spiritual,introvert,37.1,36.3,False,False
u_01322,2025-02-02,2025-02,ios,UK,variant,lower_friction,test_or_skip,False,,spiritual,ambivert,53.9,53.2,True,False
u_01323,2025-03-16,2025-03,android,ID,variant,lower_friction,test_or_skip,False,,practicing,deep_introvert,76.5,71.4,True,True
u_01324,2025-01-30,2025-01,ios,US,control,baseline,mandatory_test,False,,spiritual,introvert,50.7,85.8,True,False
u_01325,2025-10-07,2025-10,ios,US,variant,lower_friction,self_select,True,ESTP,devoted,introvert,23.7,44.1,False,False
u_01326,2025-03-20,2025-03,web,ID,control,baseline,mandatory_test,False,,devoted,ambivert,72.1,80.5,True,False
u_01327,2025-08-21,2025-08,ios,UK,control,baseline,mandatory_test,False,,practicing,deep_extrovert,13.2,62.1,False,False
u_01328,2025-11-10,2025-11,ios,UK,variant,lower_friction,self_select,True,ESTP,devoted,ambivert,44.8,59.4,True,True
u_01329,2025-09-04,2025-09,ios,MY,control,baseline,mandatory_test,False,,devoted,ambivert,63.1,49.0,False,False
u_01330,2025-06-20,2025-06,android,AE,variant,lower_friction,test_or_skip,False,,cultural,extrovert,21.6,71.3,True,True
u_01331,2025-10-01,2025-10,android,MY,control,baseline,mandatory_test,True,ENTP,spiritual,ambivert,22.0,69.1,True,True
u_01332,2025-03-11,2025-03,android,AE,variant,lower_friction,self_select,True,ISFP,spiritual,introvert,66.7,60.7,True,True
u_01333,2025-02-05,2025-02,android,UK,variant,lower_friction,self_select,True,ENFP,practicing,deep_introvert,37.4,82.9,True,True
u_01334,2025-11-27,2025-11,android,MY,variant,lower_friction,test_or_skip,False,,practicing,introvert,47.1,56.4,True,True
u_01335,2025-07-04,2025-07,android,MY,control,baseline,mandatory_test,True,ESFP,devoted,deep_extrovert,48.6,32.0,True,False
u_01336,2025-12-14,2025-12,ios,UK,control,baseline,mandatory_test,False,,practicing,ambivert,32.4,41.2,True,True
u_01337,2025-04-27,2025-04,ios,AE,variant,lower_friction,test_or_skip,False,,practicing,introvert,46.1,56.7,True,True
u_01338,2025-12-04,2025-12,android,US,variant,lower_friction,test_or_skip,False,,practicing,deep_introvert,63.6,46.4,True,True
u_01339,2025-10-06,2025-10,ios,MY,control,baseline,mandatory_test,False,,practicing,ambivert,65.2,19.6,True,False
u_01340,2025-05-11,2025-05,android,CA,variant,lower_friction,test_or_skip,False,,spiritual,extrovert,74.9,71.9,False,False
u_01341,2025-01-21,2025-01,ios,AE,control,baseline,mandatory_test,True,INFP,practicing,introvert,90.1,41.1,True,True
u_01342,2025-12-30,2025-12,android,AE,control,baseline,mandatory_test,False,,practicing,extrovert,62.4,60.1,True,True
u_01343,2025-07-30,2025-07,ios,MY,variant,lower_friction,self_select,True,ENTP,spiritual,extrovert,44.7,14.8,True,True
u_01344,2025-10-03,2025-10,android,US,variant,lower_friction,self_select,True,INTJ,practicing,ambivert,71.0,65.1,False,False
u_01345,2025-12-22,2025-12,android,AU,variant,lower_friction,test_or_skip,False,,devoted,introvert,45.4,78.1,False,False
u_01346,2025-04-07,2025-04,android,UK,control,baseline,mandatory_test,False,,practicing,ambivert,53.9,33.3,True,True
u_01347,2025-08-03,2025-08,android,ID,control,baseline,mandatory_test,False,,practicing,ambivert,70.3,69.4,True,True
u_01348,2025-04-07,2025-04,android,AE,control,baseline,mandatory_test,False,,practicing,introvert,26.2,25.8,True,True
u_01349,2025-05-13,2025-05,android,CA,variant,lower_friction,test_or_skip,False,,spiritual,extrovert,39.6,49.9,False,False
u_01350,2025-11-11,2025-11,ios,CA,control,baseline,mandatory_test,True,ESTJ,practicing,extrovert,54.9,68.7,True,True
u_01351,2025-04-26,2025-04,web,AE,variant,lower_friction,test_or_skip,False,,cultural,introvert,65.1,76.2,True,True
u_01352,2025-11-01,2025-11,android,UK,control,baseline,mandatory_test,False,,practicing,deep_extrovert,29.5,75.9,False,False
u_01353,2025-01-22,2025-01,android,AE,control,baseline,mandatory_test,True,INTP,cultural,deep_extrovert,29.2,59.3,True,False
u_01354,2025-04-12,2025-04,ios,UK,variant,lower_friction,self_select,True,ESFJ,devoted,deep_extrovert,62.9,61.3,True,True
u_01355,2025-03-01,2025-03,web,MY,control,baseline,mandatory_test,False,,spiritual,extrovert,0.0,53.7,True,True
u_01356,2025-09-23,2025-09,web,UK,control,baseline,mandatory_test,False,,spiritual,ambivert,51.8,96.7,False,False
u_01357,2025-09-11,2025-09,web,MY,control,baseline,mandatory_test,False,,spiritual,ambivert,38.4,69.9,True,True
u_01358,2025-07-13,2025-07,android,AE,variant,lower_friction,test_or_skip,False,,practicing,ambivert,67.0,25.2,True,True
u_01359,2025-04-12,2025-04,android,AE,control,baseline,mandatory_test,False,,devoted,deep_introvert,63.1,96.6,True,False
u_01360,2025-08-24,2025-08,ios,SG,variant,lower_friction,self_select,True,INTJ,deep_seeker,introvert,73.8,62.5,True,False
u_01361,2025-07-15,2025-07,ios,UK,control,baseline,mandatory_test,False,,practicing,ambivert,49.6,46.1,True,True
u_01362,2025-02-20,2025-02,android,MY,variant,lower_friction,test_or_skip,False,,devoted,extrovert,13.8,23.8,True,True
u_01363,2025-02-18,2025-02,ios,UK,variant,lower_friction,self_select,True,ESFP,devoted,introvert,51.5,28.7,True,True
u_01364,2025-09-19,2025-09,ios,MY,variant,lower_friction,self_select,True,INTJ,practicing,introvert,58.0,50.3,False,False
u_01365,2025-06-04,2025-06,android,MY,variant,lower_friction,self_select,True,ENTP,deep_seeker,introvert,8.7,52.0,True,True
u_01366,2025-10-09,2025-10,web,AU,control,baseline,mandatory_test,True,ISTP,spiritual,introvert,48.8,53.2,True,True
u_01367,2025-05-14,2025-05,ios,MY,variant,lower_friction,test_or_skip,False,,practicing,extrovert,46.5,76.2,True,True
u_01368,2025-02-13,2025-02,web,UK,variant,lower_friction,test_or_skip,False,,practicing,ambivert,91.4,67.9,True,False
u_01369,2025-11-12,2025-11,android,MY,variant,lower_friction,test_or_skip,False,,practicing,ambivert,49.0,47.2,False,False
u_01370,2025-12-20,2025-12,android,CA,control,baseline,mandatory_test,False,,practicing,extrovert,47.0,31.6,True,True
u_01371,2025-04-23,2025-04,ios,CA,variant,lower_friction,test_or_skip,False,,practicing,extrovert,59.5,89.0,True,True
u_01372,2025-08-06,2025-08,web,MY,variant,lower_friction,self_select,True,ENFP,deep_seeker,introvert,65.3,82.0,True,True
u_01373,2025-08-27,2025-08,ios,AU,variant,lower_friction,test_or_skip,False,,devoted,ambivert,54.9,54.8,True,False
u_01374,2025-10-20,2025-10,android,AU,control,baseline,mandatory_test,False,,devoted,ambivert,40.7,81.5,True,True
u_01375,2025-06-16,2025-06,android,CA,variant,lower_friction,self_select,True,ISFJ,practicing,ambivert,47.8,57.1,True,True
u_01376,2025-10-29,2025-10,ios,UK,variant,lower_friction,self_select,True,ESFP,practicing,extrovert,65.6,67.4,True,True
u_01377,2025-03-08,2025-03,android,US,variant,lower_friction,test_or_skip,False,,cultural,introvert,65.8,83.1,False,True
u_01378,2025-06-23,2025-06,ios,MY,variant,lower_friction,self_select,True,ISTP,devoted,deep_introvert,58.3,52.9,True,False
u_01379,2025-12-08,2025-12,web,CA,variant,lower_friction,test_or_skip,False,,practicing,deep_introvert,39.7,57.3,True,True
u_01380,2025-03-07,2025-03,web,US,variant,lower_friction,test_or_skip,False,,practicing,deep_introvert,30.0,100.0,True,True
u_01381,2025-10-05,2025-10,ios,ID,variant,lower_friction,self_select,True,ISFJ,cultural,extrovert,57.1,13.1,True,True
u_01382,2025-04-14,2025-04,android,AE,variant,lower_friction,self_select,True,ESTP,practicing,introvert,65.8,54.7,False,False
u_01383,2025-02-09,2025-02,ios,US,control,baseline,mandatory_test,False,,devoted,introvert,71.0,67.1,False,False
u_01384,2025-04-20,2025-04,ios,UK,control,baseline,mandatory_test,False,,practicing,ambivert,64.7,43.3,True,True
u_01385,2025-07-25,2025-07,android,US,control,baseline,mandatory_test,True,INFP,practicing,introvert,80.3,70.8,True,False
u_01386,2025-12-02,2025-12,web,UK,control,baseline,mandatory_test,False,,practicing,extrovert,46.9,51.4,False,False
u_01387,2025-12-15,2025-12,web,ID,variant,lower_friction,test_or_skip,False,,practicing,ambivert,18.4,67.5,False,False
u_01388,2025-08-29,2025-08,android,AU,variant,lower_friction,test_or_skip,False,,devoted,ambivert,73.4,63.6,True,True
u_01389,2025-07-06,2025-07,ios,ID,control,baseline,mandatory_test,True,INFP,cultural,introvert,48.1,50.9,True,False
u_01390,2025-07-13,2025-07,ios,SG,control,baseline,mandatory_test,True,ESFP,practicing,introvert,40.1,36.8,True,False
u_01391,2025-05-31,2025-05,ios,UK,variant,lower_friction,test_or_skip,False,,practicing,ambivert,37.5,86.1,True,True
u_01392,2025-09-20,2025-09,android,ID,control,baseline,mandatory_test,True,ESFP,practicing,ambivert,57.7,62.2,True,True
u_01393,2025-11-04,2025-11,android,UK,variant,lower_friction,self_select,True,ISTJ,spiritual,deep_extrovert,15.6,38.7,True,True
u_01394,2025-12-22,2025-12,android,AE,control,baseline,mandatory_test,True,INTJ,devoted,extrovert,36.1,75.5,False,False
u_01395,2025-06-22,2025-06,ios,UK,variant,lower_friction,self_select,True,INTJ,spiritual,extrovert,39.7,75.8,True,True
u_01396,2025-12-14,2025-12,android,AE,variant,lower_friction,self_select,True,INTJ,spiritual,introvert,56.1,80.2,True,True
u_01397,2025-01-09,2025-01,ios,CA,control,baseline,mandatory_test,False,,devoted,deep_introvert,95.6,70.0,True,True
u_01398,2025-10-10,2025-10,ios,ID,control,baseline,mandatory_test,False,,practicing,extrovert,53.8,58.6,False,False
u_01399,2025-07-25,2025-07,android,UK,control,baseline,mandatory_test,True,ISTP,practicing,introvert,78.3,37.7,True,True
u_01400,2025-12-19,2025-12,android,UK,control,baseline,mandatory_test,True,ENTP,practicing,ambivert,46.5,75.5,False,False
u_01401,2025-01-05,2025-01,ios,US,variant,lower_friction,self_select,True,INTJ,spiritual,deep_introvert,65.3,53.1,True,True
u_01402,2025-03-03,2025-03,ios,AE,control,baseline,mandatory_test,True,INFP,practicing,introvert,9.6,60.7,True,True
u_01403,2025-08-16,2025-08,web,US,variant,lower_friction,self_select,True,ENTJ,practicing,ambivert,48.9,56.7,True,True
u_01404,2025-03-08,2025-03,ios,MY,control,baseline,mandatory_test,False,,cultural,introvert,100.0,69.9,False,False
u_01405,2025-03-24,2025-03,android,CA,control,baseline,mandatory_test,False,,deep_seeker,deep_extrovert,40.5,39.7,False,False
u_01406,2025-05-18,2025-05,ios,AU,variant,lower_friction,test_or_skip,False,,practicing,ambivert,100.0,75.8,True,True
u_01407,2025-07-23,2025-07,android,AE,variant,lower_friction,test_or_skip,False,,spiritual,introvert,62.7,56.8,True,False
u_01408,2025-03-28,2025-03,ios,US,control,baseline,mandatory_test,False,,practicing,extrovert,19.5,38.7,True,True
u_01409,2025-05-05,2025-05,ios,UK,control,baseline,mandatory_test,False,,spiritual,introvert,43.9,78.0,True,False
u_01410,2025-11-20,2025-11,ios,MY,control,baseline,mandatory_test,False,,practicing,extrovert,26.4,67.3,True,False
u_01411,2025-06-17,2025-06,ios,UK,control,baseline,mandatory_test,True,INTJ,practicing,ambivert,70.6,60.4,False,False
u_01412,2025-01-22,2025-01,android,US,control,baseline,mandatory_test,False,,devoted,extrovert,77.7,12.9,True,True
u_01413,2025-11-27,2025-11,web,UK,variant,lower_friction,test_or_skip,False,,spiritual,ambivert,63.5,71.2,True,True
u_01414,2025-01-13,2025-01,ios,ID,control,baseline,mandatory_test,False,,practicing,ambivert,61.8,90.5,True,True
u_01415,2025-12-03,2025-12,ios,ID,control,baseline,mandatory_test,True,ENFJ,devoted,ambivert,28.1,40.3,True,True
u_01416,2025-08-13,2025-08,web,SG,variant,lower_friction,self_select,True,ESTP,practicing,extrovert,60.3,17.6,True,False
u_01417,2025-11-20,2025-11,web,UK,variant,lower_friction,test_or_skip,False,,practicing,ambivert,34.1,25.5,True,False
u_01418,2025-08-04,2025-08,android,US,control,baseline,mandatory_test,False,,deep_seeker,extrovert,28.2,50.1,False,False
u_01419,2025-05-21,2025-05,android,US,variant,lower_friction,test_or_skip,False,,practicing,deep_introvert,50.6,50.9,True,True
u_01420,2025-07-05,2025-07,android,AE,control,baseline,mandatory_test,True,ISFP,devoted,introvert,33.7,69.8,True,True
u_01421,2025-02-13,2025-02,android,ID,control,baseline,mandatory_test,False,,spiritual,extrovert,56.3,33.0,False,False
u_01422,2025-05-20,2025-05,android,CA,control,baseline,mandatory_test,True,ENTP,cultural,introvert,28.3,23.1,True,False
u_01423,2025-09-14,2025-09,ios,MY,control,baseline,mandatory_test,True,ENTP,spiritual,extrovert,66.6,50.7,True,True
u_01424,2025-12-22,2025-12,ios,US,control,baseline,mandatory_test,True,INTP,cultural,ambivert,48.0,46.2,True,True
u_01425,2025-04-04,2025-04,android,MY,control,baseline,mandatory_test,True,ENTJ,deep_seeker,extrovert,88.3,80.2,True,True
u_01426,2025-11-18,2025-11,ios,SG,control,baseline,mandatory_test,False,,devoted,extrovert,50.4,46.4,False,False
u_01427,2025-04-17,2025-04,ios,AU,variant,lower_friction,test_or_skip,False,,practicing,extrovert,58.1,65.5,True,True
u_01428,2025-07-16,2025-07,ios,CA,variant,lower_friction,self_select,True,ENFJ,cultural,extrovert,30.0,89.5,True,False
u_01429,2025-03-17,2025-03,android,CA,control,baseline,mandatory_test,True,ISFJ,practicing,ambivert,44.3,62.5,False,False
u_01430,2025-10-14,2025-10,android,SG,control,baseline,mandatory_test,False,,practicing,ambivert,80.7,42.5,True,True
u_01431,2025-08-28,2025-08,ios,UK,variant,lower_friction,test_or_skip,False,,devoted,deep_introvert,29.3,100.0,True,True
u_01432,2025-02-14,2025-02,ios,AU,variant,lower_friction,self_select,True,ESTJ,practicing,deep_extrovert,78.8,42.5,True,False
u_01433,2025-06-10,2025-06,android,ID,control,baseline,mandatory_test,True,ISFJ,devoted,ambivert,31.8,46.7,True,False
u_01434,2025-10-04,2025-10,ios,AE,variant,lower_friction,self_select,True,INFJ,spiritual,deep_extrovert,49.0,44.0,True,False
u_01435,2025-07-31,2025-07,android,AE,control,baseline,mandatory_test,False,,deep_seeker,ambivert,46.4,69.5,True,False
u_01436,2025-09-15,2025-09,android,SG,control,baseline,mandatory_test,True,ENTP,spiritual,deep_introvert,50.5,55.8,True,True
u_01437,2025-08-04,2025-08,ios,UK,variant,lower_friction,self_select,True,ENFJ,practicing,extrovert,62.0,55.7,True,False
u_01438,2025-07-11,2025-07,web,AE,control,baseline,mandatory_test,True,INTP,devoted,introvert,63.4,100.0,True,True
u_01439,2025-03-24,2025-03,android,ID,control,baseline,mandatory_test,True,ESFP,spiritual,extrovert,58.3,44.9,False,False
u_01440,2025-05-26,2025-05,ios,UK,variant,lower_friction,test_or_skip,False,,deep_seeker,deep_introvert,62.6,70.6,False,False
u_01441,2025-08-24,2025-08,web,MY,control,baseline,mandatory_test,True,ESFJ,practicing,ambivert,57.9,47.8,False,False
u_01442,2025-03-22,2025-03,ios,SG,variant,lower_friction,test_or_skip,False,,practicing,ambivert,61.8,62.3,True,False
u_01443,2025-09-07,2025-09,android,US,variant,lower_friction,self_select,True,ENTJ,spiritual,introvert,49.1,43.4,True,False
u_01444,2025-02-01,2025-02,web,SG,variant,lower_friction,test_or_skip,False,,cultural,ambivert,73.4,84.6,True,True
u_01445,2025-11-05,2025-11,web,ID,control,baseline,mandatory_test,False,,deep_seeker,deep_introvert,46.9,60.4,True,True
u_01446,2025-02-21,2025-02,android,UK,variant,lower_friction,test_or_skip,False,,spiritual,deep_introvert,60.1,31.9,True,True
u_01447,2025-10-20,2025-10,android,CA,control,baseline,mandatory_test,True,ENTP,practicing,ambivert,80.6,67.6,True,True
u_01448,2025-12-09,2025-12,android,UK,variant,lower_friction,self_select,True,ISFP,spiritual,introvert,26.4,81.2,False,False
u_01449,2025-06-17,2025-06,android,SG,variant,lower_friction,test_or_skip,False,,practicing,deep_introvert,50.1,54.8,True,False
u_01450,2025-08-27,2025-08,ios,UK,control,baseline,mandatory_test,False,,practicing,extrovert,59.2,65.2,True,True
u_01451,2025-07-12,2025-07,android,SG,variant,lower_friction,self_select,True,INFP,devoted,ambivert,34.5,69.3,True,True
u_01452,2025-01-05,2025-01,ios,ID,variant,lower_friction,test_or_skip,False,,cultural,extrovert,44.5,60.5,False,False
u_01453,2025-05-03,2025-05,ios,UK,control,baseline,mandatory_test,False,,cultural,ambivert,85.5,70.4,True,True
u_01454,2025-12-03,2025-12,ios,UK,variant,lower_friction,self_select,True,INTJ,spiritual,ambivert,51.4,52.1,True,True
u_01455,2025-08-13,2025-08,android,UK,control,baseline,mandatory_test,False,,spiritual,deep_introvert,31.0,39.2,True,False
u_01456,2025-05-31,2025-05,android,UK,control,baseline,mandatory_test,False,,practicing,extrovert,45.2,77.7,True,True
u_01457,2025-10-31,2025-10,ios,UK,control,baseline,mandatory_test,False,,practicing,ambivert,73.2,74.0,False,False
u_01458,2025-07-23,2025-07,android,UK,variant,lower_friction,test_or_skip,False,,devoted,extrovert,74.2,72.3,False,False
u_01459,2025-10-14,2025-10,android,MY,control,baseline,mandatory_test,False,,practicing,extrovert,74.8,74.2,True,True
u_01460,2025-06-04,2025-06,android,SG,control,baseline,mandatory_test,False,,practicing,introvert,52.2,13.4,True,False
u_01461,2025-12-31,2025-12,android,SG,control,baseline,mandatory_test,True,ESTJ,practicing,introvert,47.6,73.1,True,False
u_01462,2025-10-03,2025-10,ios,CA,control,baseline,mandatory_test,False,,devoted,extrovert,59.1,70.4,False,False
u_01463,2025-07-29,2025-07,web,SG,variant,lower_friction,test_or_skip,False,,spiritual,extrovert,42.0,77.2,True,False
u_01464,2025-07-02,2025-07,android,UK,variant,lower_friction,test_or_skip,False,,spiritual,ambivert,48.8,49.5,True,False
u_01465,2025-01-28,2025-01,ios,ID,variant,lower_friction,self_select,True,ENTJ,practicing,introvert,35.4,82.0,False,False
u_01466,2025-10-02,2025-10,ios,AE,control,baseline,mandatory_test,True,ENFP,practicing,ambivert,14.1,74.0,True,True
u_01467,2025-05-13,2025-05,android,UK,control,baseline,mandatory_test,True,ISTJ,spiritual,ambivert,33.3,82.8,False,False
u_01468,2025-02-05,2025-02,ios,SG,control,baseline,mandatory_test,False,,cultural,extrovert,45.9,54.1,False,False
u_01469,2025-03-19,2025-03,android,US,control,baseline,mandatory_test,True,ESFJ,spiritual,introvert,70.0,71.7,True,True
u_01470,2025-10-03,2025-10,ios,CA,control,baseline,mandatory_test,True,ESFP,spiritual,ambivert,47.4,48.8,True,False
u_01471,2025-12-02,2025-12,ios,MY,control,baseline,mandatory_test,True,ISFP,devoted,extrovert,40.6,70.6,True,True
u_01472,2025-09-12,2025-09,android,CA,variant,lower_friction,self_select,True,INTJ,deep_seeker,extrovert,56.5,45.6,True,False
u_01473,2025-07-28,2025-07,web,US,control,baseline,mandatory_test,True,ENTJ,devoted,ambivert,56.5,80.6,True,True
u_01474,2025-07-02,2025-07,android,MY,control,baseline,mandatory_test,False,,practicing,ambivert,31.4,75.6,True,True
u_01475,2025-01-31,2025-01,ios,CA,control,baseline,mandatory_test,False,,devoted,deep_extrovert,57.8,49.7,True,True
u_01476,2025-06-09,2025-06,ios,AE,variant,lower_friction,test_or_skip,False,,spiritual,extrovert,15.2,69.8,False,False
u_01477,2025-10-17,2025-10,android,ID,control,baseline,mandatory_test,False,,practicing,deep_introvert,37.1,72.3,True,True
u_01478,2025-03-21,2025-03,ios,SG,variant,lower_friction,test_or_skip,False,,devoted,ambivert,29.4,47.3,True,False
u_01479,2025-04-29,2025-04,ios,US,control,baseline,mandatory_test,False,,deep_seeker,ambivert,39.2,29.8,False,False
u_01480,2025-01-16,2025-01,android,MY,variant,lower_friction,self_select,True,ENTJ,deep_seeker,deep_introvert,59.3,79.5,True,True
u_01481,2025-10-02,2025-10,android,US,variant,lower_friction,test_or_skip,False,,practicing,introvert,29.8,67.4,True,False
u_01482,2025-05-08,2025-05,android,US,variant,lower_friction,test_or_skip,False,,spiritual,introvert,48.2,85.8,False,False
u_01483,2025-07-22,2025-07,android,ID,variant,lower_friction,test_or_skip,False,,practicing,extrovert,67.2,40.4,True,False
u_01484,2025-12-06,2025-12,android,US,variant,lower_friction,test_or_skip,False,,practicing,introvert,33.3,54.8,False,False
u_01485,2025-08-21,2025-08,android,MY,variant,lower_friction,self_select,True,INTJ,devoted,extrovert,61.0,33.6,True,True
u_01486,2025-12-04,2025-12,ios,US,variant,lower_friction,self_select,True,ENFJ,devoted,introvert,32.7,87.4,True,True
u_01487,2025-02-09,2025-02,ios,AE,control,baseline,mandatory_test,True,ESTJ,spiritual,ambivert,50.5,42.0,True,True
u_01488,2025-11-06,2025-11,ios,US,variant,lower_friction,test_or_skip,False,,devoted,deep_introvert,26.4,73.3,True,False
u_01489,2025-01-19,2025-01,ios,UK,variant,lower_friction,test_or_skip,False,,practicing,introvert,71.2,51.4,True,True
u_01490,2025-09-17,2025-09,ios,CA,control,baseline,mandatory_test,False,,spiritual,deep_extrovert,35.8,54.0,True,True
u_01491,2025-04-14,2025-04,ios,UK,variant,lower_friction,self_select,True,ESTJ,devoted,deep_extrovert,57.7,58.1,False,False
u_01492,2025-01-18,2025-01,ios,AU,variant,lower_friction,test_or_skip,False,,spiritual,deep_extrovert,40.4,57.3,True,True
u_01493,2025-03-31,2025-03,ios,ID,variant,lower_friction,test_or_skip,False,,deep_seeker,extrovert,46.5,52.4,True,True
u_01494,2025-06-17,2025-06,android,UK,variant,lower_friction,self_select,True,INFJ,devoted,introvert,11.2,65.6,True,False
u_01495,2025-06-18,2025-06,ios,ID,variant,lower_friction,self_select,True,ENFJ,devoted,extrovert,59.9,44.1,True,False
u_01496,2025-03-17,2025-03,ios,CA,variant,lower_friction,self_select,True,ISFP,devoted,deep_introvert,64.2,88.3,True,True
u_01497,2025-07-09,2025-07,web,MY,variant,lower_friction,self_select,True,ENTP,deep_seeker,extrovert,82.0,68.1,False,False
u_01498,2025-10-15,2025-10,ios,ID,control,baseline,mandatory_test,False,,cultural,deep_introvert,35.8,90.4,True,True
u_01499,2025-05-10,2025-05,web,SG,variant,lower_friction,self_select,True,ESFJ,spiritual,extrovert,50.3,72.8,True,False
u_01500,2025-12-20,2025-12,android,ID,variant,lower_friction,self_select,True,ENTP,cultural,ambivert,56.5,53.9,True,True
u_01501,2025-09-12,2025-09,android,ID,variant,lower_friction,self_select,True,INTP,practicing,ambivert,72.6,81.3,True,False
u_01502,2025-06-28,2025-06,android,SG,control,baseline,mandatory_test,False,,deep_seeker,ambivert,38.1,84.2,True,False
u_01503,2025-12-09,2025-12,web,UK,variant,lower_friction,self_select,True,ESFJ,practicing,ambivert,52.9,51.7,False,False
u_01504,2025-08-13,2025-08,android,SG,control,baseline,mandatory_test,False,,devoted,deep_extrovert,68.1,58.9,True,True
u_01505,2025-06-11,2025-06,ios,CA,variant,lower_friction,self_select,True,ISTJ,cultural,extrovert,22.9,54.3,True,False
u_01506,2025-03-23,2025-03,android,SG,control,baseline,mandatory_test,False,,cultural,ambivert,37.7,32.5,True,False
u_01507,2025-11-06,2025-11,ios,US,control,baseline,mandatory_test,False,,practicing,introvert,31.4,75.1,True,False
u_01508,2025-06-04,2025-06,android,UK,variant,lower_friction,test_or_skip,False,,devoted,ambivert,39.5,41.1,True,True
u_01509,2025-04-22,2025-04,android,MY,control,baseline,mandatory_test,True,INFJ,deep_seeker,ambivert,14.0,46.5,True,False
u_01510,2025-07-10,2025-07,ios,AU,variant,lower_friction,self_select,True,ESTP,cultural,deep_introvert,42.9,77.9,False,False
u_01511,2025-12-16,2025-12,web,AE,variant,lower_friction,self_select,True,ENTP,practicing,extrovert,55.3,46.8,False,True
u_01512,2025-09-05,2025-09,ios,ID,control,baseline,mandatory_test,True,ESFP,devoted,extrovert,21.8,88.9,True,True
u_01513,2025-06-15,2025-06,ios,UK,control,baseline,mandatory_test,True,ENTJ,devoted,ambivert,66.4,37.1,True,False
u_01514,2025-06-18,2025-06,ios,ID,variant,lower_friction,self_select,True,ENTP,practicing,introvert,51.7,14.0,True,False
u_01515,2025-12-21,2025-12,android,MY,variant,lower_friction,self_select,True,ENFP,spiritual,deep_extrovert,49.4,68.6,True,False
u_01516,2025-05-31,2025-05,ios,AE,variant,lower_friction,test_or_skip,False,,deep_seeker,deep_introvert,50.0,47.4,True,False
u_01517,2025-03-15,2025-03,ios,CA,variant,lower_friction,test_or_skip,False,,practicing,deep_extrovert,6.3,62.9,True,True
u_01518,2025-07-18,2025-07,ios,MY,variant,lower_friction,test_or_skip,False,,spiritual,deep_extrovert,68.0,50.1,True,True
u_01519,2025-08-01,2025-08,android,AE,variant,lower_friction,test_or_skip,False,,practicing,ambivert,61.0,38.7,True,False
u_01520,2025-11-23,2025-11,android,CA,control,baseline,mandatory_test,False,,spiritual,deep_extrovert,33.2,28.5,True,True
u_01521,2025-02-07,2025-02,web,ID,variant,lower_friction,test_or_skip,False,,practicing,extrovert,59.6,39.9,True,True
u_01522,2025-09-08,2025-09,ios,CA,variant,lower_friction,self_select,True,ENTJ,practicing,ambivert,51.3,45.7,True,False
u_01523,2025-12-28,2025-12,android,UK,variant,lower_friction,test_or_skip,False,,deep_seeker,ambivert,57.4,100.0,True,True
u_01524,2025-09-17,2025-09,android,ID,variant,lower_friction,self_select,True,ISFP,deep_seeker,introvert,62.2,34.4,True,True
u_01525,2025-08-17,2025-08,ios,US,variant,lower_friction,test_or_skip,False,,practicing,deep_extrovert,53.1,59.6,True,False
u_01526,2025-04-05,2025-04,android,US,variant,lower_friction,self_select,True,INFP,practicing,deep_extrovert,52.1,76.9,True,False
u_01527,2025-05-05,2025-05,android,UK,control,baseline,mandatory_test,False,,practicing,deep_introvert,60.1,69.5,False,False
u_01528,2025-02-26,2025-02,ios,AU,variant,lower_friction,test_or_skip,False,,devoted,introvert,29.0,57.6,True,True
u_01529,2025-04-05,2025-04,android,US,variant,lower_friction,test_or_skip,False,,devoted,ambivert,13.2,58.3,False,False
u_01530,2025-07-14,2025-07,ios,UK,control,baseline,mandatory_test,True,INTP,deep_seeker,extrovert,54.0,76.6,True,True
u_01531,2025-02-19,2025-02,ios,AE,variant,lower_friction,test_or_skip,False,,devoted,deep_introvert,76.5,60.0,True,True
u_01532,2025-12-08,2025-12,ios,US,control,baseline,mandatory_test,True,ENTJ,practicing,extrovert,74.8,70.8,True,False
u_01533,2025-01-02,2025-01,ios,ID,control,baseline,mandatory_test,True,ENTJ,practicing,introvert,42.4,97.5,True,True
u_01534,2025-11-17,2025-11,android,MY,variant,lower_friction,test_or_skip,False,,cultural,ambivert,37.2,51.6,False,False
u_01535,2025-04-25,2025-04,android,MY,control,baseline,mandatory_test,False,,practicing,introvert,28.9,46.9,False,False
u_01536,2025-09-28,2025-09,android,AU,variant,lower_friction,self_select,True,ISTP,deep_seeker,deep_extrovert,33.3,38.3,True,True
u_01537,2025-05-10,2025-05,ios,US,control,baseline,mandatory_test,False,,cultural,introvert,29.1,60.7,True,False
u_01538,2025-12-15,2025-12,ios,AE,variant,lower_friction,test_or_skip,False,,spiritual,deep_extrovert,76.2,46.0,True,False
u_01539,2025-11-21,2025-11,ios,MY,variant,lower_friction,test_or_skip,False,,devoted,deep_extrovert,75.6,71.7,True,True
u_01540,2025-07-28,2025-07,web,MY,control,baseline,mandatory_test,True,ENTJ,practicing,ambivert,57.8,55.9,True,False
u_01541,2025-08-27,2025-08,ios,UK,control,baseline,mandatory_test,False,,practicing,deep_introvert,6.6,59.6,True,False
u_01542,2025-06-11,2025-06,ios,UK,variant,lower_friction,self_select,True,ISTP,spiritual,extrovert,17.3,66.4,True,False
u_01543,2025-05-07,2025-05,ios,US,control,baseline,mandatory_test,True,INTJ,practicing,extrovert,41.1,80.0,False,False
u_01544,2025-11-14,2025-11,web,UK,control,baseline,mandatory_test,True,ENTJ,practicing,deep_introvert,40.9,65.1,False,False
u_01545,2025-10-03,2025-10,android,AU,control,baseline,mandatory_test,False,,practicing,introvert,25.0,25.0,False,False
u_01546,2025-06-10,2025-06,ios,AE,variant,lower_friction,self_select,True,ENFJ,cultural,deep_extrovert,49.5,66.7,True,False
u_01547,2025-02-27,2025-02,android,UK,variant,lower_friction,test_or_skip,False,,devoted,ambivert,52.2,14.8,True,False
u_01548,2025-06-30,2025-06,android,ID,control,baseline,mandatory_test,True,INFP,practicing,ambivert,61.4,57.3,True,False
u_01549,2025-03-31,2025-03,ios,ID,control,baseline,mandatory_test,False,,devoted,introvert,63.9,47.6,True,True
u_01550,2025-06-06,2025-06,ios,CA,control,baseline,mandatory_test,False,,spiritual,extrovert,45.6,64.7,True,True
u_01551,2025-07-05,2025-07,ios,MY,control,baseline,mandatory_test,True,ISTJ,practicing,ambivert,31.2,79.5,True,True
u_01552,2025-07-26,2025-07,android,US,variant,lower_friction,test_or_skip,False,,practicing,ambivert,45.0,57.4,False,False
u_01553,2025-10-01,2025-10,android,UK,control,baseline,mandatory_test,True,ENFP,practicing,introvert,49.7,67.1,True,True
u_01554,2025-09-25,2025-09,android,ID,control,baseline,mandatory_test,True,ISFJ,spiritual,deep_introvert,38.4,65.1,True,True
u_01555,2025-08-08,2025-08,android,UK,control,baseline,mandatory_test,False,,devoted,introvert,92.9,63.6,False,False
u_01556,2025-11-09,2025-11,ios,AE,control,baseline,mandatory_test,False,,practicing,deep_introvert,60.0,31.5,False,False
u_01557,2025-09-08,2025-09,android,US,variant,lower_friction,test_or_skip,False,,practicing,introvert,61.7,71.4,True,False
u_01558,2025-03-31,2025-03,android,AE,variant,lower_friction,test_or_skip,False,,practicing,ambivert,68.2,55.3,True,True
u_01559,2025-10-20,2025-10,android,AE,control,baseline,mandatory_test,False,,cultural,introvert,52.8,84.4,False,False
u_01560,2025-08-25,2025-08,ios,AU,control,baseline,mandatory_test,False,,devoted,introvert,70.3,22.8,False,False
u_01561,2025-12-24,2025-12,android,UK,control,baseline,mandatory_test,True,INTJ,cultural,extrovert,25.4,47.8,True,False
u_01562,2025-08-21,2025-08,ios,CA,control,baseline,mandatory_test,False,,practicing,ambivert,49.1,68.6,True,True
u_01563,2025-04-21,2025-04,ios,ID,variant,lower_friction,test_or_skip,False,,practicing,extrovert,35.0,42.7,False,False
u_01564,2025-07-25,2025-07,ios,CA,variant,lower_friction,test_or_skip,False,,practicing,extrovert,32.4,54.7,True,True
u_01565,2025-03-31,2025-03,ios,CA,control,baseline,mandatory_test,False,,devoted,deep_extrovert,65.7,85.2,True,True
u_01566,2025-05-21,2025-05,android,MY,control,baseline,mandatory_test,True,ENFJ,practicing,introvert,60.9,48.5,True,True
u_01567,2025-06-23,2025-06,android,CA,control,baseline,mandatory_test,False,,spiritual,deep_introvert,33.0,28.7,False,False
u_01568,2025-07-13,2025-07,ios,MY,control,baseline,mandatory_test,False,,cultural,deep_extrovert,81.5,89.9,True,True
u_01569,2025-10-15,2025-10,android,UK,variant,lower_friction,self_select,True,ISTP,devoted,introvert,36.6,53.7,True,True
u_01570,2025-05-08,2025-05,android,AE,variant,lower_friction,test_or_skip,False,,spiritual,extrovert,31.2,69.5,True,True
u_01571,2025-10-26,2025-10,android,ID,control,baseline,mandatory_test,False,,practicing,ambivert,64.9,64.0,True,True
u_01572,2025-08-28,2025-08,android,UK,control,baseline,mandatory_test,True,ISFP,spiritual,extrovert,46.1,62.7,True,True
u_01573,2025-07-09,2025-07,ios,AU,control,baseline,mandatory_test,True,ESFJ,cultural,ambivert,19.6,29.9,True,True
u_01574,2025-07-29,2025-07,ios,AE,control,baseline,mandatory_test,True,INTJ,practicing,introvert,43.8,34.8,True,True
u_01575,2025-09-19,2025-09,android,ID,control,baseline,mandatory_test,True,INFJ,deep_seeker,extrovert,42.6,59.1,True,True
u_01576,2025-10-07,2025-10,android,AE,control,baseline,mandatory_test,False,,practicing,ambivert,33.3,47.0,True,True
u_01577,2025-03-26,2025-03,android,SG,control,baseline,mandatory_test,False,,devoted,ambivert,68.1,28.2,True,False
u_01578,2025-05-13,2025-05,ios,CA,variant,lower_friction,self_select,True,ISTJ,cultural,deep_introvert,32.4,35.8,True,False
u_01579,2025-07-08,2025-07,ios,CA,control,baseline,mandatory_test,False,,cultural,deep_extrovert,25.0,67.6,False,False
u_01580,2025-12-16,2025-12,android,AE,variant,lower_friction,self_select,True,ESFJ,practicing,extrovert,19.7,54.9,True,True
u_01581,2025-01-26,2025-01,android,ID,control,baseline,mandatory_test,True,ENFP,cultural,extrovert,48.3,50.2,False,False
u_01582,2025-07-17,2025-07,ios,UK,control,baseline,mandatory_test,False,,spiritual,introvert,70.1,42.2,True,False
u_01583,2025-09-18,2025-09,android,UK,control,baseline,mandatory_test,False,,devoted,introvert,8.9,100.0,True,False
u_01584,2025-05-30,2025-05,ios,AE,control,baseline,mandatory_test,False,,devoted,deep_introvert,46.7,65.0,True,False
u_01585,2025-11-10,2025-11,android,MY,control,baseline,mandatory_test,False,,devoted,deep_extrovert,49.1,69.3,True,True
u_01586,2025-11-07,2025-11,android,AE,variant,lower_friction,test_or_skip,False,,practicing,introvert,63.3,62.6,False,False
u_01587,2025-12-27,2025-12,android,ID,variant,lower_friction,self_select,True,ISTJ,cultural,ambivert,78.3,75.4,True,False
u_01588,2025-07-02,2025-07,ios,UK,variant,lower_friction,self_select,True,ESTJ,cultural,extrovert,22.8,72.7,True,True
u_01589,2025-05-01,2025-05,android,MY,variant,lower_friction,test_or_skip,False,,practicing,ambivert,49.6,55.4,True,True
u_01590,2025-11-25,2025-11,android,US,control,baseline,mandatory_test,True,ESFJ,devoted,deep_extrovert,16.7,33.5,True,False
u_01591,2025-06-18,2025-06,web,UK,variant,lower_friction,test_or_skip,False,,practicing,deep_extrovert,65.6,31.1,True,True
u_01592,2025-02-21,2025-02,ios,AU,control,baseline,mandatory_test,False,,practicing,deep_introvert,44.2,59.0,False,False
u_01593,2025-09-25,2025-09,android,US,variant,lower_friction,self_select,True,ESFJ,devoted,ambivert,69.6,81.3,False,False
u_01594,2025-02-05,2025-02,ios,ID,variant,lower_friction,self_select,True,ENFJ,practicing,extrovert,52.3,66.3,False,False
u_01595,2025-08-13,2025-08,ios,MY,variant,lower_friction,self_select,True,ENTJ,spiritual,introvert,30.4,60.6,True,True
u_01596,2025-02-25,2025-02,ios,MY,control,baseline,mandatory_test,False,,devoted,extrovert,35.8,65.6,True,True
u_01597,2025-11-14,2025-11,ios,ID,control,baseline,mandatory_test,True,ENFJ,spiritual,deep_extrovert,47.8,94.6,True,False
u_01598,2025-05-20,2025-05,android,AU,variant,lower_friction,self_select,True,ESTP,devoted,introvert,88.1,74.2,True,True
u_01599,2025-11-14,2025-11,ios,MY,variant,lower_friction,test_or_skip,False,,spiritual,extrovert,39.1,49.1,True,True
u_01600,2025-10-22,2025-10,android,US,variant,lower_friction,test_or_skip,False,,deep_seeker,ambivert,30.1,62.4,True,True
u_01601,2025-01-11,2025-01,web,CA,control,baseline,mandatory_test,False,,practicing,extrovert,31.0,12.4,True,True
u_01602,2025-07-09,2025-07,ios,AU,control,baseline,mandatory_test,True,INTP,practicing,introvert,84.1,64.5,True,True
u_01603,2025-09-07,2025-09,ios,AE,control,baseline,mandatory_test,False,,practicing,introvert,24.9,50.4,True,True
u_01604,2025-10-01,2025-10,web,CA,control,baseline,mandatory_test,True,ISFJ,spiritual,ambivert,35.6,53.3,True,True
u_01605,2025-03-25,2025-03,android,MY,variant,lower_friction,self_select,True,ISTJ,spiritual,ambivert,42.2,100.0,False,False
u_01606,2025-05-18,2025-05,android,CA,variant,lower_friction,test_or_skip,False,,practicing,introvert,92.6,57.3,False,False
u_01607,2025-02-11,2025-02,web,ID,control,baseline,mandatory_test,False,,practicing,introvert,30.6,68.8,True,False
u_01608,2025-08-21,2025-08,ios,CA,control,baseline,mandatory_test,False,,spiritual,introvert,60.9,84.7,False,False
u_01609,2025-11-01,2025-11,ios,ID,variant,lower_friction,test_or_skip,False,,practicing,ambivert,65.4,73.9,True,True
u_01610,2025-11-27,2025-11,android,AE,control,baseline,mandatory_test,True,ESFJ,cultural,deep_introvert,54.5,58.3,True,True
u_01611,2025-09-11,2025-09,android,CA,control,baseline,mandatory_test,False,,practicing,ambivert,83.7,42.7,True,False
u_01612,2025-10-11,2025-10,ios,SG,variant,lower_friction,test_or_skip,False,,practicing,introvert,31.1,58.0,False,False
u_01613,2025-05-10,2025-05,android,AU,variant,lower_friction,test_or_skip,False,,devoted,introvert,36.8,48.7,True,True
u_01614,2025-08-20,2025-08,android,UK,variant,lower_friction,test_or_skip,False,,spiritual,extrovert,27.1,67.7,False,False
u_01615,2025-11-30,2025-11,web,UK,control,baseline,mandatory_test,False,,deep_seeker,extrovert,50.1,91.4,True,False
u_01616,2025-08-02,2025-08,android,US,control,baseline,mandatory_test,True,ESTP,practicing,introvert,29.2,41.2,True,False
u_01617,2025-05-12,2025-05,ios,AU,control,baseline,mandatory_test,False,,devoted,ambivert,32.8,33.9,True,False
u_01618,2025-05-19,2025-05,android,ID,variant,lower_friction,test_or_skip,False,,cultural,ambivert,54.2,21.9,True,False
u_01619,2025-03-28,2025-03,ios,US,control,baseline,mandatory_test,False,,devoted,introvert,62.1,85.2,True,False
u_01620,2025-04-06,2025-04,ios,MY,control,baseline,mandatory_test,True,INFJ,practicing,introvert,77.8,40.7,True,False
u_01621,2025-02-09,2025-02,ios,ID,variant,lower_friction,self_select,True,ESFJ,practicing,introvert,97.8,57.6,True,False
u_01622,2025-06-25,2025-06,web,US,variant,lower_friction,self_select,True,INFJ,deep_seeker,extrovert,40.5,80.2,True,True
u_01623,2025-10-20,2025-10,ios,ID,variant,lower_friction,test_or_skip,False,,cultural,ambivert,48.3,31.2,True,False
u_01624,2025-03-02,2025-03,ios,SG,control,baseline,mandatory_test,True,ENFP,spiritual,ambivert,55.2,44.6,True,False
u_01625,2025-05-12,2025-05,web,CA,control,baseline,mandatory_test,True,ENTP,cultural,extrovert,41.1,74.0,True,False
u_01626,2025-04-15,2025-04,ios,CA,variant,lower_friction,self_select,True,ENFP,practicing,extrovert,42.5,80.4,True,True
u_01627,2025-07-31,2025-07,android,US,control,baseline,mandatory_test,False,,practicing,extrovert,48.8,47.8,False,False
u_01628,2025-12-24,2025-12,ios,US,control,baseline,mandatory_test,False,,spiritual,extrovert,68.7,55.9,True,False
u_01629,2025-10-20,2025-10,ios,CA,variant,lower_friction,test_or_skip,False,,practicing,ambivert,57.9,32.5,True,True
u_01630,2025-09-03,2025-09,android,UK,variant,lower_friction,self_select,True,ENTP,cultural,extrovert,54.3,49.3,True,False
u_01631,2025-01-15,2025-01,web,UK,variant,lower_friction,self_select,True,ISFP,practicing,introvert,43.9,50.8,False,True
u_01632,2025-01-19,2025-01,android,UK,control,baseline,mandatory_test,True,ISFP,practicing,introvert,40.9,52.5,False,False
u_01633,2025-02-07,2025-02,ios,ID,variant,lower_friction,test_or_skip,False,,cultural,ambivert,91.9,49.6,True,True
u_01634,2025-07-29,2025-07,android,ID,control,baseline,mandatory_test,False,,devoted,ambivert,33.0,68.9,True,False
u_01635,2025-01-03,2025-01,ios,SG,control,baseline,mandatory_test,False,,devoted,ambivert,51.3,32.9,False,False
u_01636,2025-10-11,2025-10,android,ID,variant,lower_friction,self_select,True,ISTJ,spiritual,deep_extrovert,51.2,77.6,True,True
u_01637,2025-04-30,2025-04,android,AU,variant,lower_friction,test_or_skip,False,,spiritual,deep_introvert,61.0,52.7,False,False
u_01638,2025-01-20,2025-01,ios,US,variant,lower_friction,self_select,True,ISFJ,cultural,ambivert,53.9,44.6,True,True
u_01639,2025-06-11,2025-06,ios,ID,control,baseline,mandatory_test,False,,practicing,ambivert,38.3,80.9,True,True
u_01640,2025-10-24,2025-10,android,AU,control,baseline,mandatory_test,True,ENTJ,practicing,ambivert,31.8,57.1,True,True
u_01641,2025-02-10,2025-02,web,US,variant,lower_friction,test_or_skip,False,,cultural,introvert,95.2,82.6,True,True
u_01642,2025-08-26,2025-08,android,US,variant,lower_friction,test_or_skip,False,,practicing,extrovert,52.1,67.8,True,False
u_01643,2025-03-08,2025-03,android,US,variant,lower_friction,self_select,True,ESFP,practicing,extrovert,43.9,31.8,True,False
u_01644,2025-09-26,2025-09,ios,MY,variant,lower_friction,self_select,True,ISTP,devoted,extrovert,32.5,51.2,True,True
u_01645,2025-02-25,2025-02,android,ID,variant,lower_friction,self_select,True,INTP,devoted,extrovert,64.1,46.2,True,True
u_01646,2025-06-23,2025-06,ios,MY,control,baseline,mandatory_test,True,INTP,spiritual,introvert,47.2,85.7,False,False
u_01647,2025-08-12,2025-08,ios,US,control,baseline,mandatory_test,True,INFJ,cultural,ambivert,54.6,36.7,False,False
u_01648,2025-02-05,2025-02,ios,UK,control,baseline,mandatory_test,False,,devoted,ambivert,40.7,73.6,False,False
u_01649,2025-06-24,2025-06,android,AU,variant,lower_friction,test_or_skip,False,,cultural,ambivert,55.1,38.4,True,True
u_01650,2025-08-02,2025-08,android,UK,control,baseline,mandatory_test,True,ESFP,spiritual,deep_introvert,71.4,78.7,False,False
u_01651,2025-03-24,2025-03,ios,AU,control,baseline,mandatory_test,False,,spiritual,introvert,39.1,8.0,False,False
u_01652,2025-01-21,2025-01,ios,CA,variant,lower_friction,test_or_skip,False,,deep_seeker,extrovert,37.4,54.9,False,False
u_01653,2025-10-09,2025-10,android,AE,control,baseline,mandatory_test,False,,practicing,introvert,46.6,81.2,True,True
u_01654,2025-11-18,2025-11,ios,US,control,baseline,mandatory_test,True,ESFJ,practicing,introvert,41.1,41.3,True,False
u_01655,2025-01-20,2025-01,ios,MY,variant,lower_friction,self_select,True,ISTJ,spiritual,extrovert,67.6,71.4,True,True
u_01656,2025-12-27,2025-12,android,ID,variant,lower_friction,test_or_skip,False,,cultural,deep_introvert,33.9,77.7,True,True
u_01657,2025-09-30,2025-09,ios,US,control,baseline,mandatory_test,False,,cultural,deep_extrovert,71.1,89.2,True,False
u_01658,2025-12-22,2025-12,web,AE,variant,lower_friction,self_select,True,ESTJ,spiritual,deep_extrovert,34.0,70.8,True,True
u_01659,2025-05-20,2025-05,ios,UK,variant,lower_friction,test_or_skip,False,,spiritual,introvert,69.4,48.0,True,False
u_01660,2025-01-23,2025-01,web,UK,control,baseline,mandatory_test,True,ISFJ,devoted,ambivert,57.9,68.4,True,True
u_01661,2025-02-06,2025-02,ios,ID,control,baseline,mandatory_test,False,,practicing,deep_extrovert,66.0,48.4,True,True
u_01662,2025-11-27,2025-11,ios,US,control,baseline,mandatory_test,True,ISFJ,practicing,extrovert,19.4,72.2,False,False
u_01663,2025-11-25,2025-11,ios,CA,control,baseline,mandatory_test,True,ENTJ,spiritual,extrovert,32.4,47.1,True,True
u_01664,2025-06-10,2025-06,android,MY,control,baseline,mandatory_test,True,ENFP,cultural,deep_introvert,38.7,49.2,True,False
u_01665,2025-06-10,2025-06,android,CA,variant,lower_friction,test_or_skip,False,,devoted,ambivert,37.9,63.5,True,True
u_01666,2025-10-07,2025-10,ios,AE,control,baseline,mandatory_test,False,,deep_seeker,extrovert,54.9,99.9,True,False
u_01667,2025-09-10,2025-09,ios,ID,control,baseline,mandatory_test,True,ISFJ,devoted,ambivert,73.2,38.2,True,False
u_01668,2025-01-05,2025-01,android,CA,control,baseline,mandatory_test,True,INFP,spiritual,introvert,60.2,32.9,False,False
u_01669,2025-12-08,2025-12,ios,AU,variant,lower_friction,test_or_skip,False,,devoted,ambivert,50.6,69.8,True,False
u_01670,2025-05-04,2025-05,ios,US,control,baseline,mandatory_test,True,ISTJ,deep_seeker,introvert,51.4,50.2,True,True
u_01671,2025-11-08,2025-11,ios,AE,variant,lower_friction,self_select,True,ESFJ,deep_seeker,extrovert,61.4,75.4,True,True
u_01672,2025-11-30,2025-11,web,ID,variant,lower_friction,self_select,True,ENFJ,deep_seeker,ambivert,34.7,27.9,True,False
u_01673,2025-08-20,2025-08,ios,CA,variant,lower_friction,test_or_skip,False,,spiritual,introvert,58.7,55.7,False,False
u_01674,2025-04-27,2025-04,android,MY,variant,lower_friction,test_or_skip,False,,spiritual,extrovert,32.1,87.7,False,False
u_01675,2025-02-08,2025-02,ios,US,control,baseline,mandatory_test,False,,practicing,deep_introvert,58.9,27.6,True,False
u_01676,2025-02-25,2025-02,ios,UK,control,baseline,mandatory_test,True,ISFP,deep_seeker,extrovert,37.8,36.0,True,False
u_01677,2025-09-25,2025-09,ios,US,control,baseline,mandatory_test,True,ESTP,devoted,extrovert,53.0,11.3,True,True
u_01678,2025-05-31,2025-05,android,AE,variant,lower_friction,self_select,True,INFJ,devoted,introvert,85.7,18.0,True,True
u_01679,2025-02-08,2025-02,ios,AE,variant,lower_friction,self_select,True,ESTJ,devoted,deep_extrovert,54.4,87.0,True,False
u_01680,2025-06-09,2025-06,ios,ID,control,baseline,mandatory_test,False,,practicing,extrovert,17.9,61.7,True,True
u_01681,2025-03-02,2025-03,ios,UK,control,baseline,mandatory_test,True,ISTJ,spiritual,introvert,32.9,78.4,True,False
u_01682,2025-07-25,2025-07,android,AU,control,baseline,mandatory_test,False,,practicing,extrovert,73.4,39.2,True,False
u_01683,2025-11-18,2025-11,android,MY,variant,lower_friction,self_select,True,ESFP,spiritual,extrovert,39.5,32.0,True,True
u_01684,2025-03-04,2025-03,ios,MY,control,baseline,mandatory_test,False,,devoted,introvert,46.0,58.2,True,True
u_01685,2025-09-16,2025-09,ios,US,variant,lower_friction,test_or_skip,False,,practicing,introvert,52.7,12.7,False,False
u_01686,2025-02-07,2025-02,android,UK,variant,lower_friction,test_or_skip,False,,cultural,extrovert,42.0,78.6,True,True
u_01687,2025-08-04,2025-08,ios,UK,control,baseline,mandatory_test,True,INTJ,spiritual,deep_extrovert,23.0,55.1,True,False
u_01688,2025-04-29,2025-04,ios,UK,variant,lower_friction,test_or_skip,False,,spiritual,extrovert,38.5,52.1,False,False
u_01689,2025-01-09,2025-01,android,AU,control,baseline,mandatory_test,True,ISTJ,practicing,extrovert,52.5,44.6,True,False
u_01690,2025-06-30,2025-06,ios,UK,variant,lower_friction,self_select,True,ISTJ,practicing,ambivert,65.1,69.0,True,True
u_01691,2025-02-05,2025-02,ios,US,variant,lower_friction,self_select,True,INFJ,practicing,introvert,27.0,38.5,True,True
u_01692,2025-01-26,2025-01,ios,ID,control,baseline,mandatory_test,True,ENTJ,spiritual,extrovert,62.2,69.3,True,False
u_01693,2025-01-02,2025-01,ios,CA,variant,lower_friction,test_or_skip,False,,deep_seeker,ambivert,38.7,97.2,True,True
u_01694,2025-01-06,2025-01,ios,UK,control,baseline,mandatory_test,True,ENFJ,practicing,extrovert,74.9,100.0,True,True
u_01695,2025-07-01,2025-07,ios,UK,variant,lower_friction,test_or_skip,False,,spiritual,introvert,44.0,42.1,True,True
u_01696,2025-03-02,2025-03,android,UK,variant,lower_friction,test_or_skip,False,,practicing,ambivert,41.8,70.3,True,True
u_01697,2025-07-01,2025-07,ios,AE,control,baseline,mandatory_test,False,,deep_seeker,extrovert,39.5,53.5,True,False
u_01698,2025-08-04,2025-08,ios,ID,variant,lower_friction,test_or_skip,False,,practicing,ambivert,32.8,51.2,True,True
u_01699,2025-04-25,2025-04,android,CA,control,baseline,mandatory_test,True,ESTJ,spiritual,deep_extrovert,43.8,57.4,True,True
u_01700,2025-02-17,2025-02,android,AE,variant,lower_friction,test_or_skip,False,,practicing,introvert,42.5,46.7,False,False
u_01701,2025-05-15,2025-05,ios,ID,control,baseline,mandatory_test,True,ENFP,deep_seeker,extrovert,0.5,66.9,True,True
u_01702,2025-09-13,2025-09,ios,ID,variant,lower_friction,test_or_skip,False,,cultural,introvert,25.7,18.9,True,False
u_01703,2025-02-04,2025-02,android,MY,control,baseline,mandatory_test,False,,cultural,deep_extrovert,40.3,53.3,True,True
u_01704,2025-09-03,2025-09,ios,US,variant,lower_friction,test_or_skip,False,,practicing,deep_introvert,53.0,63.4,True,True
u_01705,2025-10-03,2025-10,ios,UK,variant,lower_friction,test_or_skip,False,,practicing,extrovert,62.0,63.8,True,True
u_01706,2025-09-02,2025-09,ios,CA,variant,lower_friction,self_select,True,ENTJ,practicing,extrovert,30.9,100.0,True,False
u_01707,2025-10-29,2025-10,ios,AE,control,baseline,mandatory_test,True,ESFP,cultural,ambivert,55.8,70.4,True,False
u_01708,2025-03-27,2025-03,ios,MY,control,baseline,mandatory_test,False,,devoted,deep_extrovert,50.3,83.6,False,False
u_01709,2025-01-11,2025-01,android,MY,control,baseline,mandatory_test,True,ENTJ,devoted,ambivert,61.0,61.3,False,False
u_01710,2025-05-17,2025-05,android,US,control,baseline,mandatory_test,False,,devoted,introvert,28.3,64.1,True,False
u_01711,2025-07-01,2025-07,ios,UK,variant,lower_friction,self_select,True,INTP,spiritual,deep_extrovert,40.8,87.0,True,False
u_01712,2025-01-26,2025-01,android,AE,variant,lower_friction,test_or_skip,False,,spiritual,introvert,21.8,85.0,True,True
u_01713,2025-02-15,2025-02,android,SG,variant,lower_friction,test_or_skip,False,,cultural,deep_extrovert,45.2,71.3,True,False
u_01714,2025-06-28,2025-06,android,CA,control,baseline,mandatory_test,True,INFJ,spiritual,extrovert,80.1,73.7,True,False
u_01715,2025-12-10,2025-12,ios,US,control,baseline,mandatory_test,True,ISTJ,cultural,introvert,46.9,37.9,True,False
u_01716,2025-07-17,2025-07,android,UK,variant,lower_friction,self_select,True,ENTJ,spiritual,extrovert,52.9,24.3,True,False
u_01717,2025-06-23,2025-06,ios,AE,control,baseline,mandatory_test,False,,spiritual,ambivert,41.1,52.4,False,False
u_01718,2025-04-24,2025-04,android,AU,variant,lower_friction,self_select,True,ISTJ,practicing,deep_extrovert,40.9,90.0,True,True
u_01719,2025-03-25,2025-03,ios,AE,variant,lower_friction,test_or_skip,False,,practicing,introvert,12.7,65.8,True,True
u_01720,2025-08-11,2025-08,android,UK,variant,lower_friction,test_or_skip,False,,practicing,introvert,43.7,44.0,True,True
u_01721,2025-11-09,2025-11,ios,ID,control,baseline,mandatory_test,True,INFJ,spiritual,deep_introvert,57.7,20.8,True,False
u_01722,2025-02-19,2025-02,ios,US,variant,lower_friction,self_select,True,ESFP,cultural,extrovert,52.9,60.8,True,False
u_01723,2025-10-01,2025-10,ios,AE,variant,lower_friction,test_or_skip,False,,cultural,deep_introvert,49.7,60.4,True,False
u_01724,2025-02-26,2025-02,android,US,control,baseline,mandatory_test,False,,practicing,introvert,25.9,77.6,True,True
u_01725,2025-03-31,2025-03,ios,ID,variant,lower_friction,self_select,True,ESTP,spiritual,ambivert,72.6,45.8,True,True
u_01726,2025-03-22,2025-03,android,US,control,baseline,mandatory_test,True,ISFJ,devoted,introvert,30.0,40.5,True,False
u_01727,2025-08-24,2025-08,ios,UK,variant,lower_friction,test_or_skip,False,,deep_seeker,ambivert,60.3,66.6,True,True
u_01728,2025-12-12,2025-12,android,AE,variant,lower_friction,test_or_skip,False,,devoted,extrovert,34.3,44.0,True,True
u_01729,2025-11-17,2025-11,ios,US,control,baseline,mandatory_test,False,,practicing,introvert,28.6,82.2,True,False
u_01730,2025-05-16,2025-05,ios,SG,variant,lower_friction,self_select,True,ISTP,practicing,introvert,78.6,67.8,True,False
u_01731,2025-06-09,2025-06,android,UK,variant,lower_friction,test_or_skip,False,,cultural,ambivert,48.1,24.9,True,False
u_01732,2025-11-30,2025-11,ios,ID,variant,lower_friction,test_or_skip,False,,cultural,ambivert,51.8,79.5,True,False
u_01733,2025-04-05,2025-04,web,MY,control,baseline,mandatory_test,False,,deep_seeker,ambivert,84.6,59.2,True,True
u_01734,2025-03-08,2025-03,ios,SG,control,baseline,mandatory_test,True,ISTP,spiritual,deep_extrovert,44.7,61.3,True,False
u_01735,2025-01-26,2025-01,android,AE,control,baseline,mandatory_test,False,,cultural,ambivert,43.2,57.3,False,False
u_01736,2025-03-01,2025-03,ios,US,variant,lower_friction,test_or_skip,False,,spiritual,deep_extrovert,35.8,41.8,True,True
u_01737,2025-05-25,2025-05,ios,CA,variant,lower_friction,self_select,True,ESFP,practicing,ambivert,86.7,40.0,True,False
u_01738,2025-09-07,2025-09,ios,AE,variant,lower_friction,test_or_skip,False,,spiritual,introvert,49.3,71.8,True,True
u_01739,2025-09-25,2025-09,ios,MY,control,baseline,mandatory_test,False,,spiritual,ambivert,71.1,46.3,True,False
u_01740,2025-07-07,2025-07,ios,ID,variant,lower_friction,self_select,True,ISTP,devoted,introvert,14.5,31.3,True,True
u_01741,2025-10-03,2025-10,ios,US,control,baseline,mandatory_test,False,,devoted,deep_extrovert,52.7,81.7,True,True
u_01742,2025-05-11,2025-05,ios,MY,control,baseline,mandatory_test,False,,practicing,ambivert,88.7,50.6,True,True
u_01743,2025-08-11,2025-08,ios,US,control,baseline,mandatory_test,True,ENFJ,spiritual,ambivert,51.7,79.6,False,False
u_01744,2025-05-23,2025-05,ios,US,control,baseline,mandatory_test,True,ISTP,spiritual,introvert,44.3,35.6,True,True
u_01745,2025-08-16,2025-08,ios,US,variant,lower_friction,self_select,True,INTP,cultural,introvert,27.5,56.4,False,False
u_01746,2025-09-12,2025-09,ios,CA,variant,lower_friction,test_or_skip,False,,cultural,ambivert,60.0,36.7,True,False
u_01747,2025-01-21,2025-01,web,UK,control,baseline,mandatory_test,False,,spiritual,deep_extrovert,60.6,70.7,False,False
u_01748,2025-06-08,2025-06,android,AE,control,baseline,mandatory_test,False,,practicing,introvert,15.7,31.5,False,False
u_01749,2025-03-11,2025-03,android,AE,variant,lower_friction,test_or_skip,False,,devoted,extrovert,49.7,44.9,True,True
u_01750,2025-02-08,2025-02,android,UK,variant,lower_friction,self_select,True,ISFJ,devoted,ambivert,50.1,79.3,True,True
u_01751,2025-05-23,2025-05,ios,MY,variant,lower_friction,self_select,True,ESFP,spiritual,ambivert,29.4,81.1,True,True
u_01752,2025-01-08,2025-01,ios,US,variant,lower_friction,self_select,True,ENFP,cultural,ambivert,53.5,42.8,True,True
u_01753,2025-10-28,2025-10,ios,AU,variant,lower_friction,test_or_skip,False,,spiritual,ambivert,49.8,75.9,True,False
u_01754,2025-02-09,2025-02,android,AE,variant,lower_friction,test_or_skip,False,,spiritual,ambivert,90.6,23.8,True,False
u_01755,2025-07-24,2025-07,android,AU,variant,lower_friction,self_select,True,INFP,practicing,introvert,37.6,55.2,True,False
u_01756,2025-07-22,2025-07,android,MY,variant,lower_friction,test_or_skip,False,,practicing,ambivert,100.0,42.4,True,True
u_01757,2025-02-02,2025-02,ios,AE,control,baseline,mandatory_test,True,ENTJ,devoted,deep_introvert,46.2,65.6,True,True
u_01758,2025-12-26,2025-12,android,US,variant,lower_friction,test_or_skip,False,,practicing,extrovert,48.2,46.8,True,True
u_01759,2025-10-23,2025-10,ios,US,variant,lower_friction,test_or_skip,False,,deep_seeker,introvert,11.5,82.1,True,True
u_01760,2025-03-10,2025-03,android,ID,control,baseline,mandatory_test,False,,devoted,deep_introvert,67.3,96.2,True,False
u_01761,2025-08-16,2025-08,android,ID,variant,lower_friction,test_or_skip,False,,spiritual,ambivert,42.0,21.1,True,False
u_01762,2025-07-16,2025-07,android,CA,variant,lower_friction,self_select,True,ISFJ,devoted,introvert,46.1,47.6,True,True
u_01763,2025-07-31,2025-07,ios,MY,control,baseline,mandatory_test,True,INTP,practicing,ambivert,96.8,64.0,False,False
u_01764,2025-11-25,2025-11,ios,ID,control,baseline,mandatory_test,False,,practicing,introvert,68.9,46.9,False,False
u_01765,2025-07-09,2025-07,ios,SG,variant,lower_friction,test_or_skip,False,,practicing,ambivert,45.7,26.2,True,True
u_01766,2025-02-16,2025-02,ios,US,control,baseline,mandatory_test,False,,devoted,ambivert,66.5,63.9,False,False
u_01767,2025-06-11,2025-06,android,CA,control,baseline,mandatory_test,False,,devoted,introvert,63.1,49.3,False,False
u_01768,2025-08-21,2025-08,android,ID,control,baseline,mandatory_test,False,,spiritual,deep_introvert,30.5,76.4,False,False
u_01769,2025-04-01,2025-04,android,AE,control,baseline,mandatory_test,True,ISTJ,devoted,deep_introvert,60.1,61.3,False,False
u_01770,2025-06-20,2025-06,ios,MY,control,baseline,mandatory_test,False,,spiritual,introvert,31.0,34.0,False,False
u_01771,2025-08-01,2025-08,android,MY,variant,lower_friction,test_or_skip,False,,cultural,deep_introvert,40.8,34.8,True,True
u_01772,2025-08-06,2025-08,ios,UK,variant,lower_friction,test_or_skip,False,,spiritual,ambivert,65.7,52.0,False,False
u_01773,2025-02-03,2025-02,web,MY,control,baseline,mandatory_test,True,ISFJ,devoted,ambivert,63.9,38.9,True,True
u_01774,2025-12-01,2025-12,ios,ID,variant,lower_friction,test_or_skip,False,,practicing,extrovert,35.8,64.2,True,False
u_01775,2025-09-30,2025-09,ios,AU,control,baseline,mandatory_test,False,,practicing,ambivert,37.8,59.4,False,True
u_01776,2025-12-20,2025-12,android,UK,variant,lower_friction,self_select,True,ENFP,practicing,ambivert,70.2,49.2,True,False
u_01777,2025-07-30,2025-07,ios,US,control,baseline,mandatory_test,True,ENTP,spiritual,deep_introvert,68.8,55.5,True,False
u_01778,2025-04-21,2025-04,ios,US,variant,lower_friction,test_or_skip,False,,cultural,extrovert,68.9,69.5,True,True
u_01779,2025-09-12,2025-09,web,MY,control,baseline,mandatory_test,True,ISFJ,devoted,extrovert,27.6,45.5,True,False
u_01780,2025-06-20,2025-06,ios,CA,control,baseline,mandatory_test,True,ISTJ,practicing,ambivert,64.4,53.0,True,True
u_01781,2025-11-29,2025-11,android,AE,control,baseline,mandatory_test,False,,deep_seeker,deep_introvert,75.1,69.1,True,True
u_01782,2025-01-13,2025-01,ios,CA,control,baseline,mandatory_test,True,INFJ,devoted,introvert,78.2,51.2,True,False
u_01783,2025-06-12,2025-06,web,MY,variant,lower_friction,self_select,True,ISFJ,cultural,ambivert,34.7,57.2,True,False
u_01784,2025-11-16,2025-11,android,UK,variant,lower_friction,test_or_skip,False,,cultural,extrovert,65.3,53.7,True,False
u_01785,2025-05-21,2025-05,ios,MY,variant,lower_friction,test_or_skip,False,,practicing,introvert,58.1,25.7,True,False
u_01786,2025-07-12,2025-07,android,AU,variant,lower_friction,test_or_skip,False,,practicing,extrovert,52.6,33.3,True,False
u_01787,2025-04-11,2025-04,ios,AE,variant,lower_friction,test_or_skip,False,,devoted,introvert,32.1,42.2,True,True
u_01788,2025-01-29,2025-01,ios,US,variant,lower_friction,self_select,True,INFJ,devoted,extrovert,41.8,68.8,True,True
u_01789,2025-02-14,2025-02,android,UK,control,baseline,mandatory_test,True,ISTJ,cultural,ambivert,52.7,30.3,True,True
u_01790,2025-08-04,2025-08,ios,US,control,baseline,mandatory_test,True,ESTJ,cultural,ambivert,60.8,43.3,True,True
u_01791,2025-05-26,2025-05,web,US,variant,lower_friction,self_select,True,INTP,practicing,ambivert,51.8,47.0,True,True
u_01792,2025-06-04,2025-06,android,MY,variant,lower_friction,test_or_skip,False,,practicing,introvert,60.9,29.8,True,False
u_01793,2025-04-17,2025-04,android,UK,control,baseline,mandatory_test,False,,practicing,deep_introvert,0.0,50.4,True,True
u_01794,2025-01-03,2025-01,android,MY,control,baseline,mandatory_test,True,INFJ,devoted,extrovert,76.6,38.9,True,False
u_01795,2025-04-30,2025-04,ios,UK,control,baseline,mandatory_test,False,,spiritual,ambivert,20.8,59.1,False,False
u_01796,2025-10-26,2025-10,ios,MY,control,baseline,mandatory_test,False,,spiritual,introvert,62.7,52.1,True,True
u_01797,2025-05-27,2025-05,android,AU,variant,lower_friction,self_select,True,ENFJ,cultural,ambivert,58.3,41.9,False,False
u_01798,2025-04-04,2025-04,ios,AE,variant,lower_friction,test_or_skip,False,,cultural,extrovert,44.7,67.7,True,False
u_01799,2025-05-18,2025-05,android,AE,variant,lower_friction,self_select,True,INFP,spiritual,extrovert,35.3,100.0,False,False
u_01800,2025-10-28,2025-10,web,MY,variant,lower_friction,test_or_skip,False,,practicing,deep_extrovert,45.4,88.2,True,False
u_01801,2025-10-23,2025-10,android,ID,control,baseline,mandatory_test,False,,devoted,deep_introvert,63.8,58.1,True,True
u_01802,2025-08-18,2025-08,android,US,control,baseline,mandatory_test,False,,spiritual,introvert,43.3,44.0,True,False
u_01803,2025-02-16,2025-02,ios,MY,variant,lower_friction,test_or_skip,False,,deep_seeker,deep_introvert,58.8,53.5,True,False
u_01804,2025-04-02,2025-04,web,ID,variant,lower_friction,test_or_skip,False,,cultural,introvert,34.9,63.8,False,False
u_01805,2025-02-11,2025-02,ios,UK,variant,lower_friction,test_or_skip,False,,devoted,deep_extrovert,75.1,8.1,False,False
u_01806,2025-02-02,2025-02,web,CA,control,baseline,mandatory_test,True,ESTJ,practicing,ambivert,47.8,48.5,True,False
u_01807,2025-10-16,2025-10,android,US,control,baseline,mandatory_test,True,ENFP,deep_seeker,introvert,60.2,80.5,True,True
u_01808,2025-08-13,2025-08,android,MY,variant,lower_friction,test_or_skip,False,,practicing,extrovert,52.7,60.3,False,False
u_01809,2025-02-10,2025-02,android,UK,variant,lower_friction,self_select,True,INTJ,deep_seeker,deep_introvert,35.6,82.4,True,True
u_01810,2025-03-02,2025-03,android,ID,variant,lower_friction,test_or_skip,False,,devoted,extrovert,70.1,46.1,True,False
u_01811,2025-03-27,2025-03,ios,UK,variant,lower_friction,self_select,True,ENTP,spiritual,extrovert,59.6,52.7,True,True
u_01812,2025-10-08,2025-10,ios,ID,control,baseline,mandatory_test,True,ESFJ,practicing,introvert,55.2,58.7,False,False
u_01813,2025-02-11,2025-02,android,UK,variant,lower_friction,self_select,True,ESFJ,cultural,extrovert,56.0,33.7,True,False
u_01814,2025-08-27,2025-08,ios,MY,variant,lower_friction,test_or_skip,False,,cultural,ambivert,56.6,60.1,True,False
u_01815,2025-06-03,2025-06,android,UK,control,baseline,mandatory_test,True,ISFP,practicing,extrovert,54.8,71.6,True,False
u_01816,2025-07-17,2025-07,android,ID,variant,lower_friction,test_or_skip,False,,devoted,introvert,71.4,52.1,True,True
u_01817,2025-04-03,2025-04,android,MY,variant,lower_friction,self_select,True,ENTP,devoted,introvert,61.6,59.0,True,True
u_01818,2025-09-12,2025-09,ios,MY,variant,lower_friction,self_select,True,ESFJ,cultural,extrovert,52.1,76.8,True,False
u_01819,2025-03-31,2025-03,ios,AE,control,baseline,mandatory_test,False,,practicing,deep_extrovert,55.5,65.4,True,False
u_01820,2025-02-06,2025-02,ios,AU,control,baseline,mandatory_test,True,ISTJ,practicing,deep_introvert,38.5,50.9,True,False
u_01821,2025-12-17,2025-12,ios,US,variant,lower_friction,test_or_skip,False,,devoted,extrovert,85.7,18.0,True,True
u_01822,2025-05-22,2025-05,ios,MY,control,baseline,mandatory_test,True,ENFJ,practicing,introvert,33.0,83.3,True,True
u_01823,2025-04-21,2025-04,android,ID,control,baseline,mandatory_test,False,,practicing,ambivert,39.5,68.1,True,False
u_01824,2025-03-10,2025-03,android,ID,variant,lower_friction,test_or_skip,False,,cultural,extrovert,15.2,54.7,False,False
u_01825,2025-05-06,2025-05,android,CA,control,baseline,mandatory_test,True,INTP,practicing,deep_extrovert,50.5,48.7,False,False
u_01826,2025-04-28,2025-04,android,AE,control,baseline,mandatory_test,False,,devoted,extrovert,73.9,49.2,True,False
u_01827,2025-07-08,2025-07,android,MY,variant,lower_friction,self_select,True,ESFP,spiritual,ambivert,41.5,62.8,True,True
u_01828,2025-08-19,2025-08,android,AE,variant,lower_friction,test_or_skip,False,,practicing,extrovert,43.2,56.7,True,True
u_01829,2025-10-30,2025-10,ios,ID,control,baseline,mandatory_test,True,ENFP,cultural,extrovert,46.2,62.4,True,True
u_01830,2025-09-24,2025-09,android,UK,variant,lower_friction,test_or_skip,False,,deep_seeker,deep_extrovert,71.7,37.2,False,False
u_01831,2025-04-19,2025-04,android,MY,control,baseline,mandatory_test,False,,practicing,extrovert,86.2,34.4,True,True
u_01832,2025-08-23,2025-08,ios,US,control,baseline,mandatory_test,False,,deep_seeker,extrovert,37.4,71.3,False,False
u_01833,2025-12-04,2025-12,ios,US,control,baseline,mandatory_test,False,,practicing,deep_introvert,65.4,51.9,True,True
u_01834,2025-09-30,2025-09,ios,CA,control,baseline,mandatory_test,False,,practicing,introvert,61.0,71.6,False,False
u_01835,2025-08-17,2025-08,android,AE,variant,lower_friction,test_or_skip,False,,devoted,deep_introvert,48.8,37.0,True,False
u_01836,2025-08-30,2025-08,ios,AE,control,baseline,mandatory_test,False,,spiritual,ambivert,68.0,87.1,True,True
u_01837,2025-03-18,2025-03,ios,UK,control,baseline,mandatory_test,False,,devoted,ambivert,91.0,58.9,False,False
u_01838,2025-04-30,2025-04,android,MY,control,baseline,mandatory_test,False,,practicing,ambivert,34.4,87.5,True,True
u_01839,2025-03-22,2025-03,android,MY,control,baseline,mandatory_test,False,,practicing,ambivert,94.7,73.3,True,False
u_01840,2025-10-06,2025-10,android,CA,variant,lower_friction,self_select,True,ESFJ,deep_seeker,ambivert,75.6,77.7,True,True
u_01841,2025-12-18,2025-12,android,SG,control,baseline,mandatory_test,True,ISTJ,devoted,deep_introvert,62.1,63.4,False,False
u_01842,2025-01-09,2025-01,web,UK,control,baseline,mandatory_test,False,,practicing,deep_introvert,17.5,30.0,True,True
u_01843,2025-07-17,2025-07,android,ID,variant,lower_friction,test_or_skip,False,,cultural,ambivert,47.0,56.8,False,False
u_01844,2025-02-01,2025-02,android,AE,control,baseline,mandatory_test,False,,cultural,deep_introvert,23.8,74.7,True,False
u_01845,2025-09-04,2025-09,android,AE,control,baseline,mandatory_test,False,,practicing,ambivert,69.6,56.9,True,False
u_01846,2025-08-21,2025-08,android,SG,control,baseline,mandatory_test,False,,devoted,introvert,61.5,38.6,True,False
u_01847,2025-08-18,2025-08,ios,MY,variant,lower_friction,test_or_skip,False,,practicing,deep_introvert,51.4,88.6,False,False
u_01848,2025-04-27,2025-04,web,US,variant,lower_friction,self_select,True,ESFJ,spiritual,ambivert,35.9,76.4,True,False
u_01849,2025-09-23,2025-09,android,US,variant,lower_friction,test_or_skip,False,,practicing,deep_introvert,78.7,63.6,True,False
u_01850,2025-02-15,2025-02,android,CA,variant,lower_friction,test_or_skip,False,,deep_seeker,introvert,24.9,46.5,True,True
u_01851,2025-08-12,2025-08,ios,ID,control,baseline,mandatory_test,True,INTP,cultural,introvert,49.3,53.7,True,True
u_01852,2025-03-28,2025-03,android,UK,control,baseline,mandatory_test,False,,practicing,ambivert,58.2,51.6,False,False
u_01853,2025-04-17,2025-04,android,US,control,baseline,mandatory_test,True,ENTP,practicing,extrovert,62.7,39.8,True,True
u_01854,2025-05-10,2025-05,ios,SG,control,baseline,mandatory_test,True,ISFJ,practicing,ambivert,46.8,73.2,True,False
u_01855,2025-03-22,2025-03,ios,AE,control,baseline,mandatory_test,False,,devoted,deep_extrovert,36.3,42.6,True,True
u_01856,2025-01-10,2025-01,ios,AE,variant,lower_friction,self_select,True,ENFP,cultural,extrovert,25.2,63.3,True,True
u_01857,2025-08-14,2025-08,ios,CA,variant,lower_friction,test_or_skip,False,,spiritual,ambivert,61.0,61.3,True,False
u_01858,2025-11-01,2025-11,ios,AU,control,baseline,mandatory_test,False,,devoted,ambivert,52.3,39.7,True,False
u_01859,2025-04-10,2025-04,android,MY,control,baseline,mandatory_test,True,INFJ,practicing,ambivert,36.1,79.5,True,True
u_01860,2025-05-26,2025-05,ios,US,variant,lower_friction,test_or_skip,False,,practicing,ambivert,12.9,69.2,True,True
u_01861,2025-05-14,2025-05,ios,CA,control,baseline,mandatory_test,True,INFJ,spiritual,ambivert,38.2,28.1,True,False
u_01862,2025-04-29,2025-04,web,UK,control,baseline,mandatory_test,True,INTP,devoted,ambivert,40.5,43.4,True,False
u_01863,2025-11-05,2025-11,ios,US,control,baseline,mandatory_test,True,ENFP,spiritual,ambivert,47.8,71.2,True,True
u_01864,2025-06-28,2025-06,ios,CA,control,baseline,mandatory_test,True,ISFJ,practicing,introvert,51.4,67.4,True,True
u_01865,2025-08-08,2025-08,ios,US,variant,lower_friction,self_select,True,ESFP,spiritual,extrovert,60.6,46.1,True,True
u_01866,2025-05-13,2025-05,android,CA,control,baseline,mandatory_test,False,,cultural,extrovert,26.3,75.9,True,True
u_01867,2025-11-20,2025-11,android,MY,variant,lower_friction,self_select,True,INTJ,practicing,ambivert,67.4,54.5,True,True
u_01868,2025-09-20,2025-09,ios,ID,variant,lower_friction,test_or_skip,False,,devoted,deep_introvert,45.7,71.1,True,True
u_01869,2025-12-03,2025-12,ios,ID,control,baseline,mandatory_test,True,ISTP,practicing,ambivert,27.4,57.7,False,False
u_01870,2025-06-01,2025-06,android,MY,variant,lower_friction,self_select,True,ESTJ,practicing,ambivert,26.0,68.0,True,False
u_01871,2025-11-30,2025-11,ios,MY,variant,lower_friction,self_select,True,INFP,devoted,extrovert,31.0,32.3,True,True
u_01872,2025-03-02,2025-03,ios,US,variant,lower_friction,self_select,True,ENFJ,practicing,ambivert,39.1,66.9,True,False
u_01873,2025-03-09,2025-03,web,US,control,baseline,mandatory_test,False,,devoted,introvert,39.5,71.0,True,False
u_01874,2025-11-05,2025-11,ios,ID,control,baseline,mandatory_test,False,,practicing,extrovert,34.2,42.1,False,False
u_01875,2025-12-08,2025-12,android,US,variant,lower_friction,test_or_skip,False,,practicing,extrovert,67.4,62.9,True,True
u_01876,2025-09-16,2025-09,android,UK,control,baseline,mandatory_test,False,,devoted,introvert,55.1,44.0,True,True
u_01877,2025-01-12,2025-01,ios,MY,control,baseline,mandatory_test,False,,practicing,introvert,0.0,90.7,True,False
u_01878,2025-04-18,2025-04,android,ID,variant,lower_friction,self_select,True,ISTP,cultural,introvert,55.5,51.5,True,False
u_01879,2025-04-06,2025-04,ios,CA,control,baseline,mandatory_test,False,,deep_seeker,ambivert,58.6,79.2,True,True
u_01880,2025-05-03,2025-05,ios,AE,control,baseline,mandatory_test,True,ESTP,practicing,introvert,62.3,48.6,False,False
u_01881,2025-10-04,2025-10,ios,ID,control,baseline,mandatory_test,True,ESTP,spiritual,deep_introvert,47.8,61.8,True,True
u_01882,2025-08-13,2025-08,ios,US,control,baseline,mandatory_test,False,,cultural,ambivert,51.0,69.2,False,False
u_01883,2025-08-14,2025-08,android,ID,variant,lower_friction,test_or_skip,False,,spiritual,deep_introvert,34.9,84.6,False,False
u_01884,2025-10-03,2025-10,android,AU,control,baseline,mandatory_test,False,,cultural,introvert,34.0,92.6,True,False
u_01885,2025-09-17,2025-09,android,UK,variant,lower_friction,self_select,True,ENFP,devoted,extrovert,69.4,42.0,True,True
u_01886,2025-07-07,2025-07,ios,MY,variant,lower_friction,self_select,True,INTJ,practicing,extrovert,55.2,75.4,True,False
u_01887,2025-07-10,2025-07,ios,ID,control,baseline,mandatory_test,False,,deep_seeker,ambivert,57.2,69.0,True,False
u_01888,2025-10-26,2025-10,android,US,control,baseline,mandatory_test,False,,cultural,extrovert,59.5,75.6,True,True
u_01889,2025-06-01,2025-06,android,SG,control,baseline,mandatory_test,False,,deep_seeker,deep_introvert,49.1,74.9,True,False
u_01890,2025-03-24,2025-03,ios,MY,variant,lower_friction,test_or_skip,False,,deep_seeker,deep_introvert,63.7,10.3,True,True
u_01891,2025-01-07,2025-01,android,MY,variant,lower_friction,test_or_skip,False,,cultural,introvert,30.6,80.9,True,False
u_01892,2025-06-22,2025-06,ios,AU,control,baseline,mandatory_test,False,,practicing,ambivert,40.9,82.1,True,True
u_01893,2025-04-09,2025-04,ios,US,variant,lower_friction,test_or_skip,False,,practicing,ambivert,51.8,64.7,True,True
u_01894,2025-05-01,2025-05,ios,MY,variant,lower_friction,test_or_skip,False,,practicing,extrovert,37.2,43.6,True,True
u_01895,2025-09-03,2025-09,ios,UK,variant,lower_friction,test_or_skip,False,,practicing,extrovert,34.0,42.7,False,False
u_01896,2025-11-23,2025-11,ios,AE,control,baseline,mandatory_test,False,,practicing,ambivert,47.0,63.0,True,False
u_01897,2025-01-26,2025-01,ios,AE,variant,lower_friction,test_or_skip,False,,cultural,introvert,12.1,78.1,True,True
u_01898,2025-02-09,2025-02,ios,CA,control,baseline,mandatory_test,False,,cultural,ambivert,15.5,88.6,True,True
u_01899,2025-01-05,2025-01,android,AE,control,baseline,mandatory_test,True,INFP,spiritual,introvert,37.6,50.0,True,True
u_01900,2025-07-02,2025-07,ios,ID,variant,lower_friction,test_or_skip,False,,practicing,deep_extrovert,39.9,85.3,True,True
u_01901,2025-04-17,2025-04,ios,US,control,baseline,mandatory_test,False,,spiritual,deep_introvert,48.7,33.8,True,True
u_01902,2025-07-29,2025-07,android,CA,control,baseline,mandatory_test,True,ISFP,practicing,extrovert,47.4,32.1,True,True
u_01903,2025-10-12,2025-10,ios,MY,control,baseline,mandatory_test,False,,spiritual,deep_extrovert,54.9,62.8,True,True
u_01904,2025-05-17,2025-05,ios,ID,control,baseline,mandatory_test,False,,spiritual,deep_introvert,53.1,63.5,False,False
u_01905,2025-02-05,2025-02,android,UK,control,baseline,mandatory_test,False,,spiritual,deep_introvert,29.4,62.8,False,False
u_01906,2025-11-07,2025-11,android,UK,variant,lower_friction,test_or_skip,False,,cultural,extrovert,28.9,19.3,True,True
u_01907,2025-08-28,2025-08,android,ID,control,baseline,mandatory_test,False,,practicing,deep_extrovert,20.9,47.7,True,True
u_01908,2025-03-14,2025-03,android,MY,control,baseline,mandatory_test,True,INTP,devoted,ambivert,66.9,52.0,True,True
u_01909,2025-03-11,2025-03,web,CA,variant,lower_friction,self_select,True,INTP,practicing,ambivert,85.4,40.7,False,False
u_01910,2025-08-26,2025-08,android,MY,control,baseline,mandatory_test,False,,spiritual,introvert,85.3,66.1,False,True
u_01911,2025-11-05,2025-11,android,CA,variant,lower_friction,test_or_skip,False,,practicing,deep_extrovert,19.6,34.1,True,True
u_01912,2025-12-18,2025-12,web,AU,control,baseline,mandatory_test,True,ESTJ,practicing,deep_extrovert,71.9,72.7,True,True
u_01913,2025-06-02,2025-06,ios,AU,control,baseline,mandatory_test,True,INTJ,devoted,extrovert,82.7,38.2,False,False
u_01914,2025-04-12,2025-04,ios,US,control,baseline,mandatory_test,True,ENTJ,practicing,ambivert,20.6,62.9,True,True
u_01915,2025-11-02,2025-11,web,MY,control,baseline,mandatory_test,False,,practicing,ambivert,58.4,62.6,False,False
u_01916,2025-08-27,2025-08,ios,ID,variant,lower_friction,self_select,True,ENFJ,cultural,deep_extrovert,59.2,74.0,False,False
u_01917,2025-08-27,2025-08,android,UK,variant,lower_friction,test_or_skip,False,,deep_seeker,ambivert,38.1,65.4,True,True
u_01918,2025-02-12,2025-02,android,US,variant,lower_friction,self_select,True,ISFJ,devoted,ambivert,63.7,57.5,True,True
u_01919,2025-01-18,2025-01,web,AE,control,baseline,mandatory_test,False,,practicing,ambivert,36.4,67.1,True,True
u_01920,2025-08-14,2025-08,web,UK,control,baseline,mandatory_test,True,ISFJ,practicing,ambivert,48.2,78.9,False,False
u_01921,2025-12-16,2025-12,android,AE,control,baseline,mandatory_test,False,,practicing,ambivert,36.3,30.1,True,False
u_01922,2025-04-16,2025-04,ios,MY,variant,lower_friction,self_select,True,ENTP,spiritual,ambivert,47.8,44.5,True,True
u_01923,2025-12-06,2025-12,android,AE,variant,lower_friction,test_or_skip,False,,devoted,extrovert,58.5,50.3,False,False
u_01924,2025-04-29,2025-04,android,MY,variant,lower_friction,test_or_skip,False,,practicing,ambivert,48.3,27.9,False,False
u_01925,2025-06-16,2025-06,ios,ID,control,baseline,mandatory_test,False,,devoted,introvert,58.9,42.7,False,False
u_01926,2025-04-18,2025-04,web,MY,variant,lower_friction,self_select,True,ENTP,practicing,ambivert,42.5,70.5,True,True
u_01927,2025-04-20,2025-04,web,MY,control,baseline,mandatory_test,False,,cultural,ambivert,35.3,67.0,False,False
u_01928,2025-03-11,2025-03,android,AE,control,baseline,mandatory_test,False,,practicing,introvert,7.8,61.5,False,False
u_01929,2025-01-28,2025-01,ios,US,variant,lower_friction,test_or_skip,False,,spiritual,extrovert,16.4,47.1,True,False
u_01930,2025-03-18,2025-03,android,AE,control,baseline,mandatory_test,False,,devoted,introvert,26.5,75.3,False,False
u_01931,2025-06-01,2025-06,android,MY,variant,lower_friction,test_or_skip,False,,devoted,deep_introvert,42.9,81.8,False,False
u_01932,2025-11-17,2025-11,web,UK,control,baseline,mandatory_test,False,,deep_seeker,deep_extrovert,37.0,70.4,True,True
u_01933,2025-05-18,2025-05,android,SG,variant,lower_friction,test_or_skip,False,,spiritual,ambivert,48.4,41.8,True,False
u_01934,2025-04-18,2025-04,web,UK,variant,lower_friction,self_select,True,INTP,practicing,deep_extrovert,29.4,74.2,True,True
u_01935,2025-04-09,2025-04,android,US,variant,lower_friction,self_select,True,INTP,practicing,deep_introvert,58.2,24.9,True,True
u_01936,2025-10-08,2025-10,web,AE,variant,lower_friction,self_select,True,INTJ,cultural,deep_introvert,26.4,73.8,True,True
u_01937,2025-11-20,2025-11,android,AE,control,baseline,mandatory_test,True,ESTP,practicing,extrovert,53.4,63.7,False,False
u_01938,2025-12-28,2025-12,ios,AU,control,baseline,mandatory_test,False,,spiritual,ambivert,69.8,63.9,False,False
u_01939,2025-12-21,2025-12,ios,AE,variant,lower_friction,test_or_skip,False,,practicing,ambivert,52.6,84.3,False,True
u_01940,2025-06-13,2025-06,android,CA,variant,lower_friction,test_or_skip,False,,practicing,ambivert,69.7,17.6,True,False
u_01941,2025-02-01,2025-02,ios,SG,control,baseline,mandatory_test,True,INFP,practicing,introvert,62.0,43.1,False,False
u_01942,2025-08-09,2025-08,ios,ID,control,baseline,mandatory_test,False,,spiritual,deep_extrovert,63.6,43.2,True,True
u_01943,2025-11-29,2025-11,web,SG,variant,lower_friction,test_or_skip,False,,spiritual,ambivert,47.5,67.6,True,False
u_01944,2025-06-20,2025-06,ios,ID,variant,lower_friction,self_select,True,INTJ,practicing,extrovert,75.6,41.3,True,True
u_01945,2025-12-18,2025-12,web,AU,variant,lower_friction,self_select,True,ENFJ,devoted,ambivert,61.5,74.5,True,False
u_01946,2025-04-20,2025-04,android,US,control,baseline,mandatory_test,True,ISFP,deep_seeker,extrovert,44.0,93.6,True,False
u_01947,2025-12-25,2025-12,android,SG,control,baseline,mandatory_test,False,,practicing,ambivert,31.8,53.5,True,False
u_01948,2025-10-03,2025-10,android,MY,control,baseline,mandatory_test,False,,practicing,ambivert,40.6,70.7,True,True
u_01949,2025-12-27,2025-12,android,ID,control,baseline,mandatory_test,True,ISFP,devoted,ambivert,63.5,45.8,True,False
u_01950,2025-09-28,2025-09,android,ID,variant,lower_friction,test_or_skip,False,,devoted,deep_introvert,61.1,68.6,True,False
u_01951,2025-08-27,2025-08,android,UK,control,baseline,mandatory_test,False,,spiritual,introvert,74.0,26.2,True,False
u_01952,2025-04-21,2025-04,android,ID,variant,lower_friction,self_select,True,ESTP,spiritual,deep_introvert,46.6,83.0,True,True
u_01953,2025-10-22,2025-10,web,MY,variant,lower_friction,self_select,True,ISTJ,devoted,extrovert,21.2,80.4,True,False
u_01954,2025-01-11,2025-01,web,US,control,baseline,mandatory_test,False,,cultural,deep_extrovert,77.4,67.3,False,False
u_01955,2025-01-09,2025-01,android,AE,variant,lower_friction,test_or_skip,False,,devoted,deep_extrovert,49.9,49.9,True,True
u_01956,2025-01-30,2025-01,web,ID,variant,lower_friction,self_select,True,ESFP,cultural,deep_introvert,77.5,46.4,True,False
u_01957,2025-09-13,2025-09,android,MY,control,baseline,mandatory_test,False,,spiritual,deep_extrovert,9.6,48.2,True,True
u_01958,2025-11-18,2025-11,android,UK,control,baseline,mandatory_test,False,,practicing,deep_extrovert,35.8,60.3,True,True
u_01959,2025-01-08,2025-01,android,US,control,baseline,mandatory_test,True,ISFJ,practicing,extrovert,88.0,51.2,True,True
u_01960,2025-05-28,2025-05,ios,UK,control,baseline,mandatory_test,False,,spiritual,deep_introvert,47.0,41.1,False,False
u_01961,2025-08-30,2025-08,ios,MY,control,baseline,mandatory_test,True,INTJ,spiritual,extrovert,20.3,88.0,True,True
u_01962,2025-08-18,2025-08,android,US,variant,lower_friction,test_or_skip,False,,spiritual,deep_introvert,77.9,53.2,True,False
u_01963,2025-05-03,2025-05,android,US,variant,lower_friction,self_select,True,ESFJ,practicing,ambivert,44.6,74.2,True,True
u_01964,2025-10-05,2025-10,android,MY,variant,lower_friction,test_or_skip,False,,spiritual,deep_extrovert,29.6,44.8,False,False
u_01965,2025-10-03,2025-10,ios,CA,control,baseline,mandatory_test,False,,devoted,introvert,82.3,62.2,True,True
u_01966,2025-10-14,2025-10,ios,CA,variant,lower_friction,test_or_skip,False,,practicing,ambivert,49.6,81.1,False,False
u_01967,2025-09-06,2025-09,android,SG,control,baseline,mandatory_test,True,ISFP,cultural,ambivert,39.4,37.2,True,True
u_01968,2025-11-27,2025-11,android,UK,control,baseline,mandatory_test,False,,cultural,extrovert,29.4,55.1,False,False
u_01969,2025-12-22,2025-12,ios,AE,control,baseline,mandatory_test,False,,practicing,ambivert,49.5,72.2,True,True
u_01970,2025-03-11,2025-03,ios,ID,variant,lower_friction,test_or_skip,False,,deep_seeker,ambivert,56.8,0.0,True,True
u_01971,2025-01-18,2025-01,ios,AE,variant,lower_friction,test_or_skip,False,,practicing,introvert,71.1,70.0,True,False
u_01972,2025-05-14,2025-05,android,UK,variant,lower_friction,test_or_skip,False,,devoted,extrovert,56.5,29.8,True,False
u_01973,2025-10-20,2025-10,ios,ID,control,baseline,mandatory_test,False,,devoted,deep_extrovert,73.2,51.8,False,False
u_01974,2025-12-30,2025-12,web,ID,variant,lower_friction,test_or_skip,False,,cultural,introvert,50.2,49.9,False,False
u_01975,2025-07-12,2025-07,ios,AU,variant,lower_friction,test_or_skip,False,,devoted,deep_introvert,66.6,80.4,True,True
u_01976,2025-12-29,2025-12,android,AE,variant,lower_friction,test_or_skip,False,,devoted,introvert,62.0,48.0,True,True
u_01977,2025-04-29,2025-04,ios,ID,variant,lower_friction,self_select,True,ESFP,practicing,extrovert,67.8,7.4,False,False
u_01978,2025-10-05,2025-10,ios,AE,control,baseline,mandatory_test,True,ESTP,cultural,extrovert,60.0,55.2,True,True
u_01979,2025-05-05,2025-05,android,AU,control,baseline,mandatory_test,False,,spiritual,extrovert,25.8,25.8,False,False
u_01980,2025-09-27,2025-09,android,CA,variant,lower_friction,test_or_skip,False,,devoted,ambivert,47.0,20.3,True,False
u_01981,2025-07-22,2025-07,ios,US,control,baseline,mandatory_test,False,,deep_seeker,extrovert,44.4,52.0,True,True
u_01982,2025-11-11,2025-11,web,ID,control,baseline,mandatory_test,False,,practicing,deep_extrovert,54.4,81.4,True,True
u_01983,2025-10-06,2025-10,android,CA,variant,lower_friction,test_or_skip,False,,practicing,deep_introvert,26.2,66.4,True,False
u_01984,2025-04-25,2025-04,ios,US,control,baseline,mandatory_test,False,,cultural,extrovert,57.4,31.3,True,True
u_01985,2025-09-15,2025-09,web,AU,control,baseline,mandatory_test,False,,devoted,ambivert,40.9,53.7,True,True
u_01986,2025-07-13,2025-07,android,AE,variant,lower_friction,test_or_skip,False,,devoted,ambivert,68.2,61.9,True,False
u_01987,2025-09-02,2025-09,android,MY,control,baseline,mandatory_test,False,,practicing,deep_extrovert,40.5,62.7,True,True
u_01988,2025-05-30,2025-05,android,AU,control,baseline,mandatory_test,True,ISTP,spiritual,ambivert,66.0,73.0,True,False
u_01989,2025-05-08,2025-05,android,UK,control,baseline,mandatory_test,True,INFJ,deep_seeker,ambivert,66.5,62.2,True,False
u_01990,2025-04-25,2025-04,web,AE,control,baseline,mandatory_test,False,,practicing,extrovert,57.6,67.2,False,False
u_01991,2025-11-01,2025-11,android,AE,control,baseline,mandatory_test,True,ISFP,spiritual,ambivert,79.4,55.9,True,True
u_01992,2025-05-10,2025-05,ios,ID,control,baseline,mandatory_test,False,,practicing,ambivert,38.3,52.1,False,False
u_01993,2025-06-21,2025-06,android,CA,variant,lower_friction,test_or_skip,False,,spiritual,introvert,48.4,36.5,True,False
u_01994,2025-12-02,2025-12,android,UK,control,baseline,mandatory_test,False,,practicing,introvert,62.7,65.3,False,False
u_01995,2025-08-11,2025-08,android,UK,variant,lower_friction,test_or_skip,False,,spiritual,ambivert,74.3,61.5,False,False
u_01996,2025-05-06,2025-05,android,ID,control,baseline,mandatory_test,False,,spiritual,extrovert,58.5,100.0,False,False
u_01997,2025-12-01,2025-12,ios,AU,variant,lower_friction,self_select,True,INTJ,practicing,introvert,24.8,66.7,True,True
u_01998,2025-03-17,2025-03,web,MY,control,baseline,mandatory_test,True,INFJ,devoted,ambivert,39.2,72.0,True,True
u_01999,2025-05-07,2025-05,ios,UK,control,baseline,mandatory_test,False,,practicing,ambivert,77.9,60.4,True,True
u_02000,2025-07-10,2025-07,android,UK,control,baseline,mandatory_test,False,,practicing,deep_introvert,53.7,16.9,True,True
u_02001,2025-03-27,2025-03,android,UK,control,baseline,mandatory_test,True,ISTP,spiritual,extrovert,39.8,74.4,True,True
u_02002,2025-06-07,2025-06,ios,UK,control,baseline,mandatory_test,True,ESFP,practicing,ambivert,84.9,47.5,False,False
u_02003,2025-06-27,2025-06,android,AU,control,baseline,mandatory_test,True,ESFP,practicing,ambivert,73.6,80.5,True,False
u_02004,2025-01-14,2025-01,ios,UK,control,baseline,mandatory_test,False,,practicing,introvert,51.1,37.8,True,True
u_02005,2025-07-29,2025-07,web,UK,variant,lower_friction,self_select,True,INFJ,practicing,ambivert,48.8,77.2,True,True
u_02006,2025-12-18,2025-12,android,US,variant,lower_friction,self_select,True,ESFJ,devoted,ambivert,55.0,96.4,True,True
u_02007,2025-07-08,2025-07,android,MY,control,baseline,mandatory_test,True,INFP,devoted,extrovert,66.3,82.1,True,False
u_02008,2025-02-03,2025-02,android,AU,variant,lower_friction,self_select,True,ENTP,spiritual,ambivert,38.1,57.4,True,True
u_02009,2025-05-14,2025-05,ios,US,control,baseline,mandatory_test,True,ISTJ,practicing,introvert,5.2,34.9,True,False
u_02010,2025-03-11,2025-03,ios,UK,variant,lower_friction,test_or_skip,False,,spiritual,ambivert,40.0,75.9,True,True
u_02011,2025-12-03,2025-12,web,US,variant,lower_friction,test_or_skip,False,,practicing,introvert,65.1,65.7,False,False
u_02012,2025-03-31,2025-03,android,MY,variant,lower_friction,self_select,True,ESTP,practicing,extrovert,72.8,75.3,True,True
u_02013,2025-01-07,2025-01,android,MY,variant,lower_friction,self_select,True,INFJ,practicing,ambivert,54.0,61.5,True,True
u_02014,2025-01-25,2025-01,ios,US,control,baseline,mandatory_test,False,,devoted,introvert,48.5,86.0,True,True
u_02015,2025-08-30,2025-08,android,AE,variant,lower_friction,self_select,True,INFJ,practicing,ambivert,23.7,39.6,True,True
u_02016,2025-11-15,2025-11,ios,US,control,baseline,mandatory_test,True,ENTJ,practicing,extrovert,27.7,85.8,False,False
u_02017,2025-03-02,2025-03,android,MY,variant,lower_friction,test_or_skip,False,,practicing,ambivert,54.3,82.6,False,False
u_02018,2025-06-14,2025-06,android,AE,control,baseline,mandatory_test,False,,practicing,deep_introvert,48.0,100.0,True,True
u_02019,2025-03-09,2025-03,ios,MY,variant,lower_friction,self_select,True,ESFP,spiritual,introvert,62.6,80.4,True,True
u_02020,2025-03-20,2025-03,ios,ID,variant,lower_friction,self_select,True,INFJ,deep_seeker,extrovert,50.7,52.8,True,True
u_02021,2025-11-17,2025-11,android,AU,control,baseline,mandatory_test,True,ESFP,devoted,ambivert,48.5,76.1,True,False
u_02022,2025-05-12,2025-05,ios,UK,variant,lower_friction,test_or_skip,False,,spiritual,introvert,69.6,43.3,True,False
u_02023,2025-07-19,2025-07,web,MY,control,baseline,mandatory_test,True,ESFJ,devoted,extrovert,34.0,68.5,True,False
u_02024,2025-10-30,2025-10,android,ID,control,baseline,mandatory_test,True,INFP,deep_seeker,ambivert,74.8,98.6,True,False
u_02025,2025-01-04,2025-01,android,US,control,baseline,mandatory_test,True,ENFP,practicing,introvert,60.5,60.7,False,True
u_02026,2025-03-23,2025-03,ios,MY,control,baseline,mandatory_test,False,,devoted,deep_introvert,47.9,88.5,True,False
u_02027,2025-05-10,2025-05,ios,SG,control,baseline,mandatory_test,True,ISTP,practicing,deep_introvert,49.7,86.9,True,False
u_02028,2025-11-30,2025-11,ios,UK,control,baseline,mandatory_test,False,,deep_seeker,extrovert,52.3,41.9,True,False
u_02029,2025-08-27,2025-08,ios,MY,control,baseline,mandatory_test,False,,devoted,ambivert,94.2,75.4,True,True
u_02030,2025-02-17,2025-02,ios,US,variant,lower_friction,test_or_skip,False,,spiritual,introvert,54.8,39.3,False,True
u_02031,2025-04-26,2025-04,android,ID,control,baseline,mandatory_test,False,,cultural,ambivert,69.4,46.5,True,True
u_02032,2025-01-10,2025-01,ios,US,control,baseline,mandatory_test,True,INTP,spiritual,deep_extrovert,41.1,56.6,False,True
u_02033,2025-03-24,2025-03,ios,MY,control,baseline,mandatory_test,True,ISTJ,spiritual,introvert,46.4,50.0,True,True
u_02034,2025-08-25,2025-08,android,ID,control,baseline,mandatory_test,True,INFJ,devoted,ambivert,30.8,66.4,True,False
u_02035,2025-11-22,2025-11,ios,MY,variant,lower_friction,self_select,True,ESTJ,spiritual,ambivert,59.9,61.4,True,True
u_02036,2025-08-23,2025-08,ios,ID,control,baseline,mandatory_test,True,INFJ,practicing,deep_introvert,16.2,30.7,True,False
u_02037,2025-05-27,2025-05,ios,UK,control,baseline,mandatory_test,True,ENFJ,practicing,ambivert,64.7,97.9,False,False
u_02038,2025-09-20,2025-09,android,UK,control,baseline,mandatory_test,True,ISTJ,spiritual,ambivert,45.3,52.3,True,True
u_02039,2025-06-05,2025-06,web,UK,variant,lower_friction,test_or_skip,False,,practicing,ambivert,46.6,31.2,False,False
u_02040,2025-03-28,2025-03,ios,SG,control,baseline,mandatory_test,False,,practicing,extrovert,61.8,29.7,True,False
u_02041,2025-09-23,2025-09,ios,MY,variant,lower_friction,test_or_skip,False,,spiritual,deep_introvert,64.9,86.0,True,True
u_02042,2025-04-23,2025-04,ios,US,variant,lower_friction,test_or_skip,False,,spiritual,extrovert,19.3,53.8,True,False
u_02043,2025-04-29,2025-04,ios,AE,control,baseline,mandatory_test,False,,spiritual,ambivert,14.2,58.1,True,True
u_02044,2025-07-01,2025-07,android,MY,variant,lower_friction,test_or_skip,False,,practicing,extrovert,58.4,11.8,True,True
u_02045,2025-03-30,2025-03,android,AU,control,baseline,mandatory_test,True,ISFP,spiritual,ambivert,65.1,44.5,True,True
u_02046,2025-06-18,2025-06,ios,US,control,baseline,mandatory_test,False,,devoted,ambivert,28.0,76.6,False,False
u_02047,2025-05-01,2025-05,android,SG,control,baseline,mandatory_test,True,ENTJ,spiritual,extrovert,54.7,66.4,True,False
u_02048,2025-04-10,2025-04,ios,UK,control,baseline,mandatory_test,False,,deep_seeker,extrovert,73.9,46.8,True,True
u_02049,2025-08-28,2025-08,ios,AU,control,baseline,mandatory_test,False,,deep_seeker,deep_introvert,35.5,66.5,True,True
u_02050,2025-04-06,2025-04,ios,ID,control,baseline,mandatory_test,False,,spiritual,introvert,33.4,92.3,True,True
u_02051,2025-06-09,2025-06,android,CA,variant,lower_friction,test_or_skip,False,,cultural,deep_extrovert,19.8,70.4,True,True
u_02052,2025-08-13,2025-08,ios,UK,control,baseline,mandatory_test,True,INTP,practicing,introvert,67.7,58.8,False,False
u_02053,2025-08-17,2025-08,web,AE,control,baseline,mandatory_test,True,ESTJ,devoted,introvert,43.4,91.5,False,False
u_02054,2025-09-12,2025-09,android,AE,control,baseline,mandatory_test,False,,practicing,ambivert,65.1,62.2,True,True
u_02055,2025-06-20,2025-06,android,MY,variant,lower_friction,test_or_skip,False,,practicing,ambivert,71.8,58.3,True,True
u_02056,2025-05-15,2025-05,android,MY,variant,lower_friction,self_select,True,ENTP,practicing,introvert,42.7,59.9,True,True
u_02057,2025-12-09,2025-12,ios,US,variant,lower_friction,self_select,True,ISFJ,devoted,introvert,48.3,93.1,True,False
u_02058,2025-11-28,2025-11,ios,AU,variant,lower_friction,test_or_skip,False,,spiritual,ambivert,34.9,59.7,False,False
u_02059,2025-03-22,2025-03,ios,MY,variant,lower_friction,self_select,True,ESFJ,devoted,introvert,49.6,62.1,True,True
u_02060,2025-05-09,2025-05,ios,CA,variant,lower_friction,self_select,True,INTP,practicing,ambivert,48.6,54.2,True,True
u_02061,2025-12-30,2025-12,ios,AE,control,baseline,mandatory_test,True,ISTJ,practicing,extrovert,58.5,55.0,False,False
u_02062,2025-12-03,2025-12,ios,US,variant,lower_friction,test_or_skip,False,,practicing,extrovert,56.2,90.7,True,True
u_02063,2025-08-30,2025-08,android,MY,variant,lower_friction,self_select,True,ISTP,devoted,ambivert,58.6,26.9,True,False
u_02064,2025-03-24,2025-03,web,AU,variant,lower_friction,test_or_skip,False,,spiritual,ambivert,71.3,62.0,True,False
u_02065,2025-10-04,2025-10,ios,ID,control,baseline,mandatory_test,False,,deep_seeker,ambivert,44.3,79.6,True,True
u_02066,2025-09-12,2025-09,ios,UK,variant,lower_friction,self_select,True,ISTP,deep_seeker,ambivert,32.5,44.1,True,False
u_02067,2025-07-08,2025-07,ios,MY,control,baseline,mandatory_test,False,,spiritual,ambivert,39.2,59.0,True,True
u_02068,2025-10-27,2025-10,android,AU,control,baseline,mandatory_test,True,INTJ,practicing,introvert,59.4,63.0,True,True
u_02069,2025-10-01,2025-10,ios,CA,variant,lower_friction,test_or_skip,False,,deep_seeker,deep_extrovert,28.6,69.9,True,False
u_02070,2025-11-24,2025-11,ios,UK,variant,lower_friction,test_or_skip,False,,spiritual,ambivert,20.9,86.9,False,False
u_02071,2025-04-15,2025-04,ios,MY,control,baseline,mandatory_test,True,ENFP,practicing,deep_introvert,42.7,54.5,True,True
u_02072,2025-02-23,2025-02,ios,UK,variant,lower_friction,self_select,True,ESFP,devoted,ambivert,45.7,42.9,True,True
u_02073,2025-02-20,2025-02,android,AU,control,baseline,mandatory_test,True,ISTJ,devoted,ambivert,43.0,57.5,True,False
u_02074,2025-04-09,2025-04,ios,MY,control,baseline,mandatory_test,True,ESFP,practicing,extrovert,32.5,44.7,True,False
u_02075,2025-12-24,2025-12,android,AE,variant,lower_friction,self_select,True,ENTJ,devoted,deep_introvert,64.4,84.8,True,True
u_02076,2025-11-03,2025-11,android,ID,variant,lower_friction,self_select,True,ENTP,spiritual,introvert,70.5,38.9,True,True
u_02077,2025-09-13,2025-09,android,AU,control,baseline,mandatory_test,False,,spiritual,introvert,46.5,85.8,True,True
u_02078,2025-02-08,2025-02,ios,US,variant,lower_friction,self_select,True,ESFJ,devoted,ambivert,64.4,26.2,True,True
u_02079,2025-12-06,2025-12,ios,US,control,baseline,mandatory_test,True,ENTJ,deep_seeker,deep_extrovert,62.9,68.5,True,True
u_02080,2025-04-02,2025-04,ios,US,control,baseline,mandatory_test,True,ESFP,cultural,deep_introvert,41.0,72.8,True,False
u_02081,2025-03-25,2025-03,ios,SG,variant,lower_friction,self_select,True,ISFP,devoted,deep_introvert,46.0,35.9,True,True
u_02082,2025-07-31,2025-07,ios,US,variant,lower_friction,self_select,True,INFJ,practicing,deep_extrovert,54.2,15.4,True,True
u_02083,2025-10-12,2025-10,android,UK,variant,lower_friction,test_or_skip,False,,practicing,ambivert,66.1,87.8,True,False
u_02084,2025-10-08,2025-10,android,SG,variant,lower_friction,test_or_skip,False,,spiritual,deep_introvert,38.9,68.4,True,True
u_02085,2025-01-12,2025-01,web,US,variant,lower_friction,test_or_skip,False,,devoted,introvert,35.3,38.4,True,True
u_02086,2025-08-27,2025-08,android,UK,control,baseline,mandatory_test,True,ISFP,devoted,deep_introvert,40.0,28.9,False,False
u_02087,2025-06-12,2025-06,android,US,control,baseline,mandatory_test,False,,spiritual,ambivert,46.3,54.7,True,True
u_02088,2025-05-18,2025-05,ios,MY,variant,lower_friction,test_or_skip,False,,practicing,introvert,46.7,87.6,True,True
u_02089,2025-05-03,2025-05,ios,ID,variant,lower_friction,test_or_skip,False,,cultural,extrovert,45.3,72.4,True,False
u_02090,2025-07-10,2025-07,ios,US,control,baseline,mandatory_test,False,,cultural,ambivert,53.8,49.3,True,True
u_02091,2025-02-05,2025-02,ios,ID,control,baseline,mandatory_test,True,ISTP,devoted,ambivert,49.7,37.4,True,False
u_02092,2025-10-06,2025-10,android,MY,variant,lower_friction,self_select,True,ISFP,devoted,ambivert,76.0,34.9,True,True
u_02093,2025-02-18,2025-02,android,MY,control,baseline,mandatory_test,True,ISTP,devoted,extrovert,32.7,24.9,True,True
u_02094,2025-02-26,2025-02,android,ID,variant,lower_friction,self_select,True,ENFJ,practicing,introvert,55.3,63.1,True,True
u_02095,2025-01-23,2025-01,ios,CA,control,baseline,mandatory_test,True,ENTJ,cultural,extrovert,49.9,72.1,True,True
u_02096,2025-10-16,2025-10,android,MY,control,baseline,mandatory_test,False,,deep_seeker,extrovert,40.1,58.3,False,False
u_02097,2025-11-05,2025-11,ios,ID,control,baseline,mandatory_test,True,ISTJ,deep_seeker,ambivert,35.1,45.8,False,False
u_02098,2025-09-18,2025-09,android,US,variant,lower_friction,self_select,True,INTJ,devoted,ambivert,43.0,35.3,True,False
u_02099,2025-08-20,2025-08,ios,CA,control,baseline,mandatory_test,True,ISTP,cultural,ambivert,66.1,99.2,True,False
u_02100,2025-08-01,2025-08,android,ID,control,baseline,mandatory_test,True,ESFP,cultural,deep_introvert,32.7,70.0,True,False
u_02101,2025-03-27,2025-03,android,MY,control,baseline,mandatory_test,True,ISFJ,devoted,deep_introvert,81.4,75.1,True,True
u_02102,2025-06-05,2025-06,ios,UK,variant,lower_friction,self_select,True,ESTJ,spiritual,ambivert,72.5,63.3,False,False
u_02103,2025-08-22,2025-08,ios,UK,variant,lower_friction,test_or_skip,False,,devoted,extrovert,28.9,50.9,True,False
u_02104,2025-12-28,2025-12,ios,US,variant,lower_friction,self_select,True,ESTJ,spiritual,deep_extrovert,41.8,54.7,True,True
u_02105,2025-08-17,2025-08,android,AU,control,baseline,mandatory_test,False,,practicing,extrovert,49.0,45.4,True,True
u_02106,2025-04-28,2025-04,ios,UK,control,baseline,mandatory_test,True,ISTJ,practicing,extrovert,63.9,72.9,True,False
u_02107,2025-03-05,2025-03,ios,AU,control,baseline,mandatory_test,True,ISFP,spiritual,introvert,55.2,35.8,True,True
u_02108,2025-03-21,2025-03,android,SG,variant,lower_friction,test_or_skip,False,,spiritual,ambivert,70.7,74.4,True,True
u_02109,2025-10-22,2025-10,ios,UK,variant,lower_friction,test_or_skip,False,,spiritual,ambivert,50.2,61.7,False,False
u_02110,2025-04-07,2025-04,android,US,control,baseline,mandatory_test,False,,spiritual,introvert,55.2,53.8,True,True
u_02111,2025-07-02,2025-07,web,US,variant,lower_friction,test_or_skip,False,,devoted,deep_extrovert,63.5,79.0,False,False
u_02112,2025-10-23,2025-10,ios,US,variant,lower_friction,test_or_skip,False,,deep_seeker,ambivert,25.2,27.3,True,True
u_02113,2025-02-12,2025-02,ios,SG,variant,lower_friction,test_or_skip,False,,practicing,ambivert,55.1,51.0,True,True
u_02114,2025-01-04,2025-01,ios,US,variant,lower_friction,test_or_skip,False,,cultural,introvert,19.8,61.3,True,True
u_02115,2025-04-22,2025-04,ios,UK,variant,lower_friction,self_select,True,ESFJ,devoted,ambivert,66.4,47.1,False,False
u_02116,2025-04-10,2025-04,web,UK,variant,lower_friction,self_select,True,ISFP,spiritual,ambivert,48.9,59.0,False,False
u_02117,2025-01-08,2025-01,ios,US,control,baseline,mandatory_test,True,ISFP,devoted,introvert,53.5,99.4,False,False
u_02118,2025-05-07,2025-05,android,ID,variant,lower_friction,self_select,True,INTJ,spiritual,extrovert,50.9,38.9,False,False
u_02119,2025-07-14,2025-07,ios,AE,control,baseline,mandatory_test,False,,cultural,ambivert,41.3,47.9,False,False
u_02120,2025-10-22,2025-10,android,UK,variant,lower_friction,test_or_skip,False,,practicing,deep_introvert,73.9,65.0,False,False
u_02121,2025-06-16,2025-06,android,AE,variant,lower_friction,test_or_skip,False,,practicing,extrovert,64.8,76.9,True,False
u_02122,2025-08-06,2025-08,ios,AE,control,baseline,mandatory_test,False,,devoted,deep_introvert,68.5,35.4,False,False
u_02123,2025-04-29,2025-04,android,MY,control,baseline,mandatory_test,False,,practicing,deep_introvert,12.7,51.8,False,False
u_02124,2025-11-11,2025-11,android,ID,control,baseline,mandatory_test,False,,practicing,extrovert,51.0,65.3,True,True
u_02125,2025-12-25,2025-12,android,MY,variant,lower_friction,test_or_skip,False,,spiritual,deep_extrovert,36.4,90.6,True,False
u_02126,2025-12-12,2025-12,android,UK,control,baseline,mandatory_test,False,,spiritual,extrovert,32.7,68.5,False,False
u_02127,2025-08-23,2025-08,web,ID,control,baseline,mandatory_test,False,,devoted,extrovert,38.8,26.7,True,False
u_02128,2025-01-16,2025-01,ios,ID,control,baseline,mandatory_test,False,,practicing,ambivert,63.0,69.6,True,False
u_02129,2025-08-16,2025-08,ios,US,variant,lower_friction,self_select,True,ESTP,cultural,extrovert,51.8,58.8,True,True
u_02130,2025-02-13,2025-02,ios,UK,variant,lower_friction,test_or_skip,False,,spiritual,ambivert,33.3,51.0,False,False
u_02131,2025-07-08,2025-07,ios,ID,variant,lower_friction,test_or_skip,False,,devoted,ambivert,80.2,29.9,False,True
u_02132,2025-04-27,2025-04,ios,MY,control,baseline,mandatory_test,False,,devoted,ambivert,48.8,54.3,True,False
u_02133,2025-02-17,2025-02,android,ID,control,baseline,mandatory_test,False,,deep_seeker,deep_introvert,66.2,26.1,True,True
u_02134,2025-03-29,2025-03,ios,AE,control,baseline,mandatory_test,False,,spiritual,ambivert,52.1,76.3,True,True
u_02135,2025-05-01,2025-05,ios,ID,variant,lower_friction,test_or_skip,False,,practicing,deep_introvert,58.3,59.9,True,False
u_02136,2025-09-17,2025-09,ios,AE,control,baseline,mandatory_test,True,ENTJ,practicing,ambivert,65.7,29.7,True,True
u_02137,2025-01-07,2025-01,ios,MY,variant,lower_friction,self_select,True,ESTJ,practicing,ambivert,49.9,65.2,True,True
u_02138,2025-07-26,2025-07,web,AE,variant,lower_friction,test_or_skip,False,,practicing,extrovert,33.0,42.2,True,True
u_02139,2025-06-12,2025-06,android,UK,control,baseline,mandatory_test,True,ENTP,spiritual,extrovert,71.3,65.3,False,False
u_02140,2025-10-08,2025-10,android,UK,control,baseline,mandatory_test,True,ENFP,spiritual,deep_introvert,29.8,56.4,True,True
u_02141,2025-06-21,2025-06,ios,AU,variant,lower_friction,self_select,True,INFJ,devoted,introvert,46.4,77.3,True,True
u_02142,2025-10-28,2025-10,android,ID,control,baseline,mandatory_test,True,ESTJ,spiritual,ambivert,19.6,73.0,True,False
u_02143,2025-03-27,2025-03,android,US,variant,lower_friction,test_or_skip,False,,cultural,deep_introvert,9.9,44.4,False,False
u_02144,2025-04-02,2025-04,ios,AU,variant,lower_friction,self_select,True,ISFP,practicing,ambivert,43.8,75.5,True,False
u_02145,2025-11-09,2025-11,ios,MY,variant,lower_friction,test_or_skip,False,,cultural,deep_introvert,74.5,46.4,True,False
u_02146,2025-04-09,2025-04,android,ID,control,baseline,mandatory_test,True,ISFJ,practicing,extrovert,43.6,66.0,True,True
u_02147,2025-12-27,2025-12,android,US,control,baseline,mandatory_test,True,ESTP,spiritual,deep_introvert,38.2,41.0,True,False
u_02148,2025-04-01,2025-04,ios,SG,variant,lower_friction,self_select,True,INFP,practicing,extrovert,42.0,49.4,True,False
u_02149,2025-11-24,2025-11,ios,CA,variant,lower_friction,self_select,True,ESFJ,devoted,introvert,44.3,56.5,True,True
u_02150,2025-05-18,2025-05,ios,US,control,baseline,mandatory_test,False,,spiritual,extrovert,21.4,72.1,True,False
u_02151,2025-02-28,2025-02,web,MY,control,baseline,mandatory_test,True,INFJ,practicing,extrovert,32.1,55.7,True,False
u_02152,2025-08-17,2025-08,android,US,variant,lower_friction,self_select,True,ISFJ,devoted,extrovert,52.6,44.3,True,True
u_02153,2025-07-17,2025-07,android,CA,variant,lower_friction,self_select,True,ENFP,practicing,extrovert,49.4,74.1,True,False
u_02154,2025-08-06,2025-08,android,SG,variant,lower_friction,self_select,True,ISTP,practicing,deep_introvert,72.7,38.4,True,False
u_02155,2025-10-06,2025-10,ios,AU,control,baseline,mandatory_test,False,,spiritual,introvert,62.5,62.4,False,False
u_02156,2025-02-08,2025-02,ios,UK,control,baseline,mandatory_test,False,,spiritual,introvert,50.2,91.4,True,False
u_02157,2025-01-22,2025-01,android,SG,control,baseline,mandatory_test,False,,practicing,introvert,54.2,27.5,False,False
u_02158,2025-03-07,2025-03,ios,AU,control,baseline,mandatory_test,False,,cultural,ambivert,80.6,68.8,True,False
u_02159,2025-12-13,2025-12,android,MY,variant,lower_friction,test_or_skip,False,,cultural,ambivert,75.0,70.8,False,False
u_02160,2025-06-08,2025-06,android,AU,control,baseline,mandatory_test,True,ISTP,practicing,deep_introvert,47.9,77.7,True,True
u_02161,2025-08-17,2025-08,web,AE,control,baseline,mandatory_test,True,INTP,spiritual,ambivert,60.4,66.5,True,False
u_02162,2025-05-16,2025-05,android,UK,control,baseline,mandatory_test,False,,cultural,extrovert,62.4,48.2,True,True
u_02163,2025-06-06,2025-06,ios,AU,control,baseline,mandatory_test,True,ISFP,spiritual,ambivert,40.8,45.6,True,False
u_02164,2025-11-12,2025-11,web,UK,control,baseline,mandatory_test,False,,devoted,deep_introvert,20.8,66.6,True,True
u_02165,2025-06-26,2025-06,ios,CA,variant,lower_friction,test_or_skip,False,,practicing,introvert,33.8,47.0,True,True
u_02166,2025-09-07,2025-09,android,UK,control,baseline,mandatory_test,False,,practicing,ambivert,54.3,69.5,False,False
u_02167,2025-09-25,2025-09,web,ID,variant,lower_friction,test_or_skip,False,,practicing,introvert,21.5,37.2,True,True
u_02168,2025-06-26,2025-06,android,AE,variant,lower_friction,self_select,True,ISFP,spiritual,deep_introvert,42.3,86.0,True,False
u_02169,2025-09-10,2025-09,ios,AE,control,baseline,mandatory_test,True,ENFP,practicing,extrovert,49.2,33.3,False,False
u_02170,2025-07-11,2025-07,ios,UK,control,baseline,mandatory_test,True,ENTJ,devoted,extrovert,36.1,59.3,True,True
u_02171,2025-02-15,2025-02,android,MY,variant,lower_friction,self_select,True,ESTJ,devoted,extrovert,27.1,52.4,False,False
u_02172,2025-01-28,2025-01,web,ID,variant,lower_friction,test_or_skip,False,,devoted,ambivert,42.0,27.2,False,False
u_02173,2025-11-28,2025-11,ios,ID,variant,lower_friction,self_select,True,ENTP,cultural,ambivert,36.4,61.5,True,True
u_02174,2025-01-17,2025-01,android,MY,variant,lower_friction,test_or_skip,False,,deep_seeker,introvert,39.6,62.1,False,False
u_02175,2025-04-30,2025-04,ios,UK,variant,lower_friction,self_select,True,INFJ,devoted,introvert,36.5,48.7,False,False
u_02176,2025-12-07,2025-12,android,AE,variant,lower_friction,self_select,True,INTP,deep_seeker,introvert,0.0,84.1,True,False
u_02177,2025-06-21,2025-06,android,AE,control,baseline,mandatory_test,True,ESTJ,deep_seeker,ambivert,57.6,78.9,True,True
u_02178,2025-03-31,2025-03,ios,UK,variant,lower_friction,test_or_skip,False,,spiritual,extrovert,29.2,73.7,True,True
u_02179,2025-11-29,2025-11,web,MY,control,baseline,mandatory_test,False,,cultural,ambivert,30.4,100.0,True,True
u_02180,2025-08-19,2025-08,ios,ID,control,baseline,mandatory_test,False,,practicing,ambivert,37.9,93.4,True,True
u_02181,2025-11-10,2025-11,ios,ID,variant,lower_friction,self_select,True,ESTJ,cultural,ambivert,38.6,68.2,False,False
u_02182,2025-04-15,2025-04,ios,AU,variant,lower_friction,test_or_skip,False,,devoted,ambivert,9.4,70.1,False,False
u_02183,2025-03-30,2025-03,android,UK,variant,lower_friction,test_or_skip,False,,devoted,ambivert,37.9,74.5,True,True
u_02184,2025-01-13,2025-01,ios,CA,variant,lower_friction,test_or_skip,False,,devoted,ambivert,62.8,48.3,True,True
u_02185,2025-04-15,2025-04,ios,SG,variant,lower_friction,test_or_skip,False,,practicing,introvert,47.3,58.6,True,True
u_02186,2025-01-20,2025-01,ios,UK,control,baseline,mandatory_test,True,INFP,devoted,deep_extrovert,71.5,62.7,True,True
u_02187,2025-10-24,2025-10,android,US,control,baseline,mandatory_test,True,ESTP,practicing,deep_extrovert,57.2,24.6,True,False
u_02188,2025-04-07,2025-04,ios,AE,variant,lower_friction,test_or_skip,False,,practicing,extrovert,42.9,78.0,False,False
u_02189,2025-04-29,2025-04,ios,UK,variant,lower_friction,test_or_skip,False,,devoted,ambivert,48.2,56.2,False,False
u_02190,2025-12-10,2025-12,android,UK,variant,lower_friction,test_or_skip,False,,practicing,extrovert,22.7,22.8,True,True
u_02191,2025-08-09,2025-08,ios,US,variant,lower_friction,self_select,True,ISTP,devoted,deep_introvert,44.0,49.0,True,False
u_02192,2025-08-13,2025-08,android,US,control,baseline,mandatory_test,False,,practicing,ambivert,59.5,44.9,False,False
u_02193,2025-04-05,2025-04,android,AE,control,baseline,mandatory_test,False,,practicing,extrovert,39.0,83.4,True,False
u_02194,2025-03-26,2025-03,android,UK,variant,lower_friction,self_select,True,ISTP,devoted,deep_introvert,52.9,100.0,True,False
u_02195,2025-01-15,2025-01,web,AE,variant,lower_friction,self_select,True,ENTP,devoted,ambivert,52.3,92.1,True,True
u_02196,2025-01-19,2025-01,android,MY,variant,lower_friction,self_select,True,ENTP,practicing,ambivert,52.0,64.4,True,True
u_02197,2025-03-05,2025-03,web,UK,control,baseline,mandatory_test,True,ISTP,devoted,extrovert,14.6,48.5,False,False
u_02198,2025-09-06,2025-09,android,SG,variant,lower_friction,test_or_skip,False,,devoted,ambivert,53.0,53.4,False,True
u_02199,2025-03-04,2025-03,android,ID,control,baseline,mandatory_test,False,,spiritual,deep_extrovert,44.7,53.6,True,False
u_02200,2025-10-21,2025-10,ios,MY,control,baseline,mandatory_test,True,ENFJ,cultural,introvert,40.0,51.3,True,True
u_02201,2025-05-25,2025-05,ios,AU,control,baseline,mandatory_test,False,,deep_seeker,ambivert,60.7,59.7,False,False
u_02202,2025-09-23,2025-09,android,ID,variant,lower_friction,self_select,True,INTJ,practicing,extrovert,27.0,41.5,True,True
u_02203,2025-05-28,2025-05,android,US,control,baseline,mandatory_test,False,,deep_seeker,extrovert,80.0,49.7,True,False
u_02204,2025-11-20,2025-11,web,UK,variant,lower_friction,self_select,True,ENTP,practicing,ambivert,80.3,53.5,False,False
u_02205,2025-03-31,2025-03,ios,SG,control,baseline,mandatory_test,True,ESFJ,practicing,ambivert,32.9,56.6,True,True
u_02206,2025-01-27,2025-01,ios,US,variant,lower_friction,self_select,True,ISTP,devoted,introvert,47.8,63.1,True,False
u_02207,2025-09-02,2025-09,android,AE,variant,lower_friction,self_select,True,ISFJ,devoted,ambivert,25.1,76.9,True,False
u_02208,2025-05-18,2025-05,ios,AE,variant,lower_friction,test_or_skip,False,,spiritual,extrovert,27.7,44.3,True,True
u_02209,2025-12-22,2025-12,android,MY,control,baseline,mandatory_test,True,ISTJ,devoted,deep_extrovert,38.2,43.1,True,False
u_02210,2025-02-23,2025-02,ios,UK,variant,lower_friction,test_or_skip,False,,cultural,deep_extrovert,10.3,29.2,False,False
u_02211,2025-12-20,2025-12,android,MY,control,baseline,mandatory_test,False,,spiritual,ambivert,48.1,76.3,True,False
u_02212,2025-06-02,2025-06,android,US,variant,lower_friction,test_or_skip,False,,practicing,deep_extrovert,55.2,83.7,True,True
u_02213,2025-10-07,2025-10,android,SG,variant,lower_friction,self_select,True,ENFJ,devoted,introvert,29.1,50.6,True,True
u_02214,2025-08-01,2025-08,ios,AU,control,baseline,mandatory_test,False,,devoted,ambivert,60.6,42.4,True,False
u_02215,2025-10-14,2025-10,android,MY,variant,lower_friction,self_select,True,INFJ,devoted,extrovert,55.8,67.6,True,False
u_02216,2025-05-10,2025-05,android,UK,variant,lower_friction,test_or_skip,False,,deep_seeker,ambivert,39.5,40.4,True,True
u_02217,2025-03-15,2025-03,android,AE,variant,lower_friction,test_or_skip,False,,cultural,extrovert,43.6,52.3,True,False
u_02218,2025-11-19,2025-11,ios,UK,variant,lower_friction,test_or_skip,False,,spiritual,deep_extrovert,33.8,63.5,True,True
u_02219,2025-10-31,2025-10,web,UK,variant,lower_friction,test_or_skip,False,,spiritual,ambivert,43.9,71.5,False,False
u_02220,2025-03-14,2025-03,android,MY,control,baseline,mandatory_test,True,INFP,cultural,introvert,27.3,51.5,True,False
u_02221,2025-01-29,2025-01,ios,UK,control,baseline,mandatory_test,False,,spiritual,ambivert,52.7,58.2,True,False
u_02222,2025-05-24,2025-05,android,SG,variant,lower_friction,test_or_skip,False,,deep_seeker,deep_introvert,91.3,71.7,True,True
u_02223,2025-11-01,2025-11,ios,CA,control,baseline,mandatory_test,False,,practicing,ambivert,75.5,61.4,True,False
u_02224,2025-04-02,2025-04,ios,UK,control,baseline,mandatory_test,False,,practicing,introvert,81.9,71.9,True,False
u_02225,2025-09-08,2025-09,android,CA,control,baseline,mandatory_test,True,ENTJ,devoted,ambivert,72.1,20.7,False,False
u_02226,2025-05-17,2025-05,ios,US,variant,lower_friction,self_select,True,ESTJ,cultural,extrovert,33.6,73.1,False,False
u_02227,2025-08-17,2025-08,android,AU,variant,lower_friction,test_or_skip,False,,spiritual,ambivert,32.0,48.6,True,False
u_02228,2025-11-22,2025-11,ios,AE,control,baseline,mandatory_test,False,,spiritual,ambivert,23.6,40.3,False,False
u_02229,2025-06-02,2025-06,android,ID,control,baseline,mandatory_test,False,,cultural,extrovert,90.0,80.7,False,False
u_02230,2025-07-08,2025-07,android,ID,variant,lower_friction,self_select,True,ESTJ,devoted,introvert,57.4,78.5,True,True
u_02231,2025-08-09,2025-08,android,AU,variant,lower_friction,test_or_skip,False,,spiritual,ambivert,57.0,53.8,True,False
u_02232,2025-05-24,2025-05,ios,SG,control,baseline,mandatory_test,False,,devoted,ambivert,49.5,61.5,True,True
u_02233,2025-01-04,2025-01,android,CA,variant,lower_friction,test_or_skip,False,,practicing,ambivert,46.0,72.9,True,False
u_02234,2025-02-27,2025-02,web,MY,variant,lower_friction,test_or_skip,False,,devoted,introvert,3.4,12.6,True,True
u_02235,2025-01-17,2025-01,android,SG,variant,lower_friction,test_or_skip,False,,devoted,extrovert,74.8,75.7,True,True
u_02236,2025-05-20,2025-05,ios,UK,control,baseline,mandatory_test,False,,spiritual,introvert,10.6,36.2,False,False
u_02237,2025-06-09,2025-06,android,ID,control,baseline,mandatory_test,False,,spiritual,deep_extrovert,61.8,14.4,True,True
u_02238,2025-05-23,2025-05,android,ID,variant,lower_friction,self_select,True,ENFJ,devoted,extrovert,56.3,73.5,True,True
u_02239,2025-10-30,2025-10,web,ID,control,baseline,mandatory_test,True,ISFJ,practicing,ambivert,78.6,47.0,False,False
u_02240,2025-09-05,2025-09,android,US,variant,lower_friction,self_select,True,ESFP,cultural,introvert,33.5,60.0,True,True
u_02241,2025-01-09,2025-01,ios,CA,control,baseline,mandatory_test,False,,deep_seeker,ambivert,2.4,47.9,False,False
u_02242,2025-11-27,2025-11,ios,SG,control,baseline,mandatory_test,False,,cultural,extrovert,47.3,26.4,True,False
u_02243,2025-09-11,2025-09,ios,AE,variant,lower_friction,test_or_skip,False,,practicing,ambivert,37.8,88.1,True,True
u_02244,2025-02-13,2025-02,ios,AU,control,baseline,mandatory_test,True,INTP,spiritual,extrovert,63.6,14.9,False,False
u_02245,2025-10-25,2025-10,ios,UK,control,baseline,mandatory_test,False,,cultural,ambivert,45.8,46.8,True,True
u_02246,2025-02-12,2025-02,android,UK,control,baseline,mandatory_test,False,,spiritual,extrovert,63.8,79.3,True,True
u_02247,2025-10-01,2025-10,ios,UK,control,baseline,mandatory_test,False,,spiritual,extrovert,34.0,37.7,False,False
u_02248,2025-08-02,2025-08,web,ID,control,baseline,mandatory_test,True,ENFJ,practicing,ambivert,63.4,27.2,True,False
u_02249,2025-10-12,2025-10,ios,UK,variant,lower_friction,self_select,True,INFJ,practicing,extrovert,43.9,32.0,False,False
u_02250,2025-08-13,2025-08,web,MY,control,baseline,mandatory_test,False,,spiritual,extrovert,1.3,37.3,True,False
u_02251,2025-12-10,2025-12,android,AE,control,baseline,mandatory_test,False,,devoted,ambivert,57.3,41.9,True,True
u_02252,2025-10-08,2025-10,android,UK,control,baseline,mandatory_test,False,,practicing,extrovert,57.2,20.6,False,True
u_02253,2025-09-27,2025-09,android,CA,variant,lower_friction,test_or_skip,False,,practicing,ambivert,18.0,63.8,True,True
u_02254,2025-07-17,2025-07,ios,SG,control,baseline,mandatory_test,False,,devoted,ambivert,50.7,32.5,True,True
u_02255,2025-12-24,2025-12,ios,MY,control,baseline,mandatory_test,False,,spiritual,extrovert,100.0,81.4,False,True
u_02256,2025-06-05,2025-06,ios,MY,control,baseline,mandatory_test,False,,practicing,extrovert,52.6,63.9,True,False
u_02257,2025-03-14,2025-03,android,ID,variant,lower_friction,self_select,True,ISFJ,practicing,ambivert,88.2,43.9,True,True
u_02258,2025-06-11,2025-06,android,MY,variant,lower_friction,test_or_skip,False,,devoted,ambivert,33.2,75.9,False,False
u_02259,2025-08-31,2025-08,ios,MY,control,baseline,mandatory_test,False,,devoted,introvert,51.6,62.5,False,False
u_02260,2025-10-23,2025-10,ios,US,control,baseline,mandatory_test,True,ENFP,practicing,deep_extrovert,47.1,86.7,True,True
u_02261,2025-08-06,2025-08,android,ID,control,baseline,mandatory_test,True,INFJ,devoted,deep_extrovert,86.2,54.7,True,False
u_02262,2025-02-03,2025-02,android,MY,variant,lower_friction,test_or_skip,False,,practicing,deep_extrovert,41.5,29.7,True,True
u_02263,2025-11-07,2025-11,ios,MY,variant,lower_friction,test_or_skip,False,,practicing,ambivert,44.4,49.3,True,True
u_02264,2025-07-17,2025-07,web,US,control,baseline,mandatory_test,True,INTJ,spiritual,ambivert,41.0,64.0,True,False
u_02265,2025-09-28,2025-09,web,MY,control,baseline,mandatory_test,True,INFP,practicing,deep_introvert,75.2,65.5,True,True
u_02266,2025-02-08,2025-02,web,AE,variant,lower_friction,test_or_skip,False,,deep_seeker,introvert,32.8,42.5,False,False
u_02267,2025-10-21,2025-10,android,MY,control,baseline,mandatory_test,False,,devoted,extrovert,35.3,65.6,False,False
u_02268,2025-08-26,2025-08,android,SG,variant,lower_friction,test_or_skip,False,,practicing,extrovert,45.6,41.6,True,True
u_02269,2025-10-25,2025-10,android,SG,control,baseline,mandatory_test,False,,practicing,ambivert,65.2,58.9,False,False
u_02270,2025-10-26,2025-10,ios,US,variant,lower_friction,self_select,True,ESTP,practicing,ambivert,44.3,75.9,True,True
u_02271,2025-06-13,2025-06,ios,AE,control,baseline,mandatory_test,True,ISTP,practicing,deep_introvert,59.7,91.6,True,False
u_02272,2025-12-31,2025-12,android,US,variant,lower_friction,test_or_skip,False,,deep_seeker,extrovert,50.0,65.5,True,True
u_02273,2025-06-09,2025-06,android,MY,control,baseline,mandatory_test,False,,practicing,extrovert,19.8,31.1,False,False
u_02274,2025-03-01,2025-03,ios,US,control,baseline,mandatory_test,False,,spiritual,ambivert,57.3,53.2,False,False
u_02275,2025-09-01,2025-09,ios,CA,control,baseline,mandatory_test,True,INFJ,devoted,introvert,22.7,51.3,True,True
u_02276,2025-08-02,2025-08,web,MY,variant,lower_friction,test_or_skip,False,,spiritual,extrovert,37.7,81.6,True,True
u_02277,2025-09-15,2025-09,ios,MY,control,baseline,mandatory_test,False,,practicing,ambivert,56.7,52.6,True,False
u_02278,2025-12-28,2025-12,android,AE,variant,lower_friction,test_or_skip,False,,cultural,extrovert,53.2,57.8,True,True
u_02279,2025-11-01,2025-11,ios,US,control,baseline,mandatory_test,False,,practicing,extrovert,60.3,65.6,True,True
u_02280,2025-03-07,2025-03,ios,MY,control,baseline,mandatory_test,False,,spiritual,ambivert,65.1,100.0,False,False
u_02281,2025-01-02,2025-01,ios,US,control,baseline,mandatory_test,True,ISFJ,spiritual,deep_extrovert,59.2,25.5,True,False
u_02282,2025-08-16,2025-08,android,ID,variant,lower_friction,test_or_skip,False,,spiritual,extrovert,79.7,61.6,True,True
u_02283,2025-11-07,2025-11,ios,MY,variant,lower_friction,self_select,True,INTJ,practicing,ambivert,16.9,61.4,False,False
u_02284,2025-09-06,2025-09,android,UK,control,baseline,mandatory_test,False,,spiritual,ambivert,40.4,76.6,True,True
u_02285,2025-06-13,2025-06,ios,UK,variant,lower_friction,self_select,True,ESFJ,practicing,extrovert,51.4,51.4,False,True
u_02286,2025-08-01,2025-08,ios,UK,variant,lower_friction,self_select,True,ENTP,practicing,introvert,46.4,42.4,True,True
u_02287,2025-05-28,2025-05,ios,US,control,baseline,mandatory_test,False,,spiritual,introvert,25.1,70.4,True,True
u_02288,2025-08-01,2025-08,ios,AE,control,baseline,mandatory_test,False,,practicing,ambivert,42.9,62.0,True,True
u_02289,2025-03-23,2025-03,ios,CA,variant,lower_friction,self_select,True,ENFP,practicing,deep_extrovert,49.7,40.5,True,True
u_02290,2025-08-09,2025-08,android,US,variant,lower_friction,self_select,True,ENFJ,devoted,extrovert,57.5,27.0,False,True
u_02291,2025-03-19,2025-03,android,US,control,baseline,mandatory_test,True,ENTJ,deep_seeker,ambivert,56.6,63.6,False,False
u_02292,2025-09-09,2025-09,android,US,variant,lower_friction,self_select,True,ENTP,deep_seeker,deep_introvert,19.0,59.0,True,False
u_02293,2025-10-05,2025-10,ios,MY,control,baseline,mandatory_test,True,INFP,practicing,ambivert,57.2,67.0,True,True
u_02294,2025-04-03,2025-04,ios,UK,control,baseline,mandatory_test,False,,cultural,extrovert,33.6,2.9,True,False
u_02295,2025-10-26,2025-10,ios,US,variant,lower_friction,test_or_skip,False,,practicing,introvert,54.2,82.5,False,False
u_02296,2025-10-08,2025-10,android,AU,variant,lower_friction,self_select,True,ENTP,practicing,extrovert,47.3,52.2,True,False
u_02297,2025-04-01,2025-04,android,UK,control,baseline,mandatory_test,True,ESFP,spiritual,ambivert,53.7,52.3,False,True
u_02298,2025-11-11,2025-11,android,CA,control,baseline,mandatory_test,False,,cultural,ambivert,27.4,58.6,False,False
u_02299,2025-04-03,2025-04,android,AU,control,baseline,mandatory_test,True,ESTP,devoted,deep_introvert,77.5,56.6,False,False
u_02300,2025-05-04,2025-05,ios,ID,variant,lower_friction,test_or_skip,False,,cultural,deep_extrovert,39.8,92.9,False,False
u_02301,2025-02-05,2025-02,ios,SG,control,baseline,mandatory_test,False,,spiritual,introvert,38.8,83.8,True,False
u_02302,2025-04-16,2025-04,android,AE,variant,lower_friction,self_select,True,ESTJ,devoted,extrovert,16.4,57.0,True,True
u_02303,2025-09-29,2025-09,android,US,variant,lower_friction,self_select,True,ISTP,practicing,extrovert,35.6,61.6,False,False
u_02304,2025-09-29,2025-09,ios,AU,variant,lower_friction,test_or_skip,False,,cultural,extrovert,71.8,55.6,True,True
u_02305,2025-02-06,2025-02,android,UK,control,baseline,mandatory_test,False,,devoted,ambivert,57.3,69.7,True,True
u_02306,2025-03-12,2025-03,android,US,control,baseline,mandatory_test,True,ISFJ,practicing,ambivert,44.8,78.7,True,True
u_02307,2025-02-05,2025-02,ios,AU,control,baseline,mandatory_test,False,,spiritual,extrovert,39.5,66.9,True,True
u_02308,2025-02-24,2025-02,ios,CA,variant,lower_friction,self_select,True,ISFP,deep_seeker,ambivert,51.4,57.8,True,True
u_02309,2025-10-12,2025-10,android,ID,control,baseline,mandatory_test,True,ESTJ,practicing,extrovert,56.3,35.2,True,False
u_02310,2025-11-29,2025-11,ios,UK,control,baseline,mandatory_test,False,,spiritual,extrovert,50.2,82.7,True,True
u_02311,2025-12-14,2025-12,ios,AU,control,baseline,mandatory_test,True,ENFJ,practicing,deep_extrovert,54.4,72.2,True,True
u_02312,2025-03-02,2025-03,ios,UK,control,baseline,mandatory_test,True,ISFP,deep_seeker,introvert,59.2,41.6,True,True
u_02313,2025-11-03,2025-11,android,ID,control,baseline,mandatory_test,False,,spiritual,deep_extrovert,63.3,71.0,True,True
u_02314,2025-07-16,2025-07,ios,UK,control,baseline,mandatory_test,True,ISFP,practicing,deep_extrovert,61.0,30.3,False,False
u_02315,2025-09-21,2025-09,ios,AE,variant,lower_friction,self_select,True,ENFJ,practicing,ambivert,61.9,52.6,True,False
u_02316,2025-01-19,2025-01,web,UK,variant,lower_friction,test_or_skip,False,,deep_seeker,ambivert,34.6,73.6,False,False
u_02317,2025-12-22,2025-12,ios,UK,variant,lower_friction,test_or_skip,False,,practicing,introvert,54.1,41.9,True,True
u_02318,2025-02-12,2025-02,ios,US,control,baseline,mandatory_test,False,,practicing,extrovert,39.6,43.9,False,False
u_02319,2025-07-16,2025-07,android,US,control,baseline,mandatory_test,False,,devoted,ambivert,78.1,89.8,True,False
u_02320,2025-10-15,2025-10,ios,MY,control,baseline,mandatory_test,False,,deep_seeker,deep_introvert,15.4,12.7,True,True
u_02321,2025-04-16,2025-04,android,AU,variant,lower_friction,self_select,True,ESFP,devoted,extrovert,56.0,65.2,True,False
u_02322,2025-07-29,2025-07,ios,AE,control,baseline,mandatory_test,True,ESFP,practicing,ambivert,56.9,46.3,True,False
u_02323,2025-04-04,2025-04,android,AU,variant,lower_friction,test_or_skip,False,,practicing,deep_introvert,47.9,69.3,False,True
u_02324,2025-07-16,2025-07,android,MY,variant,lower_friction,test_or_skip,False,,practicing,deep_extrovert,50.5,68.7,True,True
u_02325,2025-07-01,2025-07,ios,MY,control,baseline,mandatory_test,False,,devoted,ambivert,75.2,40.6,True,True
u_02326,2025-10-08,2025-10,ios,CA,variant,lower_friction,test_or_skip,False,,deep_seeker,extrovert,69.5,67.2,False,False
u_02327,2025-05-15,2025-05,android,US,variant,lower_friction,test_or_skip,False,,practicing,extrovert,49.2,83.1,True,False
u_02328,2025-07-26,2025-07,ios,AE,variant,lower_friction,test_or_skip,False,,practicing,extrovert,40.5,61.2,False,False
u_02329,2025-06-10,2025-06,android,UK,control,baseline,mandatory_test,True,ENTJ,practicing,introvert,66.2,54.5,True,True
u_02330,2025-10-03,2025-10,web,CA,variant,lower_friction,test_or_skip,False,,devoted,introvert,48.9,53.4,True,True
u_02331,2025-01-20,2025-01,ios,AE,control,baseline,mandatory_test,False,,cultural,extrovert,73.5,74.8,True,False
u_02332,2025-12-04,2025-12,android,US,variant,lower_friction,test_or_skip,False,,cultural,extrovert,46.1,51.8,True,True
u_02333,2025-10-05,2025-10,ios,MY,variant,lower_friction,test_or_skip,False,,devoted,introvert,9.1,33.4,True,True
u_02334,2025-09-30,2025-09,android,UK,control,baseline,mandatory_test,True,ESFJ,practicing,ambivert,58.6,59.5,True,True
u_02335,2025-03-06,2025-03,android,MY,control,baseline,mandatory_test,True,ISFJ,spiritual,introvert,71.0,57.6,True,True
u_02336,2025-07-13,2025-07,ios,CA,variant,lower_friction,self_select,True,ISFP,practicing,deep_extrovert,98.2,62.3,True,True
u_02337,2025-02-02,2025-02,android,ID,variant,lower_friction,self_select,True,ISFP,practicing,extrovert,75.8,72.6,True,True
u_02338,2025-06-29,2025-06,android,SG,variant,lower_friction,test_or_skip,False,,devoted,extrovert,100.0,78.4,True,False
u_02339,2025-02-10,2025-02,ios,UK,control,baseline,mandatory_test,False,,practicing,introvert,73.9,46.9,True,True
u_02340,2025-10-03,2025-10,ios,MY,variant,lower_friction,self_select,True,ESFJ,practicing,ambivert,90.1,64.6,True,True
u_02341,2025-03-14,2025-03,android,UK,variant,lower_friction,self_select,True,ENTJ,practicing,ambivert,72.0,60.5,False,False
u_02342,2025-12-14,2025-12,android,CA,control,baseline,mandatory_test,False,,spiritual,extrovert,82.4,84.3,True,True
u_02343,2025-12-10,2025-12,android,CA,variant,lower_friction,test_or_skip,False,,spiritual,introvert,67.8,62.1,True,False
u_02344,2025-06-28,2025-06,ios,MY,variant,lower_friction,test_or_skip,False,,practicing,extrovert,50.4,47.2,True,False
u_02345,2025-11-04,2025-11,android,UK,control,baseline,mandatory_test,False,,practicing,introvert,55.7,64.8,True,True
u_02346,2025-03-27,2025-03,ios,US,control,baseline,mandatory_test,False,,cultural,extrovert,32.9,47.6,False,False
u_02347,2025-02-26,2025-02,android,SG,variant,lower_friction,test_or_skip,False,,practicing,ambivert,47.3,62.1,True,True
u_02348,2025-05-21,2025-05,android,US,control,baseline,mandatory_test,True,ESTP,practicing,ambivert,13.3,93.7,False,False
u_02349,2025-05-16,2025-05,android,AU,variant,lower_friction,self_select,True,ESTP,spiritual,introvert,21.2,90.4,True,True
u_02350,2025-05-23,2025-05,android,CA,control,baseline,mandatory_test,False,,devoted,ambivert,71.2,66.6,True,True
u_02351,2025-11-12,2025-11,ios,MY,variant,lower_friction,test_or_skip,False,,practicing,deep_extrovert,41.7,57.2,True,True
u_02352,2025-04-07,2025-04,ios,ID,variant,lower_friction,test_or_skip,False,,practicing,ambivert,52.9,76.2,True,True
u_02353,2025-01-06,2025-01,ios,UK,variant,lower_friction,self_select,True,ENFJ,cultural,ambivert,43.2,45.4,True,True
u_02354,2025-07-12,2025-07,ios,SG,variant,lower_friction,self_select,True,ENTP,devoted,deep_extrovert,51.1,21.6,False,False
u_02355,2025-08-03,2025-08,android,US,variant,lower_friction,self_select,True,ENFP,devoted,ambivert,37.0,56.5,True,False
u_02356,2025-04-18,2025-04,android,US,variant,lower_friction,self_select,True,ENTJ,practicing,ambivert,29.4,87.8,False,False
u_02357,2025-04-30,2025-04,ios,UK,control,baseline,mandatory_test,False,,practicing,introvert,68.1,41.0,False,False
u_02358,2025-04-25,2025-04,web,UK,variant,lower_friction,test_or_skip,False,,deep_seeker,deep_extrovert,56.7,43.9,True,False
u_02359,2025-08-29,2025-08,ios,AU,control,baseline,mandatory_test,False,,cultural,ambivert,27.5,21.4,False,False
u_02360,2025-12-29,2025-12,ios,US,control,baseline,mandatory_test,False,,cultural,ambivert,55.1,59.6,True,False
u_02361,2025-06-22,2025-06,android,AE,control,baseline,mandatory_test,False,,practicing,extrovert,59.8,75.6,False,False
u_02362,2025-10-17,2025-10,ios,MY,control,baseline,mandatory_test,False,,spiritual,extrovert,51.8,66.8,True,False
u_02363,2025-12-04,2025-12,web,MY,variant,lower_friction,test_or_skip,False,,practicing,deep_introvert,39.6,44.2,True,False
u_02364,2025-03-11,2025-03,android,AE,control,baseline,mandatory_test,True,ENFJ,practicing,ambivert,62.2,88.7,True,True
u_02365,2025-12-06,2025-12,web,US,variant,lower_friction,test_or_skip,False,,cultural,extrovert,65.8,46.2,True,False
u_02366,2025-10-05,2025-10,android,ID,variant,lower_friction,self_select,True,ENTJ,practicing,extrovert,48.8,45.7,True,True
u_02367,2025-05-20,2025-05,ios,UK,variant,lower_friction,self_select,True,INFP,practicing,ambivert,49.8,33.2,True,True
u_02368,2025-04-18,2025-04,android,CA,control,baseline,mandatory_test,False,,practicing,extrovert,41.1,80.3,True,False
u_02369,2025-07-05,2025-07,ios,SG,variant,lower_friction,test_or_skip,False,,devoted,deep_introvert,63.3,32.7,False,False
u_02370,2025-12-15,2025-12,android,US,control,baseline,mandatory_test,False,,practicing,extrovert,55.6,66.1,True,True
u_02371,2025-01-19,2025-01,android,CA,variant,lower_friction,self_select,True,ENTJ,practicing,extrovert,45.1,66.7,True,False
u_02372,2025-05-16,2025-05,ios,US,control,baseline,mandatory_test,True,ENTJ,devoted,extrovert,73.1,75.2,False,False
u_02373,2025-05-17,2025-05,ios,AE,control,baseline,mandatory_test,True,ESTJ,cultural,introvert,34.3,60.7,False,False
u_02374,2025-02-23,2025-02,web,AE,control,baseline,mandatory_test,False,,practicing,introvert,32.0,55.5,False,False
u_02375,2025-09-20,2025-09,android,UK,variant,lower_friction,test_or_skip,False,,practicing,ambivert,38.8,47.5,True,True
u_02376,2025-04-01,2025-04,web,UK,variant,lower_friction,test_or_skip,False,,practicing,ambivert,53.4,45.0,False,False
u_02377,2025-06-22,2025-06,ios,UK,control,baseline,mandatory_test,False,,practicing,ambivert,62.7,69.0,True,True
u_02378,2025-07-09,2025-07,android,ID,variant,lower_friction,self_select,True,ENFJ,spiritual,deep_introvert,57.9,28.5,True,True
u_02379,2025-03-22,2025-03,ios,MY,control,baseline,mandatory_test,False,,spiritual,extrovert,36.4,68.5,True,True
u_02380,2025-03-26,2025-03,ios,AE,variant,lower_friction,test_or_skip,False,,spiritual,introvert,64.6,84.0,True,True
u_02381,2025-07-14,2025-07,ios,AU,variant,lower_friction,self_select,True,ISTJ,spiritual,deep_introvert,47.5,85.0,True,True
u_02382,2025-12-28,2025-12,android,CA,control,baseline,mandatory_test,False,,practicing,extrovert,15.1,74.5,True,True
u_02383,2025-04-07,2025-04,ios,UK,variant,lower_friction,test_or_skip,False,,devoted,ambivert,45.1,60.1,True,False
u_02384,2025-10-11,2025-10,android,CA,variant,lower_friction,test_or_skip,False,,devoted,introvert,35.8,27.1,True,False
u_02385,2025-09-08,2025-09,android,ID,variant,lower_friction,test_or_skip,False,,cultural,ambivert,56.4,63.5,False,False
u_02386,2025-02-23,2025-02,ios,MY,control,baseline,mandatory_test,True,ENTJ,deep_seeker,ambivert,37.3,48.3,False,False
u_02387,2025-09-18,2025-09,ios,AU,variant,lower_friction,self_select,True,ENFJ,devoted,extrovert,31.2,69.1,True,True
u_02388,2025-04-11,2025-04,ios,AE,variant,lower_friction,test_or_skip,False,,spiritual,deep_introvert,44.6,44.6,True,False
u_02389,2025-08-07,2025-08,ios,SG,control,baseline,mandatory_test,True,ENTJ,practicing,introvert,43.1,45.9,False,False
u_02390,2025-04-11,2025-04,ios,CA,control,baseline,mandatory_test,False,,spiritual,extrovert,52.0,47.0,True,True
u_02391,2025-11-02,2025-11,android,ID,variant,lower_friction,self_select,True,INTP,devoted,ambivert,87.5,49.0,True,True
u_02392,2025-10-05,2025-10,android,US,control,baseline,mandatory_test,True,INTP,practicing,extrovert,39.2,53.1,True,True
u_02393,2025-10-11,2025-10,android,MY,control,baseline,mandatory_test,True,ISTJ,practicing,deep_extrovert,35.6,52.9,True,False
u_02394,2025-07-28,2025-07,ios,ID,variant,lower_friction,self_select,True,INTP,spiritual,ambivert,49.0,56.9,True,True
u_02395,2025-07-02,2025-07,ios,MY,variant,lower_friction,self_select,True,ENFP,practicing,ambivert,52.7,88.0,True,True
u_02396,2025-01-26,2025-01,android,ID,variant,lower_friction,test_or_skip,False,,devoted,extrovert,45.1,27.9,True,True
u_02397,2025-12-31,2025-12,ios,UK,control,baseline,mandatory_test,False,,practicing,ambivert,57.1,58.1,False,False
u_02398,2025-08-04,2025-08,web,UK,control,baseline,mandatory_test,True,ISFP,practicing,introvert,39.8,47.3,True,True
u_02399,2025-06-25,2025-06,ios,US,control,baseline,mandatory_test,True,ESFJ,spiritual,introvert,65.4,49.4,True,False
u_02400,2025-03-03,2025-03,ios,AE,control,baseline,mandatory_test,False,,practicing,ambivert,36.1,80.8,True,False
u_02401,2025-11-15,2025-11,android,SG,control,baseline,mandatory_test,True,ENFP,practicing,ambivert,69.5,45.8,True,False
u_02402,2025-04-14,2025-04,ios,MY,control,baseline,mandatory_test,True,INTJ,cultural,introvert,55.0,92.9,True,True
u_02403,2025-01-19,2025-01,ios,UK,control,baseline,mandatory_test,False,,spiritual,deep_extrovert,74.9,27.8,True,False
u_02404,2025-11-29,2025-11,ios,ID,control,baseline,mandatory_test,True,ISFJ,devoted,introvert,70.1,62.6,True,True
u_02405,2025-02-09,2025-02,ios,MY,variant,lower_friction,test_or_skip,False,,practicing,introvert,55.5,31.2,False,False
u_02406,2025-04-27,2025-04,android,UK,control,baseline,mandatory_test,False,,spiritual,extrovert,66.6,60.3,True,True
u_02407,2025-10-06,2025-10,ios,MY,control,baseline,mandatory_test,False,,cultural,extrovert,47.5,43.9,True,False
u_02408,2025-12-20,2025-12,android,CA,control,baseline,mandatory_test,False,,practicing,ambivert,41.7,51.6,True,True
u_02409,2025-07-27,2025-07,android,MY,variant,lower_friction,self_select,True,ESTJ,practicing,deep_introvert,52.4,62.3,False,False
u_02410,2025-06-03,2025-06,android,MY,control,baseline,mandatory_test,False,,devoted,deep_introvert,63.7,60.9,True,True
u_02411,2025-12-29,2025-12,android,MY,control,baseline,mandatory_test,True,ISFP,practicing,deep_introvert,57.3,44.5,True,False
u_02412,2025-09-12,2025-09,android,CA,variant,lower_friction,test_or_skip,False,,practicing,extrovert,66.6,60.9,True,False
u_02413,2025-05-17,2025-05,android,UK,control,baseline,mandatory_test,False,,deep_seeker,ambivert,66.9,51.7,True,True
u_02414,2025-04-30,2025-04,android,CA,control,baseline,mandatory_test,False,,devoted,ambivert,30.1,65.3,False,False
u_02415,2025-09-22,2025-09,ios,MY,variant,lower_friction,self_select,True,ISTP,devoted,extrovert,14.8,64.9,True,False
u_02416,2025-07-08,2025-07,ios,UK,control,baseline,mandatory_test,True,INFJ,practicing,ambivert,39.4,75.0,False,False
u_02417,2025-01-02,2025-01,ios,UK,control,baseline,mandatory_test,True,ESTP,deep_seeker,deep_introvert,38.2,72.9,True,False
u_02418,2025-01-27,2025-01,android,ID,variant,lower_friction,self_select,True,ISTP,practicing,introvert,18.3,44.5,True,False
u_02419,2025-08-19,2025-08,android,US,control,baseline,mandatory_test,True,ENTP,practicing,introvert,48.6,23.8,True,True
u_02420,2025-12-03,2025-12,web,AE,variant,lower_friction,self_select,True,ENTP,spiritual,deep_extrovert,23.7,50.4,True,True
u_02421,2025-10-01,2025-10,web,ID,variant,lower_friction,test_or_skip,False,,spiritual,extrovert,38.4,37.8,True,False
u_02422,2025-12-10,2025-12,android,MY,control,baseline,mandatory_test,False,,deep_seeker,extrovert,77.2,64.6,True,False
u_02423,2025-02-05,2025-02,android,UK,control,baseline,mandatory_test,False,,spiritual,ambivert,68.8,17.9,False,False
u_02424,2025-02-18,2025-02,android,ID,control,baseline,mandatory_test,True,INTJ,spiritual,introvert,58.0,52.3,True,False
u_02425,2025-02-14,2025-02,web,MY,control,baseline,mandatory_test,False,,practicing,extrovert,56.8,58.9,True,False
u_02426,2025-01-03,2025-01,android,ID,variant,lower_friction,self_select,True,ISTJ,devoted,extrovert,39.6,46.4,True,False
u_02427,2025-02-15,2025-02,android,MY,variant,lower_friction,test_or_skip,False,,deep_seeker,deep_introvert,51.6,78.0,True,False
u_02428,2025-06-04,2025-06,ios,CA,control,baseline,mandatory_test,False,,practicing,extrovert,52.3,78.8,True,True
u_02429,2025-05-07,2025-05,ios,ID,variant,lower_friction,test_or_skip,False,,devoted,ambivert,57.6,72.1,True,True
u_02430,2025-07-15,2025-07,ios,AU,control,baseline,mandatory_test,True,INFJ,practicing,extrovert,37.6,86.0,True,True
u_02431,2025-07-07,2025-07,android,AU,variant,lower_friction,self_select,True,ENFP,devoted,introvert,74.7,59.4,False,False
u_02432,2025-09-16,2025-09,ios,UK,control,baseline,mandatory_test,True,ESTP,practicing,ambivert,51.0,49.2,False,False
u_02433,2025-01-10,2025-01,android,UK,control,baseline,mandatory_test,False,,spiritual,deep_extrovert,44.0,16.8,False,False
u_02434,2025-07-19,2025-07,ios,UK,control,baseline,mandatory_test,True,ISFP,devoted,extrovert,58.4,69.7,True,True
u_02435,2025-08-18,2025-08,ios,UK,variant,lower_friction,test_or_skip,False,,devoted,extrovert,57.5,58.4,False,False
u_02436,2025-02-13,2025-02,android,ID,variant,lower_friction,test_or_skip,False,,practicing,ambivert,44.9,51.3,True,True
u_02437,2025-05-08,2025-05,web,MY,variant,lower_friction,test_or_skip,False,,spiritual,ambivert,44.5,61.0,True,False
u_02438,2025-03-09,2025-03,android,US,control,baseline,mandatory_test,True,ENFP,spiritual,deep_introvert,53.2,82.9,True,True
u_02439,2025-08-31,2025-08,android,US,control,baseline,mandatory_test,True,ENFP,spiritual,ambivert,45.0,77.9,True,True
u_02440,2025-12-28,2025-12,android,UK,variant,lower_friction,test_or_skip,False,,devoted,introvert,65.6,82.5,True,True
u_02441,2025-12-29,2025-12,ios,UK,control,baseline,mandatory_test,False,,practicing,introvert,34.7,69.6,False,False
u_02442,2025-12-13,2025-12,android,ID,control,baseline,mandatory_test,True,ISTP,deep_seeker,extrovert,62.7,58.4,False,True
u_02443,2025-05-15,2025-05,android,MY,control,baseline,mandatory_test,True,ISFP,spiritual,extrovert,36.9,48.8,True,True
u_02444,2025-12-14,2025-12,android,AE,variant,lower_friction,test_or_skip,False,,spiritual,ambivert,61.8,53.8,False,False
u_02445,2025-01-12,2025-01,web,CA,variant,lower_friction,self_select,True,ESTP,practicing,introvert,29.4,79.2,True,False
u_02446,2025-06-22,2025-06,ios,ID,variant,lower_friction,test_or_skip,False,,practicing,introvert,54.2,64.7,True,True
u_02447,2025-08-29,2025-08,ios,CA,control,baseline,mandatory_test,True,ENFP,practicing,extrovert,47.5,86.1,True,False
u_02448,2025-02-17,2025-02,web,AE,variant,lower_friction,test_or_skip,False,,practicing,introvert,56.7,44.1,False,False
u_02449,2025-11-15,2025-11,ios,CA,variant,lower_friction,test_or_skip,False,,devoted,extrovert,47.7,55.5,True,True
u_02450,2025-07-26,2025-07,web,UK,control,baseline,mandatory_test,True,ESTP,spiritual,deep_extrovert,60.4,74.2,True,True
u_02451,2025-09-14,2025-09,ios,US,variant,lower_friction,self_select,True,ESFJ,practicing,ambivert,56.6,40.4,True,True
u_02452,2025-07-28,2025-07,ios,US,variant,lower_friction,test_or_skip,False,,devoted,introvert,74.9,24.9,True,True
u_02453,2025-06-20,2025-06,android,AE,control,baseline,mandatory_test,True,ISFP,practicing,introvert,62.3,55.1,True,False
u_02454,2025-08-15,2025-08,android,AE,variant,lower_friction,self_select,True,ESTP,cultural,introvert,61.1,52.8,False,False
u_02455,2025-02-28,2025-02,android,US,control,baseline,mandatory_test,False,,devoted,extrovert,36.5,56.7,False,False
u_02456,2025-05-05,2025-05,ios,UK,control,baseline,mandatory_test,True,INTJ,practicing,ambivert,45.7,55.9,True,True
u_02457,2025-06-25,2025-06,ios,ID,variant,lower_friction,self_select,True,ENFJ,practicing,introvert,39.3,61.9,True,True
u_02458,2025-04-25,2025-04,ios,ID,variant,lower_friction,test_or_skip,False,,practicing,introvert,29.2,51.0,True,True
u_02459,2025-09-24,2025-09,ios,ID,variant,lower_friction,test_or_skip,False,,cultural,introvert,7.6,67.3,False,False
u_02460,2025-08-15,2025-08,android,UK,control,baseline,mandatory_test,False,,cultural,ambivert,38.1,39.1,False,False
u_02461,2025-02-04,2025-02,android,CA,variant,lower_friction,self_select,True,INTP,practicing,extrovert,61.1,47.7,True,False
u_02462,2025-08-11,2025-08,android,ID,control,baseline,mandatory_test,False,,practicing,extrovert,75.1,58.3,True,True
u_02463,2025-05-15,2025-05,android,CA,variant,lower_friction,self_select,True,ISFP,practicing,ambivert,100.0,66.9,True,False
u_02464,2025-10-23,2025-10,ios,AE,control,baseline,mandatory_test,True,ENFJ,devoted,extrovert,67.4,70.9,True,True
u_02465,2025-08-26,2025-08,ios,AE,variant,lower_friction,test_or_skip,False,,practicing,extrovert,37.4,64.0,True,True
u_02466,2025-10-04,2025-10,android,US,control,baseline,mandatory_test,False,,practicing,deep_extrovert,56.0,52.6,True,False
u_02467,2025-07-08,2025-07,ios,CA,control,baseline,mandatory_test,True,INFJ,devoted,introvert,42.2,36.9,True,False
u_02468,2025-10-07,2025-10,ios,MY,control,baseline,mandatory_test,True,ENFP,devoted,extrovert,64.1,65.2,True,False
u_02469,2025-10-06,2025-10,android,UK,variant,lower_friction,self_select,True,ISTP,devoted,ambivert,62.5,52.9,True,True
u_02470,2025-08-23,2025-08,ios,AE,control,baseline,mandatory_test,True,ISTP,practicing,ambivert,26.9,92.4,True,False
u_02471,2025-06-20,2025-06,android,CA,variant,lower_friction,self_select,True,ISFP,practicing,deep_extrovert,72.7,14.3,False,False
u_02472,2025-02-06,2025-02,android,AE,control,baseline,mandatory_test,False,,practicing,ambivert,44.4,100.0,True,True
u_02473,2025-03-12,2025-03,android,UK,variant,lower_friction,test_or_skip,False,,practicing,extrovert,42.4,34.2,True,True
u_02474,2025-09-27,2025-09,ios,CA,control,baseline,mandatory_test,True,ENTP,devoted,introvert,47.1,58.9,False,False
u_02475,2025-08-06,2025-08,ios,AE,variant,lower_friction,test_or_skip,False,,devoted,introvert,47.9,29.9,True,True
u_02476,2025-11-01,2025-11,ios,UK,variant,lower_friction,self_select,True,ENTJ,practicing,deep_introvert,58.8,65.1,True,False
u_02477,2025-10-04,2025-10,ios,MY,variant,lower_friction,test_or_skip,False,,cultural,introvert,50.1,71.8,True,True
u_02478,2025-01-26,2025-01,android,MY,control,baseline,mandatory_test,False,,deep_seeker,deep_introvert,89.6,59.2,False,False
u_02479,2025-08-03,2025-08,ios,MY,variant,lower_friction,test_or_skip,False,,devoted,extrovert,30.5,70.7,True,False
u_02480,2025-03-01,2025-03,android,AE,control,baseline,mandatory_test,True,ISFJ,practicing,ambivert,68.8,45.3,True,False
u_02481,2025-06-21,2025-06,ios,UK,control,baseline,mandatory_test,False,,devoted,introvert,27.7,54.5,False,False
u_02482,2025-12-07,2025-12,android,US,control,baseline,mandatory_test,True,ENTJ,cultural,deep_extrovert,82.2,25.0,True,False
u_02483,2025-11-12,2025-11,ios,UK,control,baseline,mandatory_test,False,,deep_seeker,deep_extrovert,32.8,44.1,False,False
u_02484,2025-11-04,2025-11,android,UK,control,baseline,mandatory_test,True,INTJ,practicing,extrovert,68.8,49.5,False,True
u_02485,2025-01-24,2025-01,android,AE,control,baseline,mandatory_test,True,ISTP,devoted,introvert,95.2,47.4,True,False
u_02486,2025-08-14,2025-08,ios,US,variant,lower_friction,test_or_skip,False,,practicing,extrovert,40.1,37.7,True,False
u_02487,2025-04-27,2025-04,ios,AU,control,baseline,mandatory_test,True,ISTP,spiritual,extrovert,61.6,79.3,True,True
u_02488,2025-06-11,2025-06,android,UK,variant,lower_friction,test_or_skip,False,,devoted,ambivert,54.6,63.0,False,False
u_02489,2025-11-28,2025-11,android,AE,control,baseline,mandatory_test,False,,devoted,introvert,34.6,54.6,True,True
u_02490,2025-10-15,2025-10,android,AE,variant,lower_friction,test_or_skip,False,,spiritual,ambivert,45.7,58.7,True,False
u_02491,2025-11-26,2025-11,android,UK,control,baseline,mandatory_test,True,INTJ,cultural,ambivert,33.2,62.6,True,True
u_02492,2025-10-30,2025-10,android,AE,variant,lower_friction,test_or_skip,False,,devoted,ambivert,72.0,44.9,True,True
u_02493,2025-04-08,2025-04,android,MY,control,baseline,mandatory_test,True,INTJ,devoted,introvert,52.3,58.2,False,False
u_02494,2025-07-07,2025-07,ios,MY,control,baseline,mandatory_test,False,,deep_seeker,ambivert,53.2,93.0,True,False
u_02495,2025-04-19,2025-04,android,UK,variant,lower_friction,test_or_skip,False,,practicing,ambivert,28.8,56.1,True,False
u_02496,2025-11-25,2025-11,android,ID,variant,lower_friction,test_or_skip,False,,practicing,ambivert,27.6,63.8,True,False
u_02497,2025-06-11,2025-06,ios,ID,variant,lower_friction,test_or_skip,False,,devoted,ambivert,45.5,27.6,True,False
u_02498,2025-12-07,2025-12,ios,UK,control,baseline,mandatory_test,False,,deep_seeker,extrovert,74.0,64.3,True,False
u_02499,2025-05-12,2025-05,ios,US,control,baseline,mandatory_test,True,INFJ,practicing,extrovert,18.4,50.5,True,True
u_02500,2025-01-12,2025-01,ios,AE,control,baseline,mandatory_test,False,,practicing,ambivert,66.9,53.2,False,False
u_02501,2025-03-06,2025-03,ios,MY,variant,lower_friction,test_or_skip,False,,spiritual,deep_extrovert,52.8,61.7,True,False
u_02502,2025-09-22,2025-09,android,CA,control,baseline,mandatory_test,False,,spiritual,deep_introvert,26.6,40.0,False,False
u_02503,2025-12-31,2025-12,android,UK,control,baseline,mandatory_test,True,INFJ,practicing,deep_introvert,42.9,86.8,True,True
u_02504,2025-01-12,2025-01,ios,UK,variant,lower_friction,test_or_skip,False,,practicing,extrovert,31.3,59.6,True,False
u_02505,2025-08-21,2025-08,android,SG,control,baseline,mandatory_test,True,ISTP,practicing,extrovert,34.7,37.0,False,False
u_02506,2025-10-12,2025-10,web,AE,control,baseline,mandatory_test,True,INFJ,deep_seeker,deep_extrovert,34.0,16.0,True,False
u_02507,2025-03-04,2025-03,ios,SG,variant,lower_friction,test_or_skip,False,,devoted,deep_introvert,15.0,71.3,True,False
u_02508,2025-12-05,2025-12,ios,AE,control,baseline,mandatory_test,True,ISFP,devoted,ambivert,68.8,88.7,True,True
u_02509,2025-10-28,2025-10,android,US,control,baseline,mandatory_test,False,,practicing,deep_introvert,52.4,45.6,True,True
u_02510,2025-11-25,2025-11,android,MY,variant,lower_friction,test_or_skip,False,,cultural,extrovert,22.1,39.1,False,False
u_02511,2025-07-19,2025-07,android,CA,variant,lower_friction,self_select,True,ESTP,spiritual,extrovert,70.9,23.5,True,True
u_02512,2025-09-08,2025-09,android,US,variant,lower_friction,test_or_skip,False,,practicing,extrovert,66.1,76.7,False,True
u_02513,2025-08-24,2025-08,ios,US,control,baseline,mandatory_test,True,INFP,practicing,ambivert,44.2,45.3,True,False
u_02514,2025-03-06,2025-03,android,ID,control,baseline,mandatory_test,False,,cultural,introvert,34.8,71.2,True,True
u_02515,2025-04-12,2025-04,android,US,variant,lower_friction,self_select,True,INFJ,practicing,introvert,86.6,50.4,True,True
u_02516,2025-02-28,2025-02,android,CA,variant,lower_friction,test_or_skip,False,,devoted,introvert,31.8,44.1,True,False
u_02517,2025-07-09,2025-07,android,US,control,baseline,mandatory_test,False,,devoted,extrovert,59.8,80.5,False,False
u_02518,2025-12-17,2025-12,android,SG,control,baseline,mandatory_test,False,,devoted,introvert,56.9,42.5,True,True
u_02519,2025-11-14,2025-11,android,US,variant,lower_friction,test_or_skip,False,,practicing,extrovert,50.4,69.0,False,False
u_02520,2025-05-25,2025-05,android,MY,control,baseline,mandatory_test,False,,spiritual,ambivert,40.3,71.7,True,False
u_02521,2025-09-08,2025-09,android,MY,control,baseline,mandatory_test,False,,deep_seeker,deep_extrovert,28.7,53.1,True,False
u_02522,2025-11-26,2025-11,android,ID,variant,lower_friction,self_select,True,ESTP,devoted,deep_introvert,72.5,52.4,True,True
u_02523,2025-11-09,2025-11,ios,AE,variant,lower_friction,self_select,True,ESTP,devoted,ambivert,59.4,51.8,False,False
u_02524,2025-08-02,2025-08,web,ID,variant,lower_friction,test_or_skip,False,,cultural,introvert,17.9,20.8,True,True
u_02525,2025-01-28,2025-01,ios,SG,control,baseline,mandatory_test,False,,devoted,extrovert,28.3,48.1,True,True
u_02526,2025-02-04,2025-02,android,SG,variant,lower_friction,test_or_skip,False,,spiritual,ambivert,48.9,86.5,True,True
u_02527,2025-08-20,2025-08,ios,AE,control,baseline,mandatory_test,False,,devoted,ambivert,58.7,74.2,True,False
u_02528,2025-09-01,2025-09,android,ID,control,baseline,mandatory_test,False,,practicing,ambivert,38.1,51.9,True,True
u_02529,2025-06-05,2025-06,android,US,control,baseline,mandatory_test,False,,cultural,ambivert,39.2,54.7,True,False
u_02530,2025-10-08,2025-10,ios,MY,variant,lower_friction,test_or_skip,False,,deep_seeker,ambivert,36.0,55.9,False,True
u_02531,2025-10-16,2025-10,ios,ID,variant,lower_friction,test_or_skip,False,,practicing,introvert,65.7,80.7,True,True
u_02532,2025-04-03,2025-04,android,CA,variant,lower_friction,test_or_skip,False,,devoted,extrovert,47.8,45.3,True,True
u_02533,2025-04-06,2025-04,ios,UK,variant,lower_friction,test_or_skip,False,,devoted,deep_introvert,44.9,63.0,True,False
u_02534,2025-03-26,2025-03,ios,CA,variant,lower_friction,test_or_skip,False,,cultural,extrovert,65.1,43.5,True,True
u_02535,2025-07-24,2025-07,android,UK,control,baseline,mandatory_test,False,,deep_seeker,deep_extrovert,77.6,23.6,True,True
u_02536,2025-12-30,2025-12,android,MY,variant,lower_friction,test_or_skip,False,,spiritual,extrovert,39.5,61.6,True,False
u_02537,2025-08-24,2025-08,android,SG,control,baseline,mandatory_test,True,ESTJ,practicing,ambivert,4.2,100.0,False,False
u_02538,2025-09-30,2025-09,ios,AU,variant,lower_friction,self_select,True,ENFP,practicing,extrovert,39.8,72.3,True,True
u_02539,2025-10-11,2025-10,android,MY,variant,lower_friction,test_or_skip,False,,spiritual,introvert,35.0,37.5,False,False
u_02540,2025-10-10,2025-10,android,UK,variant,lower_friction,self_select,True,ISFJ,practicing,introvert,20.3,90.8,True,False
u_02541,2025-06-14,2025-06,ios,AU,variant,lower_friction,test_or_skip,False,,practicing,introvert,86.5,69.1,True,False
u_02542,2025-05-27,2025-05,ios,US,control,baseline,mandatory_test,True,ISTP,deep_seeker,ambivert,10.0,39.4,True,True
u_02543,2025-04-29,2025-04,ios,MY,control,baseline,mandatory_test,False,,practicing,ambivert,54.2,64.2,False,False
u_02544,2025-07-20,2025-07,android,MY,control,baseline,mandatory_test,True,ENTJ,devoted,deep_extrovert,55.5,74.4,True,False
u_02545,2025-12-27,2025-12,android,MY,variant,lower_friction,test_or_skip,False,,spiritual,deep_extrovert,77.0,45.1,True,True
u_02546,2025-10-10,2025-10,ios,AE,variant,lower_friction,self_select,True,INFP,devoted,deep_extrovert,100.0,77.5,True,False
u_02547,2025-12-19,2025-12,ios,AE,control,baseline,mandatory_test,True,ISTJ,spiritual,introvert,38.4,66.6,True,True
u_02548,2025-11-23,2025-11,ios,US,variant,lower_friction,self_select,True,INTJ,practicing,extrovert,72.9,82.2,True,True
u_02549,2025-01-16,2025-01,android,UK,control,baseline,mandatory_test,False,,devoted,deep_introvert,66.5,87.5,True,True
u_02550,2025-12-22,2025-12,ios,AU,control,baseline,mandatory_test,False,,spiritual,ambivert,83.9,77.4,True,True
u_02551,2025-09-19,2025-09,ios,AE,control,baseline,mandatory_test,False,,devoted,extrovert,68.5,42.8,True,True
u_02552,2025-06-25,2025-06,ios,MY,control,baseline,mandatory_test,True,INFP,spiritual,ambivert,27.8,53.8,False,False
u_02553,2025-10-29,2025-10,android,AU,control,baseline,mandatory_test,False,,devoted,ambivert,82.5,60.5,True,False
u_02554,2025-02-14,2025-02,android,ID,variant,lower_friction,test_or_skip,False,,practicing,ambivert,52.0,82.9,True,False
u_02555,2025-01-19,2025-01,ios,AE,control,baseline,mandatory_test,True,INTJ,devoted,ambivert,49.8,45.0,False,False
u_02556,2025-04-29,2025-04,ios,UK,variant,lower_friction,self_select,True,INTJ,spiritual,introvert,57.3,76.9,True,True
u_02557,2025-04-04,2025-04,android,ID,control,baseline,mandatory_test,True,INFJ,spiritual,introvert,38.4,23.8,True,True
u_02558,2025-05-19,2025-05,android,SG,variant,lower_friction,test_or_skip,False,,practicing,ambivert,33.3,55.1,True,False
u_02559,2025-09-16,2025-09,android,US,variant,lower_friction,self_select,True,INFJ,practicing,ambivert,72.1,53.6,True,True
u_02560,2025-08-02,2025-08,ios,CA,control,baseline,mandatory_test,True,ISTP,cultural,extrovert,66.1,37.7,True,True
u_02561,2025-12-17,2025-12,android,AU,control,baseline,mandatory_test,True,ISTJ,practicing,ambivert,57.6,60.3,True,True
u_02562,2025-01-03,2025-01,android,SG,control,baseline,mandatory_test,False,,practicing,deep_introvert,71.1,35.2,True,False
u_02563,2025-07-21,2025-07,web,AE,control,baseline,mandatory_test,False,,practicing,extrovert,45.8,45.0,True,True
u_02564,2025-03-07,2025-03,android,SG,control,baseline,mandatory_test,True,ESFJ,spiritual,deep_introvert,41.1,52.5,True,False
u_02565,2025-09-30,2025-09,ios,SG,variant,lower_friction,self_select,True,ESTP,practicing,deep_extrovert,58.9,30.4,True,True
u_02566,2025-12-13,2025-12,android,US,variant,lower_friction,self_select,True,ENFJ,practicing,deep_introvert,49.4,22.7,True,False
u_02567,2025-03-29,2025-03,android,CA,control,baseline,mandatory_test,True,ISFP,deep_seeker,introvert,90.9,57.2,True,True
u_02568,2025-05-05,2025-05,android,ID,variant,lower_friction,test_or_skip,False,,devoted,deep_introvert,71.8,75.1,True,False
u_02569,2025-10-30,2025-10,android,US,control,baseline,mandatory_test,False,,devoted,extrovert,52.0,37.1,True,False
u_02570,2025-06-01,2025-06,ios,US,control,baseline,mandatory_test,False,,practicing,ambivert,47.5,53.1,True,False
u_02571,2025-08-10,2025-08,ios,AU,control,baseline,mandatory_test,False,,spiritual,deep_extrovert,35.1,55.4,True,False
u_02572,2025-11-06,2025-11,android,US,control,baseline,mandatory_test,True,ENFJ,spiritual,deep_extrovert,40.5,49.5,True,True
u_02573,2025-03-13,2025-03,android,MY,variant,lower_friction,test_or_skip,False,,spiritual,deep_introvert,72.6,55.8,True,True
u_02574,2025-11-07,2025-11,android,CA,variant,lower_friction,test_or_skip,False,,devoted,introvert,54.5,30.6,False,False
u_02575,2025-06-16,2025-06,ios,UK,variant,lower_friction,test_or_skip,False,,devoted,deep_introvert,52.4,15.1,True,False
u_02576,2025-05-20,2025-05,android,CA,control,baseline,mandatory_test,True,INTP,practicing,introvert,67.1,37.6,True,False
u_02577,2025-04-10,2025-04,android,MY,variant,lower_friction,self_select,True,ENFJ,practicing,ambivert,50.6,59.5,True,True
u_02578,2025-04-06,2025-04,android,UK,control,baseline,mandatory_test,True,ENFJ,practicing,introvert,42.2,61.2,True,False
u_02579,2025-10-20,2025-10,android,MY,control,baseline,mandatory_test,False,,practicing,introvert,33.1,88.9,True,False
u_02580,2025-08-18,2025-08,android,UK,variant,lower_friction,test_or_skip,False,,spiritual,introvert,22.0,87.3,True,True
u_02581,2025-04-20,2025-04,android,MY,variant,lower_friction,test_or_skip,False,,deep_seeker,extrovert,62.3,60.5,False,False
u_02582,2025-05-04,2025-05,web,US,control,baseline,mandatory_test,True,ISFP,practicing,ambivert,21.5,42.2,False,False
u_02583,2025-10-05,2025-10,web,AE,variant,lower_friction,test_or_skip,False,,devoted,ambivert,35.0,54.6,True,True
u_02584,2025-06-23,2025-06,android,ID,variant,lower_friction,self_select,True,ENTJ,devoted,introvert,37.9,47.5,True,False
u_02585,2025-01-31,2025-01,ios,US,control,baseline,mandatory_test,True,ISTP,spiritual,ambivert,42.6,39.8,True,False
u_02586,2025-01-21,2025-01,web,US,control,baseline,mandatory_test,False,,devoted,extrovert,61.6,74.3,True,True
u_02587,2025-10-01,2025-10,web,MY,control,baseline,mandatory_test,False,,spiritual,ambivert,44.6,71.7,True,False
u_02588,2025-05-31,2025-05,android,ID,variant,lower_friction,self_select,True,INTJ,spiritual,deep_extrovert,53.4,65.8,True,False
u_02589,2025-08-21,2025-08,ios,AU,variant,lower_friction,test_or_skip,False,,spiritual,ambivert,73.4,68.6,True,True
u_02590,2025-02-24,2025-02,ios,CA,control,baseline,mandatory_test,False,,devoted,ambivert,20.6,100.0,False,False
u_02591,2025-09-14,2025-09,ios,MY,variant,lower_friction,self_select,True,ENTJ,practicing,ambivert,67.6,64.7,True,False
u_02592,2025-09-21,2025-09,android,AE,variant,lower_friction,self_select,True,ISFJ,practicing,deep_extrovert,58.2,92.0,True,True
u_02593,2025-11-19,2025-11,android,US,variant,lower_friction,test_or_skip,False,,spiritual,ambivert,14.6,26.7,True,False
u_02594,2025-04-07,2025-04,ios,US,control,baseline,mandatory_test,True,ISFP,practicing,ambivert,38.2,53.4,True,True
u_02595,2025-09-30,2025-09,ios,MY,control,baseline,mandatory_test,False,,spiritual,introvert,42.8,61.4,True,False
u_02596,2025-07-12,2025-07,ios,SG,control,baseline,mandatory_test,False,,practicing,ambivert,63.8,83.9,True,True
u_02597,2025-01-26,2025-01,android,ID,control,baseline,mandatory_test,False,,practicing,ambivert,40.1,27.4,False,False
u_02598,2025-12-26,2025-12,ios,MY,control,baseline,mandatory_test,True,INTJ,spiritual,introvert,46.6,73.8,True,True
u_02599,2025-07-30,2025-07,android,SG,control,baseline,mandatory_test,True,ISFP,devoted,extrovert,50.7,21.7,True,True
u_02600,2025-10-30,2025-10,ios,AE,control,baseline,mandatory_test,False,,deep_seeker,deep_introvert,72.3,23.4,False,False
u_02601,2025-12-05,2025-12,ios,ID,variant,lower_friction,self_select,True,ISTP,spiritual,introvert,29.4,53.2,True,True
u_02602,2025-10-22,2025-10,android,MY,variant,lower_friction,self_select,True,ESFJ,practicing,deep_introvert,32.2,65.9,True,False
u_02603,2025-06-08,2025-06,android,CA,control,baseline,mandatory_test,False,,practicing,deep_introvert,59.2,51.8,True,True
u_02604,2025-12-27,2025-12,ios,CA,variant,lower_friction,test_or_skip,False,,devoted,extrovert,58.9,100.0,True,False
u_02605,2025-11-22,2025-11,android,UK,variant,lower_friction,test_or_skip,False,,practicing,introvert,62.3,50.5,True,False
u_02606,2025-10-13,2025-10,ios,CA,control,baseline,mandatory_test,False,,cultural,introvert,37.1,80.1,False,False
u_02607,2025-07-04,2025-07,android,AE,control,baseline,mandatory_test,True,ISFP,practicing,ambivert,64.7,63.1,False,False
u_02608,2025-11-18,2025-11,ios,AE,variant,lower_friction,test_or_skip,False,,practicing,ambivert,33.2,95.0,False,False
u_02609,2025-09-21,2025-09,ios,UK,variant,lower_friction,test_or_skip,False,,devoted,ambivert,68.0,24.1,True,True
u_02610,2025-04-24,2025-04,android,SG,variant,lower_friction,self_select,True,ENTJ,spiritual,ambivert,48.3,44.6,True,True
u_02611,2025-08-10,2025-08,ios,UK,variant,lower_friction,test_or_skip,False,,devoted,deep_introvert,71.1,42.4,False,False
u_02612,2025-02-03,2025-02,ios,AE,variant,lower_friction,test_or_skip,False,,devoted,extrovert,71.2,65.7,False,False
u_02613,2025-12-03,2025-12,android,CA,control,baseline,mandatory_test,False,,practicing,ambivert,44.1,100.0,True,True
u_02614,2025-12-14,2025-12,ios,MY,variant,lower_friction,self_select,True,ENFJ,spiritual,ambivert,55.5,49.3,True,True
u_02615,2025-12-05,2025-12,android,UK,variant,lower_friction,test_or_skip,False,,practicing,ambivert,35.6,78.3,True,False
u_02616,2025-12-23,2025-12,ios,AE,variant,lower_friction,self_select,True,ESTP,devoted,ambivert,5.1,50.3,True,True
u_02617,2025-01-25,2025-01,ios,CA,variant,lower_friction,test_or_skip,False,,practicing,deep_extrovert,60.2,50.3,True,True
u_02618,2025-08-29,2025-08,android,AU,control,baseline,mandatory_test,False,,practicing,ambivert,34.1,60.9,True,True
u_02619,2025-07-19,2025-07,ios,AU,variant,lower_friction,test_or_skip,False,,cultural,ambivert,12.1,83.1,True,False
u_02620,2025-06-24,2025-06,ios,ID,variant,lower_friction,test_or_skip,False,,devoted,extrovert,21.5,85.0,True,True
u_02621,2025-09-22,2025-09,ios,AU,control,baseline,mandatory_test,False,,spiritual,extrovert,43.4,22.0,True,False
u_02622,2025-04-27,2025-04,ios,MY,variant,lower_friction,self_select,True,INFJ,practicing,introvert,28.5,72.1,True,False
u_02623,2025-10-29,2025-10,ios,ID,variant,lower_friction,test_or_skip,False,,deep_seeker,deep_extrovert,36.2,73.4,True,False
u_02624,2025-01-26,2025-01,ios,MY,variant,lower_friction,self_select,True,INTJ,devoted,ambivert,56.9,44.5,False,False
u_02625,2025-09-10,2025-09,ios,AU,variant,lower_friction,self_select,True,ESFJ,practicing,deep_introvert,65.8,31.8,False,False
u_02626,2025-02-24,2025-02,ios,SG,variant,lower_friction,test_or_skip,False,,spiritual,extrovert,56.5,60.8,True,True
u_02627,2025-10-29,2025-10,android,MY,variant,lower_friction,self_select,True,INFJ,cultural,extrovert,55.0,86.3,True,False
u_02628,2025-07-28,2025-07,ios,AE,variant,lower_friction,self_select,True,INFP,deep_seeker,extrovert,43.3,62.9,True,True
u_02629,2025-12-24,2025-12,android,US,variant,lower_friction,self_select,True,INFJ,deep_seeker,ambivert,36.3,41.9,True,True
u_02630,2025-10-31,2025-10,android,UK,variant,lower_friction,test_or_skip,False,,devoted,ambivert,68.1,43.2,True,True
u_02631,2025-11-06,2025-11,ios,CA,variant,lower_friction,self_select,True,ENFJ,devoted,ambivert,58.6,40.3,False,False
u_02632,2025-10-01,2025-10,ios,US,control,baseline,mandatory_test,False,,spiritual,introvert,74.5,58.7,True,True
u_02633,2025-09-01,2025-09,ios,CA,control,baseline,mandatory_test,False,,practicing,ambivert,76.9,40.5,False,False
u_02634,2025-06-17,2025-06,web,US,variant,lower_friction,self_select,True,INTP,spiritual,ambivert,56.2,31.4,True,True
u_02635,2025-11-09,2025-11,ios,UK,control,baseline,mandatory_test,True,INTP,practicing,introvert,89.8,73.3,False,False
u_02636,2025-01-05,2025-01,ios,CA,variant,lower_friction,self_select,True,INTJ,practicing,extrovert,17.7,52.0,True,False
u_02637,2025-04-29,2025-04,android,ID,variant,lower_friction,self_select,True,ISTP,spiritual,extrovert,43.8,86.7,True,True
u_02638,2025-06-08,2025-06,ios,MY,control,baseline,mandatory_test,True,INFJ,practicing,ambivert,57.8,48.8,False,False
u_02639,2025-01-27,2025-01,ios,ID,variant,lower_friction,test_or_skip,False,,practicing,introvert,58.0,53.4,True,True
u_02640,2025-01-15,2025-01,android,ID,variant,lower_friction,self_select,True,ESTP,deep_seeker,ambivert,45.7,22.2,True,True
u_02641,2025-01-13,2025-01,ios,AE,variant,lower_friction,test_or_skip,False,,devoted,ambivert,53.2,76.9,True,True
u_02642,2025-10-08,2025-10,android,ID,variant,lower_friction,test_or_skip,False,,practicing,ambivert,12.0,57.3,True,True
u_02643,2025-11-24,2025-11,android,ID,control,baseline,mandatory_test,False,,practicing,ambivert,49.4,92.7,True,True
u_02644,2025-09-11,2025-09,android,ID,control,baseline,mandatory_test,True,ESTP,practicing,ambivert,45.6,44.4,True,True
u_02645,2025-08-12,2025-08,android,UK,variant,lower_friction,self_select,True,ESTJ,practicing,deep_introvert,33.0,57.8,False,False
u_02646,2025-05-21,2025-05,android,ID,variant,lower_friction,test_or_skip,False,,deep_seeker,extrovert,64.9,34.1,True,False
u_02647,2025-11-12,2025-11,ios,SG,control,baseline,mandatory_test,True,ENFJ,practicing,extrovert,53.5,68.4,True,False
u_02648,2025-10-11,2025-10,ios,US,control,baseline,mandatory_test,False,,spiritual,introvert,48.0,80.2,False,False
u_02649,2025-04-16,2025-04,ios,UK,control,baseline,mandatory_test,True,ENTP,practicing,ambivert,49.8,60.1,False,True
u_02650,2025-04-15,2025-04,ios,MY,variant,lower_friction,test_or_skip,False,,practicing,ambivert,60.4,54.7,False,False
u_02651,2025-09-01,2025-09,ios,SG,control,baseline,mandatory_test,True,ISTP,practicing,deep_extrovert,43.8,43.9,False,False
u_02652,2025-12-29,2025-12,ios,AE,control,baseline,mandatory_test,False,,practicing,extrovert,14.9,67.2,False,False
u_02653,2025-04-08,2025-04,ios,MY,control,baseline,mandatory_test,True,ESTJ,practicing,introvert,26.9,72.2,True,True
u_02654,2025-03-31,2025-03,web,UK,variant,lower_friction,self_select,True,INTJ,practicing,ambivert,43.8,28.8,True,True
u_02655,2025-05-06,2025-05,android,US,control,baseline,mandatory_test,False,,devoted,ambivert,16.7,57.6,False,False
u_02656,2025-09-18,2025-09,web,UK,control,baseline,mandatory_test,False,,practicing,ambivert,74.4,18.7,True,True
u_02657,2025-05-13,2025-05,ios,MY,variant,lower_friction,self_select,True,ESTP,practicing,introvert,71.0,56.6,True,True
u_02658,2025-10-31,2025-10,android,ID,variant,lower_friction,test_or_skip,False,,practicing,ambivert,39.5,48.9,True,True
u_02659,2025-08-10,2025-08,ios,AU,control,baseline,mandatory_test,False,,cultural,ambivert,81.6,56.6,True,False
u_02660,2025-12-02,2025-12,ios,UK,variant,lower_friction,self_select,True,ENTP,deep_seeker,introvert,56.0,38.4,True,True
u_02661,2025-09-21,2025-09,ios,UK,control,baseline,mandatory_test,False,,spiritual,extrovert,33.5,91.3,False,False
u_02662,2025-02-28,2025-02,ios,US,control,baseline,mandatory_test,True,ISFJ,practicing,ambivert,61.7,65.7,True,True
u_02663,2025-02-09,2025-02,android,US,control,baseline,mandatory_test,False,,deep_seeker,ambivert,75.7,25.9,False,False
u_02664,2025-01-30,2025-01,ios,AE,control,baseline,mandatory_test,False,,devoted,extrovert,25.6,70.1,True,True
u_02665,2025-01-02,2025-01,ios,UK,variant,lower_friction,self_select,True,INFJ,devoted,deep_introvert,78.9,58.2,True,True
u_02666,2025-04-07,2025-04,ios,US,control,baseline,mandatory_test,False,,practicing,ambivert,76.6,97.1,True,False
u_02667,2025-12-20,2025-12,ios,AE,control,baseline,mandatory_test,False,,deep_seeker,introvert,76.5,39.0,False,False
u_02668,2025-12-01,2025-12,android,ID,variant,lower_friction,test_or_skip,False,,spiritual,extrovert,55.0,63.3,True,False
u_02669,2025-05-13,2025-05,ios,US,control,baseline,mandatory_test,False,,deep_seeker,extrovert,59.5,76.8,True,True
u_02670,2025-07-07,2025-07,web,SG,control,baseline,mandatory_test,True,ISTP,practicing,ambivert,44.9,80.1,True,False
u_02671,2025-06-30,2025-06,ios,ID,control,baseline,mandatory_test,True,ENTP,spiritual,deep_extrovert,18.0,65.9,True,False
u_02672,2025-02-27,2025-02,ios,UK,variant,lower_friction,test_or_skip,False,,devoted,ambivert,30.2,51.1,True,False
u_02673,2025-11-01,2025-11,ios,MY,control,baseline,mandatory_test,False,,spiritual,introvert,79.7,41.2,True,True
u_02674,2025-10-31,2025-10,ios,UK,control,baseline,mandatory_test,False,,practicing,ambivert,69.4,29.3,True,True
u_02675,2025-11-02,2025-11,android,US,variant,lower_friction,self_select,True,ESTP,practicing,ambivert,61.4,58.7,True,True
u_02676,2025-04-30,2025-04,ios,CA,control,baseline,mandatory_test,False,,cultural,deep_extrovert,41.4,48.9,True,True
u_02677,2025-03-04,2025-03,ios,SG,control,baseline,mandatory_test,False,,practicing,extrovert,56.0,30.1,False,False
u_02678,2025-10-14,2025-10,android,AE,control,baseline,mandatory_test,False,,spiritual,deep_extrovert,28.1,69.5,False,False
u_02679,2025-05-05,2025-05,web,UK,variant,lower_friction,test_or_skip,False,,spiritual,extrovert,72.2,61.7,False,False
u_02680,2025-03-03,2025-03,ios,US,variant,lower_friction,test_or_skip,False,,spiritual,deep_introvert,50.1,56.2,False,False
u_02681,2025-04-01,2025-04,android,US,control,baseline,mandatory_test,True,ESFJ,devoted,deep_introvert,52.4,52.6,True,True
u_02682,2025-04-13,2025-04,web,ID,variant,lower_friction,self_select,True,INFJ,spiritual,ambivert,63.8,54.2,True,True
u_02683,2025-09-27,2025-09,ios,ID,control,baseline,mandatory_test,False,,devoted,deep_introvert,41.9,67.9,True,True
u_02684,2025-11-08,2025-11,ios,ID,control,baseline,mandatory_test,True,INTP,devoted,ambivert,46.2,46.0,True,True
u_02685,2025-05-11,2025-05,ios,ID,variant,lower_friction,test_or_skip,False,,cultural,ambivert,30.0,83.6,True,True
u_02686,2025-06-06,2025-06,android,MY,variant,lower_friction,self_select,True,INTJ,devoted,ambivert,53.3,63.1,True,True
u_02687,2025-02-03,2025-02,ios,UK,variant,lower_friction,self_select,True,INTJ,devoted,deep_introvert,78.2,49.2,True,True
u_02688,2025-07-21,2025-07,android,UK,control,baseline,mandatory_test,False,,spiritual,extrovert,48.1,43.8,False,False
u_02689,2025-08-04,2025-08,ios,SG,variant,lower_friction,test_or_skip,False,,practicing,extrovert,40.5,51.2,True,True
u_02690,2025-05-16,2025-05,ios,AE,variant,lower_friction,test_or_skip,False,,practicing,introvert,53.7,57.1,True,True
u_02691,2025-12-07,2025-12,web,MY,variant,lower_friction,self_select,True,INFJ,spiritual,ambivert,47.6,65.9,True,True
u_02692,2025-07-29,2025-07,android,CA,control,baseline,mandatory_test,False,,practicing,deep_extrovert,47.7,23.3,True,False
u_02693,2025-02-19,2025-02,web,UK,variant,lower_friction,test_or_skip,False,,cultural,ambivert,32.9,100.0,True,True
u_02694,2025-01-22,2025-01,web,MY,variant,lower_friction,self_select,True,ESTJ,devoted,deep_introvert,57.3,69.1,True,True
u_02695,2025-07-23,2025-07,android,US,control,baseline,mandatory_test,True,ESFP,spiritual,extrovert,47.3,85.5,True,False
u_02696,2025-05-10,2025-05,ios,ID,control,baseline,mandatory_test,True,ENTJ,cultural,extrovert,31.7,68.5,False,False
u_02697,2025-09-23,2025-09,web,AE,variant,lower_friction,self_select,True,INFP,practicing,ambivert,56.8,57.3,True,False
u_02698,2025-02-02,2025-02,web,SG,variant,lower_friction,self_select,True,ENTP,spiritual,introvert,34.5,53.8,True,True
u_02699,2025-09-05,2025-09,ios,AE,variant,lower_friction,self_select,True,ISTJ,cultural,introvert,49.9,43.5,True,True
u_02700,2025-11-06,2025-11,ios,MY,control,baseline,mandatory_test,False,,devoted,extrovert,47.8,26.5,False,False
u_02701,2025-07-04,2025-07,ios,AE,control,baseline,mandatory_test,False,,spiritual,extrovert,59.3,43.5,True,True
u_02702,2025-12-14,2025-12,ios,US,control,baseline,mandatory_test,False,,cultural,ambivert,33.7,59.8,False,False
u_02703,2025-04-28,2025-04,android,ID,control,baseline,mandatory_test,True,ISTP,practicing,extrovert,33.3,67.3,False,False
u_02704,2025-08-15,2025-08,ios,AU,variant,lower_friction,test_or_skip,False,,cultural,extrovert,45.9,76.2,True,True
u_02705,2025-09-06,2025-09,ios,MY,variant,lower_friction,self_select,True,ENFP,devoted,ambivert,75.1,60.5,True,False
u_02706,2025-10-09,2025-10,ios,US,variant,lower_friction,self_select,True,ESTJ,deep_seeker,ambivert,44.1,44.3,False,False
u_02707,2025-10-11,2025-10,android,UK,variant,lower_friction,self_select,True,ENTP,devoted,deep_extrovert,71.9,64.7,True,True
u_02708,2025-04-08,2025-04,ios,UK,variant,lower_friction,test_or_skip,False,,spiritual,extrovert,69.9,40.0,True,False
u_02709,2025-08-05,2025-08,ios,SG,variant,lower_friction,self_select,True,ISTJ,practicing,deep_extrovert,69.6,38.9,True,True
u_02710,2025-12-02,2025-12,ios,ID,control,baseline,mandatory_test,True,INFP,practicing,deep_extrovert,66.3,33.7,True,True
u_02711,2025-06-08,2025-06,android,US,variant,lower_friction,self_select,True,ENTJ,cultural,extrovert,50.1,70.3,True,False
u_02712,2025-07-27,2025-07,ios,ID,control,baseline,mandatory_test,False,,spiritual,introvert,57.9,54.7,True,True
u_02713,2025-12-11,2025-12,ios,SG,control,baseline,mandatory_test,False,,devoted,ambivert,44.3,82.9,True,False
u_02714,2025-12-27,2025-12,android,SG,control,baseline,mandatory_test,True,ESFJ,devoted,ambivert,44.1,69.8,True,False
u_02715,2025-01-27,2025-01,ios,AE,control,baseline,mandatory_test,False,,devoted,ambivert,50.9,59.7,False,False
u_02716,2025-11-26,2025-11,ios,AE,variant,lower_friction,self_select,True,INFP,practicing,extrovert,59.2,80.6,True,True
u_02717,2025-06-30,2025-06,ios,UK,control,baseline,mandatory_test,False,,practicing,introvert,32.6,59.4,True,True
u_02718,2025-05-21,2025-05,android,AU,variant,lower_friction,test_or_skip,False,,deep_seeker,ambivert,61.7,82.3,True,True
u_02719,2025-06-07,2025-06,ios,ID,variant,lower_friction,self_select,True,ENTP,practicing,extrovert,66.6,16.8,False,False
u_02720,2025-02-17,2025-02,ios,AE,variant,lower_friction,test_or_skip,False,,devoted,ambivert,44.8,56.0,True,True
u_02721,2025-09-06,2025-09,ios,MY,control,baseline,mandatory_test,False,,practicing,extrovert,32.2,55.6,True,True
u_02722,2025-02-14,2025-02,ios,ID,variant,lower_friction,self_select,True,ISFJ,devoted,extrovert,12.7,83.9,True,False
u_02723,2025-11-15,2025-11,ios,ID,variant,lower_friction,self_select,True,ISFJ,practicing,extrovert,77.8,53.1,False,False
u_02724,2025-11-13,2025-11,android,ID,variant,lower_friction,self_select,True,ISTP,practicing,introvert,57.3,16.2,True,True
u_02725,2025-10-12,2025-10,android,CA,variant,lower_friction,test_or_skip,False,,practicing,ambivert,49.1,95.5,True,True
u_02726,2025-04-14,2025-04,ios,CA,control,baseline,mandatory_test,True,ENFP,devoted,introvert,59.5,38.6,True,True
u_02727,2025-11-14,2025-11,ios,ID,variant,lower_friction,test_or_skip,False,,cultural,ambivert,55.3,48.2,True,False
u_02728,2025-07-24,2025-07,android,MY,control,baseline,mandatory_test,False,,practicing,ambivert,48.7,84.4,True,True
u_02729,2025-11-21,2025-11,android,MY,variant,lower_friction,self_select,True,ENTJ,practicing,deep_introvert,81.4,68.6,True,True
u_02730,2025-09-20,2025-09,ios,US,control,baseline,mandatory_test,True,ENTP,devoted,deep_introvert,57.1,100.0,True,False
u_02731,2025-12-14,2025-12,ios,ID,control,baseline,mandatory_test,False,,cultural,introvert,19.1,61.3,True,False
u_02732,2025-09-06,2025-09,android,AE,control,baseline,mandatory_test,False,,practicing,introvert,88.3,58.2,True,True
u_02733,2025-07-30,2025-07,ios,US,variant,lower_friction,test_or_skip,False,,spiritual,ambivert,44.8,45.8,True,True
u_02734,2025-10-16,2025-10,ios,UK,control,baseline,mandatory_test,True,INFP,spiritual,introvert,48.3,68.5,False,False
u_02735,2025-01-03,2025-01,android,US,control,baseline,mandatory_test,False,,practicing,ambivert,48.3,71.8,False,False
u_02736,2025-01-03,2025-01,web,AU,variant,lower_friction,test_or_skip,False,,practicing,deep_introvert,55.3,85.6,True,True
u_02737,2025-06-06,2025-06,android,AE,control,baseline,mandatory_test,False,,devoted,ambivert,55.7,79.7,True,False
u_02738,2025-04-06,2025-04,ios,SG,variant,lower_friction,self_select,True,INFJ,devoted,introvert,71.5,63.7,True,True
u_02739,2025-09-01,2025-09,ios,AU,variant,lower_friction,test_or_skip,False,,practicing,introvert,32.4,45.7,False,False
u_02740,2025-06-13,2025-06,ios,US,variant,lower_friction,test_or_skip,False,,practicing,ambivert,69.3,51.9,False,False
u_02741,2025-04-19,2025-04,web,UK,control,baseline,mandatory_test,True,ENTJ,practicing,ambivert,29.7,54.9,False,False
u_02742,2025-02-05,2025-02,android,MY,control,baseline,mandatory_test,False,,practicing,ambivert,27.7,60.1,True,True
u_02743,2025-03-27,2025-03,ios,SG,variant,lower_friction,test_or_skip,False,,cultural,deep_extrovert,63.4,52.3,True,True
u_02744,2025-09-15,2025-09,android,UK,control,baseline,mandatory_test,False,,practicing,deep_introvert,28.3,61.6,True,False
u_02745,2025-11-30,2025-11,android,ID,variant,lower_friction,test_or_skip,False,,practicing,extrovert,65.0,60.2,False,False
u_02746,2025-06-06,2025-06,ios,CA,control,baseline,mandatory_test,False,,spiritual,introvert,57.9,63.7,True,False
u_02747,2025-09-05,2025-09,web,SG,control,baseline,mandatory_test,False,,practicing,ambivert,82.6,61.2,True,False
u_02748,2025-11-23,2025-11,web,US,variant,lower_friction,test_or_skip,False,,practicing,ambivert,70.0,76.9,True,False
u_02749,2025-02-05,2025-02,ios,ID,control,baseline,mandatory_test,False,,devoted,ambivert,66.6,92.6,True,True
u_02750,2025-04-23,2025-04,android,US,control,baseline,mandatory_test,True,ESTP,devoted,ambivert,54.0,77.0,True,True
u_02751,2025-09-13,2025-09,web,US,control,baseline,mandatory_test,False,,spiritual,ambivert,54.6,48.2,True,False
u_02752,2025-10-25,2025-10,ios,SG,control,baseline,mandatory_test,False,,spiritual,introvert,37.4,61.2,True,True
u_02753,2025-06-16,2025-06,ios,ID,variant,lower_friction,test_or_skip,False,,devoted,introvert,50.6,44.0,True,True
u_02754,2025-04-13,2025-04,android,AU,control,baseline,mandatory_test,False,,practicing,extrovert,59.5,73.0,True,False
u_02755,2025-08-09,2025-08,android,UK,variant,lower_friction,self_select,True,ISTP,spiritual,ambivert,12.7,85.9,True,True
u_02756,2025-12-29,2025-12,web,US,variant,lower_friction,self_select,True,ISFJ,devoted,ambivert,49.7,47.3,True,True
u_02757,2025-02-17,2025-02,android,US,control,baseline,mandatory_test,True,ESTJ,devoted,deep_extrovert,52.5,59.4,True,True
u_02758,2025-10-01,2025-10,android,ID,variant,lower_friction,self_select,True,INFP,practicing,extrovert,72.3,84.0,False,False
u_02759,2025-01-27,2025-01,ios,AE,variant,lower_friction,self_select,True,INTJ,devoted,introvert,50.9,87.3,True,True
u_02760,2025-10-01,2025-10,ios,AE,control,baseline,mandatory_test,True,INFJ,spiritual,introvert,23.6,50.1,True,True
u_02761,2025-06-30,2025-06,ios,UK,variant,lower_friction,self_select,True,ESTP,devoted,extrovert,67.4,26.5,True,True
u_02762,2025-08-25,2025-08,android,MY,variant,lower_friction,self_select,True,INTJ,practicing,introvert,47.1,41.9,False,False
u_02763,2025-02-22,2025-02,ios,MY,variant,lower_friction,test_or_skip,False,,practicing,introvert,100.0,27.8,True,True
u_02764,2025-05-15,2025-05,ios,MY,variant,lower_friction,self_select,True,ENFJ,spiritual,introvert,64.7,69.9,True,True
u_02765,2025-01-08,2025-01,web,US,variant,lower_friction,test_or_skip,False,,devoted,ambivert,100.0,44.4,True,False
u_02766,2025-04-08,2025-04,web,AE,variant,lower_friction,self_select,True,INTP,spiritual,extrovert,39.1,51.1,True,False
u_02767,2025-04-26,2025-04,web,AE,variant,lower_friction,test_or_skip,False,,spiritual,introvert,67.6,90.0,False,False
u_02768,2025-05-11,2025-05,android,CA,variant,lower_friction,test_or_skip,False,,practicing,extrovert,80.8,91.3,True,False
u_02769,2025-06-25,2025-06,android,UK,variant,lower_friction,test_or_skip,False,,spiritual,extrovert,66.9,15.1,False,False
u_02770,2025-07-27,2025-07,web,CA,variant,lower_friction,test_or_skip,False,,deep_seeker,introvert,41.8,72.1,True,False
u_02771,2025-08-25,2025-08,android,MY,control,baseline,mandatory_test,False,,devoted,deep_extrovert,33.0,94.0,True,False
u_02772,2025-04-22,2025-04,web,US,variant,lower_friction,test_or_skip,False,,devoted,extrovert,52.8,46.7,True,False
u_02773,2025-02-01,2025-02,android,US,control,baseline,mandatory_test,False,,devoted,ambivert,59.7,97.2,True,True
u_02774,2025-02-11,2025-02,android,SG,variant,lower_friction,test_or_skip,False,,practicing,ambivert,13.9,93.4,False,False
u_02775,2025-12-10,2025-12,android,AU,variant,lower_friction,self_select,True,INTJ,devoted,ambivert,49.2,54.0,True,False
u_02776,2025-05-24,2025-05,ios,ID,variant,lower_friction,test_or_skip,False,,devoted,extrovert,57.2,66.8,False,False
u_02777,2025-07-20,2025-07,web,US,control,baseline,mandatory_test,False,,spiritual,ambivert,29.1,57.4,True,True
u_02778,2025-01-05,2025-01,ios,AE,variant,lower_friction,self_select,True,ISFJ,practicing,deep_introvert,61.3,24.7,True,True
u_02779,2025-08-24,2025-08,ios,SG,variant,lower_friction,test_or_skip,False,,deep_seeker,ambivert,34.8,81.2,False,False
u_02780,2025-01-17,2025-01,ios,US,control,baseline,mandatory_test,True,ENTJ,devoted,extrovert,61.8,44.2,True,False
u_02781,2025-02-09,2025-02,ios,MY,variant,lower_friction,test_or_skip,False,,deep_seeker,ambivert,44.0,41.6,True,True
u_02782,2025-01-06,2025-01,android,ID,variant,lower_friction,test_or_skip,False,,devoted,ambivert,34.9,33.9,True,False
u_02783,2025-01-21,2025-01,ios,US,variant,lower_friction,self_select,True,INFP,devoted,ambivert,34.5,67.9,True,False
u_02784,2025-02-19,2025-02,ios,ID,variant,lower_friction,self_select,True,ISFJ,practicing,deep_extrovert,35.9,70.6,True,False
u_02785,2025-07-31,2025-07,android,US,variant,lower_friction,self_select,True,ISTP,spiritual,ambivert,68.6,94.5,True,True
u_02786,2025-12-03,2025-12,ios,AE,variant,lower_friction,self_select,True,ENTP,practicing,deep_extrovert,73.9,38.2,True,True
u_02787,2025-04-27,2025-04,ios,MY,control,baseline,mandatory_test,True,ENFP,practicing,deep_extrovert,31.5,79.1,True,False
u_02788,2025-12-21,2025-12,ios,ID,control,baseline,mandatory_test,False,,practicing,ambivert,64.3,83.4,False,False
u_02789,2025-04-18,2025-04,ios,ID,variant,lower_friction,test_or_skip,False,,cultural,deep_extrovert,52.5,100.0,True,False
u_02790,2025-11-17,2025-11,ios,US,control,baseline,mandatory_test,False,,practicing,ambivert,41.5,40.9,False,False
u_02791,2025-10-21,2025-10,ios,ID,control,baseline,mandatory_test,False,,practicing,ambivert,22.6,58.6,True,False
u_02792,2025-09-26,2025-09,web,UK,control,baseline,mandatory_test,False,,practicing,deep_extrovert,57.6,66.1,False,False
u_02793,2025-08-14,2025-08,android,UK,control,baseline,mandatory_test,False,,devoted,introvert,55.3,68.6,False,False
u_02794,2025-04-28,2025-04,android,ID,variant,lower_friction,self_select,True,ISFP,spiritual,deep_introvert,27.9,29.6,True,True
u_02795,2025-05-24,2025-05,android,UK,control,baseline,mandatory_test,False,,practicing,ambivert,84.2,38.3,True,False
u_02796,2025-10-26,2025-10,ios,US,control,baseline,mandatory_test,True,ENFP,devoted,extrovert,60.6,76.4,True,True
u_02797,2025-11-05,2025-11,android,MY,variant,lower_friction,self_select,True,ISFP,practicing,extrovert,76.8,52.6,True,False
u_02798,2025-03-30,2025-03,ios,AE,variant,lower_friction,self_select,True,ESFP,cultural,introvert,46.4,44.1,False,False
u_02799,2025-09-25,2025-09,ios,US,control,baseline,mandatory_test,False,,cultural,extrovert,28.6,69.4,True,False
u_02800,2025-07-09,2025-07,ios,CA,control,baseline,mandatory_test,False,,spiritual,extrovert,27.0,92.8,False,False
u_02801,2025-06-25,2025-06,android,MY,variant,lower_friction,test_or_skip,False,,spiritual,extrovert,46.1,73.6,True,True
u_02802,2025-02-21,2025-02,ios,UK,variant,lower_friction,self_select,True,INTP,spiritual,extrovert,54.1,42.8,True,False
u_02803,2025-01-14,2025-01,ios,AU,control,baseline,mandatory_test,True,ISTP,practicing,introvert,54.1,51.8,True,True
u_02804,2025-02-22,2025-02,android,MY,variant,lower_friction,self_select,True,ESTJ,deep_seeker,introvert,23.1,45.7,True,True
u_02805,2025-01-29,2025-01,ios,MY,control,baseline,mandatory_test,True,ESTP,practicing,extrovert,14.7,34.8,True,False
u_02806,2025-11-22,2025-11,android,ID,control,baseline,mandatory_test,False,,cultural,introvert,28.8,37.3,False,False
u_02807,2025-02-12,2025-02,ios,UK,control,baseline,mandatory_test,False,,practicing,extrovert,63.6,52.7,False,False
u_02808,2025-09-20,2025-09,ios,SG,control,baseline,mandatory_test,False,,practicing,ambivert,47.5,48.1,True,False
u_02809,2025-08-15,2025-08,ios,AE,control,baseline,mandatory_test,False,,practicing,ambivert,56.1,37.7,True,False
u_02810,2025-05-29,2025-05,android,SG,control,baseline,mandatory_test,True,ESTP,cultural,extrovert,64.9,55.2,False,False
u_02811,2025-07-09,2025-07,android,AE,control,baseline,mandatory_test,True,ESFP,spiritual,introvert,45.6,81.1,False,False
u_02812,2025-03-30,2025-03,ios,US,variant,lower_friction,self_select,True,INTP,deep_seeker,ambivert,31.5,37.4,True,True
u_02813,2025-05-11,2025-05,ios,ID,control,baseline,mandatory_test,False,,practicing,ambivert,72.8,42.0,False,False
u_02814,2025-07-05,2025-07,ios,MY,control,baseline,mandatory_test,False,,practicing,extrovert,37.2,34.8,True,False
u_02815,2025-08-30,2025-08,ios,ID,control,baseline,mandatory_test,True,ENTP,practicing,ambivert,62.9,49.7,True,True
u_02816,2025-09-13,2025-09,android,MY,variant,lower_friction,self_select,True,INFP,spiritual,ambivert,52.2,20.4,True,False
u_02817,2025-06-03,2025-06,ios,MY,variant,lower_friction,self_select,True,ISFJ,devoted,ambivert,45.1,45.2,True,True
u_02818,2025-09-15,2025-09,ios,ID,variant,lower_friction,test_or_skip,False,,devoted,ambivert,67.9,35.0,True,False
u_02819,2025-07-20,2025-07,ios,ID,variant,lower_friction,test_or_skip,False,,devoted,extrovert,34.4,49.5,False,False
u_02820,2025-12-31,2025-12,android,AE,variant,lower_friction,self_select,True,INTJ,practicing,introvert,39.6,51.3,True,True
u_02821,2025-09-03,2025-09,android,ID,control,baseline,mandatory_test,False,,deep_seeker,ambivert,69.1,44.4,True,False
u_02822,2025-08-08,2025-08,android,CA,variant,lower_friction,self_select,True,ISFP,spiritual,deep_introvert,33.9,80.4,True,True
u_02823,2025-06-18,2025-06,android,SG,control,baseline,mandatory_test,False,,practicing,ambivert,43.3,54.2,True,True
u_02824,2025-11-20,2025-11,ios,MY,variant,lower_friction,self_select,True,INTP,devoted,introvert,77.8,18.1,True,False
u_02825,2025-08-23,2025-08,android,UK,control,baseline,mandatory_test,False,,devoted,introvert,28.7,42.9,True,False
u_02826,2025-06-07,2025-06,ios,AU,variant,lower_friction,self_select,True,ESFJ,spiritual,ambivert,7.0,32.3,True,True
u_02827,2025-05-10,2025-05,ios,MY,variant,lower_friction,test_or_skip,False,,devoted,ambivert,69.1,92.1,True,True
u_02828,2025-12-15,2025-12,ios,ID,variant,lower_friction,test_or_skip,False,,spiritual,deep_introvert,45.5,57.6,False,False
u_02829,2025-11-10,2025-11,ios,UK,variant,lower_friction,test_or_skip,False,,spiritual,introvert,74.1,55.4,True,False
u_02830,2025-11-05,2025-11,ios,SG,control,baseline,mandatory_test,True,INFP,spiritual,ambivert,29.6,52.8,False,False
u_02831,2025-09-24,2025-09,ios,MY,control,baseline,mandatory_test,False,,devoted,ambivert,86.8,51.7,True,False
u_02832,2025-10-01,2025-10,ios,US,variant,lower_friction,self_select,True,INTP,practicing,extrovert,49.4,52.2,True,True
u_02833,2025-01-16,2025-01,android,ID,variant,lower_friction,test_or_skip,False,,cultural,introvert,53.4,63.8,True,True
u_02834,2025-05-25,2025-05,web,MY,control,baseline,mandatory_test,False,,devoted,ambivert,17.7,61.7,True,True
u_02835,2025-01-03,2025-01,ios,MY,control,baseline,mandatory_test,True,INFP,devoted,introvert,67.2,56.3,True,False
u_02836,2025-06-04,2025-06,android,MY,variant,lower_friction,self_select,True,ENFJ,practicing,deep_introvert,38.2,66.0,False,False
u_02837,2025-01-22,2025-01,ios,MY,control,baseline,mandatory_test,False,,spiritual,deep_extrovert,47.1,66.9,False,False
u_02838,2025-07-19,2025-07,android,AE,control,baseline,mandatory_test,True,ESFP,practicing,extrovert,28.3,21.2,True,True
u_02839,2025-06-25,2025-06,android,UK,variant,lower_friction,self_select,True,ESTJ,cultural,ambivert,55.7,52.4,False,False
u_02840,2025-09-24,2025-09,android,CA,variant,lower_friction,self_select,True,INTP,devoted,extrovert,47.0,58.5,True,True
u_02841,2025-03-06,2025-03,ios,CA,control,baseline,mandatory_test,True,INFP,devoted,ambivert,48.1,40.3,False,False
u_02842,2025-06-18,2025-06,ios,ID,control,baseline,mandatory_test,False,,practicing,introvert,59.0,38.8,True,True
u_02843,2025-04-23,2025-04,android,UK,control,baseline,mandatory_test,False,,spiritual,ambivert,53.4,58.0,True,False
u_02844,2025-09-09,2025-09,android,SG,variant,lower_friction,test_or_skip,False,,practicing,ambivert,68.3,78.9,True,True
u_02845,2025-05-30,2025-05,android,AE,control,baseline,mandatory_test,False,,practicing,ambivert,25.3,53.8,True,True
u_02846,2025-01-13,2025-01,android,MY,control,baseline,mandatory_test,False,,cultural,extrovert,49.0,37.1,True,False
u_02847,2025-06-30,2025-06,ios,CA,control,baseline,mandatory_test,True,INFJ,cultural,introvert,46.9,95.6,True,False
u_02848,2025-06-23,2025-06,android,SG,control,baseline,mandatory_test,True,ENFJ,cultural,extrovert,56.4,100.0,False,False
u_02849,2025-09-03,2025-09,android,CA,control,baseline,mandatory_test,False,,cultural,extrovert,43.3,79.7,True,False
u_02850,2025-03-07,2025-03,ios,US,variant,lower_friction,self_select,True,INFJ,deep_seeker,deep_extrovert,31.8,52.9,True,False
u_02851,2025-12-07,2025-12,ios,AU,control,baseline,mandatory_test,False,,devoted,introvert,19.5,93.2,False,False
u_02852,2025-06-19,2025-06,android,AE,variant,lower_friction,self_select,True,ESTP,practicing,extrovert,22.6,47.3,True,False
u_02853,2025-09-23,2025-09,android,CA,variant,lower_friction,test_or_skip,False,,spiritual,introvert,33.2,42.6,True,False
u_02854,2025-07-20,2025-07,android,UK,variant,lower_friction,self_select,True,ESTP,devoted,ambivert,39.1,48.7,True,True
u_02855,2025-03-15,2025-03,android,MY,control,baseline,mandatory_test,False,,deep_seeker,deep_extrovert,37.0,40.0,True,True
u_02856,2025-03-14,2025-03,android,UK,control,baseline,mandatory_test,False,,practicing,extrovert,21.2,38.2,True,True
u_02857,2025-01-17,2025-01,web,US,control,baseline,mandatory_test,True,ESFJ,devoted,introvert,59.1,53.1,True,False
u_02858,2025-08-11,2025-08,ios,UK,variant,lower_friction,self_select,True,ENFP,devoted,ambivert,48.4,52.7,True,True
u_02859,2025-07-01,2025-07,android,AE,variant,lower_friction,test_or_skip,False,,devoted,deep_introvert,58.0,85.6,True,False
u_02860,2025-08-29,2025-08,android,UK,variant,lower_friction,self_select,True,ISFJ,spiritual,extrovert,29.7,61.3,True,False
u_02861,2025-08-12,2025-08,ios,MY,control,baseline,mandatory_test,False,,practicing,ambivert,34.2,54.9,True,True
u_02862,2025-05-13,2025-05,android,ID,variant,lower_friction,self_select,True,ENFJ,devoted,deep_extrovert,52.7,41.4,False,False
u_02863,2025-10-25,2025-10,ios,MY,variant,lower_friction,self_select,True,INTP,deep_seeker,deep_introvert,45.5,19.7,True,False
u_02864,2025-12-11,2025-12,android,MY,control,baseline,mandatory_test,False,,spiritual,ambivert,41.5,20.8,False,False
u_02865,2025-02-03,2025-02,android,MY,control,baseline,mandatory_test,False,,devoted,extrovert,74.0,68.3,True,True
u_02866,2025-03-25,2025-03,web,UK,control,baseline,mandatory_test,False,,practicing,ambivert,33.7,48.0,False,False
u_02867,2025-06-22,2025-06,ios,ID,control,baseline,mandatory_test,True,ESFP,deep_seeker,deep_extrovert,58.3,73.8,True,True
u_02868,2025-08-31,2025-08,web,AE,control,baseline,mandatory_test,True,ISFJ,devoted,introvert,53.6,57.0,True,True
u_02869,2025-07-26,2025-07,android,US,control,baseline,mandatory_test,True,ENTJ,practicing,ambivert,53.7,57.3,True,True
u_02870,2025-03-01,2025-03,ios,AU,variant,lower_friction,test_or_skip,False,,deep_seeker,extrovert,44.1,30.9,True,True
u_02871,2025-06-14,2025-06,android,ID,control,baseline,mandatory_test,False,,devoted,ambivert,12.3,37.1,True,False
u_02872,2025-11-27,2025-11,android,MY,variant,lower_friction,test_or_skip,False,,devoted,introvert,73.8,75.8,True,True
u_02873,2025-12-02,2025-12,ios,CA,variant,lower_friction,self_select,True,ENTP,practicing,extrovert,56.5,60.9,True,True
u_02874,2025-12-13,2025-12,android,AE,variant,lower_friction,self_select,True,ISFJ,spiritual,deep_introvert,26.4,65.3,True,False
u_02875,2025-01-24,2025-01,android,US,variant,lower_friction,test_or_skip,False,,spiritual,ambivert,64.6,80.1,True,True
u_02876,2025-08-29,2025-08,android,AU,control,baseline,mandatory_test,True,ENFJ,spiritual,extrovert,69.0,67.4,True,True
u_02877,2025-05-21,2025-05,android,AE,variant,lower_friction,test_or_skip,False,,practicing,deep_introvert,69.0,44.9,True,True
u_02878,2025-07-27,2025-07,android,SG,variant,lower_friction,test_or_skip,False,,practicing,extrovert,74.0,60.5,False,True
u_02879,2025-02-12,2025-02,ios,CA,control,baseline,mandatory_test,False,,cultural,ambivert,27.4,84.6,False,False
u_02880,2025-11-21,2025-11,ios,US,control,baseline,mandatory_test,False,,devoted,deep_extrovert,50.0,82.8,True,True
u_02881,2025-08-27,2025-08,ios,CA,variant,lower_friction,test_or_skip,False,,devoted,deep_extrovert,25.7,60.3,True,True
u_02882,2025-08-06,2025-08,android,CA,control,baseline,mandatory_test,False,,practicing,ambivert,79.1,55.0,True,False
u_02883,2025-04-02,2025-04,web,AU,variant,lower_friction,self_select,True,INTJ,cultural,introvert,29.2,44.7,True,True
u_02884,2025-01-25,2025-01,ios,ID,control,baseline,mandatory_test,False,,spiritual,ambivert,44.9,57.1,True,False
u_02885,2025-05-18,2025-05,android,ID,control,baseline,mandatory_test,True,ESFP,practicing,deep_extrovert,47.1,42.4,True,True
u_02886,2025-02-26,2025-02,android,US,control,baseline,mandatory_test,True,ISFP,practicing,deep_extrovert,15.9,47.5,False,True
u_02887,2025-04-23,2025-04,web,UK,variant,lower_friction,self_select,True,ESTP,cultural,extrovert,54.7,95.5,True,True
u_02888,2025-09-15,2025-09,ios,SG,control,baseline,mandatory_test,True,INFJ,spiritual,ambivert,63.8,53.4,True,True
u_02889,2025-04-19,2025-04,ios,AE,control,baseline,mandatory_test,False,,practicing,extrovert,35.7,59.0,True,False
u_02890,2025-12-10,2025-12,ios,CA,variant,lower_friction,test_or_skip,False,,practicing,deep_extrovert,45.9,70.3,True,False
u_02891,2025-05-12,2025-05,android,ID,control,baseline,mandatory_test,True,INFJ,cultural,extrovert,56.2,63.6,True,True
u_02892,2025-04-26,2025-04,ios,ID,control,baseline,mandatory_test,True,ESTJ,spiritual,introvert,46.2,28.9,True,True
u_02893,2025-04-13,2025-04,ios,AU,control,baseline,mandatory_test,False,,devoted,ambivert,68.2,33.7,True,True
u_02894,2025-10-07,2025-10,android,ID,variant,lower_friction,test_or_skip,False,,practicing,ambivert,48.5,66.4,True,True
u_02895,2025-10-22,2025-10,web,ID,control,baseline,mandatory_test,True,INFJ,practicing,deep_extrovert,72.0,55.4,True,True
u_02896,2025-08-12,2025-08,ios,ID,control,baseline,mandatory_test,True,ISTJ,devoted,deep_extrovert,38.4,54.9,False,False
u_02897,2025-11-03,2025-11,ios,AU,control,baseline,mandatory_test,False,,practicing,ambivert,35.7,38.4,True,False
u_02898,2025-01-25,2025-01,android,AE,variant,lower_friction,self_select,True,ENFJ,practicing,ambivert,78.8,63.0,False,False
u_02899,2025-08-27,2025-08,android,AE,control,baseline,mandatory_test,True,ISFJ,practicing,deep_extrovert,72.7,53.5,True,False
u_02900,2025-12-13,2025-12,ios,AU,variant,lower_friction,test_or_skip,False,,deep_seeker,deep_introvert,60.8,20.1,True,True
u_02901,2025-10-07,2025-10,ios,CA,control,baseline,mandatory_test,True,INTJ,cultural,extrovert,39.4,59.7,True,False
u_02902,2025-06-17,2025-06,ios,AE,variant,lower_friction,test_or_skip,False,,spiritual,ambivert,64.3,25.8,True,False
u_02903,2025-03-12,2025-03,ios,ID,control,baseline,mandatory_test,False,,devoted,extrovert,71.1,63.0,True,True
u_02904,2025-03-26,2025-03,ios,MY,control,baseline,mandatory_test,False,,practicing,deep_extrovert,48.1,19.8,True,True
u_02905,2025-08-01,2025-08,android,UK,variant,lower_friction,test_or_skip,False,,practicing,extrovert,57.4,30.0,False,True
u_02906,2025-08-15,2025-08,ios,US,variant,lower_friction,test_or_skip,False,,devoted,introvert,43.9,57.1,False,False
u_02907,2025-02-21,2025-02,ios,ID,variant,lower_friction,test_or_skip,False,,cultural,deep_introvert,35.8,65.7,True,True
u_02908,2025-01-28,2025-01,android,AU,variant,lower_friction,test_or_skip,False,,practicing,ambivert,51.5,43.4,False,False
u_02909,2025-10-13,2025-10,ios,CA,control,baseline,mandatory_test,False,,practicing,deep_introvert,72.1,54.3,True,True
u_02910,2025-09-17,2025-09,ios,AU,control,baseline,mandatory_test,True,ISTJ,practicing,deep_introvert,25.4,65.5,True,False
u_02911,2025-03-10,2025-03,ios,AE,variant,lower_friction,test_or_skip,False,,deep_seeker,ambivert,29.1,64.2,True,True
u_02912,2025-05-15,2025-05,web,US,variant,lower_friction,test_or_skip,False,,cultural,introvert,35.0,80.0,True,False
u_02913,2025-02-05,2025-02,android,AE,variant,lower_friction,test_or_skip,False,,practicing,extrovert,38.7,57.5,False,False
u_02914,2025-04-05,2025-04,ios,AU,control,baseline,mandatory_test,False,,practicing,deep_extrovert,44.2,51.3,False,False
u_02915,2025-03-19,2025-03,android,AE,variant,lower_friction,test_or_skip,False,,spiritual,extrovert,33.7,81.5,True,False
u_02916,2025-07-20,2025-07,ios,AE,control,baseline,mandatory_test,False,,devoted,ambivert,10.5,25.2,True,True
u_02917,2025-11-08,2025-11,ios,CA,variant,lower_friction,self_select,True,INTP,devoted,introvert,56.1,67.8,False,False
u_02918,2025-02-02,2025-02,android,UK,control,baseline,mandatory_test,False,,devoted,deep_extrovert,51.8,82.5,False,False
u_02919,2025-06-04,2025-06,ios,UK,control,baseline,mandatory_test,True,INTJ,spiritual,introvert,99.2,62.3,True,False
u_02920,2025-06-23,2025-06,android,AU,variant,lower_friction,test_or_skip,False,,practicing,extrovert,15.5,71.2,False,True
u_02921,2025-09-08,2025-09,ios,UK,variant,lower_friction,self_select,True,ISTP,practicing,extrovert,91.9,46.4,True,True
u_02922,2025-02-24,2025-02,ios,SG,variant,lower_friction,test_or_skip,False,,practicing,introvert,40.3,44.5,True,True
u_02923,2025-12-27,2025-12,ios,ID,control,baseline,mandatory_test,True,ENTJ,practicing,extrovert,73.1,87.9,True,True
u_02924,2025-07-18,2025-07,ios,AU,control,baseline,mandatory_test,False,,practicing,introvert,54.1,100.0,False,False
u_02925,2025-11-11,2025-11,ios,MY,control,baseline,mandatory_test,True,INFJ,devoted,ambivert,22.7,55.0,True,True
u_02926,2025-06-21,2025-06,ios,ID,variant,lower_friction,self_select,True,INTP,devoted,deep_extrovert,55.6,61.5,True,True
u_02927,2025-03-11,2025-03,ios,UK,variant,lower_friction,self_select,True,ESFP,devoted,ambivert,76.7,70.6,True,False
u_02928,2025-10-18,2025-10,ios,MY,variant,lower_friction,test_or_skip,False,,practicing,deep_introvert,96.6,39.6,True,False
u_02929,2025-10-08,2025-10,ios,ID,variant,lower_friction,self_select,True,INTP,devoted,ambivert,31.7,45.3,False,False
u_02930,2025-11-17,2025-11,android,MY,control,baseline,mandatory_test,True,ESFP,devoted,introvert,68.2,63.5,True,False
u_02931,2025-08-27,2025-08,ios,UK,control,baseline,mandatory_test,True,ISFP,practicing,deep_extrovert,40.8,32.4,True,True
u_02932,2025-02-05,2025-02,ios,AE,variant,lower_friction,test_or_skip,False,,practicing,deep_introvert,66.6,67.8,True,False
u_02933,2025-08-24,2025-08,android,US,variant,lower_friction,self_select,True,ISTP,cultural,extrovert,66.0,74.3,True,False
u_02934,2025-12-03,2025-12,ios,MY,variant,lower_friction,test_or_skip,False,,spiritual,deep_extrovert,42.7,60.4,True,True
u_02935,2025-02-17,2025-02,android,MY,control,baseline,mandatory_test,False,,practicing,extrovert,48.6,86.5,False,False
u_02936,2025-02-27,2025-02,ios,AE,control,baseline,mandatory_test,False,,devoted,ambivert,56.0,54.3,False,False
u_02937,2025-11-15,2025-11,ios,SG,control,baseline,mandatory_test,False,,spiritual,deep_extrovert,28.6,93.1,True,True
u_02938,2025-09-24,2025-09,android,ID,variant,lower_friction,test_or_skip,False,,deep_seeker,introvert,59.4,39.4,False,False
u_02939,2025-05-21,2025-05,android,US,control,baseline,mandatory_test,False,,practicing,deep_extrovert,79.6,77.9,False,False
u_02940,2025-01-25,2025-01,ios,SG,variant,lower_friction,test_or_skip,False,,devoted,ambivert,41.6,61.6,True,True
u_02941,2025-08-07,2025-08,web,US,variant,lower_friction,self_select,True,ISTJ,practicing,introvert,41.1,72.7,True,True
u_02942,2025-06-09,2025-06,android,AE,control,baseline,mandatory_test,True,INFP,devoted,ambivert,38.3,70.8,False,False
u_02943,2025-11-22,2025-11,ios,MY,variant,lower_friction,test_or_skip,False,,spiritual,ambivert,43.5,35.0,False,False
u_02944,2025-04-10,2025-04,android,SG,control,baseline,mandatory_test,True,ISFJ,cultural,extrovert,39.0,54.7,True,False
u_02945,2025-11-14,2025-11,ios,CA,variant,lower_friction,self_select,True,INFP,practicing,ambivert,82.8,90.4,True,True
u_02946,2025-06-24,2025-06,android,AU,variant,lower_friction,test_or_skip,False,,practicing,introvert,58.7,44.4,True,False
u_02947,2025-11-05,2025-11,ios,AE,variant,lower_friction,test_or_skip,False,,practicing,ambivert,56.3,72.9,True,False
u_02948,2025-09-12,2025-09,android,AE,variant,lower_friction,test_or_skip,False,,practicing,ambivert,0.0,95.7,True,True
u_02949,2025-04-12,2025-04,android,AU,control,baseline,mandatory_test,True,ISTJ,deep_seeker,extrovert,66.1,100.0,False,False
u_02950,2025-11-15,2025-11,ios,CA,variant,lower_friction,test_or_skip,False,,spiritual,extrovert,57.8,92.7,True,True
u_02951,2025-03-05,2025-03,ios,SG,variant,lower_friction,self_select,True,INTP,spiritual,extrovert,33.6,76.5,False,False
u_02952,2025-09-05,2025-09,web,SG,control,baseline,mandatory_test,True,INFP,practicing,deep_extrovert,46.2,62.5,False,False
u_02953,2025-12-21,2025-12,android,MY,variant,lower_friction,test_or_skip,False,,practicing,ambivert,29.3,22.6,True,False
u_02954,2025-02-19,2025-02,ios,AE,control,baseline,mandatory_test,True,INFP,practicing,ambivert,62.3,77.0,True,False
u_02955,2025-05-22,2025-05,web,CA,control,baseline,mandatory_test,True,ESTP,practicing,ambivert,37.8,30.6,True,True
u_02956,2025-12-14,2025-12,ios,UK,control,baseline,mandatory_test,True,INFJ,spiritual,extrovert,72.8,89.0,True,True
u_02957,2025-09-01,2025-09,android,UK,variant,lower_friction,self_select,True,ESFJ,practicing,ambivert,72.5,54.5,False,False
u_02958,2025-08-12,2025-08,ios,MY,control,baseline,mandatory_test,True,ENTP,practicing,ambivert,48.2,45.7,True,True
u_02959,2025-10-04,2025-10,ios,UK,variant,lower_friction,test_or_skip,False,,practicing,deep_extrovert,42.0,71.8,True,True
u_02960,2025-06-26,2025-06,ios,CA,control,baseline,mandatory_test,False,,practicing,ambivert,27.6,14.3,True,False
u_02961,2025-07-25,2025-07,android,SG,variant,lower_friction,self_select,True,INFP,cultural,deep_introvert,39.6,57.0,True,True
u_02962,2025-04-27,2025-04,ios,ID,control,baseline,mandatory_test,False,,practicing,deep_extrovert,38.0,100.0,False,False
u_02963,2025-07-21,2025-07,ios,CA,variant,lower_friction,self_select,True,ENTJ,devoted,introvert,73.8,77.9,True,True
u_02964,2025-05-19,2025-05,android,MY,control,baseline,mandatory_test,False,,practicing,ambivert,48.8,43.6,True,True
u_02965,2025-02-24,2025-02,android,ID,variant,lower_friction,test_or_skip,False,,practicing,deep_extrovert,31.6,50.5,False,False
u_02966,2025-07-01,2025-07,ios,US,variant,lower_friction,test_or_skip,False,,practicing,extrovert,21.2,82.3,True,True
u_02967,2025-11-08,2025-11,android,SG,variant,lower_friction,self_select,True,ESTJ,devoted,ambivert,41.4,76.6,True,False
u_02968,2025-08-08,2025-08,android,MY,variant,lower_friction,test_or_skip,False,,devoted,deep_introvert,56.1,84.3,True,False
u_02969,2025-05-31,2025-05,ios,MY,control,baseline,mandatory_test,False,,practicing,introvert,62.6,19.1,True,True
u_02970,2025-01-16,2025-01,android,MY,variant,lower_friction,self_select,True,ESTJ,devoted,extrovert,17.3,40.2,False,False
u_02971,2025-11-24,2025-11,ios,AU,variant,lower_friction,self_select,True,INTP,cultural,introvert,76.0,45.4,True,True
u_02972,2025-11-10,2025-11,android,AE,variant,lower_friction,test_or_skip,False,,spiritual,introvert,41.9,66.3,True,False
u_02973,2025-03-03,2025-03,ios,CA,variant,lower_friction,self_select,True,ESTP,practicing,extrovert,22.7,69.1,True,True
u_02974,2025-11-07,2025-11,android,UK,variant,lower_friction,test_or_skip,False,,cultural,ambivert,48.3,54.7,True,True
u_02975,2025-11-10,2025-11,ios,US,variant,lower_friction,self_select,True,ISTP,devoted,introvert,76.0,60.8,False,False
u_02976,2025-09-08,2025-09,ios,AU,variant,lower_friction,test_or_skip,False,,practicing,introvert,19.0,37.1,True,True
u_02977,2025-09-02,2025-09,ios,UK,variant,lower_friction,self_select,True,ESTP,spiritual,introvert,33.8,62.8,True,True
u_02978,2025-08-02,2025-08,android,ID,variant,lower_friction,self_select,True,ESTP,devoted,ambivert,61.9,63.2,True,False
u_02979,2025-06-18,2025-06,android,MY,variant,lower_friction,self_select,True,ISTP,practicing,ambivert,38.7,64.4,True,True
u_02980,2025-06-29,2025-06,ios,AE,variant,lower_friction,self_select,True,ISTJ,spiritual,deep_introvert,57.2,87.0,True,True
u_02981,2025-04-24,2025-04,ios,US,control,baseline,mandatory_test,False,,practicing,introvert,56.0,85.0,True,False
u_02982,2025-06-25,2025-06,android,MY,control,baseline,mandatory_test,True,ISFP,deep_seeker,deep_extrovert,65.3,89.8,True,True
u_02983,2025-02-02,2025-02,ios,UK,control,baseline,mandatory_test,False,,practicing,introvert,35.4,51.0,False,False
u_02984,2025-11-04,2025-11,web,CA,variant,lower_friction,test_or_skip,False,,spiritual,deep_extrovert,52.9,47.2,True,True
u_02985,2025-07-11,2025-07,ios,MY,control,baseline,mandatory_test,True,ENFJ,practicing,ambivert,79.0,37.5,True,True
u_02986,2025-03-22,2025-03,ios,ID,variant,lower_friction,self_select,True,ENTJ,devoted,ambivert,49.8,93.2,True,True
u_02987,2025-02-08,2025-02,ios,AU,variant,lower_friction,test_or_skip,False,,practicing,extrovert,37.2,57.6,True,False
u_02988,2025-04-19,2025-04,android,US,control,baseline,mandatory_test,False,,spiritual,deep_extrovert,24.0,67.5,True,True
u_02989,2025-11-22,2025-11,android,US,variant,lower_friction,self_select,True,ENFJ,practicing,introvert,25.8,65.9,False,False
u_02990,2025-12-22,2025-12,android,MY,control,baseline,mandatory_test,True,ISFP,devoted,introvert,20.2,65.6,True,False
u_02991,2025-09-08,2025-09,android,UK,variant,lower_friction,test_or_skip,False,,spiritual,deep_introvert,46.1,89.6,False,False
u_02992,2025-09-11,2025-09,android,ID,variant,lower_friction,self_select,True,ISFJ,practicing,introvert,30.3,53.9,True,True
u_02993,2025-10-06,2025-10,ios,UK,control,baseline,mandatory_test,False,,deep_seeker,introvert,30.8,55.1,False,False
u_02994,2025-11-01,2025-11,android,SG,control,baseline,mandatory_test,False,,devoted,ambivert,65.9,55.3,True,False
u_02995,2025-08-01,2025-08,ios,MY,control,baseline,mandatory_test,True,ISTP,practicing,ambivert,48.9,91.0,False,False
u_02996,2025-06-08,2025-06,android,ID,control,baseline,mandatory_test,True,ISTP,practicing,ambivert,35.7,79.8,False,False
u_02997,2025-06-05,2025-06,ios,UK,control,baseline,mandatory_test,True,ENFJ,spiritual,introvert,43.5,92.7,True,False
u_02998,2025-03-15,2025-03,ios,SG,variant,lower_friction,self_select,True,ESTJ,practicing,ambivert,49.5,77.8,False,False
u_02999,2025-04-19,2025-04,android,AE,variant,lower_friction,self_select,True,INTJ,practicing,deep_extrovert,33.5,100.0,True,True
u_03000,2025-03-04,2025-03,ios,US,variant,lower_friction,test_or_skip,False,,devoted,ambivert,41.0,55.3,True,False
